[
  {
    "url": "https://www.partselect.com/PS11701542-Whirlpool-EDR1RXD1-Refrigerator-Everydrop-Ice-Water-Filter.htm?SourceCode=18",
    "image_url": "https://partselectcom-gtcdcddbene3cpes.z01.azurefd.net/11701542-1-N-Whirlpool-EDR1RXD1-Refrigerator-Everydrop-Ice-Water-Filter.jpg",
    "name": "Admiral Refrigerator Everydrop Ice & Water Filter",
    "partselect_number": "PS11701542",
    "manufacturer_number": "EDR1RXD1",
    "description": "★★★★★\n★★★★★\n108 Reviews\nThe EDR1RXD1 water filter provides clean, fresh-tasting water by reducing contaminants such as lead, chlorine, and particulates. Designed for easy installation, this filter ensures your refrigerator water and ice are safe and refreshing with every use",
    "price": "$\n74.21",
    "stock_status": "In Stock",
    "rating": "4.8/5",
    "reviews_count": 108,
    "reviews": [],
    "repair_stories": [],
    "symptoms_fixed": "Not dispensing water | Ice maker not making ice | Ice maker won’t dispense ice | Leaking",
    "works_with": "Refrigerator.",
    "also_replaces": [
      "AP5982535",
      "9900",
      "9981",
      "EDR1RXD1B",
      "FILTER 1",
      "FILTER1",
      "W10217316",
      "W10291030",
      "W10295370",
      "W10295370A",
      "W10569758",
      "W10569760",
      "W10569761",
      "W10735398"
    ],
    "video_url": ""
  },
  {
    "url": "https://www.partselect.com/PS11722130-Whirlpool-EDR4RXD1-Refrigerator-Water-Filter.htm?SourceCode=18",
    "image_url": "https://partselectcom-gtcdcddbene3cpes.z01.azurefd.net/11722130-1-N-Whirlpool-EDR4RXD1-Refrigerator-Water-Filter.jpg",
    "name": "Admiral Refrigerator Water Filter",
    "partselect_number": "PS11722130",
    "manufacturer_number": "EDR4RXD1",
    "description": "★★★★★\n★★★★★\n98 Reviews\nThis water filter (Whirlpool EveryDrop Refrigerator Water Filter, Single Turn Filter) purifies water going to the water dispenser and sometimes the icemaker as well. This part should be replaced if it is causing reduced water flow or just replaced periodically per the owner manual. Replacing this water filter may fix a noisy or leaking fridge, a fridge that is not dispensing water (or reduced flow rate), and an ice maker that is not making ice at all, or not making enough ice. This filter is white, sold individually and measures 8 inches by 3 inches in diameter. This water filter has been updated by the manufacturer. It may appear different but will still function the same. It is sold individually.",
    "price": "$\n74.21",
    "stock_status": "In Stock",
    "rating": "4.7/5",
    "reviews_count": 98,
    "reviews": [],
    "repair_stories": [],
    "symptoms_fixed": "Not dispensing water | Ice maker not making ice | Leaking | Ice maker dispenses too little ice",
    "works_with": "Refrigerator.",
    "also_replaces": [
      "AP5983564",
      "12589201",
      "12589203",
      "12589206",
      "12589208",
      "12589210",
      "13040201",
      "13040214",
      "13040216",
      "13040216N",
      "13040218",
      "4396395",
      "67002269",
      "67002671",
      "67003523",
      "67003523A",
      "67003526",
      "67003591",
      "67003640",
      "67003727 ... Show more"
    ],
    "video_url": "https://www.youtube.com/watch?v=5oA-c0VklDg"
  },
  {
    "url": "https://www.partselect.com/PS11757236-Whirlpool-WPW10710203-Clear-Gallon-Door-Bin.htm?SourceCode=18",
    "image_url": "https://partselectcom-gtcdcddbene3cpes.z01.azurefd.net/11757236-1-N-Whirlpool-WPW10710203-Clear-Gallon-Door-Bin.jpg",
    "name": "Admiral Refrigerator Clear Gallon Door Bin",
    "partselect_number": "PS11757236",
    "manufacturer_number": "WPW10710203",
    "description": "★★★★★\n★★★★★\n80 Reviews\nSold individually. This door bin is for refrigerators. The door bin attaches to the inside of the refrigerator door and typically holds jars and bottles.",
    "price": "$\n42.88",
    "stock_status": "In Stock",
    "rating": "4.7/5",
    "reviews_count": 80,
    "reviews": [],
    "repair_stories": [],
    "symptoms_fixed": "",
    "works_with": "",
    "also_replaces": [],
    "video_url": ""
  },
  {
    "url": "https://www.partselect.com/PS11738120-Whirlpool-W10873791-Refrigerator-Ice-Maker.htm?SourceCode=18",
    "image_url": "https://partselectcom-gtcdcddbene3cpes.z01.azurefd.net/11738120-1-N-Whirlpool-W10873791-Refrigerator-Ice-Maker.jpg",
    "name": "Admiral Refrigerator Ice Maker",
    "partselect_number": "PS11738120",
    "manufacturer_number": "W10873791",
    "description": "★★★★★\n★★★★★\n50 Reviews\nThis ice maker is for refrigerators. Ice maker includes the ice mold and the control device. The ice maker receives water from the water inlet valve and then holds the water in the ice mold until the water freezes solid. It then automatically ejects the ice and refills to continue the process until the ice storage in is full. Safely store any food that could deteriorate while the power is off and unplug the refrigerator when installing this part. Wear work gloves to protect your hands.",
    "price": "$97.53",
    "stock_status": "In Stock",
    "rating": "4.52 out of 5",
    "reviews_count": 50
  },
  {
    "url": "https://www.partselect.com/PS2580853-Whirlpool-W10311524-Refrigerator-Air-Filter.htm?SourceCode=18",
    "image_url": "https://partselectcom-gtcdcddbene3cpes.z01.azurefd.net/2580853-1-N-Whirlpool-W10311524-Refrigerator-Air-Filter.jpg",
    "name": "Admiral Refrigerator Air Filter",
    "partselect_number": "PS2580853",
    "manufacturer_number": "W10311524",
    "description": "★★★★★\n★★★★★\n44 Reviews\nThis Refrigerator Air Filter is a white 1.8x3.2\" plastic filter which neutralizes odor and bacteria in the air. It should be replaced every six months at a minimum. Refer to your user manual and model number to see if this filter is right for your fridge. Location for storage of the air filter may vary from model to model, but generally, you will find a small cover on the back-middle-top of your fridge, which can be popped off to reveal the air filter, which can be easily changed out from there. This part does not come sold with the indicator; it is the filter only. Sold individually.",
    "price": "$15.47",
    "stock_status": "In Stock",
    "rating": "4.75 out of 5",
    "reviews_count": 44
  },
  {
    "url": "https://www.partselect.com/PS884734-Whirlpool-8009-Refrigerator-Light-Bulb-40w.htm?SourceCode=18",
    "image_url": "https://partselectcom-gtcdcddbene3cpes.z01.azurefd.net/884734-1-N-Whirlpool-8009-Refrigerator-Light-Bulb-40w.jpg",
    "name": "Admiral Refrigerator Light Bulb (40w)",
    "partselect_number": "PS884734",
    "manufacturer_number": "8009",
    "description": "★★★★★\n★★★★★\n78 Reviews\nThis an authentic OEM 40-Watt replacement light bulb, used in a number of household appliances. It is specially designed to withstand extreme temperatures, which is why these replacement bulbs are most often used to light the inside of refrigerators and ranges. It features a standard socket base, which means you simply unscrew the burnt-out bulb and screw in the replacement. Depending on the appliance you may require a screwdriver or nut driver to access the light bulb. We recommend you wear work gloves while handling this replacement part. It is constructed of glass and metal and is sold individually. Depending on the appliance and location of the bulb within it, you may want to consider disconnecting power and using a flashlight for easier access to unscrewing and re-screwing in your bulb during this repair.",
    "price": "$16.44",
    "stock_status": "In Stock",
    "rating": "4.64 out of 5",
    "reviews_count": 78
  },
  {
    "url": "https://www.partselect.com/PS2121513-Whirlpool-D7824706Q-Replacement-Ice-Maker.htm?SourceCode=18",
    "image_url": "https://partselectcom-gtcdcddbene3cpes.z01.azurefd.net/2121513-1-N-Whirlpool-D7824706Q-Replacement-Ice-Maker.jpg",
    "name": "Admiral Refrigerator Replacement Ice Maker",
    "partselect_number": "PS2121513",
    "manufacturer_number": "D7824706Q",
    "description": "★★★★★\n★★★★★\n183 Reviews\nThis ice maker (Ice Maker Assembly, Refrigerator Ice Maker) produces ice cubes that are ejected into the storage bucket. It is located in the freezer section of your appliance, mounted on the freezer wall. The ice maker can break from normal wear and accidental damage. If this happens, your refrigerator may no longer make ice cubes, or may not make enough cubes, and the part should be replaced. This model measures approximately 11 inches long and 5 inches wide. It’s constructed of plastic and metal, and comes in black/white/silver. This assembly includes the ice mold and the control device.",
    "price": "$115.96",
    "stock_status": "In Stock",
    "rating": "4.73 out of 5",
    "reviews_count": 183
  },
  {
    "url": "https://www.partselect.com/PS11722126-Whirlpool-EDR2RXD1-Refrigerator-Water-Filter.htm?SourceCode=18",
    "image_url": "https://partselectcom-gtcdcddbene3cpes.z01.azurefd.net/11722126-1-N-Whirlpool-EDR2RXD1-Refrigerator-Water-Filter.jpg",
    "name": "Admiral Refrigerator Water Filter",
    "partselect_number": "PS11722126",
    "manufacturer_number": "EDR2RXD1",
    "description": "★★★★★\n★★★★★\n36 Reviews\nThis water filter is a genuine replacement for bottom-freezer refrigerators that accept a Filter 2. it is certified to remove up to 24 different contaminants which include pharmaceuticals, waterborne parasites, lead, and pesticides. The filter should be replaced every six months, or when 200 gallons of water have passed through, to ensure optimum contaminant reduction. The filter is found in the top right corner of your fridge, and replacing it is easy. Simply pop out the old one (keep a bucket underneath to catch any water) and slide in the new one. You will hear a click once it has locked into place. You should run water through the filter for a couple minutes prior to use. This filter measures approximately two inches wide, two inches deep, and 7.5 inches long.",
    "price": "$81.59",
    "stock_status": "In Stock",
    "rating": "4.78 out of 5",
    "reviews_count": 36
  },
  {
    "url": "https://www.partselect.com/PS11731608-Whirlpool-W10861519-Meat-Drawer-Shelf.htm?SourceCode=18",
    "image_url": "https://partselectcom-gtcdcddbene3cpes.z01.azurefd.net/11731608-1-N-Whirlpool-W10861519-Meat-Drawer-Shelf.jpg",
    "name": "Admiral Refrigerator Meat Drawer Shelf",
    "partselect_number": "PS11731608",
    "manufacturer_number": "W10861519",
    "description": "★★★★★\n★★★★★\n66 Reviews\nThis is a meat drawer shelf frame for some models of refrigerator. This white plastic frame measures approximately 12-inches wide and 16 inches long, and is used to allow the meat drawer to easily slide in and out of the fridge. If your meat drawer is currently sagging and this frame is damaged and not supporting it enough, it needs to be replaced. Replacing this frame requires you to remove the meat drawer and the glass shelf above it, so you can flip it over and slide out the old frame, and slide in the new. This frame is supplied by the original equipment manufacturer and is sold individually, so it does not include any other parts for the meat drawer or shelf above it.",
    "price": "$54.40",
    "stock_status": "In Stock",
    "rating": "4.68 out of 5",
    "reviews_count": 66
  },
  {
    "url": "https://www.partselect.com/PS11757023-Whirlpool-WPW10662129-Refrigerator-Capacitor.htm?SourceCode=18",
    "image_url": "https://partselectcom-gtcdcddbene3cpes.z01.azurefd.net/11757023-1-N-Whirlpool-WPW10662129-Refrigerator-Capacitor.jpg",
    "name": "Admiral Refrigerator Capacitor",
    "partselect_number": "PS11757023",
    "manufacturer_number": "WPW10662129",
    "description": "★★★★★\n★★★★★\n43 Reviews\nThis capacitor (Refrigerator and Freezer Compressor Run Capacitor, Run Capacitor) provides the voltage or energy current required to start the compressor and keep it running. It allows the compressor in your appliance to easily cycle on and off. This capacitor mounts directly onto the compressor starting relay. If the capacitor is faulty the compressor may get unusually hot and draw excessive amperage. It the compressor overheats, it may fail to run until it cools down again. The compressor may also get noisy from overheating. If this part is totally electrically open, it is defective (often due to overheating) and needs to be replaced. The part measures 1 inch by 1-1/2 inches, and is constructed of plastic with two metal wire terminals. This item includes 1 capacitor, sold individually. This part comes in black.",
    "price": "$41.66",
    "stock_status": "In Stock",
    "rating": "4.28 out of 5",
    "reviews_count": 43
  },
  {
    "url": "https://www.partselect.com/PS11750123-Whirlpool-WPW10197428-Refrigerator-Compressor-Start-Relay.htm?SourceCode=18",
    "image_url": "https://partselectcom-gtcdcddbene3cpes.z01.azurefd.net/11750123-1-N-Whirlpool-WPW10197428-Refrigerator-Compressor-Start-Relay.jpg",
    "name": "Admiral Refrigerator Compressor Start Relay",
    "partselect_number": "PS11750123",
    "manufacturer_number": "WPW10197428",
    "description": "★★★★★\n★★★★★\n7 Reviews\nThis compressor start relay is for refrigerators. The compressor start relay attaches to the compressor and helps start the compressor motor. Safely store any food that could deteriorate while the power is off and unplug the refrigerator before installing this part.",
    "price": "$48.40",
    "stock_status": "In Stock",
    "rating": "5.00 out of 5",
    "reviews_count": 7
  },
  {
    "url": "https://www.partselect.com/PS11747806-Whirlpool-WPA3073101-Light-Bulb-120V-25W.htm?SourceCode=18",
    "image_url": "https://partselectcom-gtcdcddbene3cpes.z01.azurefd.net/11747806-1-N-Whirlpool-WPA3073101-Light-Bulb-120V-25W.jpg",
    "name": "Admiral Refrigerator Light Bulb - 120v 25w",
    "partselect_number": "PS11747806",
    "manufacturer_number": "WPA3073101",
    "description": "★★★★★\n★★★★★\n10 Reviews\nThis light bulb is a 120 volt, 25 watt incandescent appliance light bulb with a small base screw-in that fits in a variety of appliances such as microwaves, refrigerators, freezers, cooktops, or stoves. Its purpose is to light up the appliance when the door is open. This is a genuine OEM part. You may need to replace the light bulb if the existing bulb is burnt out or broken. This light bulb is sold individually and is a common wear part, it is recommended to order a spare.",
    "price": "$14.50",
    "stock_status": "In Stock",
    "rating": "4.10 out of 5",
    "reviews_count": 10
  },
  {
    "url": "https://www.partselect.com/PS11723175-Whirlpool-W10822606-Ice-Bucket-Auger.htm?SourceCode=18",
    "image_url": "https://partselectcom-gtcdcddbene3cpes.z01.azurefd.net/11723175-1-N-Whirlpool-W10822606-Ice-Bucket-Auger.jpg",
    "name": "Admiral Refrigerator Ice Bucket Auger",
    "partselect_number": "PS11723175",
    "manufacturer_number": "W10822606",
    "description": "★★★★★\n★★★★★\n10 Reviews\nThis auger motor is for refrigerators. Auger motor turns the auger that pushes the ice cubes through the dispenser chute. Safely store any food that could deteriorate while the power is off. Unplug the refrigerator before installing this part. Wear work gloves to protect your hands.",
    "price": "$109.49",
    "stock_status": "In Stock",
    "rating": "4.60 out of 5",
    "reviews_count": 10
  },
  {
    "url": "https://www.partselect.com/PS385132-Whirlpool-72017-Refrigerator-Touchup-Paint-White.htm?SourceCode=18",
    "image_url": "https://partselectcom-gtcdcddbene3cpes.z01.azurefd.net/385132-1-N-Whirlpool-72017-Refrigerator-Touchup-Paint-White.jpg",
    "name": "Admiral Refrigerator Touchup Paint (white)",
    "partselect_number": "PS385132",
    "manufacturer_number": "72017",
    "description": "★★★★★\n★★★★★\n7 Reviews\nThis touch-up paint can be used on a wide variety of household appliances. It is most often used on washers, dryer, refrigerators, dishwashers, ranges, freezers, trash compactors, or microwaves. It is an 18 ml, or.6 fluid ounces, bottle of touch-up paint. It also features a brush for easy application. This quick-drying, long-lasting paint is perfect for fixing any nicks, scratches, or chips on the exterior of your appliance. This paint is white in color, and provides a durable finish.",
    "price": "$11.59",
    "stock_status": "In Stock",
    "rating": "4.29 out of 5",
    "reviews_count": 7
  },
  {
    "url": "https://www.partselect.com/PS11752177-Whirlpool-WPW10292504-Crisper-Pan.htm?SourceCode=18",
    "image_url": "https://partselectcom-gtcdcddbene3cpes.z01.azurefd.net/11752177-1-N-Whirlpool-WPW10292504-Crisper-Pan.jpg",
    "name": "Admiral Refrigerator Crisper Pan",
    "partselect_number": "PS11752177",
    "manufacturer_number": "WPW10292504",
    "description": "★★★★★\n★★★★★\n6 Reviews\nThe crisper pan is an essential component for refrigerators, designed to store fruits and vegetables in an environment that helps maintain their freshness for an extended period. This genuine OEM replacement part works with various refrigerator models. Please note that the crisper pan does not include the rollers, roller axles, humidity control housing, or humidity control slide; these should be reused from your existing parts or ordered separately for your specific refrigerator model. To ensure proper installation, make sure the part number matches your model. Follow the instructions in the owner’s manual when installing this part for optimal use.",
    "price": "$83.61",
    "stock_status": "In Stock",
    "rating": "5.00 out of 5",
    "reviews_count": 6
  },
  {
    "url": "https://www.partselect.com/PS11739043-Whirlpool-WP2182181-Refrigerator-Thimble-Top.htm?SourceCode=18",
    "image_url": "https://partselectcom-gtcdcddbene3cpes.z01.azurefd.net/11739043-1-N-Whirlpool-WP2182181-Refrigerator-Thimble-Top.jpg",
    "name": "Admiral Refrigerator Thimble Top",
    "partselect_number": "PS11739043",
    "manufacturer_number": "WP2182181",
    "description": "★★★★★\n★★★★★\n2 Reviews\nFor white, biscuit, black and stainless models.",
    "price": "$9.65",
    "stock_status": "In Stock",
    "rating": "5.00 out of 5",
    "reviews_count": 2
  },
  {
    "url": "https://www.partselect.com/PS11738973-Whirlpool-WP2169142-Freezer-Fan-Blade.htm?SourceCode=18",
    "image_url": "https://partselectcom-gtcdcddbene3cpes.z01.azurefd.net/11738973-1-N-Whirlpool-WP2169142-Freezer-Fan-Blade.jpg",
    "name": "Admiral Refrigerator Freezer Fan Blade",
    "partselect_number": "PS11738973",
    "manufacturer_number": "WP2169142",
    "description": "★★★★★\n★★★★★\n5 Reviews\nIf your refrigerator or freezer is too warm, or making noises, you may need to replace the fan blade. The fan blade attaches to the evaporator motor, which is in the freezer section, to help circulate the cold air into the refrigerator and freezer sections. The fan blade is white in color and made from plastic. This is a genuine OEM part. Please be sure to disconnect the power to your refrigerator before starting your repair.",
    "price": "$26.14",
    "stock_status": "In Stock",
    "rating": "3.40 out of 5",
    "reviews_count": 5
  },
  {
    "url": "https://www.partselect.com/PS12347902-Whirlpool-W11162042-Water-Filter-Housing-Grey.htm?SourceCode=18",
    "image_url": "https://partselectcom-gtcdcddbene3cpes.z01.azurefd.net/12347902-1-N-Whirlpool-W11162042-Water-Filter-Housing-Grey.jpg",
    "name": "Admiral Refrigerator Water Filter Housing (grey)",
    "partselect_number": "PS12347902",
    "manufacturer_number": "W11162042",
    "description": "★★★★★\n★★★★★\n1 Review\nThe Water Filter Housing is an OEM component for Whirlpool refrigerators. Located inside the cabinet, usually underneath the drink dispenser spout, this plastic housing contains the replaceable water filter cartridge.",
    "price": "$125.42",
    "stock_status": "In Stock",
    "rating": "5.00 out of 5",
    "reviews_count": 1
  },
  {
    "url": "https://www.partselect.com/PS8746522-Whirlpool-W10613606-Refrigerator-Compressor-Start-Device-And-Capacitor.htm?SourceCode=18",
    "image_url": "https://partselectcom-gtcdcddbene3cpes.z01.azurefd.net/8746522-1-N-Whirlpool-W10613606-Refrigerator-Compressor-Start-Device-And-Capacitor.jpg",
    "name": "Admiral Refrigerator Compressor Start Device And Capacitor",
    "partselect_number": "PS8746522",
    "manufacturer_number": "W10613606",
    "description": "★★★★★\n★★★★★\n31 Reviews\nThis includes both the run capacitor and the start relay. The capacitor helps the compressor kick on and off while maintaining a constant temperature to keep things frozen in your freezer. The start relay boosts the compressor, and then shuts off as soon as the motor gets up to speed and the overload provides extra protection against excessive temperatures.",
    "price": "$51.79",
    "stock_status": "In Stock",
    "rating": "4.35 out of 5",
    "reviews_count": 31
  },
  {
    "url": "https://www.partselect.com/PS11742705-Whirlpool-WP487576-Refrigerator-Door-Hinge-Nylon-Washer.htm?SourceCode=18",
    "image_url": "https://partselectcom-gtcdcddbene3cpes.z01.azurefd.net/11742705-1-N-Whirlpool-WP487576-Refrigerator-Door-Hinge-Nylon-Washer.jpg",
    "name": "Admiral Refrigerator Door Hinge Nylon Washer",
    "partselect_number": "PS11742705",
    "manufacturer_number": "WP487576",
    "price": "$11.59",
    "stock_status": "In Stock"
  },
  {
    "url": "https://www.partselect.com/PS11731356-Whirlpool-W10857122-Light-Bulb-7w.htm?SourceCode=18",
    "image_url": "https://partselectcom-gtcdcddbene3cpes.z01.azurefd.net/11731356-1-N-Whirlpool-W10857122-Light-Bulb-7w.jpg",
    "name": "Admiral Refrigerator Light Bulb (7w)",
    "partselect_number": "PS11731356",
    "manufacturer_number": "W10857122",
    "description": "★★★★★\n★★★★★\n7 Reviews\nSold individually. This bulb is a 7-watt appliance incandescent light bulb. This appliance light bulb is two inches long. It is used for many clothes dryers. You will need a Phillips screwdriver and needle-nose pliers. Unplug the power from your dryer. You will find the light bulb by opening your dryer door and locating the casing surrounding the bulb on the top of the inside of the door. You will need to remove the single screw holding it in place to access the bulb. Twist the old bulb out of place. Use your pliers if the base of the bulb is still inside the socket once the glass part of the bulb has been removed. Check to make sure that the socket itself is not damaged. If the socket is damaged it will need to be replaced as well. Screw your new bulb into place.",
    "price": "$14.65",
    "stock_status": "In Stock",
    "rating": "4.14 out of 5",
    "reviews_count": 7
  },
  {
    "url": "https://www.partselect.com/PS11754957-Whirlpool-WPW10451873-Door-Bin.htm?SourceCode=18",
    "image_url": "https://partselectcom-gtcdcddbene3cpes.z01.azurefd.net/11754957-1-N-Whirlpool-WPW10451873-Door-Bin.jpg",
    "name": "Admiral Refrigerator Door Bin",
    "partselect_number": "PS11754957",
    "manufacturer_number": "WPW10451873",
    "description": "★★★★★\n★★★★★\n12 Reviews\nThis door shelf bin, also referred to as a door guard, is designed for refrigerators. It is a genuine OEM replacement part that is guaranteed to fit just like the original. The door shelf bin is made of high-quality plastic to ensure longevity. It provides a convenient place to store and easily access jars, bottles, condiments, and other food items. It is normal for the door bins to become discolored, warped, or broken over time. It is recommended to avoid placing any items in the bin if it is compromised. Replace the faulty door bin promptly to avoid accidental spills or damage to the inside of the refrigerator.",
    "price": "$75.15",
    "stock_status": "In Stock",
    "rating": "4.25 out of 5",
    "reviews_count": 12
  },
  {
    "url": "https://www.partselect.com/PS11739157-Whirlpool-WP2192009-Refrigerator-Crisper-Pan.htm?SourceCode=18",
    "image_url": "https://partselectcom-gtcdcddbene3cpes.z01.azurefd.net/11739157-1-N-Whirlpool-WP2192009-Refrigerator-Crisper-Pan.jpg",
    "name": "Admiral Refrigerator Crisper Pan",
    "partselect_number": "PS11739157",
    "manufacturer_number": "WP2192009",
    "description": "★★★★★\n★★★★★\n6 Reviews\nDrawer only.",
    "price": "$88.31",
    "stock_status": "In Stock",
    "rating": "5.00 out of 5",
    "reviews_count": 6
  },
  {
    "url": "https://www.partselect.com/PS347819-Whirlpool-350930-White-Appliance-Paint-12oz.htm?SourceCode=18",
    "image_url": "https://partselectcom-gtcdcddbene3cpes.z01.azurefd.net/347819-1-N-Whirlpool-350930-White-Appliance-Paint-12oz.jpg",
    "name": "Admiral Refrigerator White Appliance Paint (12oz)",
    "partselect_number": "PS347819",
    "manufacturer_number": "350930",
    "description": "★★★★★\n★★★★★\n3 Reviews\nAppliance spray paint is a great way to cover up any chips and scratches that have appeared on your appliances. Instead of replacing the part entirely, this is an easy fix. This is also a great way to give a fresh new look to any handles or areas that have discoloring due to wear. Make sure to clean the area before you begin and wear a protective mask for safety. Give the can a good shake and spray a few inches away from the surface. Apply the paint until the area is fully covered as desired. Wait until the paint has dried before using the appliance.",
    "price": "$24.20",
    "stock_status": "In Stock",
    "rating": "5.00 out of 5",
    "reviews_count": 3
  },
  {
    "url": "https://www.partselect.com/PS16875810-Whirlpool-W11652042-Bin-Latch.htm?SourceCode=18",
    "image_url": "https://partselectcom-gtcdcddbene3cpes.z01.azurefd.net/16875810-1-N-Whirlpool-W11652042-Bin-Latch.jpg",
    "name": "Admiral Refrigerator Bin Latch",
    "partselect_number": "PS16875810",
    "manufacturer_number": "W11652042",
    "description": "Manufacturer Part Number W11652042",
    "price": "$17.41",
    "stock_status": "In Stock"
  },
  {
    "url": "https://www.partselect.com/PS11739011-Whirlpool-WP2176759-Refrigerator-Fan-Grommet.htm?SourceCode=18",
    "image_url": "https://partselectcom-gtcdcddbene3cpes.z01.azurefd.net/11739011-1-N-Whirlpool-WP2176759-Refrigerator-Fan-Grommet.jpg",
    "name": "Admiral Refrigerator Fan Grommet",
    "partselect_number": "PS11739011",
    "manufacturer_number": "WP2176759",
    "description": "★★★★★\n★★★★★\n2 Reviews\nSold Individually - Appliance originally takes 2.",
    "price": "$9.75",
    "stock_status": "In Stock",
    "rating": "5.00 out of 5",
    "reviews_count": 2
  },
  {
    "url": "https://www.partselect.com/PS12348389-Whirlpool-W11175807-AXLE.htm?SourceCode=18",
    "image_url": "https://partselectcom-gtcdcddbene3cpes.z01.azurefd.net/12348389-1-N-Whirlpool-W11175807-AXLE.jpg",
    "name": "Admiral Refrigerator Axle",
    "partselect_number": "PS12348389",
    "manufacturer_number": "W11175807",
    "price": "$16.44",
    "stock_status": "In Stock"
  },
  {
    "url": "https://www.partselect.com/PS16744942-Whirlpool-W11613295-Condenser-Fan-Motor.htm?SourceCode=18",
    "image_url": "https://partselectcom-gtcdcddbene3cpes.z01.azurefd.net/16744942-1-N-Whirlpool-W11613295-Condenser-Fan-Motor.jpg",
    "name": "Admiral Refrigerator Condenser Fan Motor",
    "partselect_number": "PS16744942",
    "manufacturer_number": "W11613295",
    "description": "★★★★★\n★★★★★\n6 Reviews\nThis is a condenser fan motor for your refrigerator/freezer. This fan motor is most commonly used with frost-free refrigerators with a condenser coil. It controls the rotation of the condenser fan blade. When the compressor runs, so does this fan, circulating air through the refrigerator grille, cooling the compressor and condenser coils. This fan motor also helps to evaporate excess water in the drain pan. This model is all white in color, and is roughly 4 inches long, 3 inches wide, and 3.5 inches thick.",
    "price": "$59.47",
    "stock_status": "In Stock",
    "rating": "4.83 out of 5",
    "reviews_count": 6
  },
  {
    "url": "https://www.partselect.com/PS11743364-Whirlpool-WP65889-4-Refrigerator-Run-Capacitor.htm?SourceCode=18",
    "image_url": "https://partselectcom-gtcdcddbene3cpes.z01.azurefd.net/11743364-1-N-Whirlpool-WP65889-4-Refrigerator-Run-Capacitor.jpg",
    "name": "Admiral Refrigerator Run Capacitor",
    "partselect_number": "PS11743364",
    "manufacturer_number": "WP65889-4",
    "description": "★★★★★\n★★★★★\n5 Reviews\nThis part helps the compressor kick on and off while maintaining a constant temperature to keep things frozen in your freezer. If you are noticing temperature issues with your refrigerator or freezer, the run capacitor may need replacing. This repair is fairly easy to complete, and the only tools you will require are a 1/4 inch nut driver, and a 1/4 inch socket with a small ratchet. The run capacitor is located in the back of the fridge, so you will need to make sure you have room to work on this repair. Make sure to unplug the fridge prior to beginning the repair.",
    "price": "$47.48",
    "stock_status": "In Stock",
    "rating": "3.20 out of 5",
    "reviews_count": 5
  },
  {
    "url": "https://www.partselect.com/PS11753250-Whirlpool-WPW10341320-Inlet-Valve.htm?SourceCode=18",
    "image_url": "https://partselectcom-gtcdcddbene3cpes.z01.azurefd.net/11753250-1-N-Whirlpool-WPW10341320-Inlet-Valve.jpg",
    "name": "Admiral Refrigerator Inlet Valve",
    "partselect_number": "PS11753250",
    "manufacturer_number": "WPW10341320",
    "description": "★★★★★\n★★★★★\n4 Reviews\nThe dual secondary water inlet valve controls the flow of water to both the refrigerator’s ice maker and water dispenser, ensuring a steady and reliable water supply. It is designed for select refrigerator models and functions as a direct replacement for the original part. Before installing, unplug the refrigerator and store perishable items properly to prevent spoilage. The installation process may require basic tools, and wearing protective gloves is recommended for safety.",
    "price": "$112.75",
    "stock_status": "In Stock",
    "rating": "4.00 out of 5",
    "reviews_count": 4
  },
  {
    "url": "https://www.partselect.com/PS12741751-Whirlpool-W11409290-Door-Hinge.htm?SourceCode=18",
    "image_url": "https://partselectcom-gtcdcddbene3cpes.z01.azurefd.net/12741751-1-N-Whirlpool-W11409290-Door-Hinge.jpg",
    "name": "Admiral Refrigerator Door Hinge",
    "partselect_number": "PS12741751",
    "manufacturer_number": "W11409290",
    "description": "★★★★★\n★★★★★\n1 Review\nManufacturer Part Number W11409290",
    "price": "$40.69",
    "stock_status": "In Stock",
    "rating": "5.00 out of 5",
    "reviews_count": 1
  },
  {
    "url": "https://www.partselect.com/PS11740000-Whirlpool-WP2264462-Refrigerator-Grommetmotor.htm?SourceCode=18",
    "image_url": "https://partselectcom-gtcdcddbene3cpes.z01.azurefd.net/11740000-1-N-Whirlpool-WP2264462-Refrigerator-Grommetmotor.jpg",
    "name": "Admiral Refrigerator Grommetmotor",
    "partselect_number": "PS11740000",
    "manufacturer_number": "WP2264462",
    "price": "$31.31",
    "stock_status": "In Stock"
  },
  {
    "url": "https://www.partselect.com/PS11738609-Whirlpool-WP12740302-Ice-Maker-Auger-and-Crusher-Blade-Assembly.htm?SourceCode=18",
    "image_url": "https://partselectcom-gtcdcddbene3cpes.z01.azurefd.net/11738609-1-N-Whirlpool-WP12740302-Ice-Maker-Auger-and-Crusher-Blade-Assembly.jpg",
    "name": "Admiral Refrigerator Ice Maker Auger And Crusher Blade Assembly",
    "partselect_number": "PS11738609",
    "manufacturer_number": "WP12740302",
    "description": "★★★★★\n★★★★★\n11 Reviews\nThis is the replacement ice maker auger and crusher blade assembly for your refrigerator. It is approximately 15 inches long and 7 inches wide. The ice maker auger sits within the ice maker assembly and rotates to push the ice from ice container into the dispenser chute. If your ice maker bucket is full, but ice is not being dispensed, it is an indication that the auger is damaged. Be sure to disconnect power from the refrigerator before you repair the auger. This part is sold individually and is an authentic OEM part sourced directly from the manufacturer.",
    "price": "$224.32",
    "stock_status": "In Stock",
    "rating": "4.45 out of 5",
    "reviews_count": 11
  },
  {
    "url": "https://www.partselect.com/PS12347901-Whirlpool-W11162041-Water-Filter-Housing-White.htm?SourceCode=18",
    "image_url": "https://partselectcom-gtcdcddbene3cpes.z01.azurefd.net/12347901-1-N-Whirlpool-W11162041-Water-Filter-Housing-White.jpg",
    "name": "Admiral Refrigerator Water Filter Housing - White",
    "partselect_number": "PS12347901",
    "manufacturer_number": "W11162041",
    "description": "Manufacturer Part Number W11162041",
    "price": "$84.50",
    "stock_status": "In Stock"
  },
  {
    "url": "https://www.partselect.com/PS11730901-Whirlpool-W10823511-Refrigerator-Water-Tube-Kit.htm?SourceCode=18",
    "image_url": "https://partselectcom-gtcdcddbene3cpes.z01.azurefd.net/11730901-1-N-Whirlpool-W10823511-Refrigerator-Water-Tube-Kit.jpg",
    "name": "Admiral Refrigerator Water Tube Kit",
    "partselect_number": "PS11730901",
    "manufacturer_number": "W10823511",
    "description": "★★★★★\n★★★★★\n8 Reviews\nThis is the replacement water tube kit for your refrigerator. This tubing is made of plastic, is 1/4 inch in diameter, and comes with 2 inserts. This tube may be longer than the original tube, and may need to be cut. This water tube transports water to the ice and water dispensers. If your refrigerator is leaking, or if the ice and water dispensers are not dispensing properly, you may need to replace this tube. This part is sold individually and is an OEM part sourced directly from the manufacturer.",
    "price": "$26.41",
    "stock_status": "In Stock",
    "rating": "3.88 out of 5",
    "reviews_count": 8
  },
  {
    "url": "https://www.partselect.com/PS11749877-Whirlpool-WPW10189190-Relay-Overload.htm?SourceCode=18",
    "image_url": "https://partselectcom-gtcdcddbene3cpes.z01.azurefd.net/11749877-1-N-Whirlpool-WPW10189190-Relay-Overload.jpg",
    "name": "Admiral Refrigerator Relay & Overload",
    "partselect_number": "PS11749877",
    "manufacturer_number": "WPW10189190",
    "description": "★★★★★\n★★★★★\n9 Reviews\nThis part is both the start relay and the overload. The start relay boosts the compressor, and then shuts off as soon as the motor gets up to speed and the overload provides extra protection against excessive temperatures.",
    "price": "$69.07",
    "stock_status": "In Stock",
    "rating": "4.56 out of 5",
    "reviews_count": 9
  },
  {
    "url": "https://www.partselect.com/PS11740362-Whirlpool-WP2315549-Freezer-Evaporator-Fan-Motor.htm?SourceCode=18",
    "image_url": "https://partselectcom-gtcdcddbene3cpes.z01.azurefd.net/11740362-1-N-Whirlpool-WP2315549-Freezer-Evaporator-Fan-Motor.jpg",
    "name": "Admiral Refrigerator Freezer Evaporator Fan Motor",
    "partselect_number": "PS11740362",
    "manufacturer_number": "WP2315549",
    "description": "★★★★★\n★★★★★\n5 Reviews\nThis evaporator fan motor is located in the back of the freezer, and circulates air over the refrigerator coils. These coils will convert the heat into cool air, which is then circulated.",
    "price": "$132.20",
    "stock_status": "In Stock",
    "rating": "5.00 out of 5",
    "reviews_count": 5
  },
  {
    "url": "https://www.partselect.com/PS11743574-Whirlpool-WP67004106-Refrigerator-Water-Filter-Head.htm?SourceCode=18",
    "image_url": "https://partselectcom-gtcdcddbene3cpes.z01.azurefd.net/11743574-1-N-Whirlpool-WP67004106-Refrigerator-Water-Filter-Head.jpg",
    "name": "Admiral Refrigerator Water Filter Head",
    "partselect_number": "PS11743574",
    "manufacturer_number": "WP67004106",
    "description": "★★★★★\n★★★★★\n9 Reviews\nIncludes tubing.",
    "price": "$79.75",
    "stock_status": "In Stock",
    "rating": "4.78 out of 5",
    "reviews_count": 9
  },
  {
    "url": "https://www.partselect.com/PS11743313-Whirlpool-WP627985-Refrigerator-Cycling-Thermostat.htm?SourceCode=18",
    "image_url": "https://partselectcom-gtcdcddbene3cpes.z01.azurefd.net/11743313-1-N-Whirlpool-WP627985-Refrigerator-Cycling-Thermostat.jpg",
    "name": "Admiral Refrigerator Cycling Thermostat",
    "partselect_number": "PS11743313",
    "manufacturer_number": "WP627985",
    "description": "★★★★★\n★★★★★\n1 Review\nThe ice maker thermostat, also known as the cycling thermostat, controls and regulates the ice maker ejection cycle by monitoring the temperature inside the freezer to determine when to release the ice into the bin and start the ice making cycle again. If your ice maker is making unusual noises, or if the ice maker is not making or dispensing ice, there could be an issue with the thermostat. Before you begin this repair, make sure the power is disconnected from your refrigerator, and that any food that may spoil is safely stored. This is an OEM part and is sourced directly from the manufacturer. This thermostat is sold individually, and comes with two attachment clips.",
    "price": "$50.83",
    "stock_status": "In Stock",
    "rating": "5.00 out of 5",
    "reviews_count": 1
  },
  {
    "url": "https://www.partselect.com/PS11743653-Whirlpool-WP67005959-Ice-Bucket.htm?SourceCode=18",
    "image_url": "https://partselectcom-gtcdcddbene3cpes.z01.azurefd.net/11743653-1-N-Whirlpool-WP67005959-Ice-Bucket.jpg",
    "name": "Admiral Refrigerator Ice Bucket",
    "partselect_number": "PS11743653",
    "manufacturer_number": "WP67005959",
    "description": "★★★★★\n★★★★★\n9 Reviews\nBucket only.",
    "price": "$102.41",
    "stock_status": "In Stock",
    "rating": "4.78 out of 5",
    "reviews_count": 9
  },
  {
    "url": "https://www.partselect.com/PS11743333-Whirlpool-WP63052-2-Refrigerator-Ice-Dispenser-Engagement-Yoke.htm?SourceCode=18",
    "image_url": "https://partselectcom-gtcdcddbene3cpes.z01.azurefd.net/11743333-1-N-Whirlpool-WP63052-2-Refrigerator-Ice-Dispenser-Engagement-Yoke.jpg",
    "name": "Admiral Refrigerator Ice Dispenser Engagement Yoke",
    "partselect_number": "PS11743333",
    "manufacturer_number": "WP63052-2",
    "description": "★★★★★\n★★★★★\n1 Review\nThis ice dispenser yoke is an inch and a half long. It is made of metal and is used with the ice enclosure of a refrigerator's icemaker assembly.",
    "price": "$42.63",
    "stock_status": "In Stock",
    "rating": "5.00 out of 5",
    "reviews_count": 1
  },
  {
    "url": "https://www.partselect.com/PS11743713-Whirlpool-WP67006852-Butterfly-Handle-Mount.htm?SourceCode=18",
    "image_url": "https://partselectcom-gtcdcddbene3cpes.z01.azurefd.net/11743713-1-N-Whirlpool-WP67006852-Butterfly-Handle-Mount.jpg",
    "name": "Admiral Refrigerator Butterfly Handle Mount",
    "partselect_number": "PS11743713",
    "manufacturer_number": "WP67006852",
    "description": "★★★★★\n★★★★★\n4 Reviews\nThis mount is used to connect the handle and trim together. Sold individually.",
    "price": "$26.41",
    "stock_status": "In Stock",
    "rating": "4.00 out of 5",
    "reviews_count": 4
  },
  {
    "url": "https://www.partselect.com/PS11768555-Whirlpool-W10817923-STUD-SHELF.htm?SourceCode=18",
    "image_url": "https://partselectcom-gtcdcddbene3cpes.z01.azurefd.net/11768555-1-N-Whirlpool-W10817923-STUD-SHELF.jpg",
    "name": "Admiral Refrigerator Stud-shelf",
    "partselect_number": "PS11768555",
    "manufacturer_number": "W10817923",
    "description": "Manufacturer Part Number W10817923",
    "price": "$22.95",
    "stock_status": "In Stock"
  },
  {
    "url": "https://www.partselect.com/PS2059251-Whirlpool-61003647-Natural-Door-Closer.htm?SourceCode=18",
    "image_url": "https://partselectcom-gtcdcddbene3cpes.z01.azurefd.net/2059251-1-N-Whirlpool-61003647-Natural-Door-Closer.jpg",
    "name": "Admiral Refrigerator Natural Door Closer",
    "partselect_number": "PS2059251",
    "manufacturer_number": "61003647",
    "description": "★★★★★\n★★★★★\n4 Reviews\nThis part is the replacement natural door closer for your refrigerator. It is black in color and is approximately 3 inches by 2 inches in size. The natural door closer allows your refrigerator door to open and close smoothly. If your door won’t open or close, the door is sweating, or the refrigerator is too warm, it could be an indication that you need to replace the door closer. You will also want to replace the door closer if it is cracked, broken, or missing. This part is sold individually and is an OEM part sourced directly from the manufacturer.",
    "price": "$14.80",
    "stock_status": "In Stock",
    "rating": "4.00 out of 5",
    "reviews_count": 4
  },
  {
    "url": "https://www.partselect.com/PS11739062-Whirlpool-WP2183852-Shim-Hinge-Center.htm?SourceCode=18",
    "image_url": "https://partselectcom-gtcdcddbene3cpes.z01.azurefd.net/11739062-1-N-Whirlpool-WP2183852-Shim-Hinge-Center.jpg",
    "name": "Admiral Refrigerator Shim, Hinge Center",
    "partselect_number": "PS11739062",
    "manufacturer_number": "WP2183852",
    "price": "$10.95",
    "stock_status": "In Stock"
  },
  {
    "url": "https://www.partselect.com/PS12584085-Whirlpool-W11244434-Ice-Container.htm?SourceCode=18",
    "image_url": "https://partselectcom-gtcdcddbene3cpes.z01.azurefd.net/12584085-1-N-Whirlpool-W11244434-Ice-Container.jpg",
    "name": "Admiral Refrigerator Ice Container",
    "partselect_number": "PS12584085",
    "manufacturer_number": "W11244434",
    "description": "Manufacturer Part Number W11244434",
    "price": "$171.43",
    "stock_status": "In Stock"
  },
  {
    "url": "https://www.partselect.com/PS11738536-Whirlpool-WP12562701-Ice-Chute-Door.htm?SourceCode=18",
    "image_url": "https://partselectcom-gtcdcddbene3cpes.z01.azurefd.net/11738536-1-N-Whirlpool-WP12562701-Ice-Chute-Door.jpg",
    "name": "Admiral Refrigerator Ice Chute Door",
    "partselect_number": "PS11738536",
    "manufacturer_number": "WP12562701",
    "description": "★★★★★\n★★★★★\n5 Reviews\nThis part is the replacement ice chute door for your refrigerator/freezer. It is a round, black part that is approximately 2 ½ inches in diameter. The dispenser ice chute door opens to let ice through when dispensing into a glass or some other container. If the chute door is broken, your refrigerator may not be able to dispense ice properly. Be sure to disconnect the power from your refrigerator before you begin this repair. This part is sold individually and is an authentic OEM part sourced directly from the manufacturer.",
    "price": "$9.75",
    "stock_status": "In Stock",
    "rating": "4.20 out of 5",
    "reviews_count": 5
  },
  {
    "url": "https://www.partselect.com/PS11739877-Whirlpool-WP2254473-Refrigerator-Bottom-Door-Hinge-w-Pin.htm?SourceCode=18",
    "image_url": "https://partselectcom-gtcdcddbene3cpes.z01.azurefd.net/11739877-1-N-Whirlpool-WP2254473-Refrigerator-Bottom-Door-Hinge-w-Pin.jpg",
    "name": "Admiral Refrigerator Bottom Door Hinge W/pin",
    "partselect_number": "PS11739877",
    "manufacturer_number": "WP2254473",
    "description": "★★★★★\n★★★★★\n3 Reviews\nSold individually.",
    "price": "$9.85",
    "stock_status": "In Stock",
    "rating": "4.67 out of 5",
    "reviews_count": 3
  },
  {
    "url": "https://www.partselect.com/PS11738235-Whirlpool-WP10450603-Refrigerator-Single-Roller.htm?SourceCode=18",
    "image_url": "https://partselectcom-gtcdcddbene3cpes.z01.azurefd.net/11738235-1-N-Whirlpool-WP10450603-Refrigerator-Single-Roller.jpg",
    "name": "Admiral Refrigerator Single Roller",
    "partselect_number": "PS11738235",
    "manufacturer_number": "WP10450603",
    "description": "★★★★★\n★★★★★\n2 Reviews\nThis wheel is sold individually. It is located on the bottom of the refrigerator.",
    "price": "$9.85",
    "stock_status": "In Stock",
    "rating": "2.50 out of 5",
    "reviews_count": 2
  },
  {
    "url": "https://www.partselect.com/PS11770244-Whirlpool-W11025586-TRACK.htm?SourceCode=18",
    "image_url": "https://partselectcom-gtcdcddbene3cpes.z01.azurefd.net/11770244-1-N-Whirlpool-W11025586-TRACK.jpg",
    "name": "Admiral Refrigerator Track",
    "partselect_number": "PS11770244",
    "manufacturer_number": "W11025586",
    "description": "★★★★★\n★★★★★\n3 Reviews",
    "price": "$55.63",
    "stock_status": "In Stock",
    "rating": "3.33 out of 5",
    "reviews_count": 3
  },
  {
    "url": "https://www.partselect.com/PS11740472-Whirlpool-WP2325482-Refrigerator-Bottom-Door-Hinge.htm?SourceCode=18",
    "image_url": "https://partselectcom-gtcdcddbene3cpes.z01.azurefd.net/11740472-1-N-Whirlpool-WP2325482-Refrigerator-Bottom-Door-Hinge.jpg",
    "name": "Admiral Refrigerator Bottom Door Hinge",
    "partselect_number": "PS11740472",
    "manufacturer_number": "WP2325482",
    "description": "Manufacturer Part Number WP2325482",
    "price": "$42.52",
    "stock_status": "In Stock"
  },
  {
    "url": "https://www.partselect.com/PS385141-Whirlpool-72032-Refrigerator-Touchup-Paint-Black.htm?SourceCode=18",
    "image_url": "https://partselectcom-gtcdcddbene3cpes.z01.azurefd.net/385141-1-N-Whirlpool-72032-Refrigerator-Touchup-Paint-Black.jpg",
    "name": "Admiral Refrigerator Touchup Paint (black)",
    "partselect_number": "PS385141",
    "manufacturer_number": "72032",
    "description": "★★★★★\n★★★★★\n5 Reviews\nThis authentic OEM black touch-up paint is specifically designed for repairing minor scratches, chips, or blemishes on your kitchen appliances. The bottle contains 16ml or 0.6oz of black paint and has an applicator brush under the cap, the same way a nail polish bottle is designed. Restoring these visible damages is important because cracked or chipped surfaces can become a breeding ground for dirt and bacteria. If your existing bottle of paint has a thick or clumpy consistency, do not use it. Remember to shake the bottle before applying the paint to your appliance. Please keep in mind that this bottle is sold individually.",
    "price": "$16.78",
    "stock_status": "In Stock",
    "rating": "4.20 out of 5",
    "reviews_count": 5
  },
  {
    "url": "https://www.partselect.com/PS12731235-Whirlpool-W11399415-HINGE-DOOR.htm?SourceCode=18",
    "image_url": "https://partselectcom-gtcdcddbene3cpes.z01.azurefd.net/12731235-1-N-Whirlpool-W11399415-HINGE-DOOR.jpg",
    "name": "Admiral Refrigerator Hinge-door",
    "partselect_number": "PS12731235",
    "manufacturer_number": "W11399415",
    "description": "Manufacturer Part Number W11399415",
    "price": "$43.51",
    "stock_status": "In Stock"
  },
  {
    "url": "https://www.partselect.com/PS358631-Whirlpool-4318047-Refrigerator-Single-Outlet-Water-Valve-Kit.htm?SourceCode=18",
    "image_url": "https://partselectcom-gtcdcddbene3cpes.z01.azurefd.net/358631-1-N-Whirlpool-4318047-Refrigerator-Single-Outlet-Water-Valve-Kit.jpg",
    "name": "Admiral Refrigerator Single Outlet Water Valve Kit",
    "partselect_number": "PS358631",
    "manufacturer_number": "4318047",
    "description": "★★★★★\n★★★★★\n16 Reviews\nThis part is a solenoid-operated switch located at the bottom of the refrigerator. When the water inlet valve is turned on, water is released from the supply line through the water valve and into the compact icemaker mold. The kit includes the mounting hardware and bracket plastic tubing fittings. The retaining nut must be cut off the plastic water line and gently pushed into the new valve. To remove, press down on the ring that the tube slides into. Refer to the installation instructions for further guidance. Please note: the manufacturer has redesigned this part and it can appear different than the original. It has a new quick connection.",
    "price": "$44.50",
    "stock_status": "In Stock",
    "rating": "4.50 out of 5",
    "reviews_count": 16
  },
  {
    "url": "https://www.partselect.com/PS11752211-Whirlpool-WPW10293212-MOUNTING-PLATE-ASSEMBLY.htm?SourceCode=18",
    "image_url": "https://partselectcom-gtcdcddbene3cpes.z01.azurefd.net/11752211-1-N-Whirlpool-WPW10293212-MOUNTING-PLATE-ASSEMBLY.jpg",
    "name": "Admiral Refrigerator Mounting Plate Assembly",
    "partselect_number": "PS11752211",
    "manufacturer_number": "WPW10293212",
    "price": "$60.09",
    "stock_status": "In Stock"
  },
  {
    "url": "https://www.partselect.com/PS11752607-Whirlpool-WPW10313917-Housing.htm?SourceCode=18",
    "image_url": "https://partselectcom-gtcdcddbene3cpes.z01.azurefd.net/11752607-1-N-Whirlpool-WPW10313917-Housing.jpg",
    "name": "Admiral Refrigerator Housing",
    "partselect_number": "PS11752607",
    "manufacturer_number": "WPW10313917",
    "description": "★★★★★\n★★★★★\n1 Review\nManufacturer Part Number WPW10313917",
    "price": "$48.95",
    "stock_status": "In Stock",
    "rating": "1.00 out of 5",
    "reviews_count": 1
  },
  {
    "url": "https://www.partselect.com/PS11766738-Whirlpool-W10890667-Drip-Pan.htm?SourceCode=18",
    "image_url": "https://partselectcom-gtcdcddbene3cpes.z01.azurefd.net/11766738-1-N-Whirlpool-W10890667-Drip-Pan.jpg",
    "name": "Admiral Refrigerator Drip Pan",
    "partselect_number": "PS11766738",
    "manufacturer_number": "W10890667",
    "price": "$68.55",
    "stock_status": "In Stock"
  },
  {
    "url": "https://www.partselect.com/PS11743592-Whirlpool-WP67004531-Crisper-Frame-NO-Glass.htm?SourceCode=18",
    "image_url": "https://partselectcom-gtcdcddbene3cpes.z01.azurefd.net/11743592-1-N-Whirlpool-WP67004531-Crisper-Frame-NO-Glass.jpg",
    "name": "Admiral Refrigerator Crisper Frame - No Glass",
    "partselect_number": "PS11743592",
    "manufacturer_number": "WP67004531",
    "description": "★★★★★\n★★★★★\n6 Reviews\nGlass is NOT included. This is the Frame only.",
    "price": "$115.85",
    "stock_status": "In Stock",
    "rating": "5.00 out of 5",
    "reviews_count": 6
  },
  {
    "url": "https://www.partselect.com/PS11752393-Whirlpool-WPW10300065-Door-Hinge.htm?SourceCode=18",
    "image_url": "https://partselectcom-gtcdcddbene3cpes.z01.azurefd.net/11752393-1-N-Whirlpool-WPW10300065-Door-Hinge.jpg",
    "name": "Admiral Refrigerator Door Hinge",
    "partselect_number": "PS11752393",
    "manufacturer_number": "WPW10300065",
    "description": "★★★★★\n★★★★★\n1 Review",
    "price": "$18.95",
    "stock_status": "In Stock",
    "rating": "5.00 out of 5",
    "reviews_count": 1
  },
  {
    "url": "https://www.partselect.com/PS11742707-Whirlpool-WP487802-Refrigerator-Hinge-Washer.htm?SourceCode=18",
    "image_url": "https://partselectcom-gtcdcddbene3cpes.z01.azurefd.net/11742707-1-N-Whirlpool-WP487802-Refrigerator-Hinge-Washer.jpg",
    "name": "Admiral Refrigerator Hinge Washer",
    "partselect_number": "PS11742707",
    "manufacturer_number": "WP487802",
    "price": "$7.95",
    "stock_status": "In Stock"
  },
  {
    "url": "https://www.partselect.com/PS11743318-Whirlpool-WP628356-Refrigerator-Water-Fill-Cup-Bearing.htm?SourceCode=18",
    "image_url": "https://partselectcom-gtcdcddbene3cpes.z01.azurefd.net/11743318-1-N-Whirlpool-WP628356-Refrigerator-Water-Fill-Cup-Bearing.jpg",
    "name": "Admiral Refrigerator Water Fill Cup & Bearing",
    "partselect_number": "PS11743318",
    "manufacturer_number": "WP628356",
    "description": "★★★★★\n★★★★★\n10 Reviews\nThis refrigerator ice maker fill cup dispenses the water into the ice cube mold during the fill cycle. Replacing the water fill cup is a possible solution if you notice that the ice maker is leaking, or not making/dispensing ice. If you notice the fill cup has been damaged or cracked; replace the part straight away. This water fill cup is a genuine OEM part and will fit most refrigerators, but check the list of compatible brands to make sure yours is included before purchasing.",
    "price": "$30.33",
    "stock_status": "In Stock",
    "rating": "4.50 out of 5",
    "reviews_count": 10
  },
  {
    "url": "https://www.partselect.com/PS12348600-Whirlpool-W11179356-Handle-Stud.htm?SourceCode=18",
    "image_url": "https://partselectcom-gtcdcddbene3cpes.z01.azurefd.net/12348600-1-N-Whirlpool-W11179356-Handle-Stud.jpg",
    "name": "Admiral Refrigerator Handle Stud",
    "partselect_number": "PS12348600",
    "manufacturer_number": "W11179356",
    "price": "$11.95",
    "stock_status": "In Stock"
  },
  {
    "url": "https://www.partselect.com/PS16730651-Whirlpool-W11578915-Condenser-Motor.htm?SourceCode=18",
    "image_url": "https://partselectcom-gtcdcddbene3cpes.z01.azurefd.net/16730651-1-N-Whirlpool-W11578915-Condenser-Motor.jpg",
    "name": "Admiral Refrigerator Condenser Motor",
    "partselect_number": "PS16730651",
    "manufacturer_number": "W11578915",
    "description": "★★★★★\n★★★★★\n1 Review",
    "price": "$54.83",
    "stock_status": "In Stock",
    "rating": "5.00 out of 5",
    "reviews_count": 1
  },
  {
    "url": "https://www.partselect.com/PS11752444-Whirlpool-WPW10304660-Cab-Roller.htm?SourceCode=18",
    "image_url": "https://partselectcom-gtcdcddbene3cpes.z01.azurefd.net/11752444-1-N-Whirlpool-WPW10304660-Cab-Roller.jpg",
    "name": "Admiral Refrigerator Cab Roller",
    "partselect_number": "PS11752444",
    "manufacturer_number": "WPW10304660",
    "price": "$52.33",
    "stock_status": "In Stock"
  },
  {
    "url": "https://www.partselect.com/PS11743011-Whirlpool-WP59688-1A-Tray.htm?SourceCode=18",
    "image_url": "https://partselectcom-gtcdcddbene3cpes.z01.azurefd.net/11743011-1-N-Whirlpool-WP59688-1A-Tray.jpg",
    "name": "Admiral Refrigerator Tray",
    "partselect_number": "PS11743011",
    "manufacturer_number": "WP59688-1A",
    "description": "★★★★★\n★★★★★\n1 Review\nThis tray is a replacement part for flex tray ice makers.",
    "price": "$17.95",
    "stock_status": "In Stock",
    "rating": "5.00 out of 5",
    "reviews_count": 1
  },
  {
    "url": "https://www.partselect.com/PS11743694-Whirlpool-WP67006506-Power-Cord.htm?SourceCode=18",
    "image_url": "https://partselectcom-gtcdcddbene3cpes.z01.azurefd.net/11743694-1-N-Whirlpool-WP67006506-Power-Cord.jpg",
    "name": "Admiral Refrigerator Power Cord",
    "partselect_number": "PS11743694",
    "manufacturer_number": "WP67006506",
    "description": "★★★★★\n★★★★★\n1 Review",
    "price": "$32.29",
    "stock_status": "In Stock",
    "rating": "5.00 out of 5",
    "reviews_count": 1
  },
  {
    "url": "https://www.partselect.com/PS11743305-Whirlpool-WP627018-Refrigerator-Compression-Nut.htm?SourceCode=18",
    "image_url": "https://partselectcom-gtcdcddbene3cpes.z01.azurefd.net/11743305-1-N-Whirlpool-WP627018-Refrigerator-Compression-Nut.jpg",
    "name": "Admiral Refrigerator Compression Nut",
    "partselect_number": "PS11743305",
    "manufacturer_number": "WP627018",
    "description": "★★★★★\n★★★★★\n2 Reviews\nThe compression nut is used as a connection between the water supply line and other components in your refrigerator such as your ice maker and your water dispenser. Tools required for this repair include a pair of pliers and a socket set. Before installing this part you should take all perishable foods out of your refrigerator and store them somewhere cool, unplug the refrigerator from the power source, and shut off the water supply. This repair may require you to wear work gloves to protect your hands, and is considered an easy do-it-yourself fix.",
    "price": "$11.95",
    "stock_status": "In Stock",
    "rating": "5.00 out of 5",
    "reviews_count": 2
  },
  {
    "url": "https://www.partselect.com/PS12347897-Whirlpool-W11162036-Water-Tube.htm?SourceCode=18",
    "image_url": "https://partselectcom-gtcdcddbene3cpes.z01.azurefd.net/12347897-1-N-Whirlpool-W11162036-Water-Tube.jpg",
    "name": "Admiral Refrigerator Water Tube",
    "partselect_number": "PS12347897",
    "manufacturer_number": "W11162036",
    "price": "$51.43",
    "stock_status": "In Stock"
  },
  {
    "url": "https://www.partselect.com/PS11743124-Whirlpool-WP61002046-Defrost-Heater.htm?SourceCode=18",
    "image_url": "https://partselectcom-gtcdcddbene3cpes.z01.azurefd.net/11743124-1-N-Whirlpool-WP61002046-Defrost-Heater.jpg",
    "name": "Admiral Refrigerator Defrost Heater",
    "partselect_number": "PS11743124",
    "manufacturer_number": "WP61002046",
    "description": "★★★★★\n★★★★★\n3 Reviews\nThe defrost heater keeps the cooling coils from frosting over.",
    "price": "$98.89",
    "stock_status": "On Order",
    "rating": "5.00 out of 5",
    "reviews_count": 3
  },
  {
    "url": "https://www.partselect.com/PS11743622-Whirlpool-WP67005380-Refrigerator-Door-Handle-Assembly.htm?SourceCode=18",
    "image_url": "https://partselectcom-gtcdcddbene3cpes.z01.azurefd.net/11743622-1-N-Whirlpool-WP67005380-Refrigerator-Door-Handle-Assembly.jpg",
    "name": "Admiral Refrigerator Door Handle Assembly",
    "partselect_number": "PS11743622",
    "manufacturer_number": "WP67005380",
    "description": "★★★★★\n★★★★★\n2 Reviews\nMounting hardware not included. This is the handle only.",
    "price": "$93.07",
    "stock_status": "In Stock",
    "rating": "5.00 out of 5",
    "reviews_count": 2
  },
  {
    "url": "https://www.partselect.com/PS11755905-Whirlpool-WPW10520307-Plug-Button.htm?SourceCode=18",
    "image_url": "https://partselectcom-gtcdcddbene3cpes.z01.azurefd.net/11755905-1-N-Whirlpool-WPW10520307-Plug-Button.jpg",
    "name": "Admiral Refrigerator Plug Button",
    "partselect_number": "PS11755905",
    "manufacturer_number": "WPW10520307",
    "description": "This is an authentic Whirlpool hole plug for your refrigerator. It simply fits into the top of your fridge. It is made of plastic and is approximately half an inch in length. This is an authentic OEM part sourced directly from the manufacturer.",
    "price": "$9.95",
    "stock_status": "In Stock"
  },
  {
    "url": "https://www.partselect.com/PS12745598-Whirlpool-W11424126-Ice-Maker.htm?SourceCode=18",
    "image_url": "https://partselectcom-gtcdcddbene3cpes.z01.azurefd.net/12745598-1-N-Whirlpool-W11424126-Ice-Maker.jpg",
    "name": "Admiral Refrigerator Ice Maker",
    "partselect_number": "PS12745598",
    "manufacturer_number": "W11424126",
    "description": "★★★★★\n★★★★★\n2 Reviews\nManufacturer Part Number W11424126",
    "price": "$75.61",
    "stock_status": "In Stock",
    "rating": "5.00 out of 5",
    "reviews_count": 2
  },
  {
    "url": "https://www.partselect.com/PS11739817-Whirlpool-WP2223877-Water-Filter-Cover-Clip.htm?SourceCode=18",
    "image_url": "https://partselectcom-gtcdcddbene3cpes.z01.azurefd.net/11739817-1-N-Whirlpool-WP2223877-Water-Filter-Cover-Clip.jpg",
    "name": "Admiral Refrigerator Water Filter Cover Clip",
    "partselect_number": "PS11739817",
    "manufacturer_number": "WP2223877",
    "description": "★★★★★\n★★★★★\n1 Review\nThe water filter cover holds the water filter cover in place in the water filter housing.",
    "price": "$47.47",
    "stock_status": "On Order",
    "rating": "5.00 out of 5",
    "reviews_count": 1
  },
  {
    "url": "https://www.partselect.com/PS11750315-Whirlpool-WPW10205979-Motor.htm?SourceCode=18",
    "image_url": "https://partselectcom-gtcdcddbene3cpes.z01.azurefd.net/11750315-1-N-Whirlpool-WPW10205979-Motor.jpg",
    "name": "Admiral Refrigerator Motor",
    "partselect_number": "PS11750315",
    "manufacturer_number": "WPW10205979",
    "description": "This part closes and opens the ice door on the ice dispenser chute.",
    "price": "$46.95",
    "stock_status": "In Stock"
  },
  {
    "url": "https://www.partselect.com/PS12070777-Whirlpool-W11093705-Glass-Shelf.htm?SourceCode=18",
    "image_url": "https://partselectcom-gtcdcddbene3cpes.z01.azurefd.net/assets/images/noimage_N.jpg",
    "name": "Admiral Refrigerator Glass Shelf",
    "partselect_number": "PS12070777",
    "manufacturer_number": "W11093705",
    "description": "★★★★★\n★★★★★\n3 Reviews\nThe lower shelf measures 10\" X 12\".",
    "price": "$125.35",
    "stock_status": "On Order",
    "rating": "5.00 out of 5",
    "reviews_count": 3
  },
  {
    "url": "https://www.partselect.com/PS10063639-Whirlpool-W10600071-End-Cap.htm?SourceCode=18",
    "image_url": "https://partselectcom-gtcdcddbene3cpes.z01.azurefd.net/10063639-1-N-Whirlpool-W10600071-End-Cap.jpg",
    "name": "Admiral Refrigerator End Cap",
    "partselect_number": "PS10063639",
    "manufacturer_number": "W10600071",
    "price": "$48.95",
    "stock_status": "Special Order"
  },
  {
    "url": "https://www.partselect.com/PS11738961-Whirlpool-WP2166037-Refrigerator-Center-Door-Hinge.htm?SourceCode=18",
    "image_url": "https://partselectcom-gtcdcddbene3cpes.z01.azurefd.net/11738961-1-N-Whirlpool-WP2166037-Refrigerator-Center-Door-Hinge.jpg",
    "name": "Admiral Refrigerator Center Door Hinge",
    "partselect_number": "PS11738961",
    "manufacturer_number": "WP2166037",
    "description": "Manufacturer Part Number WP2166037",
    "price": "$60.71",
    "stock_status": "In Stock"
  },
  {
    "url": "https://www.partselect.com/PS11745970-Whirlpool-WP841180A-Refrigerator-Tray.htm?SourceCode=18",
    "image_url": "https://partselectcom-gtcdcddbene3cpes.z01.azurefd.net/11745970-1-N-Whirlpool-WP841180A-Refrigerator-Tray.jpg",
    "name": "Admiral Refrigerator Tray",
    "partselect_number": "PS11745970",
    "manufacturer_number": "WP841180A",
    "description": "★★★★★\n★★★★★\n1 Review\nThis fourteen cube ice cube tray is eleven inches long. It is all white in color and is made entirely of plastic.",
    "price": "$9.95",
    "stock_status": "In Stock",
    "rating": "5.00 out of 5",
    "reviews_count": 1
  },
  {
    "url": "https://www.partselect.com/PS11743130-Whirlpool-WP61002104-Wheel-Pin.htm?SourceCode=18",
    "image_url": "https://partselectcom-gtcdcddbene3cpes.z01.azurefd.net/11743130-1-N-Whirlpool-WP61002104-Wheel-Pin.jpg",
    "name": "Admiral Refrigerator Wheel Pin",
    "partselect_number": "PS11743130",
    "manufacturer_number": "WP61002104",
    "description": "Manufacturer Part Number WP61002104",
    "price": "$6.95",
    "stock_status": "Special Order"
  },
  {
    "url": "https://www.partselect.com/PS11770260-Whirlpool-W11026417-Air-Damper-Control-Knob.htm?SourceCode=18",
    "image_url": "https://partselectcom-gtcdcddbene3cpes.z01.azurefd.net/11770260-1-N-Whirlpool-W11026417-Air-Damper-Control-Knob.jpg",
    "name": "Admiral Refrigerator Air Damper Control Knob",
    "partselect_number": "PS11770260",
    "manufacturer_number": "W11026417",
    "description": "The control knob controls the cold airflow from the freezer compartment into the refrigerator compartment.",
    "price": "$50.91",
    "stock_status": "In Stock"
  },
  {
    "url": "https://www.partselect.com/PS11739952-Whirlpool-WP2258681W-Door-Stop-Shim.htm?SourceCode=18",
    "image_url": "https://partselectcom-gtcdcddbene3cpes.z01.azurefd.net/11739952-1-N-Whirlpool-WP2258681W-Door-Stop-Shim.jpg",
    "name": "Admiral Refrigerator Door Stop Shim",
    "partselect_number": "PS11739952",
    "manufacturer_number": "WP2258681W",
    "description": "Manufacturer Part Number WP2258681W",
    "price": "$9.95",
    "stock_status": "Special Order"
  },
  {
    "url": "https://www.partselect.com/PS11755903-Whirlpool-WPW10520305-Button-Plug.htm?SourceCode=18",
    "image_url": "https://partselectcom-gtcdcddbene3cpes.z01.azurefd.net/11755903-1-N-Whirlpool-WPW10520305-Button-Plug.jpg",
    "name": "Admiral Refrigerator Button Plug",
    "partselect_number": "PS11755903",
    "manufacturer_number": "WPW10520305",
    "price": "$15.95",
    "stock_status": "In Stock"
  },
  {
    "url": "https://www.partselect.com/PS11740348-Whirlpool-WP2314293-Thimble.htm?SourceCode=18",
    "image_url": "https://partselectcom-gtcdcddbene3cpes.z01.azurefd.net/11740348-1-N-Whirlpool-WP2314293-Thimble.jpg",
    "name": "Admiral Refrigerator Thimble",
    "partselect_number": "PS11740348",
    "manufacturer_number": "WP2314293",
    "description": "Manufacturer Part Number WP2314293",
    "price": "$9.95",
    "stock_status": "On Order"
  },
  {
    "url": "https://www.partselect.com/PS11743838-Whirlpool-WP70111-108-Door-Shelf-Retainer-Bar-Cut-to-Fit.htm?SourceCode=18",
    "image_url": "https://partselectcom-gtcdcddbene3cpes.z01.azurefd.net/11743838-1-N-Whirlpool-WP70111-108-Door-Shelf-Retainer-Bar-Cut-to-Fit.jpg",
    "name": "Admiral Refrigerator Door Shelf Retainer Bar - Cut-to-fit",
    "partselect_number": "PS11743838",
    "manufacturer_number": "WP70111-108",
    "description": "★★★★★\n★★★★★\n1 Review\nThis is a cut-to-fit door shelf retainer bar for a refrigerator. The door shelf retainer bar holds food-related items, usually jars and condiments, on your refrigerator or freezer door shelf. This part is made entirely of metal and is white in color. It measures 26 inches long and is meant to be cut to the desired length. Use a hacksaw, or another appropriate means of cutting, to cut the bar to the exact size of your original door shelf retainer bar. This part is sold individually and does not include the retainers. Order the door shelf retainers separately if necessary.",
    "price": "$61.06",
    "stock_status": "On Order",
    "rating": "5.00 out of 5",
    "reviews_count": 1
  },
  {
    "url": "https://www.partselect.com/PS11757256-Whirlpool-WPW10713153-Kickplate-Grille-Midnight-Gray.htm?SourceCode=18",
    "image_url": "https://partselectcom-gtcdcddbene3cpes.z01.azurefd.net/11757256-1-N-Whirlpool-WPW10713153-Kickplate-Grille-Midnight-Gray.jpg",
    "name": "Admiral Refrigerator Kickplate Grille - Midnight Gray",
    "partselect_number": "PS11757256",
    "manufacturer_number": "WPW10713153",
    "description": "★★★★★\n★★★★★\n2 Reviews\nManufacturer Part Number WPW10713153",
    "price": "$62.67",
    "stock_status": "In Stock",
    "rating": "5.00 out of 5",
    "reviews_count": 2
  },
  {
    "url": "https://www.partselect.com/PS2355527-Whirlpool-W10249195-Refrigerator-Door-Gasket-Grey.htm?SourceCode=18",
    "image_url": "https://partselectcom-gtcdcddbene3cpes.z01.azurefd.net/2355527-1-N-Whirlpool-W10249195-Refrigerator-Door-Gasket-Grey.jpg",
    "name": "Admiral Refrigerator Door Gasket - Grey",
    "partselect_number": "PS2355527",
    "manufacturer_number": "W10249195",
    "description": "Manufacturer Part Number W10249195",
    "price": "$163.67",
    "stock_status": "In Stock"
  },
  {
    "url": "https://www.partselect.com/PS16875684-Whirlpool-W11645127-DIFFUSER.htm?SourceCode=18",
    "image_url": "https://partselectcom-gtcdcddbene3cpes.z01.azurefd.net/16875684-1-N-Whirlpool-W11645127-DIFFUSER.jpg",
    "name": "Admiral Refrigerator Diffuser",
    "partselect_number": "PS16875684",
    "manufacturer_number": "W11645127",
    "description": "Manufacturer Part Number W11645127",
    "price": "$57.77",
    "stock_status": "In Stock"
  },
  {
    "url": "https://www.partselect.com/PS3507920-Whirlpool-W10407187-Door-Bumper-Black.htm?SourceCode=18",
    "image_url": "https://partselectcom-gtcdcddbene3cpes.z01.azurefd.net/3507920-1-N-Whirlpool-W10407187-Door-Bumper-Black.jpg",
    "name": "Admiral Refrigerator Door Bumper - Black",
    "partselect_number": "PS3507920",
    "manufacturer_number": "W10407187",
    "description": "Manufacturer Part Number W10407187",
    "price": "$44.95",
    "stock_status": "In Stock"
  },
  {
    "url": "https://www.partselect.com/PS11755841-Whirlpool-WPW10511911-Bushing.htm?SourceCode=18",
    "image_url": "https://partselectcom-gtcdcddbene3cpes.z01.azurefd.net/11755841-1-N-Whirlpool-WPW10511911-Bushing.jpg",
    "name": "Admiral Refrigerator Bushing",
    "partselect_number": "PS11755841",
    "manufacturer_number": "WPW10511911",
    "price": "$13.95",
    "stock_status": "Special Order"
  },
  {
    "url": "https://www.partselect.com/PS993036-Whirlpool-8003RP-Refrigerator-Water-Line-Installation-Kit.htm?SourceCode=18",
    "image_url": "https://partselectcom-gtcdcddbene3cpes.z01.azurefd.net/993036-1-N-Whirlpool-8003RP-Refrigerator-Water-Line-Installation-Kit.jpg",
    "name": "Admiral Refrigerator Water Line Installation Kit",
    "partselect_number": "PS993036",
    "manufacturer_number": "8003RP",
    "description": "★★★★★\n★★★★★\n1 Review\nThis Refrigerator Ice Maker Installation Kit connects the house water supply, to the refrigerator for ice maker and water dispenser operation. This kit includes 15-ft of copper tubing, (1) saddle valve, tape, and (1) tubing connector.",
    "price": "$37.95",
    "stock_status": "In Stock",
    "rating": "5.00 out of 5",
    "reviews_count": 1
  },
  {
    "url": "https://www.partselect.com/PS11738544-Whirlpool-WP12575501-Refrigerator-Limit-Switch.htm?SourceCode=18",
    "image_url": "https://partselectcom-gtcdcddbene3cpes.z01.azurefd.net/11738544-1-N-Whirlpool-WP12575501-Refrigerator-Limit-Switch.jpg",
    "name": "Admiral Refrigerator Limit Switch",
    "partselect_number": "PS11738544",
    "manufacturer_number": "WP12575501",
    "price": "$41.95",
    "stock_status": "In Stock"
  },
  {
    "url": "https://www.partselect.com/PS11739986-Whirlpool-WP2262343-Capacitor.htm?SourceCode=18",
    "image_url": "https://partselectcom-gtcdcddbene3cpes.z01.azurefd.net/11739986-1-N-Whirlpool-WP2262343-Capacitor.jpg",
    "name": "Admiral Refrigerator Capacitor",
    "partselect_number": "PS11739986",
    "manufacturer_number": "WP2262343",
    "description": "Manufacturer Part Number WP2262343",
    "price": "$9.95",
    "stock_status": "Special Order"
  },
  {
    "url": "https://www.partselect.com/PS16875927-Whirlpool-W11661926-Door-Cam.htm?SourceCode=18",
    "image_url": "https://partselectcom-gtcdcddbene3cpes.z01.azurefd.net/16875927-1-N-Whirlpool-W11661926-Door-Cam.jpg",
    "name": "Admiral Refrigerator Door Cam",
    "partselect_number": "PS16875927",
    "manufacturer_number": "W11661926",
    "price": "$11.95",
    "stock_status": "Special Order"
  },
  {
    "url": "https://www.partselect.com/PS11742794-Whirlpool-WP52085-28-Defrost-Thermostat-With-Wire-and-Clip.htm?SourceCode=18",
    "image_url": "https://partselectcom-gtcdcddbene3cpes.z01.azurefd.net/11742794-1-N-Whirlpool-WP52085-28-Defrost-Thermostat-With-Wire-and-Clip.jpg",
    "name": "Admiral Refrigerator Defrost Thermostat - With Wire And Clip",
    "partselect_number": "PS11742794",
    "manufacturer_number": "WP52085-28",
    "description": "This refrigerator defrost thermostat will cut out at 80 degrees Fahrenheit and kick back when the temperature drops to 15 degrees Fahrenheit.",
    "price": "$64.63",
    "stock_status": "In Stock"
  },
  {
    "url": "https://www.partselect.com/PS11743827-Whirlpool-WP70025-6-Refrigerator-Door-Gasket.htm?SourceCode=18",
    "image_url": "https://partselectcom-gtcdcddbene3cpes.z01.azurefd.net/11743827-1-N-Whirlpool-WP70025-6-Refrigerator-Door-Gasket.jpg",
    "name": "Admiral Refrigerator Door Gasket",
    "partselect_number": "PS11743827",
    "manufacturer_number": "WP70025-6",
    "description": "This fesh food refrigerator door gasket is thirty-one inches long. It is all white in color and is made entirely of rubber.",
    "price": "$144.48",
    "stock_status": "In Stock"
  },
  {
    "url": "https://www.partselect.com/PS11747921-Whirlpool-WPM0274058-Refrigerator-Shim.htm?SourceCode=18",
    "image_url": "https://partselectcom-gtcdcddbene3cpes.z01.azurefd.net/11747921-1-N-Whirlpool-WPM0274058-Refrigerator-Shim.jpg",
    "name": "Admiral Refrigerator Shim",
    "partselect_number": "PS11747921",
    "manufacturer_number": "WPM0274058",
    "description": "The door hinge shim helps maintain proper door alignment.",
    "price": "$6.95",
    "stock_status": "In Stock"
  },
  {
    "url": "https://www.partselect.com/PS11751307-Whirlpool-WPW10257206-Door-Cam.htm?SourceCode=18",
    "image_url": "https://partselectcom-gtcdcddbene3cpes.z01.azurefd.net/11751307-1-N-Whirlpool-WPW10257206-Door-Cam.jpg",
    "name": "Admiral Refrigerator Door Cam",
    "partselect_number": "PS11751307",
    "manufacturer_number": "WPW10257206",
    "description": "This part helps with the closing of the door and helps keep them in position.",
    "price": "$19.95",
    "stock_status": "In Stock"
  },
  {
    "url": "https://www.partselect.com/PS11751802-Whirlpool-WPW10279882-Water-Tube.htm?SourceCode=18",
    "image_url": "https://partselectcom-gtcdcddbene3cpes.z01.azurefd.net/11751802-1-N-Whirlpool-WPW10279882-Water-Tube.jpg",
    "name": "Admiral Refrigerator Water Tube",
    "partselect_number": "PS11751802",
    "manufacturer_number": "WPW10279882",
    "price": "$53.41",
    "stock_status": "In Stock"
  },
  {
    "url": "https://www.partselect.com/PS11722142-Whirlpool-LW10680730-DOR-FIP.htm?SourceCode=18",
    "image_url": "https://partselectcom-gtcdcddbene3cpes.z01.azurefd.net/11722142-1-N-Whirlpool-LW10680730-DOR-FIP.jpg",
    "name": "Admiral Refrigerator Dor-fip",
    "partselect_number": "PS11722142",
    "manufacturer_number": "LW10680730",
    "price": "$499.95",
    "stock_status": "Special Order"
  },
  {
    "url": "https://www.partselect.com/PS11738269-Whirlpool-WP1106508-Ice-Maker-Fill-Tube-Gasket.htm?SourceCode=18",
    "image_url": "https://partselectcom-gtcdcddbene3cpes.z01.azurefd.net/11738269-1-N-Whirlpool-WP1106508-Ice-Maker-Fill-Tube-Gasket.jpg",
    "name": "Admiral Refrigerator Ice Maker Fill Tube Gasket",
    "partselect_number": "PS11738269",
    "manufacturer_number": "WP1106508",
    "price": "$10.95",
    "stock_status": "In Stock"
  }
]