[
  {
    "url": "https://www.partselect.com/PS10065979-Whirlpool-W10712395-Upper-Rack-Adjuster-Kit.htm?SourceCode=18",
    "image_url": "https://partselectcom-gtcdcddbene3cpes.z01.azurefd.net/10065979-1-N-Whirlpool-W10712395-Upper-Rack-Adjuster-Kit.jpg",
    "name": "Admiral Dishwasher Upper Rack Adjuster Kit",
    "partselect_number": "PS10065979",
    "manufacturer_number": "W10712395",
    "description": "★★★★★\n★★★★★\n705 Reviews\nThis authentic Dishwasher Upper Rack Adjuster Kit with white wheels is a kit made up of primarily plastic and metal components, which will require a screwdriver to install. This kit comes with all the necessary parts for a dishwasher rack adjuster. It fits onto the dishwasher rack and connects it to the track allowing it to slide in and out. If broken then the rack will no longer slide properly, and the part must be replaced. In many cases, our customers have reported the top rack of their dishwasher hanging down or sagging due to the adjuster kit, particularly if the wheels, have broken or failed. If you are having problems in this area, this kit will help get your dishwasher back up and running. Check your model number and user manual to see if this part is right for you. The parts for this kit come as a package and are not generally sold individually.",
    "price": "$\n49.86",
    "stock_status": "In Stock",
    "rating": "4.8/5",
    "reviews_count": 705,
    "reviews": [
      {
        "rating": "5.0/5",
        "reviewer": "Tom U",
        "date": "July 10, 2024",
        "title": "Tom U",
        "content": "Everything AOK here!"
      },
      {
        "rating": "5.0/5",
        "reviewer": "Robert L",
        "date": "August 6, 2024",
        "title": "Robert L",
        "content": "excellent part, saves so much effort and time when loading and unloading"
      },
      {
        "rating": "5.0/5",
        "reviewer": "Jessica P",
        "date": "August 18, 2024",
        "title": "Jessica P",
        "content": "Part came super fast and was exactly what I needed to fix our dishwasher rack. I was able to switch out the adjuster kits from some YouTube videos and the parts actually look more durable than the original."
      },
      {
        "rating": "5.0/5",
        "reviewer": "Jennifer B",
        "date": "August 18, 2024",
        "title": "Jennifer B",
        "content": "One of the wheels broke on the top rack slider and this kit was just what I needed to repair it and get back in action. Found a you tube video for the installation - it was easy and quick to repair."
      },
      {
        "rating": "5.0/5",
        "reviewer": "Ashley P",
        "date": "August 28, 2024",
        "title": "Ashley P",
        "content": "Perfect repair set and the video to install made it so simple. Thanks!"
      },
      {
        "rating": "5.0/5",
        "reviewer": "Chris L",
        "date": "February 21, 2023",
        "title": "Chris L",
        "content": "Was a piece of cake to install"
      },
      {
        "rating": "5.0/5",
        "reviewer": "Cheryl F",
        "date": "September 15, 2024",
        "title": "Cheryl F",
        "content": "It was more parts than I required this time, but will keep extras for future needs."
      },
      {
        "rating": "5.0/5",
        "reviewer": "Robert F",
        "date": "October 3, 2024",
        "title": "Robert F",
        "content": "I broke the top rack on our dishwasher and ordered this repair kit. I watched the included video )highly recommend this step) and after getting the hang of what needed to be done, the assembly was very easy and took maybe 30 minutes. Simple and intuitive steps. If you need to fix the upper rack this is the right part for you."
      },
      {
        "rating": "5.0/5",
        "reviewer": "Brian M",
        "date": "October 5, 2024",
        "title": "Brian M",
        "content": "Definitely recommend watching the YouTube installation video and familiarize yourself with the parts before installing."
      },
      {
        "rating": "5.0/5",
        "reviewer": "Mark M",
        "date": "October 22, 2024",
        "title": "Mark M",
        "content": "As ordered Delivered in an acceptable amount of time"
      }
    ],
    "repair_stories": [],
    "symptoms_fixed": "Door won’t close | Door latch failure | Not cleaning dishes properly | Noisy",
    "works_with": "Dishwasher.",
    "also_replaces": [
      "AP5957560",
      "W10250159",
      "W10350375",
      "W10712395VP"
    ],
    "video_url": "https://www.youtube.com/watch?v=pZO1rcMwKBc"
  },
  {
    "url": "https://www.partselect.com/PS11746591-Whirlpool-WP8565925-Dishwasher-Rack-Track-Stop.htm?SourceCode=18",
    "image_url": "https://partselectcom-gtcdcddbene3cpes.z01.azurefd.net/11746591-1-N-Whirlpool-WP8565925-Dishwasher-Rack-Track-Stop.jpg",
    "name": "Admiral Dishwasher Rack Track Stop",
    "partselect_number": "PS11746591",
    "manufacturer_number": "WP8565925",
    "description": "★★★★★\n★★★★★\n107 Reviews\nThe rack track stop on your dishwasher is designed to stop the dish rack at the appropriate place when opening and closing the rack. If your dishwasher is not cleaning your dishes properly, the rack stop may need to be replaced. The replacement part may differ slightly from the broken part, depending on the model. However, the different styles are interchangeable. This product is sold individually and comes in both a white and grey plastic version. Many of our customers found this repair to be very easy and takes less than 30 minutes to complete. Simply snap the old part out and snap the new part into place. You will not require any tools to complete the job. This is an authentic part approved by the manufacturer.",
    "price": "$\n9.65",
    "stock_status": "In Stock",
    "rating": "4.7/5",
    "reviews_count": 107,
    "reviews": [],
    "repair_stories": [],
    "symptoms_fixed": "Door latch failure | Not cleaning dishes properly | Door won’t close",
    "works_with": "Dishwasher.",
    "also_replaces": [
      "AP6013365",
      "8270105",
      "8270106",
      "8524581",
      "8524582",
      "8562015",
      "8565920",
      "8565925",
      "W10082860",
      "W10082861",
      "W10199682",
      "W10508950",
      "WP8565925VP",
      "WPW10082861VP",
      "WPW10508950",
      "WPW10508950VP"
    ],
    "video_url": "https://www.youtube.com/watch?v=siE-8HethWg"
  },
  {
    "url": "https://www.partselect.com/PS8260087-Whirlpool-W10518394-Dishwasher-Heating-Element.htm?SourceCode=18",
    "image_url": "https://partselectcom-gtcdcddbene3cpes.z01.azurefd.net/8260087-1-N-Whirlpool-W10518394-Dishwasher-Heating-Element.jpg",
    "name": "Admiral Dishwasher Heating Element",
    "partselect_number": "PS8260087",
    "manufacturer_number": "W10518394",
    "description": "★★★★★\n★★★★★\n113 Reviews\nThis manufacturer-certified heating element is used to create heat during the dry cycle and increase water temperature during portions of the wash cycle when certain options are selected. If your dishes are not drying or the water in the dishwasher is not getting hot you may need to replace the element. This kit includes the heater, two heater fasteners, and is a genuine OEM part. Please remember to disconnect the power before starting the repair. Use a multi-meter to test your heating element for continuity to determine whether this is the part that is causing your symptom. This part does not include any washers. To make your repair, disconnect the wires from the bottom of the element in the back, remove the plastic nuts holding it in place, remove the element, and repeat these steps in reverse order to install your new part. This is an easy repair that requires only a screwdriver, wrench set, and should take less than 30 minutes.",
    "price": "$\n66.09",
    "stock_status": "In Stock",
    "rating": "4.5/5",
    "reviews_count": 113,
    "reviews": [],
    "repair_stories": [],
    "symptoms_fixed": "Not drying dishes properly | Not cleaning dishes properly | Will Not Start | Leaking",
    "works_with": "Dishwasher.",
    "also_replaces": [
      "AP5690151",
      "2977737",
      "W10518394",
      "8194250",
      "8563007",
      "8563464",
      "8572861",
      "W10134009",
      "W10441445",
      "W10518394VP"
    ],
    "video_url": "https://www.youtube.com/watch?v=Co8dQ7rzTMQ"
  },
  {
    "url": "https://www.partselect.com/PS11750093-Whirlpool-WPW10195840-Dishwasher-Positioner.htm?SourceCode=18",
    "image_url": "https://partselectcom-gtcdcddbene3cpes.z01.azurefd.net/11750093-1-N-Whirlpool-WPW10195840-Dishwasher-Positioner.jpg",
    "name": "Admiral Dishwasher Positioner",
    "partselect_number": "PS11750093",
    "manufacturer_number": "WPW10195840",
    "description": "★★★★★\n★★★★★\n6 Reviews\nAlso known as rack adjuster. Sold individually. This is an original part from KitchenAid, Kenmore, Whirlpool, Jenn-Air, and Maytag for use with Dishwashers. The dishrack adjuster arm positioner clip holds the adjuster arm in the right position on the dishrack. The most common reason for replacing the strap is if the rack will not stay in its desired position. This part is sold individually. There are no tools needed to replace the positioner.",
    "price": "$44.11",
    "stock_status": "In Stock",
    "rating": "3.00 out of 5",
    "reviews_count": 6
  },
  {
    "url": "https://www.partselect.com/PS17629637-Whirlpool-W11725437-GASKET-TUB-DOOR-AIP.htm?SourceCode=18",
    "image_url": "https://partselectcom-gtcdcddbene3cpes.z01.azurefd.net/assets/images/noimage_N.jpg",
    "name": "Admiral Dishwasher Gasket, Tub, Door, Aip",
    "partselect_number": "PS17629637",
    "manufacturer_number": "W11725437",
    "description": "★★★★★\n★★★★★\n16 Reviews",
    "price": "$24.91",
    "stock_status": "In Stock",
    "rating": "4.94 out of 5",
    "reviews_count": 16
  },
  {
    "url": "https://www.partselect.com/PS11731570-Whirlpool-W10861000-Detergent-Dispenser.htm?SourceCode=18",
    "image_url": "https://partselectcom-gtcdcddbene3cpes.z01.azurefd.net/11731570-1-N-Whirlpool-W10861000-Detergent-Dispenser.jpg",
    "name": "Admiral Dishwasher Detergent Dispenser",
    "partselect_number": "PS11731570",
    "manufacturer_number": "W10861000",
    "description": "★★★★★\n★★★★★\n25 Reviews\nDetergent dispenser W10861000 is an original equipment manufacturer (OEM) part that fits some Whirlpool, KitchenAid, Maytag and Amana dishwashers. Detergent dispenser W10861000 attaches to the inner door panel and holds the dishwasher detergent and rinse aid in covered compartments. This dishwasher detergent dispenser measures approximately 5 inches wide and 4.5 inches high.",
    "price": "$96.73",
    "stock_status": "In Stock",
    "rating": "4.52 out of 5",
    "reviews_count": 25
  },
  {
    "url": "https://www.partselect.com/PS11755592-Whirlpool-WPW10491331-Dishwasher-Lower-Spray-Arm.htm?SourceCode=18",
    "image_url": "https://partselectcom-gtcdcddbene3cpes.z01.azurefd.net/11755592-1-N-Whirlpool-WPW10491331-Dishwasher-Lower-Spray-Arm.jpg",
    "name": "Admiral Dishwasher Lower Spray Arm",
    "partselect_number": "PS11755592",
    "manufacturer_number": "WPW10491331",
    "description": "★★★★★\n★★★★★\n36 Reviews\nThis is a lower spray arm for a dishwasher. The lower spray arm allows water to be spread evenly throughout the dishwasher tub with the proper force so dishes come out clean. This spray arm is gray in color and is about 20 inches long. You may need to replace this part if the water is not being distributed.",
    "price": "$40.27",
    "stock_status": "In Stock",
    "rating": "4.83 out of 5",
    "reviews_count": 36
  },
  {
    "url": "https://www.partselect.com/PS11745496-Whirlpool-WP8269145-Dishwasher-Mounting-Bracket.htm?SourceCode=18",
    "image_url": "https://partselectcom-gtcdcddbene3cpes.z01.azurefd.net/11745496-1-N-Whirlpool-WP8269145-Dishwasher-Mounting-Bracket.jpg",
    "name": "Admiral Dishwasher Mounting Bracket",
    "partselect_number": "PS11745496",
    "manufacturer_number": "WP8269145",
    "description": "★★★★★\n★★★★★\n14 Reviews\nThe mounting bracket is sold individually, without screws. This part secures the upper side of the dishwasher to the underside of the counter or cabinet to prevent the dishwasher from moving, shaking, or tilting forward. The bracket is made entirely of metal. It is recommended to check all brackets, if applicable, because they often wear at the same rate and both may need to be replaced. This is an OEM part that is sourced from the authentic manufacturer. Tools needed are a pair of needle nose pliers and a screwdriver.",
    "price": "$13.53",
    "stock_status": "In Stock",
    "rating": "4.57 out of 5",
    "reviews_count": 14
  },
  {
    "url": "https://www.partselect.com/PS11755664-Whirlpool-WPW10498900-Middle-Spray-Arm.htm?SourceCode=18",
    "image_url": "https://partselectcom-gtcdcddbene3cpes.z01.azurefd.net/11755664-1-N-Whirlpool-WPW10498900-Middle-Spray-Arm.jpg",
    "name": "Admiral Dishwasher Middle Spray Arm",
    "partselect_number": "PS11755664",
    "manufacturer_number": "WPW10498900",
    "description": "★★★★★\n★★★★★\n22 Reviews\nThis is a replacement middle spray arm in your dishwasher. You will find your middle spray arm mounted on the bottom of the middle dish rack. The upper spray arm rotates and sprays water during the operating cycle. If your dishes are not coming out of the dishwasher clean, you may have a malfunctioning middle spray arm. Debris and hard water buildup in your dishwasher can cause the middle spray arm to clog. To replace the spray arm, simply turn the arm counter clockwise to release it from the dish rack. Screw in the new spray arm to complete the repair. This part is sold individually.",
    "price": "$39.31",
    "stock_status": "In Stock",
    "rating": "4.95 out of 5",
    "reviews_count": 22
  },
  {
    "url": "https://www.partselect.com/PS11759673-Whirlpool-W10872845-Dishwasher-Filter.htm?SourceCode=18",
    "image_url": "https://partselectcom-gtcdcddbene3cpes.z01.azurefd.net/11759673-1-N-Whirlpool-W10872845-Dishwasher-Filter.jpg",
    "name": "Admiral Dishwasher Filter",
    "partselect_number": "PS11759673",
    "manufacturer_number": "W10872845",
    "description": "★★★★★\n★★★★★\n39 Reviews\nThis filter works with the water pump in your dishwasher. It prevents debris from entering the pump and causing damage. As a result, the filter can occasionally become clogged or damaged, and will need to be replaced. A good indication of a damaged filter is if your dishwasher is not draining or cleaning the dishes properly. This filter has a gray plastic top and bottom that are approximately 5 inches in diameter. This is a genuine OEM part that comes directly from the manufacturer. To replace the filter, simply turn it counterclockwise to unlock, and then screw in the new filter",
    "price": "$42.19",
    "stock_status": "In Stock",
    "rating": "4.92 out of 5",
    "reviews_count": 39
  },
  {
    "url": "https://www.partselect.com/PS11753224-Whirlpool-WPW10340542-Manifold.htm?SourceCode=18",
    "image_url": "https://partselectcom-gtcdcddbene3cpes.z01.azurefd.net/11753224-1-N-Whirlpool-WPW10340542-Manifold.jpg",
    "name": "Admiral Dishwasher Manifold",
    "partselect_number": "PS11753224",
    "manufacturer_number": "WPW10340542",
    "description": "★★★★★\n★★★★★\n1 Review\nThis genuine OEM water supply manifold or tube is specially designed for various models of dishwashers. It fits onto the upper rack of the dishwasher. The manifold distributes water from the main water supply line, through the spray arm, to various parts of the dishwasher where it is needed for cleaning dishes. When the dishwasher is turned on, the water inlet valve opens, allowing water to flow into the manifold. If the manifold is damaged, or no longer functioning properly it will be unable to distribute water to the spray arms leading to uneven cleaning, water leakage, difficulties completing cycles and reduced energy efficiency.",
    "price": "$62.65",
    "stock_status": "In Stock",
    "rating": "5.00 out of 5",
    "reviews_count": 1
  },
  {
    "url": "https://www.partselect.com/PS1524878-Frigidaire-154106202-Heating-Element-Brass-Nut.htm?SourceCode=18",
    "image_url": "https://partselectcom-gtcdcddbene3cpes.z01.azurefd.net/1524878-1-N-Frigidaire-154106202-Heating-Element-Brass-Nut.jpg",
    "name": "Admiral Dishwasher Heating Element Brass Nut",
    "partselect_number": "PS1524878",
    "manufacturer_number": "154106202",
    "description": "★★★★★\n★★★★★\n9 Reviews\nThe heating element nut is used to connect the heating element to the dishwasher tub. If water is leaking from underneath your dishwasher, you may need to tighten or replace the heating element nut. Replacing the nut is an easy job, does not require any specialty tools, and should not take you more than 10 minutes. For our step by step guide, click the video below. The brass nut measures 7 inches in length x 1 inch in width x 5 inches in height, and fits most dishwashers. To see if this part is compatible with your dishwasher, check the list of compatible brands below.",
    "price": "$12.56",
    "stock_status": "In Stock",
    "rating": "4.89 out of 5",
    "reviews_count": 9
  },
  {
    "url": "https://www.partselect.com/PS16555319-Whirlpool-W11545307-STOP.htm?SourceCode=18",
    "image_url": "https://partselectcom-gtcdcddbene3cpes.z01.azurefd.net/16555319-1-N-Whirlpool-W11545307-STOP.jpg",
    "name": "Admiral Dishwasher Stop",
    "partselect_number": "PS16555319",
    "manufacturer_number": "W11545307",
    "description": "Manufacturer Part Number W11545307",
    "price": "$20.32",
    "stock_status": "In Stock"
  },
  {
    "url": "https://www.partselect.com/PS11747717-Whirlpool-WP99002780-Lower-Wheel-Assembly.htm?SourceCode=18",
    "image_url": "https://partselectcom-gtcdcddbene3cpes.z01.azurefd.net/11747717-1-N-Whirlpool-WP99002780-Lower-Wheel-Assembly.jpg",
    "name": "Admiral Dishwasher Lower Wheel Assembly",
    "partselect_number": "PS11747717",
    "manufacturer_number": "WP99002780",
    "description": "★★★★★\n★★★★★\n19 Reviews\nThis lower dishrack roller is less than two inches in diameter. It is made entirely of white plastic. If you find that your dishwasher is making loud noises or the lower rack is getting stuck when you are moving it in or out, it could be that the lower wheel assembly needs to be replaced. The dishrack wheels allow for easy movement of the dishrack in and out of the dishwasher. These rollers tend to wear down at the same speed, so it is recommended to replace both pairs at the same time. Open your dishwasher and remove the bottom rack, locate the locking tab, and rotate until it easily slides out of place. Slide the new wheel over the shaft and locate the locking tab to snap back into place.",
    "price": "$10.62",
    "stock_status": "In Stock",
    "rating": "4.42 out of 5",
    "reviews_count": 19
  },
  {
    "url": "https://www.partselect.com/PS11750031-Whirlpool-WPW10195039-Dishwasher-Overfill-Control-Switch.htm?SourceCode=18",
    "image_url": "https://partselectcom-gtcdcddbene3cpes.z01.azurefd.net/11750031-1-N-Whirlpool-WPW10195039-Dishwasher-Overfill-Control-Switch.jpg",
    "name": "Admiral Dishwasher Overfill Control Switch",
    "partselect_number": "PS11750031",
    "manufacturer_number": "WPW10195039",
    "description": "★★★★★\n★★★★★\n6 Reviews\nThis part is also known as a float switch. This float switch, when activated, stops the flow of water into the dishwasher.",
    "price": "$41.66",
    "stock_status": "In Stock",
    "rating": "4.50 out of 5",
    "reviews_count": 6
  },
  {
    "url": "https://www.partselect.com/PS16660512-Whirlpool-W11568642-MANIFOLD.htm?SourceCode=18",
    "image_url": "https://partselectcom-gtcdcddbene3cpes.z01.azurefd.net/16660512-1-N-Whirlpool-W11568642-MANIFOLD.jpg",
    "name": "Admiral Dishwasher Manifold",
    "partselect_number": "PS16660512",
    "manufacturer_number": "W11568642",
    "description": "Manufacturer Part Number W11568642",
    "price": "$17.59",
    "stock_status": "In Stock"
  },
  {
    "url": "https://www.partselect.com/PS16660574-Whirlpool-W11573754-MANIFOLD.htm?SourceCode=18",
    "image_url": "https://partselectcom-gtcdcddbene3cpes.z01.azurefd.net/16660574-1-N-Whirlpool-W11573754-MANIFOLD.jpg",
    "name": "Admiral Dishwasher Manifold",
    "partselect_number": "PS16660574",
    "manufacturer_number": "W11573754",
    "description": "Manufacturer Part Number W11573754",
    "price": "$16.61",
    "stock_status": "In Stock"
  },
  {
    "url": "https://www.partselect.com/PS385132-Whirlpool-72017-Refrigerator-Touchup-Paint-White.htm?SourceCode=18",
    "image_url": "https://partselectcom-gtcdcddbene3cpes.z01.azurefd.net/385132-1-N-Whirlpool-72017-Refrigerator-Touchup-Paint-White.jpg",
    "name": "Admiral Dishwasher Refrigerator Touchup Paint (white)",
    "partselect_number": "PS385132",
    "manufacturer_number": "72017",
    "description": "★★★★★\n★★★★★\n7 Reviews\nThis touch-up paint can be used on a wide variety of household appliances. It is most often used on washers, dryer, refrigerators, dishwashers, ranges, freezers, trash compactors, or microwaves. It is an 18 ml, or.6 fluid ounces, bottle of touch-up paint. It also features a brush for easy application. This quick-drying, long-lasting paint is perfect for fixing any nicks, scratches, or chips on the exterior of your appliance. This paint is white in color, and provides a durable finish.",
    "price": "$11.59",
    "stock_status": "In Stock",
    "rating": "4.29 out of 5",
    "reviews_count": 7
  },
  {
    "url": "https://www.partselect.com/PS11741377-Whirlpool-WP3385089-Dishwasher-Upper-Dishrack-Track.htm?SourceCode=18",
    "image_url": "https://partselectcom-gtcdcddbene3cpes.z01.azurefd.net/11741377-1-N-Whirlpool-WP3385089-Dishwasher-Upper-Dishrack-Track.jpg",
    "name": "Admiral Dishwasher Upper Dishrack Track",
    "partselect_number": "PS11741377",
    "manufacturer_number": "WP3385089",
    "description": "This track attaches to the inside of the tub for the upper rack to glide in and out.",
    "price": "$52.69",
    "stock_status": "In Stock"
  },
  {
    "url": "https://www.partselect.com/PS11751100-Whirlpool-WPW10250160-Adjuster-Arm-Clip.htm?SourceCode=18",
    "image_url": "https://partselectcom-gtcdcddbene3cpes.z01.azurefd.net/11751100-1-N-Whirlpool-WPW10250160-Adjuster-Arm-Clip.jpg",
    "name": "Admiral Dishwasher Adjuster Arm Clip",
    "partselect_number": "PS11751100",
    "manufacturer_number": "WPW10250160",
    "description": "★★★★★\n★★★★★\n1 Review\nSold individually.",
    "price": "$43.15",
    "stock_status": "In Stock",
    "rating": "4.00 out of 5",
    "reviews_count": 1
  },
  {
    "url": "https://www.partselect.com/PS3651318-Whirlpool-W10445975-Dishwasher-Hose.htm?SourceCode=18",
    "image_url": "https://partselectcom-gtcdcddbene3cpes.z01.azurefd.net/3651318-1-N-Whirlpool-W10445975-Dishwasher-Hose.jpg",
    "name": "Admiral Dishwasher Hose",
    "partselect_number": "PS3651318",
    "manufacturer_number": "W10445975",
    "description": "★★★★★\n★★★★★\n3 Reviews",
    "price": "$58.15",
    "stock_status": "In Stock",
    "rating": "5.00 out of 5",
    "reviews_count": 3
  },
  {
    "url": "https://www.partselect.com/PS12584175-Whirlpool-W11252794-SEAL.htm?SourceCode=18",
    "image_url": "https://partselectcom-gtcdcddbene3cpes.z01.azurefd.net/12584175-1-N-Whirlpool-W11252794-SEAL.jpg",
    "name": "Admiral Dishwasher Seal",
    "partselect_number": "PS12584175",
    "manufacturer_number": "W11252794",
    "price": "$46.99",
    "stock_status": "In Stock"
  },
  {
    "url": "https://www.partselect.com/PS16620367-Whirlpool-W11551383-WHEEL.htm?SourceCode=18",
    "image_url": "https://partselectcom-gtcdcddbene3cpes.z01.azurefd.net/16620367-1-N-Whirlpool-W11551383-WHEEL.jpg",
    "name": "Admiral Dishwasher Wheel",
    "partselect_number": "PS16620367",
    "manufacturer_number": "W11551383",
    "description": "Manufacturer Part Number W11551383",
    "price": "$12.69",
    "stock_status": "In Stock"
  },
  {
    "url": "https://www.partselect.com/PS2099645-Whirlpool-99002254-Door-Switches-and-Holder-Assembly.htm?SourceCode=18",
    "image_url": "https://partselectcom-gtcdcddbene3cpes.z01.azurefd.net/2099645-1-N-Whirlpool-99002254-Door-Switches-and-Holder-Assembly.jpg",
    "name": "Admiral Dishwasher Door Switches And Holder Assembly",
    "partselect_number": "PS2099645",
    "manufacturer_number": "99002254",
    "description": "★★★★★\n★★★★★\n21 Reviews\nThis part senses when the dishwasher door is closed so the cycle can start, and prevents it from starting if the door is not closed. If the dishwasher will not start or will not close, you may need to replace the door switches and holder assembly, also known as the door latch assembly. The dishwasher will not start if this part is defective. It includes two switches and the holder, this part does not include the handle or screws. Tools needed are T20 torx driver, needle nose pliers, and 1/4 inch nut driver. This is a genuine OEM part that is sourced directly from the manufacturer.",
    "price": "$60.09",
    "stock_status": "In Stock",
    "rating": "4.67 out of 5",
    "reviews_count": 21
  },
  {
    "url": "https://www.partselect.com/PS11747772-Whirlpool-WP99003446-Dishwasher-Door-Cable-Link.htm?SourceCode=18",
    "image_url": "https://partselectcom-gtcdcddbene3cpes.z01.azurefd.net/11747772-1-N-Whirlpool-WP99003446-Dishwasher-Door-Cable-Link.jpg",
    "name": "Admiral Dishwasher Door Cable Link",
    "partselect_number": "PS11747772",
    "manufacturer_number": "WP99003446",
    "description": "★★★★★\n★★★★★\n7 Reviews\nThis is a part for your dishwasher. The door cable link helps to keep the door steady and give support to the weight of the door when it is being opened or closed. If you notice the door latch has failed or the door is not closing properly, this might indicate a need to have the door cable link replaced. To perform this repair, you will start by turning the power off from the appliance. You will need to pull the unit out of installation. To access the cables, you will need to remove the side panel. You should be able to see the cables underneath the panel once removed.",
    "price": "$9.75",
    "stock_status": "In Stock",
    "rating": "5.00 out of 5",
    "reviews_count": 7
  },
  {
    "url": "https://www.partselect.com/PS11755006-Whirlpool-WPW10455268-Sump.htm?SourceCode=18",
    "image_url": "https://partselectcom-gtcdcddbene3cpes.z01.azurefd.net/11755006-1-N-Whirlpool-WPW10455268-Sump.jpg",
    "name": "Admiral Dishwasher Sump",
    "partselect_number": "PS11755006",
    "manufacturer_number": "WPW10455268",
    "description": "★★★★★\n★★★★★\n7 Reviews\nThis works in conjunction with the pump and filtration system. It is used to receive drainage for disposal.",
    "price": "$97.80",
    "stock_status": "In Stock",
    "rating": "5.00 out of 5",
    "reviews_count": 7
  },
  {
    "url": "https://www.partselect.com/PS16660575-Whirlpool-W11573757-CAP.htm?SourceCode=18",
    "image_url": "https://partselectcom-gtcdcddbene3cpes.z01.azurefd.net/16660575-1-N-Whirlpool-W11573757-CAP.jpg",
    "name": "Admiral Dishwasher Cap",
    "partselect_number": "PS16660575",
    "manufacturer_number": "W11573757",
    "price": "$11.71",
    "stock_status": "In Stock"
  },
  {
    "url": "https://www.partselect.com/PS11750066-Whirlpool-WPW10195536-Dishwasher-Water-Inlet.htm?SourceCode=18",
    "image_url": "https://partselectcom-gtcdcddbene3cpes.z01.azurefd.net/11750066-1-N-Whirlpool-WPW10195536-Dishwasher-Water-Inlet.jpg",
    "name": "Admiral Dishwasher Water Inlet",
    "partselect_number": "PS11750066",
    "manufacturer_number": "WPW10195536",
    "description": "★★★★★\n★★★★★\n5 Reviews\nThis is connected to the water valve, is located on the side of your tub and allows water to enter your dishwasher. ***Note: This part does not include the inlet gasket - must order separately.",
    "price": "$61.39",
    "stock_status": "In Stock",
    "rating": "4.40 out of 5",
    "reviews_count": 5
  },
  {
    "url": "https://www.partselect.com/PS17629502-Whirlpool-W11712996-Door-Hinge-Right.htm?SourceCode=18",
    "image_url": "https://partselectcom-gtcdcddbene3cpes.z01.azurefd.net/17629502-1-N-Whirlpool-W11712996-Door-Hinge-Right.jpg",
    "name": "Admiral Dishwasher Door Hinge (right)",
    "partselect_number": "PS17629502",
    "manufacturer_number": "W11712996",
    "description": "Hinge Assembly",
    "price": "$47.48",
    "stock_status": "In Stock"
  },
  {
    "url": "https://www.partselect.com/PS11753319-Whirlpool-WPW10346525-Float-Assembly.htm?SourceCode=18",
    "image_url": "https://partselectcom-gtcdcddbene3cpes.z01.azurefd.net/11753319-1-N-Whirlpool-WPW10346525-Float-Assembly.jpg",
    "name": "Admiral Dishwasher Float Assembly",
    "partselect_number": "PS11753319",
    "manufacturer_number": "WPW10346525",
    "price": "$43.07",
    "stock_status": "In Stock"
  },
  {
    "url": "https://www.partselect.com/PS16555321-Whirlpool-W11545318-PANEL.htm?SourceCode=18",
    "image_url": "https://partselectcom-gtcdcddbene3cpes.z01.azurefd.net/16555321-1-N-Whirlpool-W11545318-PANEL.jpg",
    "name": "Admiral Dishwasher Panel",
    "partselect_number": "PS16555321",
    "manufacturer_number": "W11545318",
    "description": "Manufacturer Part Number W11545318",
    "price": "$25.17",
    "stock_status": "In Stock"
  },
  {
    "url": "https://www.partselect.com/PS16620353-Whirlpool-W11550888-ARM-SPRAY.htm?SourceCode=18",
    "image_url": "https://partselectcom-gtcdcddbene3cpes.z01.azurefd.net/16620353-1-N-Whirlpool-W11550888-ARM-SPRAY.jpg",
    "name": "Admiral Dishwasher Arm-spray",
    "partselect_number": "PS16620353",
    "manufacturer_number": "W11550888",
    "price": "$43.07",
    "stock_status": "In Stock"
  },
  {
    "url": "https://www.partselect.com/PS11747602-Whirlpool-WP99001359-Water-Inlet-Valve-120V.htm?SourceCode=18",
    "image_url": "https://partselectcom-gtcdcddbene3cpes.z01.azurefd.net/11747602-1-N-Whirlpool-WP99001359-Water-Inlet-Valve-120V.jpg",
    "name": "Admiral Dishwasher Water Inlet Valve - 120v",
    "partselect_number": "PS11747602",
    "manufacturer_number": "WP99001359",
    "description": "★★★★★\n★★★★★\n14 Reviews\nThis water inlet valve is specially designed for those dishwashers of the vertical axis style and comes with a mounting bracket. The attaching solenoids on the valve open and close according to the desired amount of water needed.",
    "price": "$43.51",
    "stock_status": "In Stock",
    "rating": "4.64 out of 5",
    "reviews_count": 14
  },
  {
    "url": "https://www.partselect.com/PS16221219-Whirlpool-W11498446-DISHRACK.htm?SourceCode=18",
    "image_url": "https://partselectcom-gtcdcddbene3cpes.z01.azurefd.net/16221219-1-N-Whirlpool-W11498446-DISHRACK.jpg",
    "name": "Admiral Dishwasher Dishrack",
    "partselect_number": "PS16221219",
    "manufacturer_number": "W11498446",
    "description": "★★★★★\n★★★★★\n4 Reviews\nManufacturer Part Number W11498446",
    "price": "$169.05",
    "stock_status": "On Order",
    "rating": "1.50 out of 5",
    "reviews_count": 4
  },
  {
    "url": "https://www.partselect.com/PS11747698-Whirlpool-WP99002654-Wash-Arm-Cap.htm?SourceCode=18",
    "image_url": "https://partselectcom-gtcdcddbene3cpes.z01.azurefd.net/11747698-1-N-Whirlpool-WP99002654-Wash-Arm-Cap.jpg",
    "name": "Admiral Dishwasher Wash Arm Cap",
    "partselect_number": "PS11747698",
    "manufacturer_number": "WP99002654",
    "description": "★★★★★\n★★★★★\n4 Reviews\nThis part is the replacement wash arm cap, also known as the spray arm nut, for your dishwasher. It is made of white plastic and is approximately ½ an inch in diameter. The wash arm cap fastens the lower spray arm to the pump housing. If the arm cap is damaged or missing, the arm can wobble or fall off during operation, and this can make it extremely difficult to wash your dishes effectively. To replace the wash arm cap, simply remove it from the spray arm, and replace it with the new cap. This part is an authentic OEM part from the manufacturer, and is sold individually.",
    "price": "$9.85",
    "stock_status": "In Stock",
    "rating": "4.75 out of 5",
    "reviews_count": 4
  },
  {
    "url": "https://www.partselect.com/PS11755007-Whirlpool-WPW10455271-Cover.htm?SourceCode=18",
    "image_url": "https://partselectcom-gtcdcddbene3cpes.z01.azurefd.net/11755007-1-N-Whirlpool-WPW10455271-Cover.jpg",
    "name": "Admiral Dishwasher Cover",
    "partselect_number": "PS11755007",
    "manufacturer_number": "WPW10455271",
    "description": "★★★★★\n★★★★★\n2 Reviews",
    "price": "$23.71",
    "stock_status": "In Stock",
    "rating": "5.00 out of 5",
    "reviews_count": 2
  },
  {
    "url": "https://www.partselect.com/PS11743058-Whirlpool-WP6-917642-Dishwasher-Lower-Spray-Arm-Shield-Included.htm?SourceCode=18",
    "image_url": "https://partselectcom-gtcdcddbene3cpes.z01.azurefd.net/11743058-1-N-Whirlpool-WP6-917642-Dishwasher-Lower-Spray-Arm-Shield-Included.jpg",
    "name": "Admiral Dishwasher Lower Spray Arm Shield Included",
    "partselect_number": "PS11743058",
    "manufacturer_number": "WP6-917642",
    "description": "★★★★★\n★★★★★\n3 Reviews\nThis spray arm is located on the lower half of your dishwasher. Water is forced through this spray arm by the unit's pump and motor assembly. The force of the water propels the spray arms, spraying water and detergent onto the dishes on the dishrack.",
    "price": "$70.51",
    "stock_status": "In Stock",
    "rating": "5.00 out of 5",
    "reviews_count": 3
  },
  {
    "url": "https://www.partselect.com/PS16875935-Whirlpool-W11662067-COVER.htm?SourceCode=18",
    "image_url": "https://partselectcom-gtcdcddbene3cpes.z01.azurefd.net/16875935-1-N-Whirlpool-W11662067-COVER.jpg",
    "name": "Admiral Dishwasher Cover",
    "partselect_number": "PS16875935",
    "manufacturer_number": "W11662067",
    "price": "$45.03",
    "stock_status": "On Order"
  },
  {
    "url": "https://www.partselect.com/PS16660572-Whirlpool-W11573704-SHIELD.htm?SourceCode=18",
    "image_url": "https://partselectcom-gtcdcddbene3cpes.z01.azurefd.net/16660572-1-N-Whirlpool-W11573704-SHIELD.jpg",
    "name": "Admiral Dishwasher Shield",
    "partselect_number": "PS16660572",
    "manufacturer_number": "W11573704",
    "description": "Manufacturer Part Number W11573704",
    "price": "$27.39",
    "stock_status": "In Stock"
  },
  {
    "url": "https://www.partselect.com/PS11748187-Whirlpool-WPW10082848-Clip.htm?SourceCode=18",
    "image_url": "https://partselectcom-gtcdcddbene3cpes.z01.azurefd.net/11748187-1-N-Whirlpool-WPW10082848-Clip.jpg",
    "name": "Admiral Dishwasher Clip",
    "partselect_number": "PS11748187",
    "manufacturer_number": "WPW10082848",
    "description": "Manufacturer Part Number WPW10082848",
    "price": "$7.79",
    "stock_status": "In Stock"
  },
  {
    "url": "https://www.partselect.com/PS2367492-Whirlpool-W10278635RP-Fill-Hose.htm?SourceCode=18",
    "image_url": "https://partselectcom-gtcdcddbene3cpes.z01.azurefd.net/2367492-1-N-Whirlpool-W10278635RP-Fill-Hose.jpg",
    "name": "Admiral Dishwasher Fill Hose",
    "partselect_number": "PS2367492",
    "manufacturer_number": "W10278635RP",
    "description": "★★★★★\n★★★★★\n1 Review\nManufacturer Part Number W10278635RP",
    "price": "$38.95",
    "stock_status": "In Stock",
    "rating": "5.00 out of 5",
    "reviews_count": 1
  },
  {
    "url": "https://www.partselect.com/PS11747618-Whirlpool-WP99001791-Pump-Housing-Filter.htm?SourceCode=18",
    "image_url": "https://partselectcom-gtcdcddbene3cpes.z01.azurefd.net/11747618-1-N-Whirlpool-WP99001791-Pump-Housing-Filter.jpg",
    "name": "Admiral Dishwasher Pump Housing Filter",
    "partselect_number": "PS11747618",
    "manufacturer_number": "WP99001791",
    "description": "★★★★★\n★★★★★\n2 Reviews\nThis pump housing filter is twenty-three inches long and a little over two inches wide. This filter wraps around a dishwasher's pump housing and clips in place. It is all white in color and is made of plastic with a mesh screen.",
    "price": "$49.93",
    "stock_status": "In Stock",
    "rating": "1.00 out of 5",
    "reviews_count": 2
  },
  {
    "url": "https://www.partselect.com/PS16730772-Whirlpool-W11590538-RETAINER.htm?SourceCode=18",
    "image_url": "https://partselectcom-gtcdcddbene3cpes.z01.azurefd.net/16730772-1-N-Whirlpool-W11590538-RETAINER.jpg",
    "name": "Admiral Dishwasher Retainer",
    "partselect_number": "PS16730772",
    "manufacturer_number": "W11590538",
    "price": "$22.95",
    "stock_status": "In Stock"
  },
  {
    "url": "https://www.partselect.com/PS11746836-Whirlpool-WP903297-Caster-Wheel.htm?SourceCode=18",
    "image_url": "https://partselectcom-gtcdcddbene3cpes.z01.azurefd.net/11746836-1-N-Whirlpool-WP903297-Caster-Wheel.jpg",
    "name": "Admiral Dishwasher Caster Wheel",
    "partselect_number": "PS11746836",
    "manufacturer_number": "WP903297",
    "description": "★★★★★\n★★★★★\n4 Reviews\nThis dishwasher caster wheel is four inches long. It is a two inch black wheel with a white shaft. This wheel is used with portable dishwashers.",
    "price": "$11.83",
    "stock_status": "In Stock",
    "rating": "5.00 out of 5",
    "reviews_count": 4
  },
  {
    "url": "https://www.partselect.com/PS16620371-Whirlpool-W11551430-ADJUSTER.htm?SourceCode=18",
    "image_url": "https://partselectcom-gtcdcddbene3cpes.z01.azurefd.net/16620371-1-N-Whirlpool-W11551430-ADJUSTER.jpg",
    "name": "Admiral Dishwasher Adjuster",
    "partselect_number": "PS16620371",
    "manufacturer_number": "W11551430",
    "description": "Manufacturer Part Number W11551430",
    "price": "$42.95",
    "stock_status": "In Stock"
  },
  {
    "url": "https://www.partselect.com/PS11747694-Whirlpool-WP99002644-Door-Striker.htm?SourceCode=18",
    "image_url": "https://partselectcom-gtcdcddbene3cpes.z01.azurefd.net/11747694-1-N-Whirlpool-WP99002644-Door-Striker.jpg",
    "name": "Admiral Dishwasher Door Striker",
    "partselect_number": "PS11747694",
    "manufacturer_number": "WP99002644",
    "price": "$9.95",
    "stock_status": "In Stock"
  },
  {
    "url": "https://www.partselect.com/PS2367647-Whirlpool-W10283681-Heating-Element-Element-ONLY.htm?SourceCode=18",
    "image_url": "https://partselectcom-gtcdcddbene3cpes.z01.azurefd.net/2367647-1-N-Whirlpool-W10283681-Heating-Element-Element-ONLY.jpg",
    "name": "Admiral Dishwasher Heating Element - Only",
    "partselect_number": "PS2367647",
    "manufacturer_number": "W10283681",
    "description": "★★★★★\n★★★★★\n2 Reviews\nThis dishwasher heating element is not designed to heat the water that enters it, but is designed to maintain the heat of the water that enters the dishwasher. It is located on the bottom of the dishwasher.",
    "price": "$71.23",
    "stock_status": "In Stock",
    "rating": "5.00 out of 5",
    "reviews_count": 2
  },
  {
    "url": "https://www.partselect.com/PS11755794-Whirlpool-WPW10508676-Tube-Nut.htm?SourceCode=18",
    "image_url": "https://partselectcom-gtcdcddbene3cpes.z01.azurefd.net/11755794-1-N-Whirlpool-WPW10508676-Tube-Nut.jpg",
    "name": "Admiral Dishwasher Tube Nut",
    "partselect_number": "PS11755794",
    "manufacturer_number": "WPW10508676",
    "price": "$15.95",
    "stock_status": "On Order"
  },
  {
    "url": "https://www.partselect.com/PS12745068-Whirlpool-W11365014-CORD-POWER.htm?SourceCode=18",
    "image_url": "https://partselectcom-gtcdcddbene3cpes.z01.azurefd.net/12745068-1-N-Whirlpool-W11365014-CORD-POWER.jpg",
    "name": "Admiral Dishwasher Cord-power",
    "partselect_number": "PS12745068",
    "manufacturer_number": "W11365014",
    "description": "Manufacturer Part Number W11365014",
    "price": "$16.95",
    "stock_status": "In Stock"
  },
  {
    "url": "https://www.partselect.com/PS11747680-Whirlpool-WP99002560-Float-Switch.htm?SourceCode=18",
    "image_url": "https://partselectcom-gtcdcddbene3cpes.z01.azurefd.net/11747680-1-N-Whirlpool-WP99002560-Float-Switch.jpg",
    "name": "Admiral Dishwasher Float Switch",
    "partselect_number": "PS11747680",
    "manufacturer_number": "WP99002560",
    "description": "★★★★★\n★★★★★\n3 Reviews\nWater that fills your dishwasher lifts this float. When it reaches a certain level, the float triggers the float switch to shut off, thereby shutting off the flow of water into the dishwasher.",
    "price": "$46.95",
    "stock_status": "In Stock",
    "rating": "4.67 out of 5",
    "reviews_count": 3
  },
  {
    "url": "https://www.partselect.com/PS11747659-Whirlpool-WP99002207-Door-Switch.htm?SourceCode=18",
    "image_url": "https://partselectcom-gtcdcddbene3cpes.z01.azurefd.net/11747659-1-N-Whirlpool-WP99002207-Door-Switch.jpg",
    "name": "Admiral Dishwasher Door Switch",
    "partselect_number": "PS11747659",
    "manufacturer_number": "WP99002207",
    "description": "★★★★★\n★★★★★\n2 Reviews\nThis dishwasher door switch will shut your dishwasher off when the door is opened.",
    "price": "$27.95",
    "stock_status": "In Stock",
    "rating": "4.50 out of 5",
    "reviews_count": 2
  },
  {
    "url": "https://www.partselect.com/PS11746138-Whirlpool-WP8531323-Dishwasher-Gasket.htm?SourceCode=18",
    "image_url": "https://partselectcom-gtcdcddbene3cpes.z01.azurefd.net/11746138-1-N-Whirlpool-WP8531323-Dishwasher-Gasket.jpg",
    "name": "Admiral Dishwasher Gasket",
    "partselect_number": "PS11746138",
    "manufacturer_number": "WP8531323",
    "description": "Water inlet gasket WP8531323 is a water inlet gasket for dishwashers. It ensures a watertight seal at the point where water enters the tub, preventing leaks and maintaining efficient water flow during the wash cycle.",
    "price": "$25.69",
    "stock_status": "In Stock"
  },
  {
    "url": "https://www.partselect.com/PS11747641-Whirlpool-WP99002069-Impeller-Assembly.htm?SourceCode=18",
    "image_url": "https://partselectcom-gtcdcddbene3cpes.z01.azurefd.net/11747641-1-N-Whirlpool-WP99002069-Impeller-Assembly.jpg",
    "name": "Admiral Dishwasher Impeller Assembly",
    "partselect_number": "PS11747641",
    "manufacturer_number": "WP99002069",
    "description": "★★★★★\n★★★★★\n1 Review\nThis impeller rotates and is used to force water up through to the spray arm.",
    "price": "$46.95",
    "stock_status": "In Stock",
    "rating": "5.00 out of 5",
    "reviews_count": 1
  },
  {
    "url": "https://www.partselect.com/PS11747668-Whirlpool-WP99002342-Tub-Wheel.htm?SourceCode=18",
    "image_url": "https://partselectcom-gtcdcddbene3cpes.z01.azurefd.net/11747668-1-N-Whirlpool-WP99002342-Tub-Wheel.jpg",
    "name": "Admiral Dishwasher Tub Wheel",
    "partselect_number": "PS11747668",
    "manufacturer_number": "WP99002342",
    "description": "This white tub wheel is a little over an inch in diameter.",
    "price": "$11.95",
    "stock_status": "Special Order"
  },
  {
    "url": "https://www.partselect.com/PS11747685-Whirlpool-WP99002589-Bottom-Door-Seal.htm?SourceCode=18",
    "image_url": "https://partselectcom-gtcdcddbene3cpes.z01.azurefd.net/11747685-1-N-Whirlpool-WP99002589-Bottom-Door-Seal.jpg",
    "name": "Admiral Dishwasher Bottom Door Seal",
    "partselect_number": "PS11747685",
    "manufacturer_number": "WP99002589",
    "description": "★★★★★\n★★★★★\n2 Reviews\nThis part is sold individually and does not come with push nuts. Must order the push nuts separately.",
    "price": "$45.95",
    "stock_status": "Special Order",
    "rating": "3.00 out of 5",
    "reviews_count": 2
  },
  {
    "url": "https://www.partselect.com/PS11727842-Whirlpool-W10834433-Door-Handle-Latch-black.htm?SourceCode=18",
    "image_url": "https://partselectcom-gtcdcddbene3cpes.z01.azurefd.net/11727842-1-N-Whirlpool-W10834433-Door-Handle-Latch-black.jpg",
    "name": "Admiral Dishwasher Door Handle Latch - Black",
    "partselect_number": "PS11727842",
    "manufacturer_number": "W10834433",
    "description": "★★★★★\n★★★★★\n3 Reviews\nThis door handle latch is three and a half inches long. It is all black in color and is made of plastic.",
    "price": "$60.71",
    "stock_status": "In Stock",
    "rating": "5.00 out of 5",
    "reviews_count": 3
  },
  {
    "url": "https://www.partselect.com/PS11757607-Whirlpool-WPY912912-Jump-Up-Spray-Nozzle.htm?SourceCode=18",
    "image_url": "https://partselectcom-gtcdcddbene3cpes.z01.azurefd.net/11757607-1-N-Whirlpool-WPY912912-Jump-Up-Spray-Nozzle.jpg",
    "name": "Admiral Dishwasher Jump Up Spray Nozzle",
    "partselect_number": "PS11757607",
    "manufacturer_number": "WPY912912",
    "description": "This jump up spray nozzle is six and a half inches long.",
    "price": "$48.95",
    "stock_status": "Special Order"
  },
  {
    "url": "https://www.partselect.com/PS11757603-Whirlpool-WPY912798-Tub-Wheel-Washer.htm?SourceCode=18",
    "image_url": "https://partselectcom-gtcdcddbene3cpes.z01.azurefd.net/11757603-1-N-Whirlpool-WPY912798-Tub-Wheel-Washer.jpg",
    "name": "Admiral Dishwasher Tub Wheel Washer",
    "partselect_number": "PS11757603",
    "manufacturer_number": "WPY912798",
    "description": "This tub wheel washer is well under an inch in diameter.",
    "price": "$7.95",
    "stock_status": "Special Order"
  },
  {
    "url": "https://www.partselect.com/PS2362272-Whirlpool-4396838RC-Dishrack-Repair-Kit.htm?SourceCode=18",
    "image_url": "https://partselectcom-gtcdcddbene3cpes.z01.azurefd.net/2362272-1-N-Whirlpool-4396838RC-Dishrack-Repair-Kit.jpg",
    "name": "Admiral Dishwasher Dishrack Repair Kit",
    "partselect_number": "PS2362272",
    "manufacturer_number": "4396838RC",
    "description": "★★★★★\n★★★★★\n1 Review\nThis kit includes vinyl touch-up paint, tip tines, and instructions.",
    "price": "$52.42",
    "stock_status": "In Stock",
    "rating": "5.00 out of 5",
    "reviews_count": 1
  },
  {
    "url": "https://www.partselect.com/PS11747670-Whirlpool-WP99002360-Heating-Element.htm?SourceCode=18",
    "image_url": "https://partselectcom-gtcdcddbene3cpes.z01.azurefd.net/11747670-1-N-Whirlpool-WP99002360-Heating-Element.jpg",
    "name": "Admiral Dishwasher Heating Element",
    "partselect_number": "PS11747670",
    "manufacturer_number": "WP99002360",
    "description": "This dishwasher heating element is not designed to heat the water that enters it, but is designed to maintain the heat of the water that enters the dishwasher. It is located on the bottom of the dishwasher.",
    "price": "$77.17",
    "stock_status": "On Order"
  },
  {
    "url": "https://www.partselect.com/PS11743072-Whirlpool-WP6-919119-Dishwasher-Drain-Pump-Inlet-Flapper-Baffle.htm?SourceCode=18",
    "image_url": "https://partselectcom-gtcdcddbene3cpes.z01.azurefd.net/11743072-1-N-Whirlpool-WP6-919119-Dishwasher-Drain-Pump-Inlet-Flapper-Baffle.jpg",
    "name": "Admiral Dishwasher Drain Pump Inlet Flapper / Baffle",
    "partselect_number": "PS11743072",
    "manufacturer_number": "WP6-919119",
    "description": "This is part of the drain pump and aids with proper draining from the dishwasher.",
    "price": "$4.95",
    "stock_status": "In Stock"
  },
  {
    "url": "https://www.partselect.com/PS16660608-Whirlpool-W11579566-Corner-Tub-Cover.htm?SourceCode=18",
    "image_url": "https://partselectcom-gtcdcddbene3cpes.z01.azurefd.net/16660608-1-N-Whirlpool-W11579566-Corner-Tub-Cover.jpg",
    "name": "Admiral Dishwasher Corner Tub Cover",
    "partselect_number": "PS16660608",
    "manufacturer_number": "W11579566",
    "description": "Manufacturer Part Number W11579566",
    "price": "$14.95",
    "stock_status": "In Stock"
  },
  {
    "url": "https://www.partselect.com/PS11747697-Whirlpool-WP99002652-Dishwasher-Drain-Hose.htm?SourceCode=18",
    "image_url": "https://partselectcom-gtcdcddbene3cpes.z01.azurefd.net/11747697-1-N-Whirlpool-WP99002652-Dishwasher-Drain-Hose.jpg",
    "name": "Admiral Dishwasher Drain Hose",
    "partselect_number": "PS11747697",
    "manufacturer_number": "WP99002652",
    "description": "★★★★★\n★★★★★\n5 Reviews",
    "price": "$163.15",
    "stock_status": "On Order",
    "rating": "4.20 out of 5",
    "reviews_count": 5
  },
  {
    "url": "https://www.partselect.com/PS11750638-Whirlpool-WPW10223013-Insulation-Pad.htm?SourceCode=18",
    "image_url": "https://partselectcom-gtcdcddbene3cpes.z01.azurefd.net/11750638-1-N-Whirlpool-WPW10223013-Insulation-Pad.jpg",
    "name": "Admiral Dishwasher Insulation Pad",
    "partselect_number": "PS11750638",
    "manufacturer_number": "WPW10223013",
    "description": "★★★★★\n★★★★★\n3 Reviews",
    "price": "$50.44",
    "stock_status": "Special Order",
    "rating": "4.67 out of 5",
    "reviews_count": 3
  },
  {
    "url": "https://www.partselect.com/PS12114435-Whirlpool-W11126003-Dishwasher-Insulation-Pad.htm?SourceCode=18",
    "image_url": "https://partselectcom-gtcdcddbene3cpes.z01.azurefd.net/12114435-1-N-Whirlpool-W11126003-Dishwasher-Insulation-Pad.jpg",
    "name": "Admiral Dishwasher Insulation Pad",
    "partselect_number": "PS12114435",
    "manufacturer_number": "W11126003",
    "description": "Manufacturer Part Number W11126003",
    "price": "$44.95",
    "stock_status": "In Stock"
  },
  {
    "url": "https://www.partselect.com/PS17216134-Whirlpool-W11675848-Third-Level-Mount-Assembly.htm?SourceCode=18",
    "image_url": "https://partselectcom-gtcdcddbene3cpes.z01.azurefd.net/17216134-1-N-Whirlpool-W11675848-Third-Level-Mount-Assembly.jpg",
    "name": "Admiral Dishwasher Third Level Mount Assembly",
    "partselect_number": "PS17216134",
    "manufacturer_number": "W11675848",
    "description": "Manufacturer Part Number W11675848",
    "price": "$18.95",
    "stock_status": "On Order"
  },
  {
    "url": "https://www.partselect.com/PS11747733-Whirlpool-WP99002857-Dishwasher-O-Ring.htm?SourceCode=18",
    "image_url": "https://partselectcom-gtcdcddbene3cpes.z01.azurefd.net/11747733-1-N-Whirlpool-WP99002857-Dishwasher-O-Ring.jpg",
    "name": "Admiral Dishwasher O-ring",
    "partselect_number": "PS11747733",
    "manufacturer_number": "WP99002857",
    "price": "$7.95",
    "stock_status": "In Stock"
  },
  {
    "url": "https://www.partselect.com/PS16745229-Whirlpool-W11627535-Pivot-Tine.htm?SourceCode=18",
    "image_url": "https://partselectcom-gtcdcddbene3cpes.z01.azurefd.net/16745229-1-N-Whirlpool-W11627535-Pivot-Tine.jpg",
    "name": "Admiral Dishwasher Pivot Tine",
    "partselect_number": "PS16745229",
    "manufacturer_number": "W11627535",
    "description": "Manufacturer Part Number W11627535",
    "price": "$20.95",
    "stock_status": "Special Order"
  },
  {
    "url": "https://www.partselect.com/PS16731165-Whirlpool-W11611303-Inner-Door-Jumper.htm?SourceCode=18",
    "image_url": "https://partselectcom-gtcdcddbene3cpes.z01.azurefd.net/16731165-1-N-Whirlpool-W11611303-Inner-Door-Jumper.jpg",
    "name": "Admiral Dishwasher Inner Door Jumper",
    "partselect_number": "PS16731165",
    "manufacturer_number": "W11611303",
    "description": "Manufacturer Part Number W11611303",
    "price": "$14.95",
    "stock_status": "In Stock"
  },
  {
    "url": "https://www.partselect.com/PS1660806-Whirlpool-910209-Dishwasher-Faucet-Adapter-Washer.htm?SourceCode=18",
    "image_url": "https://partselectcom-gtcdcddbene3cpes.z01.azurefd.net/1660806-1-N-Whirlpool-910209-Dishwasher-Faucet-Adapter-Washer.jpg",
    "name": "Admiral Dishwasher Faucet Adapter Washer",
    "partselect_number": "PS1660806",
    "manufacturer_number": "910209",
    "price": "$38.95",
    "stock_status": "Special Order"
  },
  {
    "name": "Dishwasher Parts",
    "url": "https://www.partselect.com/Dishwasher-Parts.htm",
    "description": "Dishwasher Parts"
  },
  {
    "name": "Admiral Parts",
    "url": "https://www.partselect.com/Admiral-Parts.htm",
    "description": "Admiral Parts"
  }
]