[
  {
    "url": "https://www.partselect.com/PS3406971-Whirlpool-W10195416-Lower-Dishrack-Wheel.htm?SourceCode=18",
    "image_url": "https://partselectcom-gtcdcddbene3cpes.z01.azurefd.net/3406971-1-N-Whirlpool-W10195416-Lower-Dishrack-Wheel.jpg",
    "name": "Amana Dishwasher Lower Dishrack Wheel",
    "partselect_number": "PS3406971",
    "manufacturer_number": "W10195416",
    "description": "★★★★★\n★★★★★\n394 Reviews\nThis OEM gray Dishwasher Lower Dishrack Wheel Assembly is a plastic kit that allows the rack to slide in and out of the dishwasher easily. If it breaks or becomes damaged. sliding will feel difficult. This can happen due to normal wear and tear, and the part should be replaced if this occurs. Check your model number and user manual to make sure this part is correct. It attaches directly to the dishrack. To repair, open the dishwasher door and pull out the lower dishrack. Next, push the tab from both sides and it should pop out. To install the new wheel assembly, place it on the rack and make sure the caps overlap the wire from the inside before you clip it in place by pushing the wheel. It measures roughly 3x6 inches.",
    "price": "$\n46.00",
    "stock_status": "In Stock",
    "rating": "4.8/5",
    "reviews_count": 394,
    "reviews": [],
    "repair_stories": [],
    "symptoms_fixed": "Not cleaning dishes properly | Door won’t close | Noisy | Door latch failure",
    "works_with": "Dishwasher.",
    "also_replaces": [
      "W10195416V",
      "W10195416VP"
    ],
    "video_url": "https://www.youtube.com/watch?v=fz1YHu782Wk"
  },
  {
    "url": "https://www.partselect.com/PS11746591-Whirlpool-WP8565925-Dishwasher-Rack-Track-Stop.htm?SourceCode=18",
    "image_url": "https://partselectcom-gtcdcddbene3cpes.z01.azurefd.net/11746591-1-N-Whirlpool-WP8565925-Dishwasher-Rack-Track-Stop.jpg",
    "name": "Amana Dishwasher Rack Track Stop",
    "partselect_number": "PS11746591",
    "manufacturer_number": "WP8565925",
    "description": "★★★★★\n★★★★★\n107 Reviews\nThe rack track stop on your dishwasher is designed to stop the dish rack at the appropriate place when opening and closing the rack. If your dishwasher is not cleaning your dishes properly, the rack stop may need to be replaced. The replacement part may differ slightly from the broken part, depending on the model. However, the different styles are interchangeable. This product is sold individually and comes in both a white and grey plastic version. Many of our customers found this repair to be very easy and takes less than 30 minutes to complete. Simply snap the old part out and snap the new part into place. You will not require any tools to complete the job. This is an authentic part approved by the manufacturer.",
    "price": "$\n9.65",
    "stock_status": "In Stock",
    "rating": "4.7/5",
    "reviews_count": 107,
    "reviews": [],
    "repair_stories": [],
    "symptoms_fixed": "Door latch failure | Not cleaning dishes properly | Door won’t close",
    "works_with": "Dishwasher.",
    "also_replaces": [
      "AP6013365",
      "8270105",
      "8270106",
      "8524581",
      "8524582",
      "8562015",
      "8565920",
      "8565925",
      "W10082860",
      "W10082861",
      "W10199682",
      "W10508950",
      "WP8565925VP",
      "WPW10082861VP",
      "WPW10508950",
      "WPW10508950VP"
    ],
    "video_url": "https://www.youtube.com/watch?v=siE-8HethWg"
  },
  {
    "url": "https://www.partselect.com/PS8260087-Whirlpool-W10518394-Dishwasher-Heating-Element.htm?SourceCode=18",
    "image_url": "https://partselectcom-gtcdcddbene3cpes.z01.azurefd.net/8260087-1-N-Whirlpool-W10518394-Dishwasher-Heating-Element.jpg",
    "name": "Amana Dishwasher Heating Element",
    "partselect_number": "PS8260087",
    "manufacturer_number": "W10518394",
    "description": "★★★★★\n★★★★★\n113 Reviews\nThis manufacturer-certified heating element is used to create heat during the dry cycle and increase water temperature during portions of the wash cycle when certain options are selected. If your dishes are not drying or the water in the dishwasher is not getting hot you may need to replace the element. This kit includes the heater, two heater fasteners, and is a genuine OEM part. Please remember to disconnect the power before starting the repair. Use a multi-meter to test your heating element for continuity to determine whether this is the part that is causing your symptom. This part does not include any washers. To make your repair, disconnect the wires from the bottom of the element in the back, remove the plastic nuts holding it in place, remove the element, and repeat these steps in reverse order to install your new part. This is an easy repair that requires only a screwdriver, wrench set, and should take less than 30 minutes.",
    "price": "$\n66.09",
    "stock_status": "In Stock",
    "rating": "4.5/5",
    "reviews_count": 113,
    "reviews": [],
    "repair_stories": [],
    "symptoms_fixed": "Not drying dishes properly | Not cleaning dishes properly | Will Not Start | Leaking",
    "works_with": "Dishwasher.",
    "also_replaces": [
      "AP5690151",
      "2977737",
      "W10518394",
      "8194250",
      "8563007",
      "8563464",
      "8572861",
      "W10134009",
      "W10441445",
      "W10518394VP"
    ],
    "video_url": "https://www.youtube.com/watch?v=Co8dQ7rzTMQ"
  },
  {
    "url": "https://www.partselect.com/PS12348515-Whirlpool-W11177741-Dishwasher-Door-Seal.htm?SourceCode=18",
    "image_url": "https://partselectcom-gtcdcddbene3cpes.z01.azurefd.net/12348515-1-N-Whirlpool-W11177741-Dishwasher-Door-Seal.jpg",
    "name": "Amana Dishwasher Door Seal",
    "partselect_number": "PS12348515",
    "manufacturer_number": "W11177741",
    "description": "★★★★★\n★★★★★\n36 Reviews\nDoor seal seals the gap between the opening to the dishwasher tub and the outer edge of the door.",
    "price": "$67.47",
    "stock_status": "In Stock",
    "rating": "4.61 out of 5",
    "reviews_count": 36
  },
  {
    "url": "https://www.partselect.com/PS11748729-Whirlpool-WPW10130695-Dishwasher-Door-Handle-And-Latch-Assembly-with-Switch.htm?SourceCode=18",
    "image_url": "https://partselectcom-gtcdcddbene3cpes.z01.azurefd.net/11748729-1-N-Whirlpool-WPW10130695-Dishwasher-Door-Handle-And-Latch-Assembly-with-Switch.jpg",
    "name": "Amana Dishwasher Door Handle And Latch Assembly With Switch",
    "partselect_number": "PS11748729",
    "manufacturer_number": "WPW10130695",
    "description": "★★★★★\n★★★★★\n732 Reviews\nThis door latch (Dishwasher Door Latch Assembly, Door Latch Assembly, Latch Assembly) is a simple on/off mechanism that prohibits the dishwasher from operating when the door is open. It is located on the door of your dishwasher, and is mounted on the inner door panel. The door latch can break from material fatigue. If the door is often slammed or opened quickly, the latch may break prematurely. If the door won't open or the door switches won't activate, you will need to replace this part. This latch measures 5 1/2 inches wide, 4 1/2 inches high, 2 1/2 inches deep, is constructed out of plastic and comes in black. The kit includes the black handle, latch, and 2 switches.",
    "price": "$40.27",
    "stock_status": "In Stock",
    "rating": "4.80 out of 5",
    "reviews_count": 732
  },
  {
    "url": "https://www.partselect.com/PS9494999-Whirlpool-W10703867-Dishwasher-Heating-Element.htm?SourceCode=18",
    "image_url": "https://partselectcom-gtcdcddbene3cpes.z01.azurefd.net/9494999-1-N-Whirlpool-W10703867-Dishwasher-Heating-Element.jpg",
    "name": "Amana Dishwasher Heating Element",
    "partselect_number": "PS9494999",
    "manufacturer_number": "W10703867",
    "description": "★★★★★\n★★★★★\n18 Reviews\nThe heating element is not designed to heat the water that enters it, but is designed to maintain the heat of the water that enters the dishwasher. It is located on the bottom of the dishwasher.",
    "price": "$71.95",
    "stock_status": "In Stock",
    "rating": "4.56 out of 5",
    "reviews_count": 18
  },
  {
    "url": "https://www.partselect.com/PS16744934-Whirlpool-W11612326-Drain-Pump.htm?SourceCode=18",
    "image_url": "https://partselectcom-gtcdcddbene3cpes.z01.azurefd.net/16744934-1-N-Whirlpool-W11612326-Drain-Pump.jpg",
    "name": "Amana Dishwasher Drain Pump",
    "partselect_number": "PS16744934",
    "manufacturer_number": "W11612326",
    "description": "★★★★★\n★★★★★\n7 Reviews\nThis circulation pump is a genuine OEM replacement part designed for use in dishwashers. It is responsible for circulating water throughout the dishwasher during the wash and rinse cycles. The circulation pump draws water from the dishwasher tub, pressurizes it, and then distributes it to the spray arms, which spray the water onto the dishes to remove food particles and debris. The circulation pump may fail due to several reasons such as an electrical fault, a blockage in the pump impeller, motor failure, or physical damage. A faulty pump will result in water leakages, unusually loud noises during use, reduced water circulation, and poor cleaning performance.",
    "price": "$65.23",
    "stock_status": "In Stock",
    "rating": "4.86 out of 5",
    "reviews_count": 7
  },
  {
    "url": "https://www.partselect.com/PS17629637-Whirlpool-W11725437-GASKET-TUB-DOOR-AIP.htm?SourceCode=18",
    "image_url": "https://partselectcom-gtcdcddbene3cpes.z01.azurefd.net/assets/images/noimage_N.jpg",
    "name": "Amana Dishwasher Gasket, Tub, Door, Aip",
    "partselect_number": "PS17629637",
    "manufacturer_number": "W11725437",
    "description": "★★★★★\n★★★★★\n16 Reviews",
    "price": "$24.91",
    "stock_status": "In Stock",
    "rating": "4.94 out of 5",
    "reviews_count": 16
  },
  {
    "url": "https://www.partselect.com/PS11731570-Whirlpool-W10861000-Detergent-Dispenser.htm?SourceCode=18",
    "image_url": "https://partselectcom-gtcdcddbene3cpes.z01.azurefd.net/11731570-1-N-Whirlpool-W10861000-Detergent-Dispenser.jpg",
    "name": "Amana Dishwasher Detergent Dispenser",
    "partselect_number": "PS11731570",
    "manufacturer_number": "W10861000",
    "description": "★★★★★\n★★★★★\n25 Reviews\nDetergent dispenser W10861000 is an original equipment manufacturer (OEM) part that fits some Whirlpool, KitchenAid, Maytag and Amana dishwashers. Detergent dispenser W10861000 attaches to the inner door panel and holds the dishwasher detergent and rinse aid in covered compartments. This dishwasher detergent dispenser measures approximately 5 inches wide and 4.5 inches high.",
    "price": "$96.73",
    "stock_status": "In Stock",
    "rating": "4.52 out of 5",
    "reviews_count": 25
  },
  {
    "url": "https://www.partselect.com/PS11755592-Whirlpool-WPW10491331-Dishwasher-Lower-Spray-Arm.htm?SourceCode=18",
    "image_url": "https://partselectcom-gtcdcddbene3cpes.z01.azurefd.net/11755592-1-N-Whirlpool-WPW10491331-Dishwasher-Lower-Spray-Arm.jpg",
    "name": "Amana Dishwasher Lower Spray Arm",
    "partselect_number": "PS11755592",
    "manufacturer_number": "WPW10491331",
    "description": "★★★★★\n★★★★★\n36 Reviews\nThis is a lower spray arm for a dishwasher. The lower spray arm allows water to be spread evenly throughout the dishwasher tub with the proper force so dishes come out clean. This spray arm is gray in color and is about 20 inches long. You may need to replace this part if the water is not being distributed.",
    "price": "$40.27",
    "stock_status": "In Stock",
    "rating": "4.83 out of 5",
    "reviews_count": 36
  },
  {
    "url": "https://www.partselect.com/PS11754873-Whirlpool-WPW10448645-Middle-Spray-Arm.htm?SourceCode=18",
    "image_url": "https://partselectcom-gtcdcddbene3cpes.z01.azurefd.net/11754873-1-N-Whirlpool-WPW10448645-Middle-Spray-Arm.jpg",
    "name": "Amana Dishwasher Middle Spray Arm",
    "partselect_number": "PS11754873",
    "manufacturer_number": "WPW10448645",
    "description": "★★★★★\n★★★★★\n9 Reviews\nThis is an upper spray arm for a dishwasher. While the appliance is in use, the spray arm rotates while water travels through it to distribute water evenly throughout the dishwasher tub. This ensures the dishes are efficiently and properly cleaned. It measures approximately 19 inches long and is grey in color.",
    "price": "$40.27",
    "stock_status": "In Stock",
    "rating": "4.89 out of 5",
    "reviews_count": 9
  },
  {
    "url": "https://www.partselect.com/PS11743934-Whirlpool-WP717273-Dishwasher-Rubber-Washer.htm?SourceCode=18",
    "image_url": "https://partselectcom-gtcdcddbene3cpes.z01.azurefd.net/11743934-1-N-Whirlpool-WP717273-Dishwasher-Rubber-Washer.jpg",
    "name": "Amana Dishwasher Rubber Washer",
    "partselect_number": "PS11743934",
    "manufacturer_number": "WP717273",
    "description": "The rubber washer is a part which is specific to dishwashers and should not be substituted by a similar part. It works with the heating element to seal the receptacle opening where the heating element is attached. The rubber washer is used to prevent water leaking from your dishwasher during its cycle. Before making any repairs to your dishwasher make sure that you disconnect the power by finding the breaker for the dishwasher, and turning it off. The tools you will need to complete this repair include an adjustable wrench, and a 1/4 inch nut driver. This specific rubber washer is sold individually.",
    "price": "$7.71",
    "stock_status": "In Stock"
  },
  {
    "url": "https://www.partselect.com/PS11731673-Whirlpool-W10862259-Door-Latch-Assembly.htm?SourceCode=18",
    "image_url": "https://partselectcom-gtcdcddbene3cpes.z01.azurefd.net/11731673-1-N-Whirlpool-W10862259-Door-Latch-Assembly.jpg",
    "name": "Amana Dishwasher Door Latch Assembly",
    "partselect_number": "PS11731673",
    "manufacturer_number": "W10862259",
    "description": "★★★★★\n★★★★★\n135 Reviews\nThis replacement part is a door latch assembly for a dishwasher. The latch keeps the appliance door closed while it is running, and prohibits the dishwasher from starting when the door is open. Depending on your model, you will need to remove approximately eleven screws to remove the inner panel and access the latch assembly. The latch assembly is connected by two wiring harnesses that are nearly identical, so it is recommended to make note of where each harness goes before continuing with the repair. You will need a Torx screwdriver to complete the repair. Disconnect the dishwasher from the power source before beginning this repair.",
    "price": "$59.80",
    "stock_status": "In Stock",
    "rating": "4.84 out of 5",
    "reviews_count": 135
  },
  {
    "url": "https://www.partselect.com/PS11752743-Whirlpool-WPW10319027-Lower-Spray-Arm.htm?SourceCode=18",
    "image_url": "https://partselectcom-gtcdcddbene3cpes.z01.azurefd.net/11752743-1-N-Whirlpool-WPW10319027-Lower-Spray-Arm.jpg",
    "name": "Amana Dishwasher Lower Spray Arm",
    "partselect_number": "PS11752743",
    "manufacturer_number": "WPW10319027",
    "description": "★★★★★\n★★★★★\n14 Reviews\nThe spray arm rotates and sprays water to clean the dishes inside the dishwasher tub.",
    "price": "$40.27",
    "stock_status": "In Stock",
    "rating": "4.71 out of 5",
    "reviews_count": 14
  },
  {
    "url": "https://www.partselect.com/PS11756098-Whirlpool-WPW10538166-Dishwasher-Grommet.htm?SourceCode=18",
    "image_url": "https://partselectcom-gtcdcddbene3cpes.z01.azurefd.net/11756098-1-N-Whirlpool-WPW10538166-Dishwasher-Grommet.jpg",
    "name": "Amana Dishwasher Grommet",
    "partselect_number": "PS11756098",
    "manufacturer_number": "WPW10538166",
    "description": "★★★★★\n★★★★★\n6 Reviews\nThis pump inlet grommet is a genuine OEM replacement part that is compatible with various models of dishwashers. It is made of rubber and has a diameter of approximately 2.5 inches. The grommet is used to create a watertight seal in the area between the inlet hose and the circulation pump. This prevents the dishwasher from leaking, and it also helps to absorb minor shocks and vibrations that occur while the dishwasher is running. It is normal for the grommet to wear down over time or become damaged from exposure to water, heat, and chemicals.",
    "price": "$25.87",
    "stock_status": "In Stock",
    "rating": "4.50 out of 5",
    "reviews_count": 6
  },
  {
    "url": "https://www.partselect.com/PS11755809-Whirlpool-WPW10509257-Dishwasher-Door-Gasket-Gray.htm?SourceCode=18",
    "image_url": "https://partselectcom-gtcdcddbene3cpes.z01.azurefd.net/11755809-1-N-Whirlpool-WPW10509257-Dishwasher-Door-Gasket-Gray.jpg",
    "name": "Amana Dishwasher Door Gasket Gray",
    "partselect_number": "PS11755809",
    "manufacturer_number": "WPW10509257",
    "description": "★★★★★\n★★★★★\n30 Reviews\nThis gasket wraps around the sides and top of the dishwasher door and helps seal the door when it is closed to prevent water from leaking from the dishwasher during the washing cycle. If your dishwasher is leaking water, first inspect the seal for food particles near the bottom and sides, and remove it. A buildup can stop the door from closing properly and keeping a tight seal. Check the door gasket for tears, cuts, or wear. If the gasket is damaged, you will need to replace it. Before starting the repair, make sure to disconnect the power to the dishwasher.",
    "price": "$49.87",
    "stock_status": "In Stock",
    "rating": "4.93 out of 5",
    "reviews_count": 30
  },
  {
    "url": "https://www.partselect.com/PS11752927-Whirlpool-WPW10327249-Water-Inlet-Valve.htm?SourceCode=18",
    "image_url": "https://partselectcom-gtcdcddbene3cpes.z01.azurefd.net/11752927-1-N-Whirlpool-WPW10327249-Water-Inlet-Valve.jpg",
    "name": "Amana Dishwasher Water Inlet Valve",
    "partselect_number": "PS11752927",
    "manufacturer_number": "WPW10327249",
    "description": "★★★★★\n★★★★★\n28 Reviews\nThis water inlet valve should be located behind the lower kickplate panel in either the right or left corner. The attaching solenoids on the valve open and close according to the desired amount of water needed.",
    "price": "$49.87",
    "stock_status": "In Stock",
    "rating": "4.43 out of 5",
    "reviews_count": 28
  },
  {
    "url": "https://www.partselect.com/PS11752696-Whirlpool-WPW10317197-Dishwasher-Upper-Spray-Arm.htm?SourceCode=18",
    "image_url": "https://partselectcom-gtcdcddbene3cpes.z01.azurefd.net/11752696-1-N-Whirlpool-WPW10317197-Dishwasher-Upper-Spray-Arm.jpg",
    "name": "Amana Dishwasher Upper Spray Arm",
    "partselect_number": "PS11752696",
    "manufacturer_number": "WPW10317197",
    "description": "★★★★★\n★★★★★\n6 Reviews",
    "price": "$27.79",
    "stock_status": "In Stock",
    "rating": "4.67 out of 5",
    "reviews_count": 6
  },
  {
    "url": "https://www.partselect.com/PS11756139-Whirlpool-WPW10545278-Dishwasher-Drain-Hose.htm?SourceCode=18",
    "image_url": "https://partselectcom-gtcdcddbene3cpes.z01.azurefd.net/11756139-1-N-Whirlpool-WPW10545278-Dishwasher-Drain-Hose.jpg",
    "name": "Amana Dishwasher Drain Hose",
    "partselect_number": "PS11756139",
    "manufacturer_number": "WPW10545278",
    "description": "★★★★★\n★★★★★\n12 Reviews\nThis part is used to drain water from your dishwasher.",
    "price": "$47.48",
    "stock_status": "In Stock",
    "rating": "4.50 out of 5",
    "reviews_count": 12
  },
  {
    "url": "https://www.partselect.com/PS2358130-Whirlpool-8269144A-Dishwasher-Drain-Hose.htm?SourceCode=18",
    "image_url": "https://partselectcom-gtcdcddbene3cpes.z01.azurefd.net/2358130-1-N-Whirlpool-8269144A-Dishwasher-Drain-Hose.jpg",
    "name": "Amana Dishwasher Drain Hose",
    "partselect_number": "PS2358130",
    "manufacturer_number": "8269144A",
    "description": "★★★★★\n★★★★★\n24 Reviews\nThis drain hose is 6 and 1/2 feet.",
    "price": "$22.49",
    "stock_status": "In Stock",
    "rating": "4.96 out of 5",
    "reviews_count": 24
  },
  {
    "url": "https://www.partselect.com/PS1964469-Whirlpool-W10161215-Dishwasher-Lower-Dishrack-Kit.htm?SourceCode=18",
    "image_url": "https://partselectcom-gtcdcddbene3cpes.z01.azurefd.net/1964469-1-N-Whirlpool-W10161215-Dishwasher-Lower-Dishrack-Kit.jpg",
    "name": "Amana Dishwasher Lower Dishrack Kit",
    "partselect_number": "PS1964469",
    "manufacturer_number": "W10161215",
    "description": "★★★★★\n★★★★★\n10 Reviews\nThe lower rack provides easy loading with flexibility for small and large items and helps hold the dishes in place during the wash and dry cycle. The rack measures approximately 20.669-inch x 20.157-inch.This is a genuine OEM part. Due to a redesign, the tine row clips should be replaced as well. Part PS11757053",
    "price": "$301.78",
    "stock_status": "In Stock",
    "rating": "4.40 out of 5",
    "reviews_count": 10
  },
  {
    "url": "https://www.partselect.com/PS11745436-Whirlpool-WP8268340-Dishwasher-Spray-Arm-Seal.htm?SourceCode=18",
    "image_url": "https://partselectcom-gtcdcddbene3cpes.z01.azurefd.net/11745436-1-N-Whirlpool-WP8268340-Dishwasher-Spray-Arm-Seal.jpg",
    "name": "Amana Dishwasher Spray Arm Seal",
    "partselect_number": "PS11745436",
    "manufacturer_number": "WP8268340",
    "description": "★★★★★\n★★★★★\n3 Reviews\nAlso known as a wash arm seal.",
    "price": "$7.71",
    "stock_status": "In Stock",
    "rating": "5.00 out of 5",
    "reviews_count": 3
  },
  {
    "url": "https://www.partselect.com/PS11747755-Whirlpool-WP99003147-Upper-Rack-Wheel.htm?SourceCode=18",
    "image_url": "https://partselectcom-gtcdcddbene3cpes.z01.azurefd.net/11747755-1-N-Whirlpool-WP99003147-Upper-Rack-Wheel.jpg",
    "name": "Amana Dishwasher Upper Rack Wheel",
    "partselect_number": "PS11747755",
    "manufacturer_number": "WP99003147",
    "description": "★★★★★\n★★★★★\n19 Reviews\nSold individually.",
    "price": "$12.56",
    "stock_status": "In Stock",
    "rating": "4.84 out of 5",
    "reviews_count": 19
  },
  {
    "url": "https://www.partselect.com/PS12348079-Whirlpool-W11169039-Dishrack.htm?SourceCode=18",
    "image_url": "https://partselectcom-gtcdcddbene3cpes.z01.azurefd.net/12348079-1-N-Whirlpool-W11169039-Dishrack.jpg",
    "name": "Amana Dishwasher Dishrack",
    "partselect_number": "PS12348079",
    "manufacturer_number": "W11169039",
    "description": "★★★★★\n★★★★★\n11 Reviews\nThe gray upper dishrack kit is a replacement for select dishwasher models. It securely holds dishes, cups, and utensils during the wash cycle. This kit does not come pre-assembled, so some parts from the original rack may need to be transferred. If your dishwasher does not have an adjustable rack, you will need to reuse the rollers from your old rack. Adjustable rollers may prevent proper alignment with the rear feed tube. This updated version may look slightly different from the original but functions the same.",
    "price": "$132.69",
    "stock_status": "In Stock",
    "rating": "4.18 out of 5",
    "reviews_count": 11
  },
  {
    "url": "https://www.partselect.com/PS11755402-Whirlpool-WPW10477552-Terminal-Nut.htm?SourceCode=18",
    "image_url": "https://partselectcom-gtcdcddbene3cpes.z01.azurefd.net/11755402-1-N-Whirlpool-WPW10477552-Terminal-Nut.jpg",
    "name": "Amana Dishwasher Terminal Nut",
    "partselect_number": "PS11755402",
    "manufacturer_number": "WPW10477552",
    "description": "★★★★★\n★★★★★\n1 Review",
    "price": "$9.65",
    "stock_status": "In Stock",
    "rating": "3.00 out of 5",
    "reviews_count": 1
  },
  {
    "url": "https://www.partselect.com/PS11753142-Whirlpool-WPW10337934-Spring.htm?SourceCode=18",
    "image_url": "https://partselectcom-gtcdcddbene3cpes.z01.azurefd.net/11753142-1-N-Whirlpool-WPW10337934-Spring.jpg",
    "name": "Amana Dishwasher Spring",
    "partselect_number": "PS11753142",
    "manufacturer_number": "WPW10337934",
    "description": "★★★★★\n★★★★★\n9 Reviews\nThis door spring is a genuine OEM replacement part for your dishwasher. The spring ensures that your dishwasher door does not fall open too quickly. If this occurs, one or both springs should be replaced. This part consists of one spring. To replace the spring, you will need to pull the dishwasher about six inches to a foot out from the cabinet. Replacing the spring has been rated as an easy repair by our customers.",
    "price": "$23.47",
    "stock_status": "In Stock",
    "rating": "4.56 out of 5",
    "reviews_count": 9
  },
  {
    "url": "https://www.partselect.com/PS2360984-Whirlpool-W10258275-Dishwasher-Bimetal-Fuse.htm?SourceCode=18",
    "image_url": "https://partselectcom-gtcdcddbene3cpes.z01.azurefd.net/2360984-1-N-Whirlpool-W10258275-Dishwasher-Bimetal-Fuse.jpg",
    "name": "Amana Dishwasher Bimetal Fuse",
    "partselect_number": "PS2360984",
    "manufacturer_number": "W10258275",
    "description": "★★★★★\n★★★★★\n41 Reviews\nThis part is used as a safety device to protect the dishwasher circuit from overload. If the temperature gets to high it will shut off the electrical current to the heating unit in the appliance. Also known as Thermal Fuse.",
    "price": "$30.02",
    "stock_status": "In Stock",
    "rating": "4.78 out of 5",
    "reviews_count": 41
  },
  {
    "url": "https://www.partselect.com/PS11746856-Whirlpool-WP912652-Door-Spring.htm?SourceCode=18",
    "image_url": "https://partselectcom-gtcdcddbene3cpes.z01.azurefd.net/11746856-1-N-Whirlpool-WP912652-Door-Spring.jpg",
    "name": "Amana Dishwasher Door Spring",
    "partselect_number": "PS11746856",
    "manufacturer_number": "WP912652",
    "description": "★★★★★\n★★★★★\n3 Reviews\nThe door spring puts tension on the dishwasher door though the hinge. This keeps it from falling or dropping abruptly when opening and closing. Please note: The spring for either side of the door is sold individually. If you see that your dishwasher is leaking, the door will not close or open properly, or it gets stuck, then replacing the spring could be a solution to these symptoms. During installation, remember there is potential for the door spring to snap if it is under too much pressure. For safety precautions, make sure you unplug the dishwasher from the power source before beginning your project.",
    "price": "$10.73",
    "stock_status": "In Stock",
    "rating": "5.00 out of 5",
    "reviews_count": 3
  },
  {
    "url": "https://www.partselect.com/PS8760080-Whirlpool-W10648041-Water-Inlet-Valve.htm?SourceCode=18",
    "image_url": "https://partselectcom-gtcdcddbene3cpes.z01.azurefd.net/8760080-1-N-Whirlpool-W10648041-Water-Inlet-Valve.jpg",
    "name": "Amana Dishwasher Water Inlet Valve",
    "partselect_number": "PS8760080",
    "manufacturer_number": "W10648041",
    "description": "★★★★★\n★★★★★\n17 Reviews\nThis water inlet valve should be located behind the lower kickplate panel in either the right or left corner. The attaching solenoids on the valve open and close according to the desired amount of water needed.",
    "price": "$48.91",
    "stock_status": "In Stock",
    "rating": "4.65 out of 5",
    "reviews_count": 17
  },
  {
    "url": "https://www.partselect.com/PS11751688-Whirlpool-WPW10275768-Dishwasher-Door-Latch-w-Switches-No-Handle.htm?SourceCode=18",
    "image_url": "https://partselectcom-gtcdcddbene3cpes.z01.azurefd.net/11751688-1-N-Whirlpool-WPW10275768-Dishwasher-Door-Latch-w-Switches-No-Handle.jpg",
    "name": "Amana Dishwasher Door Latch W/switches No Handle",
    "partselect_number": "PS11751688",
    "manufacturer_number": "WPW10275768",
    "description": "★★★★★\n★★★★★\n22 Reviews\nThis door latch, used in dishwashers, is located at the top of the door and locks the door shut when the dishwasher is working. If the door will not close or is damaged, changing the latch could be the solution. For this repair, remove all screws from the inner panel, then lift up the inner door panel and hold the door apart. Next, access the latch and pull wires from the switches. Refer to the manual provided by the manufacturer for further instructions and guidance. Remember to unplug the dishwasher from the power source or shut off the house circuit breaker before beginning this installation project.",
    "price": "$49.35",
    "stock_status": "In Stock",
    "rating": "4.36 out of 5",
    "reviews_count": 22
  },
  {
    "url": "https://www.partselect.com/PS382922-Whirlpool-676413-Dishwasher-Soap-Cup-Latch-Kit.htm?SourceCode=18",
    "image_url": "https://partselectcom-gtcdcddbene3cpes.z01.azurefd.net/382922-1-N-Whirlpool-676413-Dishwasher-Soap-Cup-Latch-Kit.jpg",
    "name": "Amana Dishwasher Soap Cup Latch Kit",
    "partselect_number": "PS382922",
    "manufacturer_number": "676413",
    "description": "★★★★★\n★★★★★\n10 Reviews\nThis soap cup latch kit, used in a dishwasher, will keep the dispenser cover closed. If your dishwasher will not dispense detergent, there is a door latch failure, the dishes are not cleaning properly, or there is leaking, then this kit can be the solution to your symptoms. The tools required for this replacement are a #15 torx bits, a small blade screwdriver, and slip joint pliers. First locate the soap box and remove the latch on both sides. Next step is to remove the screws in the inner door panel and remove the plastic cover at the back. Remove the old latch assembly and add the new one. Make sure to unplug your dishwasher before beginning this installation project.",
    "price": "$9.75",
    "stock_status": "In Stock",
    "rating": "4.90 out of 5",
    "reviews_count": 10
  },
  {
    "url": "https://www.partselect.com/PS12578825-Whirlpool-W11241699-MANIFOLD.htm?SourceCode=18",
    "image_url": "https://partselectcom-gtcdcddbene3cpes.z01.azurefd.net/12578825-1-N-Whirlpool-W11241699-MANIFOLD.jpg",
    "name": "Amana Dishwasher Manifold",
    "partselect_number": "PS12578825",
    "manufacturer_number": "W11241699",
    "description": "★★★★★\n★★★★★\n1 Review",
    "price": "$30.33",
    "stock_status": "In Stock",
    "rating": "5.00 out of 5",
    "reviews_count": 1
  },
  {
    "url": "https://www.partselect.com/PS3651318-Whirlpool-W10445975-Dishwasher-Hose.htm?SourceCode=18",
    "image_url": "https://partselectcom-gtcdcddbene3cpes.z01.azurefd.net/3651318-1-N-Whirlpool-W10445975-Dishwasher-Hose.jpg",
    "name": "Amana Dishwasher Hose",
    "partselect_number": "PS3651318",
    "manufacturer_number": "W10445975",
    "description": "★★★★★\n★★★★★\n3 Reviews",
    "price": "$58.15",
    "stock_status": "In Stock",
    "rating": "5.00 out of 5",
    "reviews_count": 3
  },
  {
    "url": "https://www.partselect.com/PS263965-GE-WD8X229-Dishwasher-Gasket.htm?SourceCode=18",
    "image_url": "https://partselectcom-gtcdcddbene3cpes.z01.azurefd.net/263965-1-N-GE-WD8X229-Dishwasher-Gasket.jpg",
    "name": "Amana Dishwasher Gasket",
    "partselect_number": "PS263965",
    "manufacturer_number": "WD8X229",
    "description": "★★★★★\n★★★★★\n7 Reviews\nThis dishwasher door gasket is compatible with those models having a two ear housing and a square spacer. It's gray and it creates a water tight seal around your dishwasher's door.",
    "price": "$85.39",
    "stock_status": "In Stock",
    "rating": "5.00 out of 5",
    "reviews_count": 7
  },
  {
    "url": "https://www.partselect.com/PS11753266-Whirlpool-WPW10343251-Shield.htm?SourceCode=18",
    "image_url": "https://partselectcom-gtcdcddbene3cpes.z01.azurefd.net/11753266-1-N-Whirlpool-WPW10343251-Shield.jpg",
    "name": "Amana Dishwasher Shield",
    "partselect_number": "PS11753266",
    "manufacturer_number": "WPW10343251",
    "price": "$9.75",
    "stock_status": "On Order"
  },
  {
    "url": "https://www.partselect.com/PS11746099-Whirlpool-WP8528862-Dishwasher-Water-Deflector.htm?SourceCode=18",
    "image_url": "https://partselectcom-gtcdcddbene3cpes.z01.azurefd.net/11746099-1-N-Whirlpool-WP8528862-Dishwasher-Water-Deflector.jpg",
    "name": "Amana Dishwasher Water Deflector",
    "partselect_number": "PS11746099",
    "manufacturer_number": "WP8528862",
    "description": "★★★★★\n★★★★★\n3 Reviews\nThis part is located in the lower front corners of the dishwasher tub. They keep the water away from the corners of the appliance and therefore eliminating the rush of water behind the door.",
    "price": "$45.03",
    "stock_status": "In Stock",
    "rating": "4.33 out of 5",
    "reviews_count": 3
  },
  {
    "url": "https://www.partselect.com/PS16660509-Whirlpool-W11568629-HANDLE.htm?SourceCode=18",
    "image_url": "https://partselectcom-gtcdcddbene3cpes.z01.azurefd.net/16660509-1-N-Whirlpool-W11568629-HANDLE.jpg",
    "name": "Amana Dishwasher Handle",
    "partselect_number": "PS16660509",
    "manufacturer_number": "W11568629",
    "price": "$26.14",
    "stock_status": "On Order"
  },
  {
    "url": "https://www.partselect.com/PS11747772-Whirlpool-WP99003446-Dishwasher-Door-Cable-Link.htm?SourceCode=18",
    "image_url": "https://partselectcom-gtcdcddbene3cpes.z01.azurefd.net/11747772-1-N-Whirlpool-WP99003446-Dishwasher-Door-Cable-Link.jpg",
    "name": "Amana Dishwasher Door Cable Link",
    "partselect_number": "PS11747772",
    "manufacturer_number": "WP99003446",
    "description": "★★★★★\n★★★★★\n7 Reviews\nThis is a part for your dishwasher. The door cable link helps to keep the door steady and give support to the weight of the door when it is being opened or closed. If you notice the door latch has failed or the door is not closing properly, this might indicate a need to have the door cable link replaced. To perform this repair, you will start by turning the power off from the appliance. You will need to pull the unit out of installation. To access the cables, you will need to remove the side panel. You should be able to see the cables underneath the panel once removed.",
    "price": "$9.75",
    "stock_status": "In Stock",
    "rating": "5.00 out of 5",
    "reviews_count": 7
  },
  {
    "url": "https://www.partselect.com/PS12070612-Whirlpool-W11086533-Dishwasher-Tub-Sound-Shield-Insulation.htm?SourceCode=18",
    "image_url": "https://partselectcom-gtcdcddbene3cpes.z01.azurefd.net/12070612-1-N-Whirlpool-W11086533-Dishwasher-Tub-Sound-Shield-Insulation.jpg",
    "name": "Amana Dishwasher Tub Sound Shield Insulation",
    "partselect_number": "PS12070612",
    "manufacturer_number": "W11086533",
    "description": "★★★★★\n★★★★★\n2 Reviews",
    "price": "$27.11",
    "stock_status": "In Stock",
    "rating": "5.00 out of 5",
    "reviews_count": 2
  },
  {
    "url": "https://www.partselect.com/PS11755006-Whirlpool-WPW10455268-Sump.htm?SourceCode=18",
    "image_url": "https://partselectcom-gtcdcddbene3cpes.z01.azurefd.net/11755006-1-N-Whirlpool-WPW10455268-Sump.jpg",
    "name": "Amana Dishwasher Sump",
    "partselect_number": "PS11755006",
    "manufacturer_number": "WPW10455268",
    "description": "★★★★★\n★★★★★\n7 Reviews\nThis works in conjunction with the pump and filtration system. It is used to receive drainage for disposal.",
    "price": "$97.80",
    "stock_status": "In Stock",
    "rating": "5.00 out of 5",
    "reviews_count": 7
  },
  {
    "url": "https://www.partselect.com/PS358548-Whirlpool-4317824-Dishwasher-Power-Cord-Kit.htm?SourceCode=18",
    "image_url": "https://partselectcom-gtcdcddbene3cpes.z01.azurefd.net/358548-1-N-Whirlpool-4317824-Dishwasher-Power-Cord-Kit.jpg",
    "name": "Amana Dishwasher Power Cord Kit",
    "partselect_number": "PS358548",
    "manufacturer_number": "4317824",
    "description": "★★★★★\n★★★★★\n1 Review\nIncludes power cord and all necessary parts needed for complete installation of cord.",
    "price": "$19.75",
    "stock_status": "In Stock",
    "rating": "5.00 out of 5",
    "reviews_count": 1
  },
  {
    "url": "https://www.partselect.com/PS11741264-Whirlpool-WP3368999-Dishwasher-Door-Spring.htm?SourceCode=18",
    "image_url": "https://partselectcom-gtcdcddbene3cpes.z01.azurefd.net/11741264-1-N-Whirlpool-WP3368999-Dishwasher-Door-Spring.jpg",
    "name": "Amana Dishwasher Door Spring",
    "partselect_number": "PS11741264",
    "manufacturer_number": "WP3368999",
    "description": "★★★★★\n★★★★★\n6 Reviews\nThese detergent cup dispenser springs are sold individually.",
    "price": "$7.95",
    "stock_status": "In Stock",
    "rating": "4.83 out of 5",
    "reviews_count": 6
  },
  {
    "url": "https://www.partselect.com/PS11751313-Whirlpool-WPW10258149-Dishwasher-Manifold.htm?SourceCode=18",
    "image_url": "https://partselectcom-gtcdcddbene3cpes.z01.azurefd.net/11751313-1-N-Whirlpool-WPW10258149-Dishwasher-Manifold.jpg",
    "name": "Amana Dishwasher Manifold",
    "partselect_number": "PS11751313",
    "manufacturer_number": "WPW10258149",
    "description": "★★★★★\n★★★★★\n11 Reviews\nThis part connects the spray arm to the main water tube. Also known as a water supply tube. Note: This part has been updated from the original.",
    "price": "$49.93",
    "stock_status": "In Stock",
    "rating": "4.73 out of 5",
    "reviews_count": 11
  },
  {
    "url": "https://www.partselect.com/PS11747738-Whirlpool-WP99003003-Convertible-Tine-Pivot-Clip.htm?SourceCode=18",
    "image_url": "https://partselectcom-gtcdcddbene3cpes.z01.azurefd.net/11747738-1-N-Whirlpool-WP99003003-Convertible-Tine-Pivot-Clip.jpg",
    "name": "Amana Dishwasher Convertible Tine Pivot Clip",
    "partselect_number": "PS11747738",
    "manufacturer_number": "WP99003003",
    "description": "★★★★★\n★★★★★\n1 Review\nThis part is a replacement convertible tine pivot clip, or tine row pivot, for your dishwasher. It is made of plastic and is approximately 3 ½ inches long and ½ an inch wide. The tine pivot clip is for dishracks that have convertible tine rows. These rows can fold up and down, depending on what you want to load into the rack. The tine pivot clip locks it into place, so if the clip is damaged, the tine row will not remain where you want to set it. To replace the clip, simply snap the old clip out of place and remove it, then attach the new clip to the dishrack in the desired position. This part is sold individually and is an OEM part.",
    "price": "$9.85",
    "stock_status": "On Order",
    "rating": "4.00 out of 5",
    "reviews_count": 1
  },
  {
    "url": "https://www.partselect.com/PS11728031-Whirlpool-W10840140-Silverware-Basket.htm?SourceCode=18",
    "image_url": "https://partselectcom-gtcdcddbene3cpes.z01.azurefd.net/11728031-1-N-Whirlpool-W10840140-Silverware-Basket.jpg",
    "name": "Amana Dishwasher Silverware Basket",
    "partselect_number": "PS11728031",
    "manufacturer_number": "W10840140",
    "description": "★★★★★\n★★★★★\n12 Reviews\nThis silverware basket sits in the lower dishrack and holds small utensils like forks, knives, and spoons during the dishwashing cycle. The basket is made of high quality grey plastic and measures approximately 19 inches (length) x 8 inches (height) x 4 inches (deep).",
    "price": "$69.79",
    "stock_status": "In Stock",
    "rating": "4.08 out of 5",
    "reviews_count": 12
  },
  {
    "url": "https://www.partselect.com/PS263918-GE-WD7X14-Dishwasher-Door-Cable-And-Eyelet.htm?SourceCode=18",
    "image_url": "https://partselectcom-gtcdcddbene3cpes.z01.azurefd.net/263918-1-N-GE-WD7X14-Dishwasher-Door-Cable-And-Eyelet.jpg",
    "name": "Amana Dishwasher Door Cable And Eyelet",
    "partselect_number": "PS263918",
    "manufacturer_number": "WD7X14",
    "description": "★★★★★\n★★★★★\n15 Reviews\nThis part is sold individually. It is recommended that both sides are changed when replacing one.",
    "price": "$25.17",
    "stock_status": "In Stock",
    "rating": "4.67 out of 5",
    "reviews_count": 15
  },
  {
    "url": "https://www.partselect.com/PS11745501-Whirlpool-WP8269209-Dishwasher-Door-Switch.htm?SourceCode=18",
    "image_url": "https://partselectcom-gtcdcddbene3cpes.z01.azurefd.net/11745501-1-N-Whirlpool-WP8269209-Dishwasher-Door-Switch.jpg",
    "name": "Amana Dishwasher Door Switch",
    "partselect_number": "PS11745501",
    "manufacturer_number": "WP8269209",
    "description": "★★★★★\n★★★★★\n5 Reviews\nThis dishwasher door switch will shut your dishwasher off when the door is opened.",
    "price": "$27.39",
    "stock_status": "In Stock",
    "rating": "4.60 out of 5",
    "reviews_count": 5
  },
  {
    "url": "https://www.partselect.com/PS11730934-Whirlpool-W10831329-SHIELD.htm?SourceCode=18",
    "image_url": "https://partselectcom-gtcdcddbene3cpes.z01.azurefd.net/11730934-1-N-Whirlpool-W10831329-SHIELD.jpg",
    "name": "Amana Dishwasher Shield",
    "partselect_number": "PS11730934",
    "manufacturer_number": "W10831329",
    "description": "★★★★★\n★★★★★\n3 Reviews\nShield",
    "price": "$30.33",
    "stock_status": "In Stock",
    "rating": "3.33 out of 5",
    "reviews_count": 3
  },
  {
    "url": "https://www.partselect.com/PS11755941-Whirlpool-WPW10524922-Rinse-Aid-Cap.htm?SourceCode=18",
    "image_url": "https://partselectcom-gtcdcddbene3cpes.z01.azurefd.net/11755941-1-N-Whirlpool-WPW10524922-Rinse-Aid-Cap.jpg",
    "name": "Amana Dishwasher Rinse Aid Cap",
    "partselect_number": "PS11755941",
    "manufacturer_number": "WPW10524922",
    "description": "★★★★★\n★★★★★\n9 Reviews\nThis is the replacement rinse aid cap for your dishwasher. It is made of gray plastic and is approximately 2 inches in diameter. This rinse aid cap screws into the rinse aid assembly and prevents leaks. Sometimes the cap can become loose and fall out, which can cause it to be melted by the heater. If your cap is damaged or missing, this is the part you will need to replace it. This rinse cap is an authentic OEM part sourced directly from the manufacturer and is sold individually.",
    "price": "$39.72",
    "stock_status": "In Stock",
    "rating": "4.89 out of 5",
    "reviews_count": 9
  },
  {
    "url": "https://www.partselect.com/PS11757601-Whirlpool-WPY912709-Adjustable-Peg-Clip.htm?SourceCode=18",
    "image_url": "https://partselectcom-gtcdcddbene3cpes.z01.azurefd.net/11757601-1-N-Whirlpool-WPY912709-Adjustable-Peg-Clip.jpg",
    "name": "Amana Dishwasher Adjustable Peg Clip",
    "partselect_number": "PS11757601",
    "manufacturer_number": "WPY912709",
    "description": "★★★★★\n★★★★★\n5 Reviews\nThis dishrack clip is intended for use with dishwasher dishracks that have adjustable pegs. This clip is only about four inches long.",
    "price": "$9.85",
    "stock_status": "In Stock",
    "rating": "5.00 out of 5",
    "reviews_count": 5
  },
  {
    "url": "https://www.partselect.com/PS11728058-Whirlpool-W10841140-Range-Heat-Resistant-Adhesive.htm?SourceCode=18",
    "image_url": "https://partselectcom-gtcdcddbene3cpes.z01.azurefd.net/11728058-1-N-Whirlpool-W10841140-Range-Heat-Resistant-Adhesive.jpg",
    "name": "Amana Dishwasher Range Heat Resistant Adhesive",
    "partselect_number": "PS11728058",
    "manufacturer_number": "W10841140",
    "description": "★★★★★\n★★★★★\n1 Review\nThis is a heat-resistant adhesive for your appliance. The heat resistance allows you to stick parts such as grate feet, gaskets, and felt seals in hot areas, such as a cooktop, without compromising the integrity of the adhesive. It is white in color, and the tube is approximately 7.5 inches long.",
    "price": "$17.77",
    "stock_status": "In Stock",
    "rating": "5.00 out of 5",
    "reviews_count": 1
  },
  {
    "url": "https://www.partselect.com/PS11746083-Whirlpool-WP8524471-Dishwasher-Door-Actuator.htm?SourceCode=18",
    "image_url": "https://partselectcom-gtcdcddbene3cpes.z01.azurefd.net/11746083-1-N-Whirlpool-WP8524471-Dishwasher-Door-Actuator.jpg",
    "name": "Amana Dishwasher Door Actuator",
    "partselect_number": "PS11746083",
    "manufacturer_number": "WP8524471",
    "description": "★★★★★\n★★★★★\n1 Review\nThis part is the door actuator for your dishwasher. It is made of black plastic and is approximately 3 inches long and 3 inches wide at its widest point. The door actuator is found in the control panel, and it releases the door latch when you lift the handle. If your current door actuator is cracked or broken, you may not be able to open your dishwasher door, or the door will not close properly. The dishwasher also may not be able to start, and if this is the case, you will need to replace it. This part is sold individually and is an authentic OEM part.",
    "price": "$43.07",
    "stock_status": "In Stock",
    "rating": "5.00 out of 5",
    "reviews_count": 1
  },
  {
    "url": "https://www.partselect.com/PS11755007-Whirlpool-WPW10455271-Cover.htm?SourceCode=18",
    "image_url": "https://partselectcom-gtcdcddbene3cpes.z01.azurefd.net/11755007-1-N-Whirlpool-WPW10455271-Cover.jpg",
    "name": "Amana Dishwasher Cover",
    "partselect_number": "PS11755007",
    "manufacturer_number": "WPW10455271",
    "description": "★★★★★\n★★★★★\n2 Reviews",
    "price": "$23.71",
    "stock_status": "In Stock",
    "rating": "5.00 out of 5",
    "reviews_count": 2
  },
  {
    "url": "https://www.partselect.com/PS11743058-Whirlpool-WP6-917642-Dishwasher-Lower-Spray-Arm-Shield-Included.htm?SourceCode=18",
    "image_url": "https://partselectcom-gtcdcddbene3cpes.z01.azurefd.net/11743058-1-N-Whirlpool-WP6-917642-Dishwasher-Lower-Spray-Arm-Shield-Included.jpg",
    "name": "Amana Dishwasher Lower Spray Arm Shield Included",
    "partselect_number": "PS11743058",
    "manufacturer_number": "WP6-917642",
    "description": "★★★★★\n★★★★★\n3 Reviews\nThis spray arm is located on the lower half of your dishwasher. Water is forced through this spray arm by the unit's pump and motor assembly. The force of the water propels the spray arms, spraying water and detergent onto the dishes on the dishrack.",
    "price": "$70.51",
    "stock_status": "In Stock",
    "rating": "5.00 out of 5",
    "reviews_count": 3
  },
  {
    "url": "https://www.partselect.com/PS11741376-Whirlpool-WP3385088-Upper-Rack-Roller.htm?SourceCode=18",
    "image_url": "https://partselectcom-gtcdcddbene3cpes.z01.azurefd.net/11741376-1-N-Whirlpool-WP3385088-Upper-Rack-Roller.jpg",
    "name": "Amana Dishwasher Upper Rack Roller",
    "partselect_number": "PS11741376",
    "manufacturer_number": "WP3385088",
    "description": "Sold individually.",
    "price": "$11.71",
    "stock_status": "In Stock"
  },
  {
    "url": "https://www.partselect.com/PS11746800-Whirlpool-WP8580309-Strike.htm?SourceCode=18",
    "image_url": "https://partselectcom-gtcdcddbene3cpes.z01.azurefd.net/11746800-1-N-Whirlpool-WP8580309-Strike.jpg",
    "name": "Amana Dishwasher Strike",
    "partselect_number": "PS11746800",
    "manufacturer_number": "WP8580309",
    "description": "★★★★★\n★★★★★\n1 Review\nServes as a mechanical actuator for door switch operation and provides door tension for proper seal.",
    "price": "$43.07",
    "stock_status": "In Stock",
    "rating": "5.00 out of 5",
    "reviews_count": 1
  },
  {
    "url": "https://www.partselect.com/PS11749679-Whirlpool-WPW10179397-Dishwasher-Cutlery-Basket.htm?SourceCode=18",
    "image_url": "https://partselectcom-gtcdcddbene3cpes.z01.azurefd.net/11749679-1-N-Whirlpool-WPW10179397-Dishwasher-Cutlery-Basket.jpg",
    "name": "Amana Dishwasher Cutlery Basket",
    "partselect_number": "PS11749679",
    "manufacturer_number": "WPW10179397",
    "description": "★★★★★\n★★★★★\n4 Reviews\nSilverware Basket",
    "price": "$60.09",
    "stock_status": "In Stock",
    "rating": "4.50 out of 5",
    "reviews_count": 4
  },
  {
    "url": "https://www.partselect.com/PS11745441-Whirlpool-WP8268375-Dishwasher-Sump-Pump-Check-Valve.htm?SourceCode=18",
    "image_url": "https://partselectcom-gtcdcddbene3cpes.z01.azurefd.net/11745441-1-N-Whirlpool-WP8268375-Dishwasher-Sump-Pump-Check-Valve.jpg",
    "name": "Amana Dishwasher Sump Pump Check Valve",
    "partselect_number": "PS11745441",
    "manufacturer_number": "WP8268375",
    "description": "★★★★★\n★★★★★\n1 Review\nMay differ in appearance, but functions same as original. This valve allows the water to flow in the drain direction only and prevents the dirty water from coming back into the tub.",
    "price": "$46.95",
    "stock_status": "In Stock",
    "rating": "3.00 out of 5",
    "reviews_count": 1
  },
  {
    "url": "https://www.partselect.com/PS11747624-Whirlpool-WP99001885-Water-Deflector.htm?SourceCode=18",
    "image_url": "https://partselectcom-gtcdcddbene3cpes.z01.azurefd.net/11747624-1-N-Whirlpool-WP99001885-Water-Deflector.jpg",
    "name": "Amana Dishwasher Water Deflector",
    "partselect_number": "PS11747624",
    "manufacturer_number": "WP99001885",
    "description": "★★★★★\n★★★★★\n2 Reviews\nThis black water deflector is sold individually. It is used to keep water away from the dishwasher door.",
    "price": "$10.95",
    "stock_status": "On Order",
    "rating": "5.00 out of 5",
    "reviews_count": 2
  },
  {
    "url": "https://www.partselect.com/PS11755471-Whirlpool-WPW10482462-Sump.htm?SourceCode=18",
    "image_url": "https://partselectcom-gtcdcddbene3cpes.z01.azurefd.net/11755471-1-N-Whirlpool-WPW10482462-Sump.jpg",
    "name": "Amana Dishwasher Sump",
    "partselect_number": "PS11755471",
    "manufacturer_number": "WPW10482462",
    "description": "Manufacturer Part Number WPW10482462",
    "price": "$103.74",
    "stock_status": "In Stock"
  },
  {
    "url": "https://www.partselect.com/PS11741382-Whirlpool-WP3385160-Dishwasher-Spray-Arm-Feed-Tube-Holder.htm?SourceCode=18",
    "image_url": "https://partselectcom-gtcdcddbene3cpes.z01.azurefd.net/11741382-1-N-Whirlpool-WP3385160-Dishwasher-Spray-Arm-Feed-Tube-Holder.jpg",
    "name": "Amana Dishwasher Spray Arm Feed Tube Holder",
    "partselect_number": "PS11741382",
    "manufacturer_number": "WP3385160",
    "description": "★★★★★\n★★★★★\n1 Review\nThis part holds the spray arm feed tube up.",
    "price": "$24.95",
    "stock_status": "In Stock",
    "rating": "5.00 out of 5",
    "reviews_count": 1
  },
  {
    "url": "https://www.partselect.com/PS385141-Whirlpool-72032-Refrigerator-Touchup-Paint-Black.htm?SourceCode=18",
    "image_url": "https://partselectcom-gtcdcddbene3cpes.z01.azurefd.net/385141-1-N-Whirlpool-72032-Refrigerator-Touchup-Paint-Black.jpg",
    "name": "Amana Dishwasher Refrigerator Touchup Paint (black)",
    "partselect_number": "PS385141",
    "manufacturer_number": "72032",
    "description": "★★★★★\n★★★★★\n5 Reviews\nThis authentic OEM black touch-up paint is specifically designed for repairing minor scratches, chips, or blemishes on your kitchen appliances. The bottle contains 16ml or 0.6oz of black paint and has an applicator brush under the cap, the same way a nail polish bottle is designed. Restoring these visible damages is important because cracked or chipped surfaces can become a breeding ground for dirt and bacteria. If your existing bottle of paint has a thick or clumpy consistency, do not use it. Remember to shake the bottle before applying the paint to your appliance. Please keep in mind that this bottle is sold individually.",
    "price": "$16.78",
    "stock_status": "In Stock",
    "rating": "4.20 out of 5",
    "reviews_count": 5
  },
  {
    "url": "https://www.partselect.com/PS16745226-Whirlpool-W11627532-TUBE-FEED.htm?SourceCode=18",
    "image_url": "https://partselectcom-gtcdcddbene3cpes.z01.azurefd.net/16745226-1-N-Whirlpool-W11627532-TUBE-FEED.jpg",
    "name": "Amana Dishwasher Tube-feed",
    "partselect_number": "PS16745226",
    "manufacturer_number": "W11627532",
    "price": "$52.87",
    "stock_status": "In Stock"
  },
  {
    "url": "https://www.partselect.com/PS11753233-Whirlpool-WPW10340745-Feed-Tube-Assembly.htm?SourceCode=18",
    "image_url": "https://partselectcom-gtcdcddbene3cpes.z01.azurefd.net/11753233-1-N-Whirlpool-WPW10340745-Feed-Tube-Assembly.jpg",
    "name": "Amana Dishwasher Feed Tube Assembly",
    "partselect_number": "PS11753233",
    "manufacturer_number": "WPW10340745",
    "price": "$59.73",
    "stock_status": "In Stock"
  },
  {
    "url": "https://www.partselect.com/PS2004004-Whirlpool-12002709-Electronic-Control-Board.htm?SourceCode=18",
    "image_url": "https://partselectcom-gtcdcddbene3cpes.z01.azurefd.net/2004004-1-N-Whirlpool-12002709-Electronic-Control-Board.jpg",
    "name": "Amana Dishwasher Electronic Control Board",
    "partselect_number": "PS2004004",
    "manufacturer_number": "12002709",
    "description": "★★★★★\n★★★★★\n3 Reviews\nThis part is also known as the \"brains\" of your appliance.",
    "price": "$202.86",
    "stock_status": "In Stock",
    "rating": "4.00 out of 5",
    "reviews_count": 3
  },
  {
    "url": "https://www.partselect.com/PS11765848-Whirlpool-W10902322-MOTOR-PUMP.htm?SourceCode=18",
    "image_url": "https://partselectcom-gtcdcddbene3cpes.z01.azurefd.net/11765848-1-N-Whirlpool-W10902322-MOTOR-PUMP.jpg",
    "name": "Amana Dishwasher Motor-pump",
    "partselect_number": "PS11765848",
    "manufacturer_number": "W10902322",
    "price": "$136.27",
    "stock_status": "In Stock"
  },
  {
    "url": "https://www.partselect.com/PS2367492-Whirlpool-W10278635RP-Fill-Hose.htm?SourceCode=18",
    "image_url": "https://partselectcom-gtcdcddbene3cpes.z01.azurefd.net/2367492-1-N-Whirlpool-W10278635RP-Fill-Hose.jpg",
    "name": "Amana Dishwasher Fill Hose",
    "partselect_number": "PS2367492",
    "manufacturer_number": "W10278635RP",
    "description": "★★★★★\n★★★★★\n1 Review\nManufacturer Part Number W10278635RP",
    "price": "$38.95",
    "stock_status": "In Stock",
    "rating": "5.00 out of 5",
    "reviews_count": 1
  },
  {
    "url": "https://www.partselect.com/PS11751232-Whirlpool-WPW10254545-Gasket.htm?SourceCode=18",
    "image_url": "https://partselectcom-gtcdcddbene3cpes.z01.azurefd.net/11751232-1-N-Whirlpool-WPW10254545-Gasket.jpg",
    "name": "Amana Dishwasher Gasket",
    "partselect_number": "PS11751232",
    "manufacturer_number": "WPW10254545",
    "description": "Manufacturer Part Number WPW10254545",
    "price": "$11.95",
    "stock_status": "In Stock"
  },
  {
    "url": "https://www.partselect.com/PS11737836-Whirlpool-W10817282-Electric-Control-Board.htm?SourceCode=18",
    "image_url": "https://partselectcom-gtcdcddbene3cpes.z01.azurefd.net/11737836-1-N-Whirlpool-W10817282-Electric-Control-Board.jpg",
    "name": "Amana Dishwasher Electric Control Board",
    "partselect_number": "PS11737836",
    "manufacturer_number": "W10817282",
    "description": "★★★★★\n★★★★★\n1 Review\nManufacturer Part Number W10817282",
    "price": "$82.27",
    "stock_status": "In Stock",
    "rating": "5.00 out of 5",
    "reviews_count": 1
  },
  {
    "url": "https://www.partselect.com/PS11747618-Whirlpool-WP99001791-Pump-Housing-Filter.htm?SourceCode=18",
    "image_url": "https://partselectcom-gtcdcddbene3cpes.z01.azurefd.net/11747618-1-N-Whirlpool-WP99001791-Pump-Housing-Filter.jpg",
    "name": "Amana Dishwasher Pump Housing Filter",
    "partselect_number": "PS11747618",
    "manufacturer_number": "WP99001791",
    "description": "★★★★★\n★★★★★\n2 Reviews\nThis pump housing filter is twenty-three inches long and a little over two inches wide. This filter wraps around a dishwasher's pump housing and clips in place. It is all white in color and is made of plastic with a mesh screen.",
    "price": "$49.93",
    "stock_status": "In Stock",
    "rating": "1.00 out of 5",
    "reviews_count": 2
  },
  {
    "url": "https://www.partselect.com/PS11746835-Whirlpool-WP903115-Lock-Indicator-Light.htm?SourceCode=18",
    "image_url": "https://partselectcom-gtcdcddbene3cpes.z01.azurefd.net/11746835-1-N-Whirlpool-WP903115-Lock-Indicator-Light.jpg",
    "name": "Amana Dishwasher Lock Indicator Light",
    "partselect_number": "PS11746835",
    "manufacturer_number": "WP903115",
    "price": "$9.95",
    "stock_status": "In Stock"
  },
  {
    "url": "https://www.partselect.com/PS11747680-Whirlpool-WP99002560-Float-Switch.htm?SourceCode=18",
    "image_url": "https://partselectcom-gtcdcddbene3cpes.z01.azurefd.net/11747680-1-N-Whirlpool-WP99002560-Float-Switch.jpg",
    "name": "Amana Dishwasher Float Switch",
    "partselect_number": "PS11747680",
    "manufacturer_number": "WP99002560",
    "description": "★★★★★\n★★★★★\n3 Reviews\nWater that fills your dishwasher lifts this float. When it reaches a certain level, the float triggers the float switch to shut off, thereby shutting off the flow of water into the dishwasher.",
    "price": "$46.95",
    "stock_status": "In Stock",
    "rating": "4.67 out of 5",
    "reviews_count": 3
  },
  {
    "url": "https://www.partselect.com/PS11755348-Whirlpool-WPW10476221-Diffuser.htm?SourceCode=18",
    "image_url": "https://partselectcom-gtcdcddbene3cpes.z01.azurefd.net/11755348-1-N-Whirlpool-WPW10476221-Diffuser.jpg",
    "name": "Amana Dishwasher Diffuser",
    "partselect_number": "PS11755348",
    "manufacturer_number": "WPW10476221",
    "price": "$20.95",
    "stock_status": "In Stock"
  },
  {
    "url": "https://www.partselect.com/PS374015-Whirlpool-4396277-BARRIER.htm?SourceCode=18",
    "image_url": "https://partselectcom-gtcdcddbene3cpes.z01.azurefd.net/374015-1-N-Whirlpool-4396277-BARRIER.jpg",
    "name": "Amana Dishwasher Barrier",
    "partselect_number": "PS374015",
    "manufacturer_number": "4396277",
    "description": "Manufacturer Part Number 4396277",
    "price": "$26.68",
    "stock_status": "In Stock"
  },
  {
    "url": "https://www.partselect.com/PS11752164-Whirlpool-WPW10292152-Hardware-Kit.htm?SourceCode=18",
    "image_url": "https://partselectcom-gtcdcddbene3cpes.z01.azurefd.net/11752164-1-N-Whirlpool-WPW10292152-Hardware-Kit.jpg",
    "name": "Amana Dishwasher Hardware Kit",
    "partselect_number": "PS11752164",
    "manufacturer_number": "WPW10292152",
    "description": "This is a miscellaneous parts bag. It includes 2 screws, 2 hose clamps, and 2 undercounter brackets.",
    "price": "$33.61",
    "stock_status": "In Stock"
  },
  {
    "url": "https://www.partselect.com/PS11749913-Whirlpool-WPW10190778-Dishwasher-Wheel.htm?SourceCode=18",
    "image_url": "https://partselectcom-gtcdcddbene3cpes.z01.azurefd.net/11749913-1-N-Whirlpool-WPW10190778-Dishwasher-Wheel.jpg",
    "name": "Amana Dishwasher Wheel",
    "partselect_number": "PS11749913",
    "manufacturer_number": "WPW10190778",
    "description": "★★★★★\n★★★★★\n1 Review\nThis transport wheel is for dishwashers and attaches to the base of the dishwasher and allows you to roll the dishwasher into the cabinet during installation.",
    "price": "$12.95",
    "stock_status": "In Stock",
    "rating": "2.00 out of 5",
    "reviews_count": 1
  },
  {
    "url": "https://www.partselect.com/PS11765163-Whirlpool-W10850371-Brace.htm?SourceCode=18",
    "image_url": "https://partselectcom-gtcdcddbene3cpes.z01.azurefd.net/11765163-1-N-Whirlpool-W10850371-Brace.jpg",
    "name": "Amana Dishwasher Brace",
    "partselect_number": "PS11765163",
    "manufacturer_number": "W10850371",
    "price": "$26.41",
    "stock_status": "In Stock"
  },
  {
    "url": "https://www.partselect.com/PS10067043-Whirlpool-W10751502-Electronic-Control-Board.htm?SourceCode=18",
    "image_url": "https://partselectcom-gtcdcddbene3cpes.z01.azurefd.net/10067043-1-N-Whirlpool-W10751502-Electronic-Control-Board.jpg",
    "name": "Amana Dishwasher Electronic Control Board",
    "partselect_number": "PS10067043",
    "manufacturer_number": "W10751502",
    "description": "★★★★★\n★★★★★\n1 Review",
    "price": "$114.41",
    "stock_status": "On Order",
    "rating": "5.00 out of 5",
    "reviews_count": 1
  },
  {
    "url": "https://www.partselect.com/PS11743796-Whirlpool-WP696392-Clamp.htm?SourceCode=18",
    "image_url": "https://partselectcom-gtcdcddbene3cpes.z01.azurefd.net/11743796-1-N-Whirlpool-WP696392-Clamp.jpg",
    "name": "Amana Dishwasher Clamp",
    "partselect_number": "PS11743796",
    "manufacturer_number": "WP696392",
    "description": "This screw-type clamp, also known as a hose clamp, is made of metal and is used within various models of washers to secure the tub-to-pump hose and tub/drum of the washer. Without this clamp, the hose is vulnerable to leaking and disconnecting from the tub during the wash cycle of the washer, which can present a serious safety hazard for the machine and your home. Clamps can wear out and lose their tension due to excessive vibrations, mechanical damage, and normal wear and tear, all things present within a washing machine. To replace this clamp, you will first need to turn off your washer and you will need access to the lower portion of the washer chassis, which may require one or multiple screwdrivers and wrenches. Once you have access, use your screwdriver to loosen this clamp, which can then be removed and replaced with the new clamp, which will need to be tightened securely. Then you can simply reassemble the rest of the washer you originally disassembled.",
    "price": "$9.95",
    "stock_status": "On Order"
  },
  {
    "url": "https://www.partselect.com/PS263930-GE-WD8X181-Dishwasher-Drain-Valve-Shaft-Seal.htm?SourceCode=18",
    "image_url": "https://partselectcom-gtcdcddbene3cpes.z01.azurefd.net/263930-1-N-GE-WD8X181-Dishwasher-Drain-Valve-Shaft-Seal.jpg",
    "name": "Amana Dishwasher Drain Valve Shaft Seal",
    "partselect_number": "PS263930",
    "manufacturer_number": "WD8X181",
    "description": "★★★★★\n★★★★★\n14 Reviews\nThe drain valve shaft seal is a part for your dishwasher drain pump valve. This seal creates a watertight closure around the flapper valve shaft. This part can be accessed through the access panel at the front for a built-in. For a portable dishwasher, consider disconnecting and unplugging the taps and lay on a blanket to access the bottom of the machine. This will need to be replaced if you notice leaking coming from the pump. This part measures approximately 3/8 inches in diameter and is black in color. This is a genuine OEM part that comes right from the manufacturer.",
    "price": "$39.95",
    "stock_status": "In Stock",
    "rating": "4.71 out of 5",
    "reviews_count": 14
  },
  {
    "url": "https://www.partselect.com/PS11741317-Whirlpool-WP3373234-Dishwasher-Bearing-Spring-2.htm?SourceCode=18",
    "image_url": "https://partselectcom-gtcdcddbene3cpes.z01.azurefd.net/11741317-1-N-Whirlpool-WP3373234-Dishwasher-Bearing-Spring-2.jpg",
    "name": "Amana Dishwasher Bearing Spring (2)",
    "partselect_number": "PS11741317",
    "manufacturer_number": "WP3373234",
    "description": "Sold Individually. This is what your door spring would hook into and it prevents the metal spring from rubbing against the metal on the side of the door.",
    "price": "$10.95",
    "stock_status": "In Stock"
  },
  {
    "url": "https://www.partselect.com/PS11746658-Whirlpool-WP8572618-Dishwasher-Sump-w-Seal.htm?SourceCode=18",
    "image_url": "https://partselectcom-gtcdcddbene3cpes.z01.azurefd.net/11746658-1-N-Whirlpool-WP8572618-Dishwasher-Sump-w-Seal.jpg",
    "name": "Amana Dishwasher Sump W/seal",
    "partselect_number": "PS11746658",
    "manufacturer_number": "WP8572618",
    "description": "This part has a large port for the soil sensor and thermistor.",
    "price": "$120.91",
    "stock_status": "On Order"
  },
  {
    "url": "https://www.partselect.com/PS11703504-Whirlpool-W10806701-Pump-Motor.htm?SourceCode=18",
    "image_url": "https://partselectcom-gtcdcddbene3cpes.z01.azurefd.net/11703504-1-N-Whirlpool-W10806701-Pump-Motor.jpg",
    "name": "Amana Dishwasher Pump & Motor",
    "partselect_number": "PS11703504",
    "manufacturer_number": "W10806701",
    "description": "Manufacturer Part Number W10806701",
    "price": "$180.60",
    "stock_status": "In Stock"
  },
  {
    "url": "https://www.partselect.com/PS11743034-Whirlpool-WP6-903123-Rinse-Aid-Knob.htm?SourceCode=18",
    "image_url": "https://partselectcom-gtcdcddbene3cpes.z01.azurefd.net/11743034-1-N-Whirlpool-WP6-903123-Rinse-Aid-Knob.jpg",
    "name": "Amana Dishwasher Rinse Aid Knob",
    "partselect_number": "PS11743034",
    "manufacturer_number": "WP6-903123",
    "description": "★★★★★\n★★★★★\n1 Review\nThis part holds the rinse aid liquid in the dispenser until the timer activates the rinse cycle.",
    "price": "$44.50",
    "stock_status": "Special Order",
    "rating": "5.00 out of 5",
    "reviews_count": 1
  },
  {
    "url": "https://www.partselect.com/PS343883-Whirlpool-3376405-ELBOW.htm?SourceCode=18",
    "image_url": "https://partselectcom-gtcdcddbene3cpes.z01.azurefd.net/343883-1-N-Whirlpool-3376405-ELBOW.jpg",
    "name": "Amana Dishwasher Elbow",
    "partselect_number": "PS343883",
    "manufacturer_number": "3376405",
    "price": "$12.95",
    "stock_status": "Special Order"
  },
  {
    "url": "https://www.partselect.com/PS11747651-Whirlpool-WP99002138-Rear-Bowl-Tine.htm?SourceCode=18",
    "image_url": "https://partselectcom-gtcdcddbene3cpes.z01.azurefd.net/11747651-1-N-Whirlpool-WP99002138-Rear-Bowl-Tine.jpg",
    "name": "Amana Dishwasher Rear Bowl Tine",
    "partselect_number": "PS11747651",
    "manufacturer_number": "WP99002138",
    "description": "★★★★★\n★★★★★\n6 Reviews\nSold individually.",
    "price": "$50.91",
    "stock_status": "In Stock",
    "rating": "5.00 out of 5",
    "reviews_count": 6
  },
  {
    "url": "https://www.partselect.com/PS16744949-Whirlpool-W11613566-CNTRL-ELEC.htm?SourceCode=18",
    "image_url": "https://partselectcom-gtcdcddbene3cpes.z01.azurefd.net/16744949-1-N-Whirlpool-W11613566-CNTRL-ELEC.jpg",
    "name": "Amana Dishwasher Cntrl-elec",
    "partselect_number": "PS16744949",
    "manufacturer_number": "W11613566",
    "description": "Manufacturer Part Number W11613566",
    "price": "$204.48",
    "stock_status": "In Stock"
  },
  {
    "url": "https://www.partselect.com/PS11745508-Whirlpool-WP8269296-Console-Seal.htm?SourceCode=18",
    "image_url": "https://partselectcom-gtcdcddbene3cpes.z01.azurefd.net/11745508-1-N-Whirlpool-WP8269296-Console-Seal.jpg",
    "name": "Amana Dishwasher Console Seal",
    "partselect_number": "PS11745508",
    "manufacturer_number": "WP8269296",
    "description": "This seals at the point where the console attaches to the inner door liner. It is used to create a waterproof seal and prevent leaking.",
    "price": "$73.21",
    "stock_status": "On Order"
  },
  {
    "url": "https://www.partselect.com/PS11746024-Whirlpool-WP8520843-Seal-Funnel.htm?SourceCode=18",
    "image_url": "https://partselectcom-gtcdcddbene3cpes.z01.azurefd.net/11746024-1-N-Whirlpool-WP8520843-Seal-Funnel.jpg",
    "name": "Amana Dishwasher Seal Funnel",
    "partselect_number": "PS11746024",
    "manufacturer_number": "WP8520843",
    "price": "$11.95",
    "stock_status": "In Stock"
  },
  {
    "url": "https://www.partselect.com/PS11747605-Whirlpool-WP99001428-Lower-Spray-Arm-Cap.htm?SourceCode=18",
    "image_url": "https://partselectcom-gtcdcddbene3cpes.z01.azurefd.net/11747605-1-N-Whirlpool-WP99001428-Lower-Spray-Arm-Cap.jpg",
    "name": "Amana Dishwasher Lower Spray Arm Cap",
    "partselect_number": "PS11747605",
    "manufacturer_number": "WP99001428",
    "description": "★★★★★\n★★★★★\n1 Review\nTo remove this lower spray arm cap, turn counter clockwise.",
    "price": "$9.95",
    "stock_status": "Special Order",
    "rating": "3.00 out of 5",
    "reviews_count": 1
  },
  {
    "url": "https://www.partselect.com/PS12727692-Whirlpool-W10537905-Wire-Harness.htm?SourceCode=18",
    "image_url": "https://partselectcom-gtcdcddbene3cpes.z01.azurefd.net/12727692-1-N-Whirlpool-W10537905-Wire-Harness.jpg",
    "name": "Amana Dishwasher Wire Harness",
    "partselect_number": "PS12727692",
    "manufacturer_number": "W10537905",
    "description": "Manufacturer Part Number W10537905",
    "price": "$93.01",
    "stock_status": "Special Order"
  },
  {
    "url": "https://www.partselect.com/PS11747733-Whirlpool-WP99002857-Dishwasher-O-Ring.htm?SourceCode=18",
    "image_url": "https://partselectcom-gtcdcddbene3cpes.z01.azurefd.net/11747733-1-N-Whirlpool-WP99002857-Dishwasher-O-Ring.jpg",
    "name": "Amana Dishwasher O-ring",
    "partselect_number": "PS11747733",
    "manufacturer_number": "WP99002857",
    "price": "$7.95",
    "stock_status": "In Stock"
  },
  {
    "url": "https://www.partselect.com/PS11751649-Whirlpool-WPW10274895-Exterior-Door-Panel-Black.htm?SourceCode=18",
    "image_url": "https://partselectcom-gtcdcddbene3cpes.z01.azurefd.net/11751649-1-N-Whirlpool-WPW10274895-Exterior-Door-Panel-Black.jpg",
    "name": "Amana Dishwasher Exterior Door Panel (black)",
    "partselect_number": "PS11751649",
    "manufacturer_number": "WPW10274895",
    "price": "$141.57",
    "stock_status": "In Stock"
  },
  {
    "url": "https://www.partselect.com/PS12347745-Whirlpool-W11157086-STUD.htm?SourceCode=18",
    "image_url": "https://partselectcom-gtcdcddbene3cpes.z01.azurefd.net/12347745-1-N-Whirlpool-W11157086-STUD.jpg",
    "name": "Amana Dishwasher Stud",
    "partselect_number": "PS12347745",
    "manufacturer_number": "W11157086",
    "description": "Manufacturer Part Number W11157086",
    "price": "$44.95",
    "stock_status": "In Stock"
  },
  {
    "url": "https://www.partselect.com/PS11741322-Whirlpool-WP3374077-Dishwasher-Drain-Hose-w-Connector-Ends.htm?SourceCode=18",
    "image_url": "https://partselectcom-gtcdcddbene3cpes.z01.azurefd.net/11741322-1-N-Whirlpool-WP3374077-Dishwasher-Drain-Hose-w-Connector-Ends.jpg",
    "name": "Amana Dishwasher Drain Hose W/connector Ends",
    "partselect_number": "PS11741322",
    "manufacturer_number": "WP3374077",
    "description": "★★★★★\n★★★★★\n6 Reviews\nThis hose is used to drain the water into your sink.",
    "price": "$59.95",
    "stock_status": "In Stock",
    "rating": "3.33 out of 5",
    "reviews_count": 6
  },
  {
    "url": "https://www.partselect.com/PS11744821-Whirlpool-WP8052027-Wet-Agent-Dispenser.htm?SourceCode=18",
    "image_url": "https://partselectcom-gtcdcddbene3cpes.z01.azurefd.net/11744821-1-N-Whirlpool-WP8052027-Wet-Agent-Dispenser.jpg",
    "name": "Amana Dishwasher Wet Agent Dispenser",
    "partselect_number": "PS11744821",
    "manufacturer_number": "WP8052027",
    "description": "Manufacturer Part Number WP8052027",
    "price": "$56.38",
    "stock_status": "In Stock"
  },
  {
    "url": "https://www.partselect.com/PS11745493-Whirlpool-WP8269016-Dishwasher-Clip.htm?SourceCode=18",
    "image_url": "https://partselectcom-gtcdcddbene3cpes.z01.azurefd.net/11745493-1-N-Whirlpool-WP8269016-Dishwasher-Clip.jpg",
    "name": "Amana Dishwasher Clip",
    "partselect_number": "PS11745493",
    "manufacturer_number": "WP8269016",
    "description": "Sold individually.",
    "price": "$10.95",
    "stock_status": "In Stock"
  },
  {
    "url": "https://www.partselect.com/PS11750023-Whirlpool-WPW10194937-Control-Bracket.htm?SourceCode=18",
    "image_url": "https://partselectcom-gtcdcddbene3cpes.z01.azurefd.net/11750023-1-N-Whirlpool-WPW10194937-Control-Bracket.jpg",
    "name": "Amana Dishwasher Control Bracket",
    "partselect_number": "PS11750023",
    "manufacturer_number": "WPW10194937",
    "price": "$23.95",
    "stock_status": "Special Order"
  },
  {
    "url": "https://www.partselect.com/PS11746084-Whirlpool-WP8524472-Dishwasher-Door-Latch-Actuator.htm?SourceCode=18",
    "image_url": "https://partselectcom-gtcdcddbene3cpes.z01.azurefd.net/11746084-1-N-Whirlpool-WP8524472-Dishwasher-Door-Latch-Actuator.jpg",
    "name": "Amana Dishwasher Door Latch Actuator",
    "partselect_number": "PS11746084",
    "manufacturer_number": "WP8524472",
    "price": "$48.46",
    "stock_status": "In Stock"
  },
  {
    "url": "https://www.partselect.com/PS11746842-Whirlpool-WP910218-Dishwasher-Coupler-Gasket.htm?SourceCode=18",
    "image_url": "https://partselectcom-gtcdcddbene3cpes.z01.azurefd.net/11746842-1-N-Whirlpool-WP910218-Dishwasher-Coupler-Gasket.jpg",
    "name": "Amana Dishwasher Coupler Gasket",
    "partselect_number": "PS11746842",
    "manufacturer_number": "WP910218",
    "description": "This authentic OEM coupler gasket creates a watertight seal between your dishwasher hose and the faucet or the water inlet. It ensures leak-free operation and maintains proper water flow during dishwashing. Signs of a broken or worn-out gasket include poor or inconsistent water flow in the dishwasher, resulting in dirty dishes even after a cycle. Additionally, a faulty gasket may cause water to drip or spray around the faucet connection or under the sink, potentially leading to water damage. To remove your existing gasket, you will need to locate it within the back panel of the appliance with the help of your user manual. Detach the faucet adapter from the hose by untwisting it. With a flathead screwdriver or pliers, pry the coupler gasket from your appliance. Please note that this replacement part is sold individually.",
    "price": "$10.95",
    "stock_status": "In Stock"
  },
  {
    "url": "https://www.partselect.com/PS11747743-Whirlpool-WP99003039-Lower-Corner-Edge-Trim-Right-Side.htm?SourceCode=18",
    "image_url": "https://partselectcom-gtcdcddbene3cpes.z01.azurefd.net/11747743-1-N-Whirlpool-WP99003039-Lower-Corner-Edge-Trim-Right-Side.jpg",
    "name": "Amana Dishwasher Lower Corner Edge Trim - Right Side",
    "partselect_number": "PS11747743",
    "manufacturer_number": "WP99003039",
    "price": "$9.95",
    "stock_status": "In Stock"
  },
  {
    "url": "https://www.partselect.com/PS11753602-Whirlpool-WPW10354786-Screen-Filter.htm?SourceCode=18",
    "image_url": "https://partselectcom-gtcdcddbene3cpes.z01.azurefd.net/11753602-1-N-Whirlpool-WPW10354786-Screen-Filter.jpg",
    "name": "Amana Dishwasher Screen Filter",
    "partselect_number": "PS11753602",
    "manufacturer_number": "WPW10354786",
    "description": "Manufacturer Part Number WPW10354786",
    "price": "$48.95",
    "stock_status": "In Stock"
  },
  {
    "url": "https://www.partselect.com/PS11747616-Whirlpool-WP99001787-Jump-Up-Nozzle-gray.htm?SourceCode=18",
    "image_url": "https://partselectcom-gtcdcddbene3cpes.z01.azurefd.net/11747616-1-N-Whirlpool-WP99001787-Jump-Up-Nozzle-gray.jpg",
    "name": "Amana Dishwasher Jump Up Nozzle - Gray",
    "partselect_number": "PS11747616",
    "manufacturer_number": "WP99001787",
    "description": "★★★★★\n★★★★★\n1 Review\nThis jump up nozzle is a little over an inch long. It is gray in color and is made of plastic.",
    "price": "$9.95",
    "stock_status": "Special Order",
    "rating": "5.00 out of 5",
    "reviews_count": 1
  },
  {
    "url": "https://www.partselect.com/PS6011945-Whirlpool-W10475829-GASKET.htm?SourceCode=18",
    "image_url": "https://partselectcom-gtcdcddbene3cpes.z01.azurefd.net/6011945-1-N-Whirlpool-W10475829-GASKET.jpg",
    "name": "Amana Dishwasher Gasket",
    "partselect_number": "PS6011945",
    "manufacturer_number": "W10475829",
    "description": "★★★★★\n★★★★★\n1 Review\nManufacturer Part Number W10475829",
    "price": "$16.95",
    "stock_status": "Special Order",
    "rating": "3.00 out of 5",
    "reviews_count": 1
  },
  {
    "url": "https://www.partselect.com/PS11745485-Whirlpool-WP8268913-Float-Assembly.htm?SourceCode=18",
    "image_url": "https://partselectcom-gtcdcddbene3cpes.z01.azurefd.net/11745485-1-N-Whirlpool-WP8268913-Float-Assembly.jpg",
    "name": "Amana Dishwasher Float Assembly",
    "partselect_number": "PS11745485",
    "manufacturer_number": "WP8268913",
    "description": "As water is filling your dishwasher, a float rises along with it. When the float reaches a predetermined level, it shuts off the flow of water, thereby preventing a leak.",
    "price": "$53.41",
    "stock_status": "On Order"
  },
  {
    "url": "https://www.partselect.com/PS11753084-Whirlpool-WPW10334900-Inlet-Bezel.htm?SourceCode=18",
    "image_url": "https://partselectcom-gtcdcddbene3cpes.z01.azurefd.net/11753084-1-N-Whirlpool-WPW10334900-Inlet-Bezel.jpg",
    "name": "Amana Dishwasher Inlet Bezel",
    "partselect_number": "PS11753084",
    "manufacturer_number": "WPW10334900",
    "description": "Manufacturer Part Number WPW10334900",
    "price": "$30.95",
    "stock_status": "In Stock"
  },
  {
    "url": "https://www.partselect.com/PS11741269-Whirlpool-WP3369031-Dishwasher-Drain-Cover-Seal.htm?SourceCode=18",
    "image_url": "https://partselectcom-gtcdcddbene3cpes.z01.azurefd.net/11741269-1-N-Whirlpool-WP3369031-Dishwasher-Drain-Cover-Seal.jpg",
    "name": "Amana Dishwasher Drain Cover Seal",
    "partselect_number": "PS11741269",
    "manufacturer_number": "WP3369031",
    "price": "$10.95",
    "stock_status": "In Stock"
  },
  {
    "url": "https://www.partselect.com/PS11743044-Whirlpool-WP6-912678-Hinge-Pin.htm?SourceCode=18",
    "image_url": "https://partselectcom-gtcdcddbene3cpes.z01.azurefd.net/11743044-1-N-Whirlpool-WP6-912678-Hinge-Pin.jpg",
    "name": "Amana Dishwasher Hinge Pin",
    "partselect_number": "PS11743044",
    "manufacturer_number": "WP6-912678",
    "description": "★★★★★\n★★★★★\n2 Reviews\nSold individually. This part is exactly 1 inch long.",
    "price": "$9.95",
    "stock_status": "In Stock",
    "rating": "5.00 out of 5",
    "reviews_count": 2
  },
  {
    "url": "https://www.partselect.com/PS11743072-Whirlpool-WP6-919119-Dishwasher-Drain-Pump-Inlet-Flapper-Baffle.htm?SourceCode=18",
    "image_url": "https://partselectcom-gtcdcddbene3cpes.z01.azurefd.net/11743072-1-N-Whirlpool-WP6-919119-Dishwasher-Drain-Pump-Inlet-Flapper-Baffle.jpg",
    "name": "Amana Dishwasher Drain Pump Inlet Flapper / Baffle",
    "partselect_number": "PS11743072",
    "manufacturer_number": "WP6-919119",
    "description": "This is part of the drain pump and aids with proper draining from the dishwasher.",
    "price": "$4.95",
    "stock_status": "In Stock"
  },
  {
    "url": "https://www.partselect.com/PS11745524-Whirlpool-WP8270016-Dishwasher-Upper-Rack-Wheel-And-Mount-Assembly.htm?SourceCode=18",
    "image_url": "https://partselectcom-gtcdcddbene3cpes.z01.azurefd.net/11745524-1-N-Whirlpool-WP8270016-Dishwasher-Upper-Rack-Wheel-And-Mount-Assembly.jpg",
    "name": "Amana Dishwasher Upper Rack Wheel And Mount Assembly",
    "partselect_number": "PS11745524",
    "manufacturer_number": "WP8270016",
    "description": "This mount assembly attaches on either side of the inner cabinet wall for the upper rack. It glides over and under the the slide track.",
    "price": "$50.44",
    "stock_status": "In Stock"
  },
  {
    "name": "Dishwasher Parts",
    "url": "https://www.partselect.com/Dishwasher-Parts.htm",
    "description": "Dishwasher Parts"
  },
  {
    "name": "Amana Parts",
    "url": "https://www.partselect.com/Amana-Parts.htm",
    "description": "Amana Parts"
  }
]