[
  {
    "url": "https://www.partselect.com/PS8727387-Bosch-00611475-Dishwasher-Dishrack-Roller.htm?SourceCode=18",
    "image_url": "https://partselectcom-gtcdcddbene3cpes.z01.azurefd.net/8727387-1-N-Bosch-00611475-Dishwasher-Dishrack-Roller.jpg",
    "name": "Bosch Dishwasher Dishrack Roller",
    "partselect_number": "PS8727387",
    "manufacturer_number": "00611475",
    "description": "★★★★★\n★★★★★\n28 Reviews\nThis is a replacement dishrack roller or wheel for your dishwasher. It is made of gray plastic, measures a little over an inch in diameter, and is sold individually. This roller is designed for the lower dishrack of your dishwasher. On one side of the roller is a clip that allows it to be attached to the dishrack. The dishrack roller allows you to slide the dishrack in and out of the dishwasher efficiently. If one of the rollers is broken or missing, it can cause the dishrack to become difficult to slide in and out. To replace the roller, simply snap it off the dishrack, and snap the new one into place. This is a genuine OEM part.",
    "price": "$\n11.45",
    "stock_status": "In Stock",
    "rating": "4.8/5",
    "reviews_count": 28,
    "reviews": [],
    "repair_stories": [],
    "symptoms_fixed": "Dishwasher.",
    "works_with": "Dishwasher.",
    "also_replaces": [
      "AP4339780",
      "611475"
    ],
    "video_url": ""
  },
  {
    "url": "https://www.partselect.com/PS12730058-Bosch-20000533-Lower-Dishrack.htm?SourceCode=18",
    "image_url": "https://partselectcom-gtcdcddbene3cpes.z01.azurefd.net/12730058-1-N-Bosch-20000533-Lower-Dishrack.jpg",
    "name": "Bosch Dishwasher Lower Dishrack",
    "partselect_number": "PS12730058",
    "manufacturer_number": "20000533",
    "description": "★★★★★\n★★★★★\n8 Reviews\nThis lower dishrack keeps dishes stable during the wash cycle and fits specific dishwasher models. It is crafted for durability and easy installation. Always consult your dishwasher’s manual to ensure compatibility and proper placement.",
    "price": "$\n113.34",
    "stock_status": "On Order",
    "rating": "4.9/5",
    "reviews_count": 8,
    "reviews": [],
    "repair_stories": [],
    "symptoms_fixed": "Dishwasher.",
    "works_with": "Dishwasher.",
    "also_replaces": [
      "AP6894232",
      "00689429",
      "00689997",
      "00770024",
      "00770085",
      "00770689",
      "00770730",
      "00775315",
      "00775824",
      "00775826",
      "20000532",
      "689429",
      "689997",
      "770024",
      "770085",
      "770689",
      "770730",
      "775315",
      "775824",
      "775826"
    ],
    "video_url": ""
  },
  {
    "url": "https://www.partselect.com/PS8729301-Bosch-00628998-Dishwasher-Handlecap-Shaped.htm?SourceCode=18",
    "image_url": "https://partselectcom-gtcdcddbene3cpes.z01.azurefd.net/8729301-1-N-Bosch-00628998-Dishwasher-Handlecap-Shaped.jpg",
    "name": "Bosch Dishwasher Handlecap Shaped",
    "partselect_number": "PS8729301",
    "manufacturer_number": "00628998",
    "description": "★★★★★\n★★★★★\n4 Reviews\nThis door handle end cap is supplied directly by the manufacturer for use with dishwashers. It is a genuine OEM part that is designed to fit just like the original piece. The end cap is made of highly durable plastic, and it is responsible for securing the end of the handle on the dishwasher door. It protects the handle from scratches, dents, and general wear and tear, which can occur over time. It also contributes to the appearance of the dishwasher by concealing any exposed screws and providing a finished look to the handles. When replacing the end caps, you will need to first remove the door panel. Each end cap is sold individually.",
    "price": "$\n8.78",
    "stock_status": "In Stock",
    "rating": "4.5/5",
    "reviews_count": 4,
    "reviews": [],
    "repair_stories": [],
    "symptoms_fixed": "Door latch failure",
    "works_with": "Dishwasher.",
    "also_replaces": [
      "AP5690748",
      "628998"
    ],
    "video_url": ""
  },
  {
    "url": "https://www.partselect.com/PS16746057-Bosch-10023852-Access-Valve.htm?SourceCode=18",
    "image_url": "https://partselectcom-gtcdcddbene3cpes.z01.azurefd.net/16746057-1-N-Bosch-10023852-Access-Valve.jpg",
    "name": "Bosch Dishwasher Access Valve",
    "partselect_number": "PS16746057",
    "manufacturer_number": "10023852",
    "description": "★★★★★\n★★★★★\n8 Reviews\nThis water access valve, also known as a water inlet valve, is an authentic OEM replacement part used in dishwashers. The valve controls the flow of water into the dishwasher. It is responsible for allowing water from the household water supply to enter the dishwasher tub during the wash cycle. The valve is controlled by the electronic control board, which signals it to open or close based on the selected cycle and water level requirements. Once the dishwasher is filled to the appropriate level, the water inlet valve closes to prevent any further water from entering the tub. If the valve is faulty, you will likely experience water leakages, difficulties filling dishwasher, and poor cleaning results. This part is commonly associated with the E15 error code on dishwashers.",
    "price": "$25.28",
    "stock_status": "In Stock",
    "rating": "5.00 out of 5",
    "reviews_count": 8
  },
  {
    "url": "https://www.partselect.com/PS8727471-Bosch-00611981-Dishwasher-Adjustable-Tine-Row-Clip.htm?SourceCode=18",
    "image_url": "https://partselectcom-gtcdcddbene3cpes.z01.azurefd.net/8727471-1-N-Bosch-00611981-Dishwasher-Adjustable-Tine-Row-Clip.jpg",
    "name": "Bosch Dishwasher Adjustable Tine Row Clip",
    "partselect_number": "PS8727471",
    "manufacturer_number": "00611981",
    "description": "★★★★★\n★★★★★\n2 Reviews\nThis part is a replacement tine row clip for your dishwasher. The tine row clip is adjustable, and it fits onto your dishrack to holds the tines into place. If your dishrack tine rows will not stay in position, you could have one or more broken tine clips. To replace a tine row clip, simply snap the old tine row clip out, and replace it with the new clip. This part is made of gray plastic and is approximately one inch long and half an inch wide. This part is sold individually, so it is a good idea to check all of your tine row clips to determine if more than one are broken.",
    "price": "$6.98",
    "stock_status": "In Stock",
    "rating": "5.00 out of 5",
    "reviews_count": 2
  },
  {
    "url": "https://www.partselect.com/PS11724988-Bosch-12008381-Dishwasher-Circulation-Pump-w-Heater.htm?SourceCode=18",
    "image_url": "https://partselectcom-gtcdcddbene3cpes.z01.azurefd.net/11724988-1-N-Bosch-12008381-Dishwasher-Circulation-Pump-w-Heater.jpg",
    "name": "Bosch Dishwasher Circulation Pump W/heater",
    "partselect_number": "PS11724988",
    "manufacturer_number": "12008381",
    "description": "★★★★★\n★★★★★\n5 Reviews\nThis circulation pump with heater is for dishwashers. Circulation pump with heater moves heated water through the spray arm to clean the dishes. Unplug the dishwasher before installing this part. Wear work gloves to protect your hands.",
    "price": "$112.89",
    "stock_status": "In Stock",
    "rating": "5.00 out of 5",
    "reviews_count": 5
  },
  {
    "url": "https://www.partselect.com/PS8730270-Bosch-00645038-FILTER-MICRO.htm?SourceCode=18",
    "image_url": "https://partselectcom-gtcdcddbene3cpes.z01.azurefd.net/8730270-1-N-Bosch-00645038-FILTER-MICRO.jpg",
    "name": "Bosch Dishwasher Filter-micro",
    "partselect_number": "PS8730270",
    "manufacturer_number": "00645038",
    "description": "★★★★★\n★★★★★\n16 Reviews\nThis micro filter is a genuine OEM replacement part that is compatible with dishwashers. Its primary function is to catch and trap small particles of food, debris, and other contaminants that may be present in the water circulating inside the dishwasher during the wash and rinse cycles. This filter helps prevent these particles from clogging the pump or recirculating back onto the dishes. Signs of a faulty micro filter include poor cleaning performance, slow drainage, stagnant water at the bottom of the tub, and loud and unusual noises when the dishwasher is running. It is recommended to clean the filter once a month for optimal performance.",
    "price": "$37.30",
    "stock_status": "In Stock",
    "rating": "4.94 out of 5",
    "reviews_count": 16
  },
  {
    "url": "https://www.partselect.com/PS11704799-Bosch-00631200-PUMP-DRAIN.htm?SourceCode=18",
    "image_url": "https://partselectcom-gtcdcddbene3cpes.z01.azurefd.net/11704799-1-N-Bosch-00631200-PUMP-DRAIN.jpg",
    "name": "Bosch Dishwasher Pump-drain",
    "partselect_number": "PS11704799",
    "manufacturer_number": "00631200",
    "description": "★★★★★\n★★★★★\n3 Reviews\nThis drain pump is a genuine OEM replacement part that is specially made for various models of dishwasher. It is responsible for removing water from the dishwasher at the end of a cycle. It pumps the water out through the drain hose, which is connected to the kitchen sink plumbing or a dedicated drain line. If you notice an unpleasant odor and water pooling at the bottom of your dishwasher after a cycle, it could indicate a problem with the drain pump. If the pump is faulty you may also hear unusual rattling and grinding sounds.",
    "price": "$38.75",
    "stock_status": "In Stock",
    "rating": "5.00 out of 5",
    "reviews_count": 3
  },
  {
    "url": "https://www.partselect.com/PS8737036-Bosch-00745856-Dishwasher-Spray-Arm.htm?SourceCode=18",
    "image_url": "https://partselectcom-gtcdcddbene3cpes.z01.azurefd.net/8737036-1-N-Bosch-00745856-Dishwasher-Spray-Arm.jpg",
    "name": "Bosch Dishwasher Spray Arm",
    "partselect_number": "PS8737036",
    "manufacturer_number": "00745856",
    "description": "★★★★★\n★★★★★\n10 Reviews\nThis OEM upper spray arm is sourced directly from the manufacturer for use in various models of dishwasher. It is responsible for spraying water onto the dishes that are placed in the top rack. It is located beneath the top rack and consists of several small openings or nozzles through which water is propelled with high pressure. When the dishwasher is in running, water is pumped through the spray arm, and the force of the water causes it to rotate, ensuring that water is distributed evenly across the dishes for effective cleaning. If the arm become damaged or clogged with debris, you may notice difficulties cleaning your dishes properly, rattling or scraping sounds and reduced overall efficiency.",
    "price": "$25.84",
    "stock_status": "In Stock",
    "rating": "5.00 out of 5",
    "reviews_count": 10
  },
  {
    "url": "https://www.partselect.com/PS8712513-Bosch-00418498-Dishwasher-Tine-Holder.htm?SourceCode=18",
    "image_url": "https://partselectcom-gtcdcddbene3cpes.z01.azurefd.net/8712513-1-N-Bosch-00418498-Dishwasher-Tine-Holder.jpg",
    "name": "Bosch Dishwasher Tine Holder",
    "partselect_number": "PS8712513",
    "manufacturer_number": "00418498",
    "description": "★★★★★\n★★★★★\n9 Reviews\nThis plastic holder is also known as a tine clip, or a rack flip tine clip. It is used in the lower rack of a dishwasher, it is part of the rack assembly that allows to convert your rack to better the dishes you need washed. When you select the position you want the tines to be in, this clip hold the tines in place. This clip is designed to hold two tine rows in place. This tine clip is simple to install, you do not need any tools, it simply snaps into place on the dishrack.",
    "price": "$7.56",
    "stock_status": "In Stock",
    "rating": "4.89 out of 5",
    "reviews_count": 9
  },
  {
    "url": "https://www.partselect.com/PS8769684-Bosch-00751768-INSERT.htm?SourceCode=18",
    "image_url": "https://partselectcom-gtcdcddbene3cpes.z01.azurefd.net/8769684-1-N-Bosch-00751768-INSERT.jpg",
    "name": "Bosch Dishwasher Insert",
    "partselect_number": "PS8769684",
    "manufacturer_number": "00751768",
    "description": "★★★★★\n★★★★★\n1 Review\nManufacturer Part Number 00751768",
    "price": "$22.22",
    "stock_status": "In Stock",
    "rating": "5.00 out of 5",
    "reviews_count": 1
  },
  {
    "url": "https://www.partselect.com/PS8731294-Bosch-00651436-INSERT.htm?SourceCode=18",
    "image_url": "https://partselectcom-gtcdcddbene3cpes.z01.azurefd.net/8731294-1-N-Bosch-00651436-INSERT.jpg",
    "name": "Bosch Dishwasher Insert",
    "partselect_number": "PS8731294",
    "manufacturer_number": "00651436",
    "description": "★★★★★\n★★★★★\n4 Reviews",
    "price": "$23.94",
    "stock_status": "In Stock",
    "rating": "3.75 out of 5",
    "reviews_count": 4
  },
  {
    "url": "https://www.partselect.com/PS11758453-Bosch-12012913-Door-Handle-Silver.htm?SourceCode=18",
    "image_url": "https://partselectcom-gtcdcddbene3cpes.z01.azurefd.net/11758453-1-N-Bosch-12012913-Door-Handle-Silver.jpg",
    "name": "Bosch Dishwasher Door Handle - Silver",
    "partselect_number": "PS11758453",
    "manufacturer_number": "12012913",
    "description": "★★★★★\n★★★★★\n11 Reviews\nThis is a door handle, which is is installed at the top of your dishwasher door and allows you to open and close it. However, if this part is missing or broken, the opening and closing your dishwasher will be more difficult, and the overall visual appearance will be less pleasing. Replacing this door handle will require a Phillips-head and flat-head screwdriver, as well as a set of pliers, and some disassembly of your dishwasher will be necessary. This door handle is an individual OEM part and does not come with any other accessories for your dishwasher.",
    "price": "$42.33",
    "stock_status": "In Stock",
    "rating": "4.18 out of 5",
    "reviews_count": 11
  },
  {
    "url": "https://www.partselect.com/PS8726680-Bosch-00607335-Water-Inlet-Valve.htm?SourceCode=18",
    "image_url": "https://partselectcom-gtcdcddbene3cpes.z01.azurefd.net/8726680-1-N-Bosch-00607335-Water-Inlet-Valve.jpg",
    "name": "Bosch Dishwasher Water Inlet Valve",
    "partselect_number": "PS8726680",
    "manufacturer_number": "00607335",
    "description": "★★★★★\n★★★★★\n8 Reviews\nThis is a replacement water inlet valve for your washer. The water inlet valve in your washer connects to the water source and solenoid wires, and ensures the tub has the right amount of water entering it. If your washing machine continues to fill after it is full, or if it fills slowly, you may need to replace this valve. A leaking washer could also be an indicator of a damaged water inlet valve. Before you begin this repair, be sure to disconnect the water and power sources from your washer. This part is sold individually.",
    "price": "$64.55",
    "stock_status": "In Stock",
    "rating": "4.63 out of 5",
    "reviews_count": 8
  },
  {
    "url": "https://www.partselect.com/PS8737182-Bosch-00751950-Dishwasher-Diverter-Assembly.htm?SourceCode=18",
    "image_url": "https://partselectcom-gtcdcddbene3cpes.z01.azurefd.net/8737182-1-N-Bosch-00751950-Dishwasher-Diverter-Assembly.jpg",
    "name": "Bosch Dishwasher Diverter Assembly",
    "partselect_number": "PS8737182",
    "manufacturer_number": "00751950",
    "description": "★★★★★\n★★★★★\n1 Review\nThis diverter assembly is for dishwashers. Diverter assembly controls the flow of water to the spray arms.",
    "price": "$58.37",
    "stock_status": "In Stock",
    "rating": "5.00 out of 5",
    "reviews_count": 1
  },
  {
    "url": "https://www.partselect.com/PS8714310-Bosch-00428344-Dishwasher-Lower-Rack-Tine-Clip-Kit.htm?SourceCode=18",
    "image_url": "https://partselectcom-gtcdcddbene3cpes.z01.azurefd.net/8714310-1-N-Bosch-00428344-Dishwasher-Lower-Rack-Tine-Clip-Kit.jpg",
    "name": "Bosch Dishwasher Lower Rack Tine Clip Kit",
    "partselect_number": "PS8714310",
    "manufacturer_number": "00428344",
    "description": "★★★★★\n★★★★★\n6 Reviews\nThis tine clip kit is designed for use in the lower rack of dishwashers. Some dishwashers have adjustable tines that allow you to convert the rack in your dishwasher to accommodate more dishes, and dishes that are different shapes and sizes. Once you have the tine rows in the desired position, these clips help hold the tine rows securely in place for the washing cycle. This lower rack tine clip kit includes four clamps, two latches, and two L-shaped sleeves. The clips are made out of gray plastic. Installation is easy, no tools are required, these parts just snap into place on the dishrack.",
    "price": "$39.19",
    "stock_status": "In Stock",
    "rating": "4.00 out of 5",
    "reviews_count": 6
  },
  {
    "url": "https://www.partselect.com/PS16746079-Bosch-11050210-INSULATING-PART.htm?SourceCode=18",
    "image_url": "https://partselectcom-gtcdcddbene3cpes.z01.azurefd.net/assets/images/noimage_N.jpg",
    "name": "Bosch Dishwasher Insulating Part",
    "partselect_number": "PS16746079",
    "manufacturer_number": "11050210",
    "description": "★★★★★\n★★★★★\n4 Reviews",
    "price": "$24.93",
    "stock_status": "In Stock",
    "rating": "5.00 out of 5",
    "reviews_count": 4
  },
  {
    "url": "https://www.partselect.com/PS8727352-Bosch-00611332-Drain-Pump-55Hz.htm?SourceCode=18",
    "image_url": "https://partselectcom-gtcdcddbene3cpes.z01.azurefd.net/8727352-1-N-Bosch-00611332-Drain-Pump-55Hz.jpg",
    "name": "Bosch Dishwasher Drain Pump - 55hz",
    "partselect_number": "PS8727352",
    "manufacturer_number": "00611332",
    "description": "★★★★★\n★★★★★\n8 Reviews\nThe pump ejects the water from the dishwasher through the drain hose.",
    "price": "$59.19",
    "stock_status": "In Stock",
    "rating": "4.50 out of 5",
    "reviews_count": 8
  },
  {
    "url": "https://www.partselect.com/PS8730294-Bosch-00645149-Sump-Drain-Hose.htm?SourceCode=18",
    "image_url": "https://partselectcom-gtcdcddbene3cpes.z01.azurefd.net/8730294-1-N-Bosch-00645149-Sump-Drain-Hose.jpg",
    "name": "Bosch Dishwasher Sump Drain Hose",
    "partselect_number": "PS8730294",
    "manufacturer_number": "00645149",
    "description": "★★★★★\n★★★★★\n2 Reviews",
    "price": "$19.21",
    "stock_status": "In Stock",
    "rating": "5.00 out of 5",
    "reviews_count": 2
  },
  {
    "url": "https://www.partselect.com/PS10058839-Bosch-12004485-Dishwasher-Wheel.htm?SourceCode=18",
    "image_url": "https://partselectcom-gtcdcddbene3cpes.z01.azurefd.net/10058839-1-N-Bosch-12004485-Dishwasher-Wheel.jpg",
    "name": "Bosch Dishwasher Wheel",
    "partselect_number": "PS10058839",
    "manufacturer_number": "12004485",
    "description": "★★★★★\n★★★★★\n20 Reviews\nThis wheel kit is used for the lower rack of your dishwasher. The kit includes 8 wheels and axels. To install you can simply clip the wheel onto the frame. There are eight wheels on the lower rack in your dishwasher that help it roll in and out of your appliance with ease. The wheel assembly is made of plastic and gray in color.",
    "price": "$44.54",
    "stock_status": "On Order",
    "rating": "4.90 out of 5",
    "reviews_count": 20
  },
  {
    "url": "https://www.partselect.com/PS16746058-Bosch-10023853-Access-Valve.htm?SourceCode=18",
    "image_url": "https://partselectcom-gtcdcddbene3cpes.z01.azurefd.net/16746058-1-N-Bosch-10023853-Access-Valve.jpg",
    "name": "Bosch Dishwasher Access Valve",
    "partselect_number": "PS16746058",
    "manufacturer_number": "10023853",
    "description": "★★★★★\n★★★★★\n1 Review",
    "price": "$25.28",
    "stock_status": "In Stock",
    "rating": "5.00 out of 5",
    "reviews_count": 1
  },
  {
    "url": "https://www.partselect.com/PS8733125-Bosch-00669221-SEAL-DOOR.htm?SourceCode=18",
    "image_url": "https://partselectcom-gtcdcddbene3cpes.z01.azurefd.net/8733125-1-N-Bosch-00669221-SEAL-DOOR.jpg",
    "name": "Bosch Dishwasher Seal-door",
    "partselect_number": "PS8733125",
    "manufacturer_number": "00669221",
    "description": "★★★★★\n★★★★★\n1 Review",
    "price": "$28.01",
    "stock_status": "In Stock",
    "rating": "1.00 out of 5",
    "reviews_count": 1
  },
  {
    "url": "https://www.partselect.com/PS8713989-Bosch-00425458-Dishwasher-Water-Inlet-Valve.htm?SourceCode=18",
    "image_url": "https://partselectcom-gtcdcddbene3cpes.z01.azurefd.net/8713989-1-N-Bosch-00425458-Dishwasher-Water-Inlet-Valve.jpg",
    "name": "Bosch Dishwasher Water Inlet Valve",
    "partselect_number": "PS8713989",
    "manufacturer_number": "00425458",
    "description": "★★★★★\n★★★★★\n11 Reviews",
    "price": "$67.53",
    "stock_status": "In Stock",
    "rating": "4.82 out of 5",
    "reviews_count": 11
  },
  {
    "url": "https://www.partselect.com/PS12586896-Bosch-10006917-LOCK.htm?SourceCode=18",
    "image_url": "https://partselectcom-gtcdcddbene3cpes.z01.azurefd.net/12586896-1-N-Bosch-10006917-LOCK.jpg",
    "name": "Bosch Dishwasher Lock",
    "partselect_number": "PS12586896",
    "manufacturer_number": "10006917",
    "description": "★★★★★\n★★★★★\n1 Review",
    "price": "$35.13",
    "stock_status": "In Stock",
    "rating": "5.00 out of 5",
    "reviews_count": 1
  },
  {
    "url": "https://www.partselect.com/PS8737144-Bosch-00751456-HOSE.htm?SourceCode=18",
    "image_url": "https://partselectcom-gtcdcddbene3cpes.z01.azurefd.net/8737144-1-N-Bosch-00751456-HOSE.jpg",
    "name": "Bosch Dishwasher Hose",
    "partselect_number": "PS8737144",
    "manufacturer_number": "00751456",
    "price": "$7.75",
    "stock_status": "In Stock"
  },
  {
    "url": "https://www.partselect.com/PS8703123-Bosch-00298564-Drain-Hose.htm?SourceCode=18",
    "image_url": "https://partselectcom-gtcdcddbene3cpes.z01.azurefd.net/8703123-1-N-Bosch-00298564-Drain-Hose.jpg",
    "name": "Bosch Dishwasher Drain Hose",
    "partselect_number": "PS8703123",
    "manufacturer_number": "00298564",
    "description": "★★★★★\n★★★★★\n1 Review\nThis drain hose is designed for use in dishwashers. After the wash cycle is complete the water need to leave the dishwasher, this drain hose it carries the dirty water from the drain pump to the kitchen sink drain. Because this part is made of plastic it can be damaged, which means you will need to check this part if you notice any leaks coming from your appliance. This hose is approximately five feet long, and it includes one o-ring. Before you begin repairing your dishwasher you need to unplug the appliance and shutoff the water supply.",
    "price": "$39.78",
    "stock_status": "In Stock",
    "rating": "5.00 out of 5",
    "reviews_count": 1
  },
  {
    "url": "https://www.partselect.com/PS8761336-Bosch-00753351-HEAT-PUMP.htm?SourceCode=18",
    "image_url": "https://partselectcom-gtcdcddbene3cpes.z01.azurefd.net/8761336-1-N-Bosch-00753351-HEAT-PUMP.jpg",
    "name": "Bosch Dishwasher Heat Pump",
    "partselect_number": "PS8761336",
    "manufacturer_number": "00753351",
    "price": "$224.55",
    "stock_status": "In Stock"
  },
  {
    "url": "https://www.partselect.com/PS8727395-Bosch-00611575-00-Lid.htm?SourceCode=18",
    "image_url": "https://partselectcom-gtcdcddbene3cpes.z01.azurefd.net/8727395-1-N-Bosch-00611575-00-Lid.jpg",
    "name": "Bosch Dishwasher 00 Lid",
    "partselect_number": "PS8727395",
    "manufacturer_number": "00611575",
    "description": "★★★★★\n★★★★★\n3 Reviews\nLid Dishwasher Rinse-aid",
    "price": "$24.75",
    "stock_status": "In Stock",
    "rating": "5.00 out of 5",
    "reviews_count": 3
  },
  {
    "url": "https://www.partselect.com/PS8727803-Bosch-00615079-Dishwasher-Micro-Filter.htm?SourceCode=18",
    "image_url": "https://partselectcom-gtcdcddbene3cpes.z01.azurefd.net/8727803-1-N-Bosch-00615079-Dishwasher-Micro-Filter.jpg",
    "name": "Bosch Dishwasher Micro Filter",
    "partselect_number": "PS8727803",
    "manufacturer_number": "00615079",
    "description": "★★★★★\n★★★★★\n5 Reviews\nThis micro filter basket assembly is used in dishwashers. The filter is responsible for filtering the water inside the dishwasher. All of the food and debris particles that are removed from your dishes need somewhere to go, this filter works to remove that stuff from the water so the drain will not get clogged. Filters are supposed to be self-cleaning, however if you have hard water, or if you are using the wrong detergent they might get a build-up on them. You can clean these filters, but once they are worn out they will need to be replaced. This filter has a diameter of four inches, and it is five inches in length.",
    "price": "$62.27",
    "stock_status": "In Stock",
    "rating": "5.00 out of 5",
    "reviews_count": 5
  },
  {
    "url": "https://www.partselect.com/PS8728257-Bosch-00617903-HOLDER.htm?SourceCode=18",
    "image_url": "https://partselectcom-gtcdcddbene3cpes.z01.azurefd.net/8728257-1-N-Bosch-00617903-HOLDER.jpg",
    "name": "Bosch Dishwasher Holder",
    "partselect_number": "PS8728257",
    "manufacturer_number": "00617903",
    "description": "Manufacturer Part Number 00617903",
    "price": "$7.43",
    "stock_status": "In Stock"
  },
  {
    "url": "https://www.partselect.com/PS8736200-Bosch-00705174-Circulation-Pump.htm?SourceCode=18",
    "image_url": "https://partselectcom-gtcdcddbene3cpes.z01.azurefd.net/8736200-1-N-Bosch-00705174-Circulation-Pump.jpg",
    "name": "Bosch Dishwasher Circulation Pump",
    "partselect_number": "PS8736200",
    "manufacturer_number": "00705174",
    "price": "$249.57",
    "stock_status": "In Stock"
  },
  {
    "url": "https://www.partselect.com/PS8717584-Bosch-00478808-PANEL-FACIA.htm?SourceCode=18",
    "image_url": "https://partselectcom-gtcdcddbene3cpes.z01.azurefd.net/8717584-1-N-Bosch-00478808-PANEL-FACIA.jpg",
    "name": "Bosch Dishwasher Panel-facia",
    "partselect_number": "PS8717584",
    "manufacturer_number": "00478808",
    "price": "$154.16",
    "stock_status": "On Order"
  },
  {
    "url": "https://www.partselect.com/PS8697040-Bosch-00165256-Dishwasher-Float-Switch.htm?SourceCode=18",
    "image_url": "https://partselectcom-gtcdcddbene3cpes.z01.azurefd.net/8697040-1-N-Bosch-00165256-Dishwasher-Float-Switch.jpg",
    "name": "Bosch Dishwasher Float Switch",
    "partselect_number": "PS8697040",
    "manufacturer_number": "00165256",
    "price": "$27.55",
    "stock_status": "In Stock"
  },
  {
    "url": "https://www.partselect.com/PS8714198-Bosch-00427746-On-Off-Button-Black.htm?SourceCode=18",
    "image_url": "https://partselectcom-gtcdcddbene3cpes.z01.azurefd.net/8714198-1-N-Bosch-00427746-On-Off-Button-Black.jpg",
    "name": "Bosch Dishwasher On/off Button - Black",
    "partselect_number": "PS8714198",
    "manufacturer_number": "00427746",
    "description": "★★★★★\n★★★★★\n1 Review",
    "price": "$10.47",
    "stock_status": "In Stock",
    "rating": "3.00 out of 5",
    "reviews_count": 1
  },
  {
    "url": "https://www.partselect.com/PS8769704-Bosch-00752981-00-Insert.htm?SourceCode=18",
    "image_url": "https://partselectcom-gtcdcddbene3cpes.z01.azurefd.net/8769704-1-N-Bosch-00752981-00-Insert.jpg",
    "name": "Bosch Dishwasher 00 Insert",
    "partselect_number": "PS8769704",
    "manufacturer_number": "00752981",
    "description": "★★★★★\n★★★★★\n1 Review",
    "price": "$21.38",
    "stock_status": "Special Order",
    "rating": "5.00 out of 5",
    "reviews_count": 1
  },
  {
    "url": "https://www.partselect.com/PS8703130-Bosch-00298594-SPRAY-ARM.htm?SourceCode=18",
    "image_url": "https://partselectcom-gtcdcddbene3cpes.z01.azurefd.net/8703130-1-N-Bosch-00298594-SPRAY-ARM.jpg",
    "name": "Bosch Dishwasher Spray Arm",
    "partselect_number": "PS8703130",
    "manufacturer_number": "00298594",
    "price": "$63.03",
    "stock_status": "In Stock"
  },
  {
    "url": "https://www.partselect.com/PS8732687-Bosch-00665888-Exterior-Control-Panel-Black.htm?SourceCode=18",
    "image_url": "https://partselectcom-gtcdcddbene3cpes.z01.azurefd.net/8732687-1-N-Bosch-00665888-Exterior-Control-Panel-Black.jpg",
    "name": "Bosch Dishwasher Exterior Control Panel - Black",
    "partselect_number": "PS8732687",
    "manufacturer_number": "00665888",
    "description": "★★★★★\n★★★★★\n5 Reviews",
    "price": "$130.71",
    "stock_status": "In Stock",
    "rating": "5.00 out of 5",
    "reviews_count": 5
  },
  {
    "url": "https://www.partselect.com/PS11759839-Bosch-10000412-ROPE.htm?SourceCode=18",
    "image_url": "https://partselectcom-gtcdcddbene3cpes.z01.azurefd.net/11759839-1-N-Bosch-10000412-ROPE.jpg",
    "name": "Bosch Dishwasher Rope",
    "partselect_number": "PS11759839",
    "manufacturer_number": "10000412",
    "description": "★★★★★\n★★★★★\n2 Reviews",
    "price": "$10.12",
    "stock_status": "In Stock",
    "rating": "3.00 out of 5",
    "reviews_count": 2
  },
  {
    "url": "https://www.partselect.com/PS8725630-Bosch-00600072-Dishwasher-Control-Panel-Button-Set.htm?SourceCode=18",
    "image_url": "https://partselectcom-gtcdcddbene3cpes.z01.azurefd.net/8725630-1-N-Bosch-00600072-Dishwasher-Control-Panel-Button-Set.jpg",
    "name": "Bosch Dishwasher Control Panel Button Set",
    "partselect_number": "PS8725630",
    "manufacturer_number": "00600072",
    "description": "★★★★★\n★★★★★\n1 Review\nThis control panel button set is for dishwashers. Control panel button set makes contact with the switch to activate cycle or option settings.",
    "price": "$47.00",
    "stock_status": "In Stock",
    "rating": "5.00 out of 5",
    "reviews_count": 1
  },
  {
    "url": "https://www.partselect.com/PS8727345-Bosch-00611323-SENSOR.htm?SourceCode=18",
    "image_url": "https://partselectcom-gtcdcddbene3cpes.z01.azurefd.net/8727345-1-N-Bosch-00611323-SENSOR.jpg",
    "name": "Bosch Dishwasher Sensor",
    "partselect_number": "PS8727345",
    "manufacturer_number": "00611323",
    "price": "$46.27",
    "stock_status": "In Stock"
  },
  {
    "url": "https://www.partselect.com/PS8735532-Bosch-00689412-DOOR-OUTER.htm?SourceCode=18",
    "image_url": "https://partselectcom-gtcdcddbene3cpes.z01.azurefd.net/8735532-1-N-Bosch-00689412-DOOR-OUTER.jpg",
    "name": "Bosch Dishwasher Door-outer",
    "partselect_number": "PS8735532",
    "manufacturer_number": "00689412",
    "description": "★★★★★\n★★★★★\n1 Review\nManufacturer Part Number 00689412",
    "price": "$130.71",
    "stock_status": "In Stock",
    "rating": "5.00 out of 5",
    "reviews_count": 1
  },
  {
    "url": "https://www.partselect.com/PS16227588-Bosch-10016657-WHEEL.htm?SourceCode=18",
    "image_url": "https://partselectcom-gtcdcddbene3cpes.z01.azurefd.net/16227588-1-N-Bosch-10016657-WHEEL.jpg",
    "name": "Bosch Dishwasher Wheel",
    "partselect_number": "PS16227588",
    "manufacturer_number": "10016657",
    "description": "Manufacturer Part Number 10016657",
    "price": "$54.91",
    "stock_status": "In Stock"
  },
  {
    "url": "https://www.partselect.com/PS8733127-Bosch-00669255-RAIL.htm?SourceCode=18",
    "image_url": "https://partselectcom-gtcdcddbene3cpes.z01.azurefd.net/8733127-1-N-Bosch-00669255-RAIL.jpg",
    "name": "Bosch Dishwasher Rail",
    "partselect_number": "PS8733127",
    "manufacturer_number": "00669255",
    "description": "Manufacturer Part Number 00669255",
    "price": "$38.23",
    "stock_status": "In Stock"
  },
  {
    "url": "https://www.partselect.com/PS8728145-Bosch-00617642-HOSE-CLAMP.htm?SourceCode=18",
    "image_url": "https://partselectcom-gtcdcddbene3cpes.z01.azurefd.net/8728145-1-N-Bosch-00617642-HOSE-CLAMP.jpg",
    "name": "Bosch Dishwasher Hose Clamp",
    "partselect_number": "PS8728145",
    "manufacturer_number": "00617642",
    "price": "$6.77",
    "stock_status": "In Stock"
  },
  {
    "url": "https://www.partselect.com/PS8697043-Bosch-00165262-Check-Valve.htm?SourceCode=18",
    "image_url": "https://partselectcom-gtcdcddbene3cpes.z01.azurefd.net/8697043-1-N-Bosch-00165262-Check-Valve.jpg",
    "name": "Bosch Dishwasher Check Valve",
    "partselect_number": "PS8697043",
    "manufacturer_number": "00165262",
    "description": "★★★★★\n★★★★★\n2 Reviews\nThis check valve is a genuine OEM part that is compatible with several different makes and models of dishwasher. A check valve is designed to prevent the backflow of dirty water, food waste, and debris back into the dishwasher by sealing the valve of your dishwasher when the dirty water exits. In doing so, it also protects the pipes and pump system from any potential damage that backward-flowing water could do. If your dishwasher is experiencing issues with filling, draining, or cleaning properly, the check valve may need a crucial replacement. This check valve is made of translucent plastic, is found near the drain hose and drain pump assembly, and measures approximately 1-inch by 1.5-inches.",
    "price": "$17.26",
    "stock_status": "In Stock",
    "rating": "4.50 out of 5",
    "reviews_count": 2
  },
  {
    "url": "https://www.partselect.com/PS16227489-Bosch-00312207-Appliance-Cleaner.htm?SourceCode=18",
    "image_url": "https://partselectcom-gtcdcddbene3cpes.z01.azurefd.net/16227489-1-N-Bosch-00312207-Appliance-Cleaner.jpg",
    "name": "Bosch Dishwasher Appliance Cleaner",
    "partselect_number": "PS16227489",
    "manufacturer_number": "00312207",
    "description": "This cleaner is ideal for ventilation, microwaves, cooktops, refrigeration, and stainless steel surfaces. It easily removes burnt-on debris and greasy residues. Can be used on kitchen cabinets, countertops, tile and steel. Maximum exposure time for aluminum is 15 minutes. Do not use on control markings, labels, logos, foil or anti-fingerprint (AFP) coatings, black or easy clean steel, and oven interiors. Black steel and easy clean steel can be cleaned with mild, soapy water and a soft cloth.",
    "price": "$23.93",
    "stock_status": "In Stock"
  },
  {
    "url": "https://www.partselect.com/PS8693487-Bosch-00093046-CUTLERY-BASKET.htm?SourceCode=18",
    "image_url": "https://partselectcom-gtcdcddbene3cpes.z01.azurefd.net/8693487-1-N-Bosch-00093046-CUTLERY-BASKET.jpg",
    "name": "Bosch Dishwasher Cutlery Basket",
    "partselect_number": "PS8693487",
    "manufacturer_number": "00093046",
    "description": "★★★★★\n★★★★★\n3 Reviews\nManufacturer Part Number 00093046",
    "price": "$52.29",
    "stock_status": "In Stock",
    "rating": "3.67 out of 5",
    "reviews_count": 3
  },
  {
    "url": "https://www.partselect.com/PS8727825-Bosch-00615353-HANDLE-CAP-SHAPED.htm?SourceCode=18",
    "image_url": "https://partselectcom-gtcdcddbene3cpes.z01.azurefd.net/8727825-1-N-Bosch-00615353-HANDLE-CAP-SHAPED.jpg",
    "name": "Bosch Dishwasher Handle-cap Shaped",
    "partselect_number": "PS8727825",
    "manufacturer_number": "00615353",
    "description": "Manufacturer Part Number 00615353",
    "price": "$8.12",
    "stock_status": "In Stock"
  },
  {
    "url": "https://www.partselect.com/PS8734593-Bosch-00683956-PANEL-FACIA.htm?SourceCode=18",
    "image_url": "https://partselectcom-gtcdcddbene3cpes.z01.azurefd.net/8734593-1-N-Bosch-00683956-PANEL-FACIA.jpg",
    "name": "Bosch Dishwasher Panel-facia",
    "partselect_number": "PS8734593",
    "manufacturer_number": "00683956",
    "description": "★★★★★\n★★★★★\n2 Reviews",
    "price": "$97.93",
    "stock_status": "In Stock",
    "rating": "3.50 out of 5",
    "reviews_count": 2
  },
  {
    "url": "https://www.partselect.com/PS8737146-Bosch-00751458-FILTER-FINE.htm?SourceCode=18",
    "image_url": "https://partselectcom-gtcdcddbene3cpes.z01.azurefd.net/8737146-1-N-Bosch-00751458-FILTER-FINE.jpg",
    "name": "Bosch Dishwasher Filter-fine",
    "partselect_number": "PS8737146",
    "manufacturer_number": "00751458",
    "description": "★★★★★\n★★★★★\n1 Review\nManufacturer Part Number 00751458",
    "price": "$28.01",
    "stock_status": "In Stock",
    "rating": "5.00 out of 5",
    "reviews_count": 1
  },
  {
    "url": "https://www.partselect.com/PS8717587-Bosch-00478811-PANEL-FACIA.htm?SourceCode=18",
    "image_url": "https://partselectcom-gtcdcddbene3cpes.z01.azurefd.net/8717587-1-N-Bosch-00478811-PANEL-FACIA.jpg",
    "name": "Bosch Dishwasher Panel-facia",
    "partselect_number": "PS8717587",
    "manufacturer_number": "00478811",
    "price": "$162.07",
    "stock_status": "In Stock"
  },
  {
    "url": "https://www.partselect.com/PS8732685-Bosch-00665886-PANEL-FACIA.htm?SourceCode=18",
    "image_url": "https://partselectcom-gtcdcddbene3cpes.z01.azurefd.net/8732685-1-N-Bosch-00665886-PANEL-FACIA.jpg",
    "name": "Bosch Dishwasher Panel-facia",
    "partselect_number": "PS8732685",
    "manufacturer_number": "00665886",
    "description": "Manufacturer Part Number 00665886",
    "price": "$133.46",
    "stock_status": "In Stock"
  },
  {
    "url": "https://www.partselect.com/PS12729284-Bosch-00778926-PANEL-FACIA.htm?SourceCode=18",
    "image_url": "https://partselectcom-gtcdcddbene3cpes.z01.azurefd.net/12729284-1-N-Bosch-00778926-PANEL-FACIA.jpg",
    "name": "Bosch Dishwasher Panel-facia",
    "partselect_number": "PS12729284",
    "manufacturer_number": "00778926",
    "description": "Manufacturer Part Number 00778926",
    "price": "$70.53",
    "stock_status": "In Stock"
  },
  {
    "url": "https://www.partselect.com/PS8701890-Bosch-00263096-SEALING.htm?SourceCode=18",
    "image_url": "https://partselectcom-gtcdcddbene3cpes.z01.azurefd.net/8701890-1-N-Bosch-00263096-SEALING.jpg",
    "name": "Bosch Dishwasher Sealing",
    "partselect_number": "PS8701890",
    "manufacturer_number": "00263096",
    "price": "$76.43",
    "stock_status": "In Stock"
  },
  {
    "url": "https://www.partselect.com/PS8723284-Bosch-00496099-Dishwasher-Water-Inlet-Fill-Hose.htm?SourceCode=18",
    "image_url": "https://partselectcom-gtcdcddbene3cpes.z01.azurefd.net/8723284-1-N-Bosch-00496099-Dishwasher-Water-Inlet-Fill-Hose.jpg",
    "name": "Bosch Dishwasher Water Inlet Fill Hose",
    "partselect_number": "PS8723284",
    "manufacturer_number": "00496099",
    "price": "$24.49",
    "stock_status": "In Stock"
  },
  {
    "url": "https://www.partselect.com/PS8727899-Bosch-00615820-MOTOR.htm?SourceCode=18",
    "image_url": "https://partselectcom-gtcdcddbene3cpes.z01.azurefd.net/8727899-1-N-Bosch-00615820-MOTOR.jpg",
    "name": "Bosch Dishwasher Motor",
    "partselect_number": "PS8727899",
    "manufacturer_number": "00615820",
    "price": "$47.67",
    "stock_status": "In Stock"
  },
  {
    "url": "https://www.partselect.com/PS8737066-Bosch-00747056-INSULATING-PART.htm?SourceCode=18",
    "image_url": "https://partselectcom-gtcdcddbene3cpes.z01.azurefd.net/8737066-1-N-Bosch-00747056-INSULATING-PART.jpg",
    "name": "Bosch Dishwasher Insulating Part",
    "partselect_number": "PS8737066",
    "manufacturer_number": "00747056",
    "description": "Manufacturer Part Number 00747056",
    "price": "$35.13",
    "stock_status": "In Stock"
  },
  {
    "url": "https://www.partselect.com/PS8715481-Bosch-00442548-Circulation-Pump.htm?SourceCode=18",
    "image_url": "https://partselectcom-gtcdcddbene3cpes.z01.azurefd.net/8715481-1-N-Bosch-00442548-Circulation-Pump.jpg",
    "name": "Bosch Dishwasher Circulation Pump",
    "partselect_number": "PS8715481",
    "manufacturer_number": "00442548",
    "description": "★★★★★\n★★★★★\n1 Review",
    "price": "$288.09",
    "stock_status": "In Stock",
    "rating": "5.00 out of 5",
    "reviews_count": 1
  },
  {
    "url": "https://www.partselect.com/PS8730291-Bosch-00645144-SEALING.htm?SourceCode=18",
    "image_url": "https://partselectcom-gtcdcddbene3cpes.z01.azurefd.net/8730291-1-N-Bosch-00645144-SEALING.jpg",
    "name": "Bosch Dishwasher Sealing",
    "partselect_number": "PS8730291",
    "manufacturer_number": "00645144",
    "description": "Manufacturer Part Number 00645144",
    "price": "$14.81",
    "stock_status": "In Stock"
  },
  {
    "url": "https://www.partselect.com/PS8713846-Bosch-00424717-Dishwasher-Roller-Axle-Assembly.htm?SourceCode=18",
    "image_url": "https://partselectcom-gtcdcddbene3cpes.z01.azurefd.net/8713846-1-N-Bosch-00424717-Dishwasher-Roller-Axle-Assembly.jpg",
    "name": "Bosch Dishwasher Roller & Axle Assembly",
    "partselect_number": "PS8713846",
    "manufacturer_number": "00424717",
    "description": "Manufacturer Part Number 00424717",
    "price": "$29.38",
    "stock_status": "On Order"
  }
]