[
  {
    "url": "https://www.partselect.com/PS884734-Whirlpool-8009-Refrigerator-Light-Bulb-40w.htm?SourceCode=18",
    "image_url": "https://partselectcom-gtcdcddbene3cpes.z01.azurefd.net/884734-1-N-Whirlpool-8009-Refrigerator-Light-Bulb-40w.jpg",
    "name": "Caloric Refrigerator Light Bulb (40w)",
    "partselect_number": "PS884734",
    "manufacturer_number": "8009",
    "description": "★★★★★\n★★★★★\n78 Reviews\nThis an authentic OEM 40-Watt replacement light bulb, used in a number of household appliances. It is specially designed to withstand extreme temperatures, which is why these replacement bulbs are most often used to light the inside of refrigerators and ranges. It features a standard socket base, which means you simply unscrew the burnt-out bulb and screw in the replacement. Depending on the appliance you may require a screwdriver or nut driver to access the light bulb. We recommend you wear work gloves while handling this replacement part. It is constructed of glass and metal and is sold individually. Depending on the appliance and location of the bulb within it, you may want to consider disconnecting power and using a flashlight for easier access to unscrewing and re-screwing in your bulb during this repair.",
    "price": "$\n16.44",
    "stock_status": "In Stock",
    "rating": "4.7/5",
    "reviews_count": 78,
    "reviews": [],
    "repair_stories": [],
    "symptoms_fixed": "Refrigerator, Range, Wall Oven, Dryer.",
    "works_with": "Refrigerator, Range, Wall Oven, Dryer.",
    "also_replaces": [
      "AP3607217",
      "1958",
      "8009",
      "0020478",
      "0020571",
      "0042175",
      "0047146",
      "0053950",
      "0056713",
      "0057030",
      "0057035",
      "0088673",
      "0089290",
      "03055001",
      "0311700",
      "040672-02",
      "05600070",
      "0B00300199",
      "0B00300299",
      "0B00300399 ... Show more"
    ],
    "video_url": "https://www.youtube.com/watch?v=kSohIGunxBw"
  },
  {
    "url": "https://www.partselect.com/PS2121513-Whirlpool-D7824706Q-Replacement-Ice-Maker.htm?SourceCode=18",
    "image_url": "https://partselectcom-gtcdcddbene3cpes.z01.azurefd.net/2121513-1-N-Whirlpool-D7824706Q-Replacement-Ice-Maker.jpg",
    "name": "Caloric Refrigerator Replacement Ice Maker",
    "partselect_number": "PS2121513",
    "manufacturer_number": "D7824706Q",
    "description": "★★★★★\n★★★★★\n183 Reviews\nThis ice maker (Ice Maker Assembly, Refrigerator Ice Maker) produces ice cubes that are ejected into the storage bucket. It is located in the freezer section of your appliance, mounted on the freezer wall. The ice maker can break from normal wear and accidental damage. If this happens, your refrigerator may no longer make ice cubes, or may not make enough cubes, and the part should be replaced. This model measures approximately 11 inches long and 5 inches wide. It’s constructed of plastic and metal, and comes in black/white/silver. This assembly includes the ice mold and the control device.",
    "price": "$\n115.96",
    "stock_status": "In Stock",
    "rating": "4.8/5",
    "reviews_count": 183,
    "reviews": [],
    "repair_stories": [],
    "symptoms_fixed": "Ice maker not making ice | Leaking | Ice maker won’t dispense ice | Ice maker dispenses too little ice",
    "works_with": "Refrigerator, Ice Maker.",
    "also_replaces": [
      "AP4135008",
      "915772",
      "D7824706Q",
      "0056504",
      "0056599",
      "0056605",
      "0056606",
      "0311155",
      "0312578",
      "0312738",
      "0312739",
      "0312740",
      "10549201",
      "10563707",
      "10563708",
      "14211407",
      "61005508",
      "61005508A",
      "67001263",
      "68111-1 ... Show more"
    ],
    "video_url": "https://www.youtube.com/watch?v=_6xfzzeEWyw"
  },
  {
    "url": "https://www.partselect.com/PS11757023-Whirlpool-WPW10662129-Refrigerator-Capacitor.htm?SourceCode=18",
    "image_url": "https://partselectcom-gtcdcddbene3cpes.z01.azurefd.net/11757023-1-N-Whirlpool-WPW10662129-Refrigerator-Capacitor.jpg",
    "name": "Caloric Refrigerator Capacitor",
    "partselect_number": "PS11757023",
    "manufacturer_number": "WPW10662129",
    "description": "★★★★★\n★★★★★\n43 Reviews\nThis capacitor (Refrigerator and Freezer Compressor Run Capacitor, Run Capacitor) provides the voltage or energy current required to start the compressor and keep it running. It allows the compressor in your appliance to easily cycle on and off. This capacitor mounts directly onto the compressor starting relay. If the capacitor is faulty the compressor may get unusually hot and draw excessive amperage. It the compressor overheats, it may fail to run until it cools down again. The compressor may also get noisy from overheating. If this part is totally electrically open, it is defective (often due to overheating) and needs to be replaced. The part measures 1 inch by 1-1/2 inches, and is constructed of plastic with two metal wire terminals. This item includes 1 capacitor, sold individually. This part comes in black.",
    "price": "$\n41.66",
    "stock_status": "In Stock",
    "rating": "4.3/5",
    "reviews_count": 43,
    "reviews": [],
    "repair_stories": [],
    "symptoms_fixed": "Fridge too warm | Will Not Start | Fridge and Freezer are too warm | Freezer section too warm",
    "works_with": "Refrigerator, Freezer.",
    "also_replaces": [
      "AP6023677",
      "09100136",
      "09100156",
      "09100173",
      "1100804",
      "1114291",
      "1118576",
      "1118581",
      "14201635",
      "14224144",
      "2169136",
      "2169373",
      "2169383",
      "2188516",
      "2264017",
      "4312484",
      "4356442",
      "4356601",
      "4356995",
      "4357055 ... Show more"
    ],
    "video_url": "https://www.youtube.com/watch?v=rU2i9x9FXdQ"
  },
  {
    "url": "https://www.partselect.com/PS12728638-Whirlpool-W11384469-Refrigerator-Door-Switch.htm?SourceCode=18",
    "image_url": "https://partselectcom-gtcdcddbene3cpes.z01.azurefd.net/12728638-1-N-Whirlpool-W11384469-Refrigerator-Door-Switch.jpg",
    "name": "Caloric Refrigerator Door Switch",
    "partselect_number": "PS12728638",
    "manufacturer_number": "W11384469",
    "description": "★★★★★\n★★★★★\n94 Reviews\nDoor switch turns the light off when you close the door.",
    "price": "$27.11",
    "stock_status": "In Stock",
    "rating": "4.63 out of 5",
    "reviews_count": 94
  },
  {
    "url": "https://www.partselect.com/PS11723171-Whirlpool-W10822278-Refrigerator-Defrost-Timer.htm?SourceCode=18",
    "image_url": "https://partselectcom-gtcdcddbene3cpes.z01.azurefd.net/11723171-1-N-Whirlpool-W10822278-Refrigerator-Defrost-Timer.jpg",
    "name": "Caloric Refrigerator Defrost Timer",
    "partselect_number": "PS11723171",
    "manufacturer_number": "W10822278",
    "description": "★★★★★\n★★★★★\n40 Reviews\nThe Defrost Timer (Defrost control) acts like a clock by switching on the defrost heater circuit after a predetermined amount of compressor run time. This allows the defrost circuit to clear the evaporator of ice or frost to maintain proper airflow. If this part is not working, it can lead to temperature increases in your refrigerator. If the compressor circuit fails, no cooling will take place; if the defrost circuit isn't activated, ice will quickly build up on the evaporator coils and reduce airflow and efficiency. If the timer doesn't advance or if the contacts have no continuity, the timer will need to be replaced. This part is located inside of the control housing on most models, and is approximately 3 inches long and 2.5 inches wide. This part is constructed of plastic and metal, and comes in white. It features 1 defrost timer, along with all necessary mounting hardware and installation instructions",
    "price": "$32.93",
    "stock_status": "In Stock",
    "rating": "4.20 out of 5",
    "reviews_count": 40
  },
  {
    "url": "https://www.partselect.com/PS395284-Whirlpool-833697-Refrigerator-Condenser-Fan-Motor-Kit.htm?SourceCode=18",
    "image_url": "https://partselectcom-gtcdcddbene3cpes.z01.azurefd.net/395284-1-N-Whirlpool-833697-Refrigerator-Condenser-Fan-Motor-Kit.jpg",
    "name": "Caloric Refrigerator Condenser Fan Motor Kit",
    "partselect_number": "PS395284",
    "manufacturer_number": "833697",
    "description": "★★★★★\n★★★★★\n50 Reviews\nThis condenser fan motor kit is designed for use with refrigerators. This fan draws air through the condenser coils and over the compressor. It does this with the goal of cooling the warm refrigerant before it enters the evaporator. When your fan or fan motor is not working your refrigerator will not cool properly. This is a 2-Watt, 115 Volt motor that rotates the fan in a counter clockwise direction. This kit includes the hardware needed for installation, and a set of instructions. Before you begin any repair work make sure to unplug your appliance.",
    "price": "$60.43",
    "stock_status": "In Stock",
    "rating": "4.80 out of 5",
    "reviews_count": 50
  },
  {
    "url": "https://www.partselect.com/PS11738900-Whirlpool-WP2149705-Door-Light-Switch.htm?SourceCode=18",
    "image_url": "https://partselectcom-gtcdcddbene3cpes.z01.azurefd.net/11738900-1-N-Whirlpool-WP2149705-Door-Light-Switch.jpg",
    "name": "Caloric Refrigerator Door Light Switch",
    "partselect_number": "PS11738900",
    "manufacturer_number": "WP2149705",
    "description": "★★★★★\n★★★★★\n15 Reviews\nThe purpose of the light switch in your refrigerator is to automatically turn on the light when the door is opened. If the light does not come on automatically when you open the door, the contacts inside the light switch may be burned out, meaning it is time to replace the switch. This package contains both the new light switch and a small plastic spacer. To complete this repair, you will need to remove the control panel section of your refrigerator. The only tools you will require for this repair are a 1/4-inch nut driver and maybe a small flat blade screwdriver. Be sure to disconnect the power source from the refrigerator before completing this repair.",
    "price": "$36.81",
    "stock_status": "In Stock",
    "rating": "4.20 out of 5",
    "reviews_count": 15
  },
  {
    "url": "https://www.partselect.com/PS11747806-Whirlpool-WPA3073101-Light-Bulb-120V-25W.htm?SourceCode=18",
    "image_url": "https://partselectcom-gtcdcddbene3cpes.z01.azurefd.net/11747806-1-N-Whirlpool-WPA3073101-Light-Bulb-120V-25W.jpg",
    "name": "Caloric Refrigerator Light Bulb - 120v 25w",
    "partselect_number": "PS11747806",
    "manufacturer_number": "WPA3073101",
    "description": "★★★★★\n★★★★★\n10 Reviews\nThis light bulb is a 120 volt, 25 watt incandescent appliance light bulb with a small base screw-in that fits in a variety of appliances such as microwaves, refrigerators, freezers, cooktops, or stoves. Its purpose is to light up the appliance when the door is open. This is a genuine OEM part. You may need to replace the light bulb if the existing bulb is burnt out or broken. This light bulb is sold individually and is a common wear part, it is recommended to order a spare.",
    "price": "$14.50",
    "stock_status": "In Stock",
    "rating": "4.10 out of 5",
    "reviews_count": 10
  },
  {
    "url": "https://www.partselect.com/PS11742474-Whirlpool-WP4387503-Refrigerator-Bimetal-Defrost-Thermostat.htm?SourceCode=18",
    "image_url": "https://partselectcom-gtcdcddbene3cpes.z01.azurefd.net/11742474-1-N-Whirlpool-WP4387503-Refrigerator-Bimetal-Defrost-Thermostat.jpg",
    "name": "Caloric Refrigerator Bimetal Defrost Thermostat",
    "partselect_number": "PS11742474",
    "manufacturer_number": "WP4387503",
    "description": "★★★★★\n★★★★★\n17 Reviews\nThis is a bimetal defrost thermostat for your refrigerator. It stops the fridge from overheating during the defrost cycle by protecting the evaporator. This clip-on thermostat will sense the temperature increase in the evaporator during the defrost process, and will cycle the defrost heater off after the ice or frost is melted. The most common reasons for needing to replace this part are if your unit is leaking, has inconsistent temperatures (too hot or too cold), you are seeing buildup of ice, or your appliance is running too long.",
    "price": "$30.67",
    "stock_status": "In Stock",
    "rating": "4.76 out of 5",
    "reviews_count": 17
  },
  {
    "url": "https://www.partselect.com/PS8746522-Whirlpool-W10613606-Refrigerator-Compressor-Start-Device-And-Capacitor.htm?SourceCode=18",
    "image_url": "https://partselectcom-gtcdcddbene3cpes.z01.azurefd.net/8746522-1-N-Whirlpool-W10613606-Refrigerator-Compressor-Start-Device-And-Capacitor.jpg",
    "name": "Caloric Refrigerator Compressor Start Device And Capacitor",
    "partselect_number": "PS8746522",
    "manufacturer_number": "W10613606",
    "description": "★★★★★\n★★★★★\n31 Reviews\nThis includes both the run capacitor and the start relay. The capacitor helps the compressor kick on and off while maintaining a constant temperature to keep things frozen in your freezer. The start relay boosts the compressor, and then shuts off as soon as the motor gets up to speed and the overload provides extra protection against excessive temperatures.",
    "price": "$51.79",
    "stock_status": "In Stock",
    "rating": "4.35 out of 5",
    "reviews_count": 31
  },
  {
    "url": "https://www.partselect.com/PS11743447-Whirlpool-WP67001255-Ice-Bucket.htm?SourceCode=18",
    "image_url": "https://partselectcom-gtcdcddbene3cpes.z01.azurefd.net/11743447-1-N-Whirlpool-WP67001255-Ice-Bucket.jpg",
    "name": "Caloric Refrigerator Ice Bucket",
    "partselect_number": "PS11743447",
    "manufacturer_number": "WP67001255",
    "description": "★★★★★\n★★★★★\n4 Reviews\nThe ice bucket in your freezer catches and holds the ice when it is released by the icemaker. If your ice bucket is cracked or damaged, you may need to replace it to prevent a potential leak. This part is made of white plastic and is sold individually. This ice bucket is approximately 15 inches long by 12 inches wide. Many of our customers have rated this repair as very easy. To complete this repair, simply remove the old ice bucket and replace it with the new one. Be sure to remove any broken pieces of the old ice bucket before replacing it.",
    "price": "$87.31",
    "stock_status": "In Stock",
    "rating": "4.75 out of 5",
    "reviews_count": 4
  },
  {
    "url": "https://www.partselect.com/PS11765660-Whirlpool-W10887190-Refrigerator-Light-Bulb.htm?SourceCode=18",
    "image_url": "https://partselectcom-gtcdcddbene3cpes.z01.azurefd.net/11765660-1-N-Whirlpool-W10887190-Refrigerator-Light-Bulb.jpg",
    "name": "Caloric Refrigerator Light Bulb",
    "partselect_number": "PS11765660",
    "manufacturer_number": "W10887190",
    "description": "★★★★★\n★★★★★\n1 Review\nThis appliance light bulb is used for many Maytag brand refrigerators. This 40W light bulb is frosted. Sold individually.",
    "price": "$16.95",
    "stock_status": "In Stock",
    "rating": "5.00 out of 5",
    "reviews_count": 1
  },
  {
    "url": "https://www.partselect.com/PS11745970-Whirlpool-WP841180A-Refrigerator-Tray.htm?SourceCode=18",
    "image_url": "https://partselectcom-gtcdcddbene3cpes.z01.azurefd.net/11745970-1-N-Whirlpool-WP841180A-Refrigerator-Tray.jpg",
    "name": "Caloric Refrigerator Tray",
    "partselect_number": "PS11745970",
    "manufacturer_number": "WP841180A",
    "description": "★★★★★\n★★★★★\n1 Review\nThis fourteen cube ice cube tray is eleven inches long. It is all white in color and is made entirely of plastic.",
    "price": "$9.95",
    "stock_status": "In Stock",
    "rating": "5.00 out of 5",
    "reviews_count": 1
  },
  {
    "url": "https://www.partselect.com/PS316579-Whirlpool-1123394-Refrigerator-Cold-Control-Thermostat.htm?SourceCode=18",
    "image_url": "https://partselectcom-gtcdcddbene3cpes.z01.azurefd.net/316579-1-N-Whirlpool-1123394-Refrigerator-Cold-Control-Thermostat.jpg",
    "name": "Caloric Refrigerator Cold Control Thermostat",
    "partselect_number": "PS316579",
    "manufacturer_number": "1123394",
    "description": "★★★★★\n★★★★★\n2 Reviews\nThis cold control thermostat has a temperature range from 29.5 degrees Fahrenheit to 16.5 degrees Fahrenheit and a capillary length of 35 inches.",
    "price": "$95.98",
    "stock_status": "In Stock",
    "rating": "5.00 out of 5",
    "reviews_count": 2
  },
  {
    "url": "https://www.partselect.com/PS11747824-Whirlpool-WPC8891605-Evaporator-Fan-Motor.htm?SourceCode=18",
    "image_url": "https://partselectcom-gtcdcddbene3cpes.z01.azurefd.net/11747824-1-N-Whirlpool-WPC8891605-Evaporator-Fan-Motor.jpg",
    "name": "Caloric Refrigerator Evaporator Fan Motor",
    "partselect_number": "PS11747824",
    "manufacturer_number": "WPC8891605",
    "description": "This evaporator fan motor is located in the back of the freezer, and circulates air over the refrigerator coils. These coils will convert the heat into cool air, which is then circulated.",
    "price": "$169.15",
    "stock_status": "In Stock"
  },
  {
    "url": "https://www.partselect.com/PS11740356-Whirlpool-WP2315522-Refrigerator-Retainer-Thermostat.htm?SourceCode=18",
    "image_url": "https://partselectcom-gtcdcddbene3cpes.z01.azurefd.net/11740356-1-N-Whirlpool-WP2315522-Refrigerator-Retainer-Thermostat.jpg",
    "name": "Caloric Refrigerator Retainer Thermostat",
    "partselect_number": "PS11740356",
    "manufacturer_number": "WP2315522",
    "price": "$11.95",
    "stock_status": "Special Order"
  },
  {
    "url": "https://www.partselect.com/PS11743163-Whirlpool-WP61003336-Ice-Bin-Drive-Ring.htm?SourceCode=18",
    "image_url": "https://partselectcom-gtcdcddbene3cpes.z01.azurefd.net/11743163-1-N-Whirlpool-WP61003336-Ice-Bin-Drive-Ring.jpg",
    "name": "Caloric Refrigerator Ice Bin Drive Ring",
    "partselect_number": "PS11743163",
    "manufacturer_number": "WP61003336",
    "description": "★★★★★\n★★★★★\n1 Review\nThis drive ring is three inches in diameter. It is all white in color and is made of plastic. This ring is used with a refrigeraor's icemaker assembly.",
    "price": "$45.49",
    "stock_status": "Special Order",
    "rating": "5.00 out of 5",
    "reviews_count": 1
  },
  {
    "url": "https://www.partselect.com/PS11747816-Whirlpool-WPB5705307-Refrigerator-Plastic-Tubing.htm?SourceCode=18",
    "image_url": "https://partselectcom-gtcdcddbene3cpes.z01.azurefd.net/11747816-1-N-Whirlpool-WPB5705307-Refrigerator-Plastic-Tubing.jpg",
    "name": "Caloric Refrigerator Plastic Tubing",
    "partselect_number": "PS11747816",
    "manufacturer_number": "WPB5705307",
    "description": "★★★★★\n★★★★★\n1 Review\nThis part supplies water to refrigerator components that require water, such as the ice maker and water dispenser. If you notice a leak coming from your refrigerator, the plastic tubing that feeds your water and ice dispenser might need to be replaced. This part is made of clear plastic and is 1/4 inch thick, and 8 1/2 feet long. Make sure to disconnect power to the refrigerator and shut off the water supply prior to installing this part. Safely store any perishable food items that could deteriorate while the power to the refrigerator is disconnected. Work gloves are recommended to protect your hands during this installation.",
    "price": "$16.95",
    "stock_status": "In Stock",
    "rating": "5.00 out of 5",
    "reviews_count": 1
  },
  {
    "url": "https://www.partselect.com/PS2003449-Whirlpool-12001935-Ice-Maker-Fill-Tube.htm?SourceCode=18",
    "image_url": "https://partselectcom-gtcdcddbene3cpes.z01.azurefd.net/2003449-1-N-Whirlpool-12001935-Ice-Maker-Fill-Tube.jpg",
    "name": "Caloric Refrigerator Ice Maker Fill Tube",
    "partselect_number": "PS2003449",
    "manufacturer_number": "12001935",
    "description": "This fill tube grommet is used to supply water to the icemaker and is partially located in the refrigerator/freezer wall.",
    "price": "$47.95",
    "stock_status": "On Order"
  },
  {
    "url": "https://www.partselect.com/PS11747914-Whirlpool-WPM0117303-Refrigerator-Kick-Plate-Grill-Clip.htm?SourceCode=18",
    "image_url": "https://partselectcom-gtcdcddbene3cpes.z01.azurefd.net/11747914-1-N-Whirlpool-WPM0117303-Refrigerator-Kick-Plate-Grill-Clip.jpg",
    "name": "Caloric Refrigerator Kick Plate Grill Clip",
    "partselect_number": "PS11747914",
    "manufacturer_number": "WPM0117303",
    "description": "★★★★★\n★★★★★\n1 Review\nThis refrigerator kick plate grill is sold individually. Order two if you need to replace both clips. *Please note, if you are ordering the kick plate, check with your model number as these parts may be included.",
    "price": "$9.95",
    "stock_status": "In Stock",
    "rating": "5.00 out of 5",
    "reviews_count": 1
  },
  {
    "name": "Refrigerator Parts",
    "url": "https://www.partselect.com/Refrigerator-Parts.htm",
    "description": "Refrigerator Parts"
  },
  {
    "name": "Caloric Parts",
    "url": "https://www.partselect.com/Caloric-Parts.htm",
    "description": "Caloric Parts"
  }
]