[
  {
    "url": "https://www.partselect.com/PS1524878-Frigidaire-154106202-Heating-Element-Brass-Nut.htm?SourceCode=18",
    "image_url": "https://partselectcom-gtcdcddbene3cpes.z01.azurefd.net/1524878-1-N-Frigidaire-154106202-Heating-Element-Brass-Nut.jpg",
    "name": "Caloric Dishwasher Heating Element Brass Nut",
    "partselect_number": "PS1524878",
    "manufacturer_number": "154106202",
    "description": "★★★★★\n★★★★★\n9 Reviews\nThe heating element nut is used to connect the heating element to the dishwasher tub. If water is leaking from underneath your dishwasher, you may need to tighten or replace the heating element nut. Replacing the nut is an easy job, does not require any specialty tools, and should not take you more than 10 minutes. For our step by step guide, click the video below. The brass nut measures 7 inches in length x 1 inch in width x 5 inches in height, and fits most dishwashers. To see if this part is compatible with your dishwasher, check the list of compatible brands below.",
    "price": "$\n12.56",
    "stock_status": "In Stock",
    "rating": "4.9/5",
    "reviews_count": 9,
    "reviews": [],
    "repair_stories": [],
    "symptoms_fixed": "Leaking | Not drying dishes properly",
    "works_with": "Dishwasher.",
    "also_replaces": [
      "AP3965251",
      "1196115",
      "08014807",
      "0806834",
      "1093360",
      "154106201",
      "159895A",
      "3018118",
      "3351029",
      "40571",
      "4162518",
      "5300806834",
      "5303351029",
      "8-6834",
      "80-6834",
      "8014807",
      "806834",
      "89637-1",
      "896371",
      "S000007201 ... Show more"
    ],
    "video_url": "https://www.youtube.com/watch?v=vDxcXmE5lmA"
  },
  {
    "url": "https://www.partselect.com/PS11740613-Whirlpool-WP285655-Washer-Hose-Clamp.htm?SourceCode=18",
    "image_url": "https://partselectcom-gtcdcddbene3cpes.z01.azurefd.net/11740613-1-N-Whirlpool-WP285655-Washer-Hose-Clamp.jpg",
    "name": "Caloric Dishwasher Washer Hose Clamp",
    "partselect_number": "PS11740613",
    "manufacturer_number": "WP285655",
    "description": "★★★★★\n★★★★★\n2 Reviews\nThe hose clamp is used to hold the water hose in place which will prevent the hose from leaking water. Sometimes the clamp may lose its ability to latch on, causing a leaking washer. For the installation, you will need a flat head screw driver to replace the clamp and a drill to access the screws to remove the front of the washer. Be careful if you do not have specific clamp pliers as the clamp could fly off. Once the front of the washer has been removed, take a quick look for water damage or any obvious signs of where the leak is coming from. If it is not obvious, run water to test.",
    "price": "$\n9.65",
    "stock_status": "In Stock",
    "rating": "3.0/5",
    "reviews_count": 2,
    "reviews": [],
    "repair_stories": [],
    "symptoms_fixed": "Leaking | Will not drain",
    "works_with": "Washer, Dishwasher, Washer Dryer Combo, Refrigerator.",
    "also_replaces": [
      "AP6007497",
      "01500081",
      "01500148",
      "01500206",
      "01500208",
      "01500214",
      "0808186",
      "113200354",
      "113200366",
      "14001075",
      "14001076",
      "14219080",
      "14220070",
      "14224489",
      "17225",
      "2-0461",
      "2-0908",
      "2-0909",
      "2-1011",
      "2-10597 ... Show more"
    ],
    "video_url": "https://www.youtube.com/watch?v=zwwPTlB9_W0"
  },
  {
    "url": "https://www.partselect.com/PS11751238-Whirlpool-WPW10254672-Dishwasher-Faucet-Adapter.htm?SourceCode=18",
    "image_url": "https://partselectcom-gtcdcddbene3cpes.z01.azurefd.net/11751238-1-N-Whirlpool-WPW10254672-Dishwasher-Faucet-Adapter.jpg",
    "name": "Caloric Dishwasher Faucet Adapter",
    "partselect_number": "PS11751238",
    "manufacturer_number": "WPW10254672",
    "description": "★★★★★\n★★★★★\n24 Reviews\nThe faucet adapter for your portable dishwasher or washing machine attaches to the faucet and allows you to connect the machine to the tap. Before you install the faucet adapter on your taps, be sure that it fits the coupler on your dishwasher or washer. As per the factory, this is used for faucets with inside or outside threads. For female connection (outside) just remove the washers. This adapter is approximately 1 inch in length, and slightly less than one inch in diameter. This adapter comes with two different thicknesses of rubber washer. You will not need to use both so be sure to determine which thickness works best for your tap before installing it.",
    "price": "$\n44.57",
    "stock_status": "In Stock",
    "rating": "4.8/5",
    "reviews_count": 24,
    "reviews": [],
    "repair_stories": [],
    "symptoms_fixed": "Leaking | Will not fill with water",
    "works_with": "Dishwasher, Washer.",
    "also_replaces": [
      "AP6017937",
      "0803149",
      "0803391",
      "110552",
      "115356",
      "14205693",
      "20057331",
      "20082085",
      "20082444",
      "20084016",
      "20103199",
      "21014",
      "300446",
      "326039784",
      "3374592",
      "39898-1",
      "40006-1",
      "40420-1",
      "4107541",
      "4160080 ... Show more"
    ],
    "video_url": "https://www.youtube.com/watch?v=XLZQFsAMbp0"
  },
  {
    "url": "https://www.partselect.com/PS11728058-Whirlpool-W10841140-Range-Heat-Resistant-Adhesive.htm?SourceCode=18",
    "image_url": "https://partselectcom-gtcdcddbene3cpes.z01.azurefd.net/11728058-1-N-Whirlpool-W10841140-Range-Heat-Resistant-Adhesive.jpg",
    "name": "Caloric Dishwasher Range Heat Resistant Adhesive",
    "partselect_number": "PS11728058",
    "manufacturer_number": "W10841140",
    "description": "★★★★★\n★★★★★\n1 Review\nThis is a heat-resistant adhesive for your appliance. The heat resistance allows you to stick parts such as grate feet, gaskets, and felt seals in hot areas, such as a cooktop, without compromising the integrity of the adhesive. It is white in color, and the tube is approximately 7.5 inches long.",
    "price": "$17.77",
    "stock_status": "In Stock",
    "rating": "5.00 out of 5",
    "reviews_count": 1
  },
  {
    "url": "https://www.partselect.com/PS11743796-Whirlpool-WP696392-Clamp.htm?SourceCode=18",
    "image_url": "https://partselectcom-gtcdcddbene3cpes.z01.azurefd.net/11743796-1-N-Whirlpool-WP696392-Clamp.jpg",
    "name": "Caloric Dishwasher Clamp",
    "partselect_number": "PS11743796",
    "manufacturer_number": "WP696392",
    "description": "This screw-type clamp, also known as a hose clamp, is made of metal and is used within various models of washers to secure the tub-to-pump hose and tub/drum of the washer. Without this clamp, the hose is vulnerable to leaking and disconnecting from the tub during the wash cycle of the washer, which can present a serious safety hazard for the machine and your home. Clamps can wear out and lose their tension due to excessive vibrations, mechanical damage, and normal wear and tear, all things present within a washing machine. To replace this clamp, you will first need to turn off your washer and you will need access to the lower portion of the washer chassis, which may require one or multiple screwdrivers and wrenches. Once you have access, use your screwdriver to loosen this clamp, which can then be removed and replaced with the new clamp, which will need to be tightened securely. Then you can simply reassemble the rest of the washer you originally disassembled.",
    "price": "$9.95",
    "stock_status": "On Order"
  },
  {
    "url": "https://www.partselect.com/PS11746842-Whirlpool-WP910218-Dishwasher-Coupler-Gasket.htm?SourceCode=18",
    "image_url": "https://partselectcom-gtcdcddbene3cpes.z01.azurefd.net/11746842-1-N-Whirlpool-WP910218-Dishwasher-Coupler-Gasket.jpg",
    "name": "Caloric Dishwasher Coupler Gasket",
    "partselect_number": "PS11746842",
    "manufacturer_number": "WP910218",
    "description": "This authentic OEM coupler gasket creates a watertight seal between your dishwasher hose and the faucet or the water inlet. It ensures leak-free operation and maintains proper water flow during dishwashing. Signs of a broken or worn-out gasket include poor or inconsistent water flow in the dishwasher, resulting in dirty dishes even after a cycle. Additionally, a faulty gasket may cause water to drip or spray around the faucet connection or under the sink, potentially leading to water damage. To remove your existing gasket, you will need to locate it within the back panel of the appliance with the help of your user manual. Detach the faucet adapter from the hose by untwisting it. With a flathead screwdriver or pliers, pry the coupler gasket from your appliance. Please note that this replacement part is sold individually.",
    "price": "$10.95",
    "stock_status": "In Stock"
  },
  {
    "url": "https://www.partselect.com/PS1660806-Whirlpool-910209-Dishwasher-Faucet-Adapter-Washer.htm?SourceCode=18",
    "image_url": "https://partselectcom-gtcdcddbene3cpes.z01.azurefd.net/1660806-1-N-Whirlpool-910209-Dishwasher-Faucet-Adapter-Washer.jpg",
    "name": "Caloric Dishwasher Faucet Adapter Washer",
    "partselect_number": "PS1660806",
    "manufacturer_number": "910209",
    "price": "$38.95",
    "stock_status": "Special Order"
  },
  {
    "name": "Dishwasher Parts",
    "url": "https://www.partselect.com/Dishwasher-Parts.htm",
    "description": "Dishwasher Parts"
  },
  {
    "name": "Caloric Parts",
    "url": "https://www.partselect.com/Caloric-Parts.htm",
    "description": "Caloric Parts"
  }
]