[
  {
    "url": "https://www.partselect.com/PS11746591-Whirlpool-WP8565925-Dishwasher-Rack-Track-Stop.htm?SourceCode=18",
    "image_url": "https://partselectcom-gtcdcddbene3cpes.z01.azurefd.net/11746591-1-N-Whirlpool-WP8565925-Dishwasher-Rack-Track-Stop.jpg",
    "name": "Crosley Dishwasher Rack Track Stop",
    "partselect_number": "PS11746591",
    "manufacturer_number": "WP8565925",
    "description": "★★★★★\n★★★★★\n107 Reviews\nThe rack track stop on your dishwasher is designed to stop the dish rack at the appropriate place when opening and closing the rack. If your dishwasher is not cleaning your dishes properly, the rack stop may need to be replaced. The replacement part may differ slightly from the broken part, depending on the model. However, the different styles are interchangeable. This product is sold individually and comes in both a white and grey plastic version. Many of our customers found this repair to be very easy and takes less than 30 minutes to complete. Simply snap the old part out and snap the new part into place. You will not require any tools to complete the job. This is an authentic part approved by the manufacturer.",
    "price": "$\n9.65",
    "stock_status": "In Stock",
    "rating": "4.7/5",
    "reviews_count": 107,
    "reviews": [],
    "repair_stories": [],
    "symptoms_fixed": "Door latch failure | Not cleaning dishes properly | Door won’t close",
    "works_with": "Dishwasher.",
    "also_replaces": [
      "AP6013365",
      "8270105",
      "8270106",
      "8524581",
      "8524582",
      "8562015",
      "8565920",
      "8565925",
      "W10082860",
      "W10082861",
      "W10199682",
      "W10508950",
      "WP8565925VP",
      "WPW10082861VP",
      "WPW10508950",
      "WPW10508950VP"
    ],
    "video_url": "https://www.youtube.com/watch?v=siE-8HethWg"
  },
  {
    "url": "https://www.partselect.com/PS12585623-Frigidaire-5304517203-Lower-Spray-Arm.htm?SourceCode=18",
    "image_url": "https://partselectcom-gtcdcddbene3cpes.z01.azurefd.net/12585623-1-N-Frigidaire-5304517203-Lower-Spray-Arm.jpg",
    "name": "Crosley Dishwasher Lower Spray Arm",
    "partselect_number": "PS12585623",
    "manufacturer_number": "5304517203",
    "description": "★★★★★\n★★★★★\n143 Reviews\nThe Lower Spray Arm is used in your dishwasher to spray water and clean your dishes. If broken there will be visible damage or your dishes may no longer be cleaned properly. If your spray arm is broken (due to general wear or high heat), it should be replaced. Your lower spray arm will be located at the bottom of your dishwasher tub. Check your user manual and model number to ensure this model is right for you. This version is plastic and metal and comes in gray/blue. We recommend you wear work gloves to keep your hands safe when installing and disconnect power to the appliance. You will also want to make sure that you turn off the water supply to your dishwasher. From here, you will want to open the dishwasher, pull out the lower rack and set it aside. Remove the lower wash arm. On each side of the bottom of the spray arm, there are small locking tabs that can be pushed aside using a flathead screwdriver. Once released, the spray arm can easily be pulled off the dishwasher. Put the new lower wash arm in place and push it down to lock it in. Ensure it is spinning freely and does not hit the heating element. Return the lower dish rack into place and then close the dishwasher door.",
    "price": "$\n39.86",
    "stock_status": "In Stock",
    "rating": "4.8/5",
    "reviews_count": 143,
    "reviews": [],
    "repair_stories": [],
    "symptoms_fixed": "Not cleaning dishes properly | Leaking | Noisy | Not draining",
    "works_with": "Dishwasher.",
    "also_replaces": [
      "154250801",
      "154250901",
      "154281101",
      "154414101",
      "154414102",
      "154568001",
      "154568002",
      "5304506526"
    ],
    "video_url": "https://www.youtube.com/watch?v=HiQvsf7qtW4"
  },
  {
    "url": "https://www.partselect.com/PS8260087-Whirlpool-W10518394-Dishwasher-Heating-Element.htm?SourceCode=18",
    "image_url": "https://partselectcom-gtcdcddbene3cpes.z01.azurefd.net/8260087-1-N-Whirlpool-W10518394-Dishwasher-Heating-Element.jpg",
    "name": "Crosley Dishwasher Heating Element",
    "partselect_number": "PS8260087",
    "manufacturer_number": "W10518394",
    "description": "★★★★★\n★★★★★\n113 Reviews\nThis manufacturer-certified heating element is used to create heat during the dry cycle and increase water temperature during portions of the wash cycle when certain options are selected. If your dishes are not drying or the water in the dishwasher is not getting hot you may need to replace the element. This kit includes the heater, two heater fasteners, and is a genuine OEM part. Please remember to disconnect the power before starting the repair. Use a multi-meter to test your heating element for continuity to determine whether this is the part that is causing your symptom. This part does not include any washers. To make your repair, disconnect the wires from the bottom of the element in the back, remove the plastic nuts holding it in place, remove the element, and repeat these steps in reverse order to install your new part. This is an easy repair that requires only a screwdriver, wrench set, and should take less than 30 minutes.",
    "price": "$\n66.09",
    "stock_status": "In Stock",
    "rating": "4.5/5",
    "reviews_count": 113,
    "reviews": [],
    "repair_stories": [],
    "symptoms_fixed": "Not drying dishes properly | Not cleaning dishes properly | Will Not Start | Leaking",
    "works_with": "Dishwasher.",
    "also_replaces": [
      "AP5690151",
      "2977737",
      "W10518394",
      "8194250",
      "8563007",
      "8563464",
      "8572861",
      "W10134009",
      "W10441445",
      "W10518394VP"
    ],
    "video_url": "https://www.youtube.com/watch?v=Co8dQ7rzTMQ"
  },
  {
    "url": "https://www.partselect.com/PS8260227-Frigidaire-154827601-Dishwasher-Tub-Gasket-Gray.htm?SourceCode=18",
    "image_url": "https://partselectcom-gtcdcddbene3cpes.z01.azurefd.net/8260227-1-N-Frigidaire-154827601-Dishwasher-Tub-Gasket-Gray.jpg",
    "name": "Crosley Dishwasher Tub Gasket (gray)",
    "partselect_number": "PS8260227",
    "manufacturer_number": "154827601",
    "description": "★★★★★\n★★★★★\n50 Reviews\nThis grey OEM dishwasher tub gasket is a 73\" grey rubber part that creates a seal around the dishwasher to prevent any water leakage during a cycle. If it's damaged or broken, you'll start seeing water leaking out. If broken, it should be replaced. Refer to your model number and user manual to ensure this part is right for you. When making this repair, open the dishwasher door and take out the lower dish tray for better access. Pull out the old gasket, and clean the channel with a rag. Push the new gasket into place into the notch on the door, which you should see upon close inspection, using a flat-head screwdriver for assistance if necessary. We do not recommend cutting any additional length off on the tub gasket if any is present during your repair.",
    "price": "$15.99",
    "stock_status": "In Stock",
    "rating": "4.78 out of 5",
    "reviews_count": 50
  },
  {
    "url": "https://www.partselect.com/PS9495545-Frigidaire-809006501-Dishwasher-Bottom-Door-Gasket.htm?SourceCode=18",
    "image_url": "https://partselectcom-gtcdcddbene3cpes.z01.azurefd.net/9495545-1-N-Frigidaire-809006501-Dishwasher-Bottom-Door-Gasket.jpg",
    "name": "Crosley Dishwasher Bottom Door Gasket",
    "partselect_number": "PS9495545",
    "manufacturer_number": "809006501",
    "description": "★★★★★\n★★★★★\n206 Reviews\nThis dishwasher door gasket (Bottom Gasket, Gasket, Door Seal, Dishwasher Door Lower Seal) helps prevent water from leaking out of the bottom edge of your dishwasher door by creating a watertight seal. This part is attached to the bottom of your dishwasher inner door panel. It is frequently exposed to water and detergent during its lifetime. The water and chemicals can eventually wear down the gasket and compromise the integrity of the seal. If the gasket is malfunctioning, the integrity of the door seal will be effected. You will notice leaking through the bottom of your dishwasher door. If your dishwasher is leaking water from the bottom of the door, first inspect the seal for food particles near the bottom and sides, and remove the buildup, as it can stop the door from closing properly and keeping a tight seal; if not, you may need to replace the bottom door gasket. Check the door gasket for tears, cuts, or wear. This part is sold individually and measures 22.5 inches by 1.25 inches. It is constructed of plastic, and comes in yellow/grey. Includes one lower door gasket.",
    "price": "$36.81",
    "stock_status": "In Stock",
    "rating": "4.73 out of 5",
    "reviews_count": 206
  },
  {
    "url": "https://www.partselect.com/PS11748729-Whirlpool-WPW10130695-Dishwasher-Door-Handle-And-Latch-Assembly-with-Switch.htm?SourceCode=18",
    "image_url": "https://partselectcom-gtcdcddbene3cpes.z01.azurefd.net/11748729-1-N-Whirlpool-WPW10130695-Dishwasher-Door-Handle-And-Latch-Assembly-with-Switch.jpg",
    "name": "Crosley Dishwasher Door Handle And Latch Assembly With Switch",
    "partselect_number": "PS11748729",
    "manufacturer_number": "WPW10130695",
    "description": "★★★★★\n★★★★★\n732 Reviews\nThis door latch (Dishwasher Door Latch Assembly, Door Latch Assembly, Latch Assembly) is a simple on/off mechanism that prohibits the dishwasher from operating when the door is open. It is located on the door of your dishwasher, and is mounted on the inner door panel. The door latch can break from material fatigue. If the door is often slammed or opened quickly, the latch may break prematurely. If the door won't open or the door switches won't activate, you will need to replace this part. This latch measures 5 1/2 inches wide, 4 1/2 inches high, 2 1/2 inches deep, is constructed out of plastic and comes in black. The kit includes the black handle, latch, and 2 switches.",
    "price": "$40.27",
    "stock_status": "In Stock",
    "rating": "4.80 out of 5",
    "reviews_count": 732
  },
  {
    "url": "https://www.partselect.com/PS17219658-Frigidaire-5304535379-Lower-Rack-Assembly-Grey.htm?SourceCode=18",
    "image_url": "https://partselectcom-gtcdcddbene3cpes.z01.azurefd.net/17219658-1-N-Frigidaire-5304535379-Lower-Rack-Assembly-Grey.jpg",
    "name": "Crosley Dishwasher Lower Rack Assembly (grey)",
    "partselect_number": "PS17219658",
    "manufacturer_number": "5304535379",
    "description": "★★★★★\n★★★★★\n20 Reviews\nThis dishrack is for dishwashers. The dishrack holds the dishes in place during the dishwashing cycle.",
    "price": "$79.85",
    "stock_status": "In Stock",
    "rating": "4.75 out of 5",
    "reviews_count": 20
  },
  {
    "url": "https://www.partselect.com/PS16218716-Frigidaire-5304525218-Latch.htm?SourceCode=18",
    "image_url": "https://partselectcom-gtcdcddbene3cpes.z01.azurefd.net/16218716-1-N-Frigidaire-5304525218-Latch.jpg",
    "name": "Crosley Dishwasher Latch",
    "partselect_number": "PS16218716",
    "manufacturer_number": "5304525218",
    "description": "★★★★★\n★★★★★\n23 Reviews\nThis door latch with the switches is a simple on/off mechanism that prohibits the dishwasher from operating when the door is open.",
    "price": "$45.25",
    "stock_status": "In Stock",
    "rating": "4.78 out of 5",
    "reviews_count": 23
  },
  {
    "url": "https://www.partselect.com/PS16745479-Frigidaire-5304532229-Wheel-Bushing-Assembly.htm?SourceCode=18",
    "image_url": "https://partselectcom-gtcdcddbene3cpes.z01.azurefd.net/16745479-1-N-Frigidaire-5304532229-Wheel-Bushing-Assembly.jpg",
    "name": "Crosley Dishwasher Wheel & Bushing Assembly",
    "partselect_number": "PS16745479",
    "manufacturer_number": "5304532229",
    "description": "★★★★★\n★★★★★\n25 Reviews\nThe single rack roller kit comes with one axle/clip and one wheel/roller. The rack wheel is designed to allow the rack of your dishwasher to roll in and out. If the rack will not complete this task, or you notice that your dishwasher is not cleaning dishes properly, you may need to replace the rack wheel. The single rack roller kit is made of white plastic, and clips to the dishwasher rack with the included axle/clip. Many of our customers have described this repair as easy, and you will not require any tools to complete it. Lower rack roller and bracket assembly, grey. Wheel has been updated. If wheel pictured is not like old one, you may need to replace all wheels.",
    "price": "$10.62",
    "stock_status": "In Stock",
    "rating": "4.64 out of 5",
    "reviews_count": 25
  },
  {
    "url": "https://www.partselect.com/PS11703834-Frigidaire-5304500204-Dishwasher-Door-Bottom-Seal.htm?SourceCode=18",
    "image_url": "https://partselectcom-gtcdcddbene3cpes.z01.azurefd.net/11703834-1-N-Frigidaire-5304500204-Dishwasher-Door-Bottom-Seal.jpg",
    "name": "Crosley Dishwasher Door Bottom Seal",
    "partselect_number": "PS11703834",
    "manufacturer_number": "5304500204",
    "description": "★★★★★\n★★★★★\n21 Reviews\nThis door seal is for dishwashers. Door seal seals the gap between the opening to the dishwasher tub and the outer edge of the door. After installing the door seal, shut the dishwasher door and leave the door closed for several hours to properly seat the new door seal.",
    "price": "$8.91",
    "stock_status": "In Stock",
    "rating": "4.86 out of 5",
    "reviews_count": 21
  },
  {
    "url": "https://www.partselect.com/PS11743934-Whirlpool-WP717273-Dishwasher-Rubber-Washer.htm?SourceCode=18",
    "image_url": "https://partselectcom-gtcdcddbene3cpes.z01.azurefd.net/11743934-1-N-Whirlpool-WP717273-Dishwasher-Rubber-Washer.jpg",
    "name": "Crosley Dishwasher Rubber Washer",
    "partselect_number": "PS11743934",
    "manufacturer_number": "WP717273",
    "description": "The rubber washer is a part which is specific to dishwashers and should not be substituted by a similar part. It works with the heating element to seal the receptacle opening where the heating element is attached. The rubber washer is used to prevent water leaking from your dishwasher during its cycle. Before making any repairs to your dishwasher make sure that you disconnect the power by finding the breaker for the dishwasher, and turning it off. The tools you will need to complete this repair include an adjustable wrench, and a 1/4 inch nut driver. This specific rubber washer is sold individually.",
    "price": "$7.71",
    "stock_status": "In Stock"
  },
  {
    "url": "https://www.partselect.com/PS11770489-Frigidaire-5304506525-Dishwasher-Filter.htm?SourceCode=18",
    "image_url": "https://partselectcom-gtcdcddbene3cpes.z01.azurefd.net/11770489-1-N-Frigidaire-5304506525-Dishwasher-Filter.jpg",
    "name": "Crosley Dishwasher Filter",
    "partselect_number": "PS11770489",
    "manufacturer_number": "5304506525",
    "description": "★★★★★\n★★★★★\n3 Reviews\nThis filter is for dishwashers. The filter removes food particles and debris from the water to prevent the drain from clogging. Follow the instructions in the manual when installing this part.",
    "price": "$36.43",
    "stock_status": "In Stock",
    "rating": "5.00 out of 5",
    "reviews_count": 3
  },
  {
    "url": "https://www.partselect.com/PS11755809-Whirlpool-WPW10509257-Dishwasher-Door-Gasket-Gray.htm?SourceCode=18",
    "image_url": "https://partselectcom-gtcdcddbene3cpes.z01.azurefd.net/11755809-1-N-Whirlpool-WPW10509257-Dishwasher-Door-Gasket-Gray.jpg",
    "name": "Crosley Dishwasher Door Gasket Gray",
    "partselect_number": "PS11755809",
    "manufacturer_number": "WPW10509257",
    "description": "★★★★★\n★★★★★\n30 Reviews\nThis gasket wraps around the sides and top of the dishwasher door and helps seal the door when it is closed to prevent water from leaking from the dishwasher during the washing cycle. If your dishwasher is leaking water, first inspect the seal for food particles near the bottom and sides, and remove it. A buildup can stop the door from closing properly and keeping a tight seal. Check the door gasket for tears, cuts, or wear. If the gasket is damaged, you will need to replace it. Before starting the repair, make sure to disconnect the power to the dishwasher.",
    "price": "$49.87",
    "stock_status": "In Stock",
    "rating": "4.93 out of 5",
    "reviews_count": 30
  },
  {
    "url": "https://www.partselect.com/PS3653449-Frigidaire-154825001-Heating-Element.htm?SourceCode=18",
    "image_url": "https://partselectcom-gtcdcddbene3cpes.z01.azurefd.net/3653449-1-N-Frigidaire-154825001-Heating-Element.jpg",
    "name": "Crosley Dishwasher Heating Element",
    "partselect_number": "PS3653449",
    "manufacturer_number": "154825001",
    "description": "★★★★★\n★★★★★\n9 Reviews\nThis dishwasher heating element is not designed to heat the water that enters it, but is designed to maintain the heat of the water that enters the dishwasher. It is located on the bottom of the dishwasher. NOTE: Brass nuts are NOT included. Must be ordered separately.",
    "price": "$70.03",
    "stock_status": "In Stock",
    "rating": "4.67 out of 5",
    "reviews_count": 9
  },
  {
    "url": "https://www.partselect.com/PS17217958-Frigidaire-154756401-Friction-Pulley-Cable.htm?SourceCode=18",
    "image_url": "https://partselectcom-gtcdcddbene3cpes.z01.azurefd.net/17217958-1-N-Frigidaire-154756401-Friction-Pulley-Cable.jpg",
    "name": "Crosley Dishwasher Friction Pulley Cable",
    "partselect_number": "PS17217958",
    "manufacturer_number": "154756401",
    "description": "★★★★★\n★★★★★\n8 Reviews\nSold individually.",
    "price": "$7.79",
    "stock_status": "In Stock",
    "rating": "5.00 out of 5",
    "reviews_count": 8
  },
  {
    "url": "https://www.partselect.com/PS11745480-Whirlpool-WP8268873-Dishwasher-Lower-Spray-Arm-Nut.htm?SourceCode=18",
    "image_url": "https://partselectcom-gtcdcddbene3cpes.z01.azurefd.net/11745480-1-N-Whirlpool-WP8268873-Dishwasher-Lower-Spray-Arm-Nut.jpg",
    "name": "Crosley Dishwasher Lower Spray Arm Nut",
    "partselect_number": "PS11745480",
    "manufacturer_number": "WP8268873",
    "description": "★★★★★\n★★★★★\n24 Reviews\nThis spray arm nut is used in dishwashers and works as the retaining nut for the lower dishwasher spray arm. The nut makes sure the lower spray arm is secured to the pump housing. If your spray arm is coming off, or your nut is lost or damaged, replacing the part can be a solution to your problem. Remember to unplug dishwasher from power source and disconnect the water supply before you begin this installation. Refer to the manual provided by the manufacturer for further installation instructions.",
    "price": "$9.65",
    "stock_status": "In Stock",
    "rating": "4.79 out of 5",
    "reviews_count": 24
  },
  {
    "url": "https://www.partselect.com/PS16218717-Frigidaire-5304525219-LATCH-ASSEMBLY.htm?SourceCode=18",
    "image_url": "https://partselectcom-gtcdcddbene3cpes.z01.azurefd.net/16218717-1-N-Frigidaire-5304525219-LATCH-ASSEMBLY.jpg",
    "name": "Crosley Dishwasher Latch Assembly",
    "partselect_number": "PS16218717",
    "manufacturer_number": "5304525219",
    "description": "★★★★★\n★★★★★\n15 Reviews\nThis is an OEM door latch (black), which works with dishwashers.",
    "price": "$46.03",
    "stock_status": "In Stock",
    "rating": "4.20 out of 5",
    "reviews_count": 15
  },
  {
    "url": "https://www.partselect.com/PS11770494-Frigidaire-5304506533-Filter-Base.htm?SourceCode=18",
    "image_url": "https://partselectcom-gtcdcddbene3cpes.z01.azurefd.net/11770494-1-N-Frigidaire-5304506533-Filter-Base.jpg",
    "name": "Crosley Dishwasher Filter Base",
    "partselect_number": "PS11770494",
    "manufacturer_number": "5304506533",
    "description": "★★★★★\n★★★★★\n3 Reviews\nLocated at the bottom of the dishwasher, this filter keep large particles of food and foreign objects away from the pump.",
    "price": "$29.71",
    "stock_status": "In Stock",
    "rating": "4.67 out of 5",
    "reviews_count": 3
  },
  {
    "url": "https://www.partselect.com/PS11741334-Whirlpool-WP3376846-Dishwasher-Lower-Spray-Arm-Seal.htm?SourceCode=18",
    "image_url": "https://partselectcom-gtcdcddbene3cpes.z01.azurefd.net/11741334-1-N-Whirlpool-WP3376846-Dishwasher-Lower-Spray-Arm-Seal.jpg",
    "name": "Crosley Dishwasher Lower Spray Arm Seal",
    "partselect_number": "PS11741334",
    "manufacturer_number": "WP3376846",
    "description": "★★★★★\n★★★★★\n11 Reviews\nThis dishwasher lower spray arm seal, or under spray arm bearing ring, is designed with the split by the manufacturer. It is not damaged or defective, and is sourced directly from the original manufacturer. This part is approximately 2 inches in diameter, made of plastic, and is white in color. This part is mounted underneath the dishwasher spray arm and creates a seal between the lower spray arm and the sump housing. To access the seal, remove lower dish rack and unscrew the nut that secures lower spray arm to the remove cover. No tools are required to replace the lower seal on your dishwasher.",
    "price": "$11.59",
    "stock_status": "In Stock",
    "rating": "4.64 out of 5",
    "reviews_count": 11
  },
  {
    "url": "https://www.partselect.com/PS11756139-Whirlpool-WPW10545278-Dishwasher-Drain-Hose.htm?SourceCode=18",
    "image_url": "https://partselectcom-gtcdcddbene3cpes.z01.azurefd.net/11756139-1-N-Whirlpool-WPW10545278-Dishwasher-Drain-Hose.jpg",
    "name": "Crosley Dishwasher Drain Hose",
    "partselect_number": "PS11756139",
    "manufacturer_number": "WPW10545278",
    "description": "★★★★★\n★★★★★\n12 Reviews\nThis part is used to drain water from your dishwasher.",
    "price": "$47.48",
    "stock_status": "In Stock",
    "rating": "4.50 out of 5",
    "reviews_count": 12
  },
  {
    "url": "https://www.partselect.com/PS12348079-Whirlpool-W11169039-Dishrack.htm?SourceCode=18",
    "image_url": "https://partselectcom-gtcdcddbene3cpes.z01.azurefd.net/12348079-1-N-Whirlpool-W11169039-Dishrack.jpg",
    "name": "Crosley Dishwasher Dishrack",
    "partselect_number": "PS12348079",
    "manufacturer_number": "W11169039",
    "description": "★★★★★\n★★★★★\n11 Reviews\nThe gray upper dishrack kit is a replacement for select dishwasher models. It securely holds dishes, cups, and utensils during the wash cycle. This kit does not come pre-assembled, so some parts from the original rack may need to be transferred. If your dishwasher does not have an adjustable rack, you will need to reuse the rollers from your old rack. Adjustable rollers may prevent proper alignment with the rear feed tube. This updated version may look slightly different from the original but functions the same.",
    "price": "$132.69",
    "stock_status": "In Stock",
    "rating": "4.18 out of 5",
    "reviews_count": 11
  },
  {
    "url": "https://www.partselect.com/PS815938-Frigidaire-154430501-Door-Spring.htm?SourceCode=18",
    "image_url": "https://partselectcom-gtcdcddbene3cpes.z01.azurefd.net/815938-1-N-Frigidaire-154430501-Door-Spring.jpg",
    "name": "Crosley Dishwasher Door Spring",
    "partselect_number": "PS815938",
    "manufacturer_number": "154430501",
    "description": "★★★★★\n★★★★★\n12 Reviews\nThis door spring is manufactured for a dishwasher door. The door spring applies tension to the dishwasher door so that the door does not drop too quickly when it is opening. If the door drops too quickly, it could cause damage to the dishwasher door or dishwasher door hinges. This spring is sold individually. Check the spring on the opposite side of the dishwasher door, they often wear at the same rate so you may want to replace both springs for exact tension on either side. No tools are required for this repair. This is an OEM replacement part.",
    "price": "$44.57",
    "stock_status": "In Stock",
    "rating": "4.75 out of 5",
    "reviews_count": 12
  },
  {
    "url": "https://www.partselect.com/PS11755402-Whirlpool-WPW10477552-Terminal-Nut.htm?SourceCode=18",
    "image_url": "https://partselectcom-gtcdcddbene3cpes.z01.azurefd.net/11755402-1-N-Whirlpool-WPW10477552-Terminal-Nut.jpg",
    "name": "Crosley Dishwasher Terminal Nut",
    "partselect_number": "PS11755402",
    "manufacturer_number": "WPW10477552",
    "description": "★★★★★\n★★★★★\n1 Review",
    "price": "$9.65",
    "stock_status": "In Stock",
    "rating": "3.00 out of 5",
    "reviews_count": 1
  },
  {
    "url": "https://www.partselect.com/PS12365196-Frigidaire-5304512731-BOARD.htm?SourceCode=18",
    "image_url": "https://partselectcom-gtcdcddbene3cpes.z01.azurefd.net/12365196-1-N-Frigidaire-5304512731-BOARD.jpg",
    "name": "Crosley Dishwasher Board",
    "partselect_number": "PS12365196",
    "manufacturer_number": "5304512731",
    "description": "★★★★★\n★★★★★\n3 Reviews\nThis is a genuine control board, which works with dishwashers.",
    "price": "$86.40",
    "stock_status": "In Stock",
    "rating": "4.33 out of 5",
    "reviews_count": 3
  },
  {
    "url": "https://www.partselect.com/PS11770690-Frigidaire-5304507405-ROLLER-TUB-Gray.htm?SourceCode=18",
    "image_url": "https://partselectcom-gtcdcddbene3cpes.z01.azurefd.net/11770690-1-N-Frigidaire-5304507405-ROLLER-TUB-Gray.jpg",
    "name": "Crosley Dishwasher Roller Tub Gray",
    "partselect_number": "PS11770690",
    "manufacturer_number": "5304507405",
    "description": "★★★★★\n★★★★★\n2 Reviews\nSold individually. Grey in color.",
    "price": "$24.20",
    "stock_status": "In Stock",
    "rating": "5.00 out of 5",
    "reviews_count": 2
  },
  {
    "url": "https://www.partselect.com/PS11753142-Whirlpool-WPW10337934-Spring.htm?SourceCode=18",
    "image_url": "https://partselectcom-gtcdcddbene3cpes.z01.azurefd.net/11753142-1-N-Whirlpool-WPW10337934-Spring.jpg",
    "name": "Crosley Dishwasher Spring",
    "partselect_number": "PS11753142",
    "manufacturer_number": "WPW10337934",
    "description": "★★★★★\n★★★★★\n9 Reviews\nThis door spring is a genuine OEM replacement part for your dishwasher. The spring ensures that your dishwasher door does not fall open too quickly. If this occurs, one or both springs should be replaced. This part consists of one spring. To replace the spring, you will need to pull the dishwasher about six inches to a foot out from the cabinet. Replacing the spring has been rated as an easy repair by our customers.",
    "price": "$23.47",
    "stock_status": "In Stock",
    "rating": "4.56 out of 5",
    "reviews_count": 9
  },
  {
    "url": "https://www.partselect.com/PS2360984-Whirlpool-W10258275-Dishwasher-Bimetal-Fuse.htm?SourceCode=18",
    "image_url": "https://partselectcom-gtcdcddbene3cpes.z01.azurefd.net/2360984-1-N-Whirlpool-W10258275-Dishwasher-Bimetal-Fuse.jpg",
    "name": "Crosley Dishwasher Bimetal Fuse",
    "partselect_number": "PS2360984",
    "manufacturer_number": "W10258275",
    "description": "★★★★★\n★★★★★\n41 Reviews\nThis part is used as a safety device to protect the dishwasher circuit from overload. If the temperature gets to high it will shut off the electrical current to the heating unit in the appliance. Also known as Thermal Fuse.",
    "price": "$30.02",
    "stock_status": "In Stock",
    "rating": "4.78 out of 5",
    "reviews_count": 41
  },
  {
    "url": "https://www.partselect.com/PS6448153-Frigidaire-A00099902-Dishwasher-Handle-And-Latch-Assembly-w-Switches.htm?SourceCode=18",
    "image_url": "https://partselectcom-gtcdcddbene3cpes.z01.azurefd.net/6448153-1-N-Frigidaire-A00099902-Dishwasher-Handle-And-Latch-Assembly-w-Switches.jpg",
    "name": "Crosley Dishwasher Handle And Latch Assembly W/switches",
    "partselect_number": "PS6448153",
    "manufacturer_number": "A00099902",
    "description": "★★★★★\n★★★★★\n16 Reviews\nNote: This part has been updated by the manufacturer. It may appear different than the original but will still function the same.",
    "price": "$68.35",
    "stock_status": "In Stock",
    "rating": "4.69 out of 5",
    "reviews_count": 16
  },
  {
    "url": "https://www.partselect.com/PS17219739-Frigidaire-5304535768-RACK-ASSEMBLY-LOWER-GREY.htm?SourceCode=18",
    "image_url": "https://partselectcom-gtcdcddbene3cpes.z01.azurefd.net/17219739-1-N-Frigidaire-5304535768-RACK-ASSEMBLY-LOWER-GREY.jpg",
    "name": "Crosley Dishwasher Rack Assembly Lower Grey",
    "partselect_number": "PS17219739",
    "manufacturer_number": "5304535768",
    "description": "★★★★★\n★★★★★\n105 Reviews\nThis grey lower dish rack assembly comes with eight light-gray rollers for easy access. The dish rack is approximately 21 inches wide x 22 inches deep. The dish rack holds dishes in place during the dishwashing cycle. If you see rust spots on the dishes, the lower rack will not pull out, or the lower rack is visibly rusted or damaged, you will need to replace the part. Other common symptoms include: unusual or loud noises coming from the unit, or the dishes on the lower rack not being washed properly.",
    "price": "$93.95",
    "stock_status": "In Stock",
    "rating": "4.80 out of 5",
    "reviews_count": 105
  },
  {
    "url": "https://www.partselect.com/PS11746856-Whirlpool-WP912652-Door-Spring.htm?SourceCode=18",
    "image_url": "https://partselectcom-gtcdcddbene3cpes.z01.azurefd.net/11746856-1-N-Whirlpool-WP912652-Door-Spring.jpg",
    "name": "Crosley Dishwasher Door Spring",
    "partselect_number": "PS11746856",
    "manufacturer_number": "WP912652",
    "description": "★★★★★\n★★★★★\n3 Reviews\nThe door spring puts tension on the dishwasher door though the hinge. This keeps it from falling or dropping abruptly when opening and closing. Please note: The spring for either side of the door is sold individually. If you see that your dishwasher is leaking, the door will not close or open properly, or it gets stuck, then replacing the spring could be a solution to these symptoms. During installation, remember there is potential for the door spring to snap if it is under too much pressure. For safety precautions, make sure you unplug the dishwasher from the power source before beginning your project.",
    "price": "$10.73",
    "stock_status": "In Stock",
    "rating": "5.00 out of 5",
    "reviews_count": 3
  },
  {
    "url": "https://www.partselect.com/PS4704481-Whirlpool-W10402110-Dishwasher-Thermal-Fuse.htm?SourceCode=18",
    "image_url": "https://partselectcom-gtcdcddbene3cpes.z01.azurefd.net/4704481-1-N-Whirlpool-W10402110-Dishwasher-Thermal-Fuse.jpg",
    "name": "Crosley Dishwasher Thermal Fuse",
    "partselect_number": "PS4704481",
    "manufacturer_number": "W10402110",
    "description": "★★★★★\n★★★★★\n10 Reviews\nThis is a replacement thermal fuse for your dishwasher. The thermal fuse is sometimes known as the thermal cutoff. The thermal fuse shuts off the dishwasher if the dishwasher shorts out or overheats. If your dishwasher is cutting out during the cycle, or will not start, you may have an issue with your thermal fuse. If your dishwasher control panel does not light up, the first thing you should check is the fuse. Before you begin to repair this part, be sure to disconnect the dishwasher from the power source, as you will be working around electricity.",
    "price": "$32.29",
    "stock_status": "In Stock",
    "rating": "4.30 out of 5",
    "reviews_count": 10
  },
  {
    "url": "https://www.partselect.com/PS420766-Frigidaire-154325201-Spring-Linkage.htm?SourceCode=18",
    "image_url": "https://partselectcom-gtcdcddbene3cpes.z01.azurefd.net/420766-1-N-Frigidaire-154325201-Spring-Linkage.jpg",
    "name": "Crosley Dishwasher Spring Linkage",
    "partselect_number": "PS420766",
    "manufacturer_number": "154325201",
    "description": "★★★★★\n★★★★★\n2 Reviews\nThis linkage attaches to the door spring.",
    "price": "$44.57",
    "stock_status": "In Stock",
    "rating": "4.00 out of 5",
    "reviews_count": 2
  },
  {
    "url": "https://www.partselect.com/PS11744874-Whirlpool-WP8066018-Dishwasher-Detergent-Lid-Spring.htm?SourceCode=18",
    "image_url": "https://partselectcom-gtcdcddbene3cpes.z01.azurefd.net/11744874-1-N-Whirlpool-WP8066018-Dishwasher-Detergent-Lid-Spring.jpg",
    "name": "Crosley Dishwasher Detergent Lid Spring",
    "partselect_number": "PS11744874",
    "manufacturer_number": "WP8066018",
    "description": "★★★★★\n★★★★★\n14 Reviews\nThe dishwasher lid spring helps open the dispenser cover in the soap box when the control releases the latch. If your dishwasher does not dispense detergent, is broken and worn out, or the door is not opening properly, replacing the dispenser spring could be the solution. For this replacement you will need needle nose pliers. First, release the cover on the detergent dispenser, then remove the cover from the shaft it hinges on. Pull the shaft from one side and remove the spring from the shaft. Next, replace with the new spring and engage the two open hooks into the soap cover. Finally, grasp the hook and pull it over tab on the side of the wash cup. Verify that it works properly by opening and closing the cap. Refer to the manual provided by the manufacturer for further instructions.",
    "price": "$7.79",
    "stock_status": "In Stock",
    "rating": "4.43 out of 5",
    "reviews_count": 14
  },
  {
    "url": "https://www.partselect.com/PS16218301-Frigidaire-5304509753-BASKET.htm?SourceCode=18",
    "image_url": "https://partselectcom-gtcdcddbene3cpes.z01.azurefd.net/16218301-1-N-Frigidaire-5304509753-BASKET.jpg",
    "name": "Crosley Dishwasher Basket",
    "partselect_number": "PS16218301",
    "manufacturer_number": "5304509753",
    "description": "★★★★★\n★★★★★\n3 Reviews\nThis is a basket for your dishwasher. It sits in the lower dishrack and holds small utensils during a washing cycle. This basket has six smaller sections where you can separate your cutlery into specific groups. This silverware holder is made entirely of plastic with a crisscross pattern allowing water and small food particles to pass through it during the cleaning process. This model is grey and roughly 14 inches long, about 6 inches high, and almost 4 inches thick.",
    "price": "$40.27",
    "stock_status": "In Stock",
    "rating": "5.00 out of 5",
    "reviews_count": 3
  },
  {
    "url": "https://www.partselect.com/PS8747095-Frigidaire-807111601-Sump-Cover-Plate-Black.htm?SourceCode=18",
    "image_url": "https://partselectcom-gtcdcddbene3cpes.z01.azurefd.net/8747095-1-N-Frigidaire-807111601-Sump-Cover-Plate-Black.jpg",
    "name": "Crosley Dishwasher Sump Cover Plate (black)",
    "partselect_number": "PS8747095",
    "manufacturer_number": "807111601",
    "description": "★★★★★\n★★★★★\n4 Reviews",
    "price": "$25.17",
    "stock_status": "In Stock",
    "rating": "5.00 out of 5",
    "reviews_count": 4
  },
  {
    "url": "https://www.partselect.com/PS1960964-Whirlpool-W10139223-Lower-Dishrack-with-Wheels.htm?SourceCode=18",
    "image_url": "https://partselectcom-gtcdcddbene3cpes.z01.azurefd.net/1960964-1-N-Whirlpool-W10139223-Lower-Dishrack-with-Wheels.jpg",
    "name": "Crosley Dishwasher Lower Dishrack With Wheels",
    "partselect_number": "PS1960964",
    "manufacturer_number": "W10139223",
    "description": "★★★★★\n★★★★★\n29 Reviews\nThe lower dishrack is used to hold the dishes in place during the operation of the cycles. The lower rack measures 5.963” high x 20.46” wide x 22.39” in length. The manufacturer has made some updates to the lower rack, it no longer includes a shelf rack and now has 6 wheels rather than 8. This is a genuine OEM part. NOTE: Per factory, this substituted part only has 6 wheels instead of 8 and NO longer comes with shelf rack.",
    "price": "$379.31",
    "stock_status": "In Stock",
    "rating": "4.21 out of 5",
    "reviews_count": 29
  },
  {
    "url": "https://www.partselect.com/PS421128-Frigidaire-154388801-Rinse-Aid-Cap.htm?SourceCode=18",
    "image_url": "https://partselectcom-gtcdcddbene3cpes.z01.azurefd.net/421128-1-N-Frigidaire-154388801-Rinse-Aid-Cap.jpg",
    "name": "Crosley Dishwasher Rinse Aid Cap",
    "partselect_number": "PS421128",
    "manufacturer_number": "154388801",
    "description": "★★★★★\n★★★★★\n13 Reviews\nThis is a replacement cap for the detergent/rinse aid dispenser. If the rinse aid cap is damaged or missing, you may notice too much rinse aid in the dishwasher. The cap simply screws into the dispenser, so if your cap is damaged you can simply screw it out, then screw in the new one. The rinse aid cap is approximately 2 inches in diameter and is sold individually. This is an OEM part, directly from the manufacturer.",
    "price": "$33.55",
    "stock_status": "In Stock",
    "rating": "4.62 out of 5",
    "reviews_count": 13
  },
  {
    "url": "https://www.partselect.com/PS420500-Frigidaire-154252701-Drain-Trap.htm?SourceCode=18",
    "image_url": "https://partselectcom-gtcdcddbene3cpes.z01.azurefd.net/420500-1-N-Frigidaire-154252701-Drain-Trap.jpg",
    "name": "Crosley Dishwasher Drain Trap",
    "partselect_number": "PS420500",
    "manufacturer_number": "154252701",
    "description": "★★★★★\n★★★★★\n4 Reviews\nPart is found under the lower spray arm.",
    "price": "$48.45",
    "stock_status": "In Stock",
    "rating": "4.50 out of 5",
    "reviews_count": 4
  },
  {
    "url": "https://www.partselect.com/PS8689794-Frigidaire-807048001-Flapper-Valve.htm?SourceCode=18",
    "image_url": "https://partselectcom-gtcdcddbene3cpes.z01.azurefd.net/8689794-1-N-Frigidaire-807048001-Flapper-Valve.jpg",
    "name": "Crosley Dishwasher Flapper Valve",
    "partselect_number": "PS8689794",
    "manufacturer_number": "807048001",
    "description": "★★★★★\n★★★★★\n1 Review",
    "price": "$15.63",
    "stock_status": "In Stock",
    "rating": "5.00 out of 5",
    "reviews_count": 1
  },
  {
    "url": "https://www.partselect.com/PS382922-Whirlpool-676413-Dishwasher-Soap-Cup-Latch-Kit.htm?SourceCode=18",
    "image_url": "https://partselectcom-gtcdcddbene3cpes.z01.azurefd.net/382922-1-N-Whirlpool-676413-Dishwasher-Soap-Cup-Latch-Kit.jpg",
    "name": "Crosley Dishwasher Soap Cup Latch Kit",
    "partselect_number": "PS382922",
    "manufacturer_number": "676413",
    "description": "★★★★★\n★★★★★\n10 Reviews\nThis soap cup latch kit, used in a dishwasher, will keep the dispenser cover closed. If your dishwasher will not dispense detergent, there is a door latch failure, the dishes are not cleaning properly, or there is leaking, then this kit can be the solution to your symptoms. The tools required for this replacement are a #15 torx bits, a small blade screwdriver, and slip joint pliers. First locate the soap box and remove the latch on both sides. Next step is to remove the screws in the inner door panel and remove the plastic cover at the back. Remove the old latch assembly and add the new one. Make sure to unplug your dishwasher before beginning this installation project.",
    "price": "$9.75",
    "stock_status": "In Stock",
    "rating": "4.90 out of 5",
    "reviews_count": 10
  },
  {
    "url": "https://www.partselect.com/PS11748543-Whirlpool-WPW10117748-Dishwasher-Inner-Door-Foam-Insulation-Strip.htm?SourceCode=18",
    "image_url": "https://partselectcom-gtcdcddbene3cpes.z01.azurefd.net/11748543-1-N-Whirlpool-WPW10117748-Dishwasher-Inner-Door-Foam-Insulation-Strip.jpg",
    "name": "Crosley Dishwasher Inner Door Foam Insulation Strip",
    "partselect_number": "PS11748543",
    "manufacturer_number": "WPW10117748",
    "description": "★★★★★\n★★★★★\n6 Reviews\nThis genuine inner door foam insulation strip, sometimes known as bottom seal foam, is used to create a waterproof seal that helps prevent leaking from the door area of the dishwasher. The existing insulation strip may leave a sticky residue or leftover disintegrated strip that must be scraped off before installing the new strip. Residue can be scraped off with a putty knife. Be sure to remove all residue and clean surrounding areas of the dishwasher build. It is strongly recommended to check other sealant parts on the dishwasher door such as the door gasket and dispenser grommet to ensure the leaking issue is fully solved.",
    "price": "$26.41",
    "stock_status": "In Stock",
    "rating": "4.50 out of 5",
    "reviews_count": 6
  },
  {
    "url": "https://www.partselect.com/PS11750654-Whirlpool-WPW10224428-Dishwasher-Detergent-Rinse-Aid-Dispenser.htm?SourceCode=18",
    "image_url": "https://partselectcom-gtcdcddbene3cpes.z01.azurefd.net/11750654-1-N-Whirlpool-WPW10224428-Dishwasher-Detergent-Rinse-Aid-Dispenser.jpg",
    "name": "Crosley Dishwasher Detergent & Rinse Aid Dispenser",
    "partselect_number": "PS11750654",
    "manufacturer_number": "WPW10224428",
    "description": "★★★★★\n★★★★★\n24 Reviews\nThis part releases the detergent and rinse aid into the dishwasher. This detergent dispenser is for dishwashers. Detergent dispenser holds the dishwasher detergent in a covered compartment. Unplug the dishwasher or shut off the house circuit breaker before installing this part. Wear work gloves to protect your hands during this repair.",
    "price": "$55.63",
    "stock_status": "In Stock",
    "rating": "4.79 out of 5",
    "reviews_count": 24
  },
  {
    "url": "https://www.partselect.com/PS11741381-Whirlpool-WP3385159-Dishwasher-Spray-Arm-Mounting-Bracket.htm?SourceCode=18",
    "image_url": "https://partselectcom-gtcdcddbene3cpes.z01.azurefd.net/11741381-1-N-Whirlpool-WP3385159-Dishwasher-Spray-Arm-Mounting-Bracket.jpg",
    "name": "Crosley Dishwasher Spray Arm Mounting Bracket",
    "partselect_number": "PS11741381",
    "manufacturer_number": "WP3385159",
    "description": "★★★★★\n★★★★★\n5 Reviews\nThis mount attaches the spray arm to the upper rack.",
    "price": "$46.01",
    "stock_status": "In Stock",
    "rating": "4.80 out of 5",
    "reviews_count": 5
  },
  {
    "url": "https://www.partselect.com/PS1524979-Frigidaire-154574401-Detergent-And-Rinse-Dispenser-w-Cap.htm?SourceCode=18",
    "image_url": "https://partselectcom-gtcdcddbene3cpes.z01.azurefd.net/1524979-1-N-Frigidaire-154574401-Detergent-And-Rinse-Dispenser-w-Cap.jpg",
    "name": "Crosley Dishwasher Detergent And Rinse Dispenser W/cap",
    "partselect_number": "PS1524979",
    "manufacturer_number": "154574401",
    "description": "★★★★★\n★★★★★\n11 Reviews\nThis detergent and rinse dispenser with cap may also be known as the dishwasher dispenser assembly and is a part for your dishwasher. The function of this part is to attach to the inside door panel of your dishwasher and hold the dishwasher detergent and rinse in a closed compartment. The manufacturer has redesigned this part and although it may appear different than the original, it will have the same functionality, which is to release the detergent and rinse aid into the dishwasher. To complete this installation, you will need a Phillips screwdriver, and a pair of needle-nose pliers.",
    "price": "$42.99",
    "stock_status": "In Stock",
    "rating": "4.91 out of 5",
    "reviews_count": 11
  },
  {
    "url": "https://www.partselect.com/PS897295-Whirlpool-8193918-Dishwasher-Accumulator-Filter.htm?SourceCode=18",
    "image_url": "https://partselectcom-gtcdcddbene3cpes.z01.azurefd.net/897295-1-N-Whirlpool-8193918-Dishwasher-Accumulator-Filter.jpg",
    "name": "Crosley Dishwasher Accumulator & Filter",
    "partselect_number": "PS897295",
    "manufacturer_number": "8193918",
    "description": "★★★★★\n★★★★★\n6 Reviews\nThis part is essential in your dishes getting clean during the wash cycle. If there is any debris or a tear in the filter, it can cause extra buildup and, therefore, causing dirty dishes.",
    "price": "$94.89",
    "stock_status": "In Stock",
    "rating": "4.17 out of 5",
    "reviews_count": 6
  },
  {
    "url": "https://www.partselect.com/PS1525080-Frigidaire-154597801-Upper-Dishrack-Slide.htm?SourceCode=18",
    "image_url": "https://partselectcom-gtcdcddbene3cpes.z01.azurefd.net/1525080-1-N-Frigidaire-154597801-Upper-Dishrack-Slide.jpg",
    "name": "Crosley Dishwasher Upper Dishrack Slide",
    "partselect_number": "PS1525080",
    "manufacturer_number": "154597801",
    "description": "★★★★★\n★★★★★\n1 Review\nThis is an upper dishrack slide for your dishwasher. It is mounted to each side of the upper cabinet wall. The dishrack wheels roll inside this track, which guides the upper rack. The mounting screws are not included in this purchase and can be found in the related parts section below. You should purchase a new dishrack slide if your current one has been warped or damaged over time.",
    "price": "$14.65",
    "stock_status": "In Stock",
    "rating": "1.00 out of 5",
    "reviews_count": 1
  },
  {
    "url": "https://www.partselect.com/PS382828-Whirlpool-675813-Dishwasher-Thermal-Fuse-And-Harness.htm?SourceCode=18",
    "image_url": "https://partselectcom-gtcdcddbene3cpes.z01.azurefd.net/382828-1-N-Whirlpool-675813-Dishwasher-Thermal-Fuse-And-Harness.jpg",
    "name": "Crosley Dishwasher Thermal Fuse And Harness",
    "partselect_number": "PS382828",
    "manufacturer_number": "675813",
    "description": "★★★★★\n★★★★★\n10 Reviews\n*Please Note - When changing the fuse always use a new wiring harness.",
    "price": "$43.51",
    "stock_status": "In Stock",
    "rating": "4.50 out of 5",
    "reviews_count": 10
  },
  {
    "url": "https://www.partselect.com/PS3633191-Frigidaire-154745503-Kickplate-Grille-Black.htm?SourceCode=18",
    "image_url": "https://partselectcom-gtcdcddbene3cpes.z01.azurefd.net/3633191-1-N-Frigidaire-154745503-Kickplate-Grille-Black.jpg",
    "name": "Crosley Dishwasher Kickplate Grille (black)",
    "partselect_number": "PS3633191",
    "manufacturer_number": "154745503",
    "description": "★★★★★\n★★★★★\n3 Reviews\nThis kickplate grille is attached to the bottom of the dishwasher.",
    "price": "$23.47",
    "stock_status": "In Stock",
    "rating": "4.67 out of 5",
    "reviews_count": 3
  },
  {
    "url": "https://www.partselect.com/PS11745501-Whirlpool-WP8269209-Dishwasher-Door-Switch.htm?SourceCode=18",
    "image_url": "https://partselectcom-gtcdcddbene3cpes.z01.azurefd.net/11745501-1-N-Whirlpool-WP8269209-Dishwasher-Door-Switch.jpg",
    "name": "Crosley Dishwasher Door Switch",
    "partselect_number": "PS11745501",
    "manufacturer_number": "WP8269209",
    "description": "★★★★★\n★★★★★\n5 Reviews\nThis dishwasher door switch will shut your dishwasher off when the door is opened.",
    "price": "$27.39",
    "stock_status": "In Stock",
    "rating": "4.60 out of 5",
    "reviews_count": 5
  },
  {
    "url": "https://www.partselect.com/PS358548-Whirlpool-4317824-Dishwasher-Power-Cord-Kit.htm?SourceCode=18",
    "image_url": "https://partselectcom-gtcdcddbene3cpes.z01.azurefd.net/358548-1-N-Whirlpool-4317824-Dishwasher-Power-Cord-Kit.jpg",
    "name": "Crosley Dishwasher Power Cord Kit",
    "partselect_number": "PS358548",
    "manufacturer_number": "4317824",
    "description": "★★★★★\n★★★★★\n1 Review\nIncludes power cord and all necessary parts needed for complete installation of cord.",
    "price": "$19.75",
    "stock_status": "In Stock",
    "rating": "5.00 out of 5",
    "reviews_count": 1
  },
  {
    "url": "https://www.partselect.com/PS11741367-Whirlpool-WP3380854-Dishwasher-Door-Latch-Bolt.htm?SourceCode=18",
    "image_url": "https://partselectcom-gtcdcddbene3cpes.z01.azurefd.net/11741367-1-N-Whirlpool-WP3380854-Dishwasher-Door-Latch-Bolt.jpg",
    "name": "Crosley Dishwasher Door Latch Bolt",
    "partselect_number": "PS11741367",
    "manufacturer_number": "WP3380854",
    "description": "★★★★★\n★★★★★\n6 Reviews\nThis is a door latch bolt for a dishwasher. The door latch bolt fits on the top of the dishwasher door to keep the door closed while the appliance is running. The latch also prevents the dishwasher from running when the door is not closed, so your dishwasher may not run if the door latch bolt has been compromised. This part does not include the latch lever, so consider ordering that part as well if necessary. It is made entirely of plastic, is black in colour, and is approximately 3.5 inches wide. To access the latch bolt, you will need to remove the inner door panel of your dishwasher.",
    "price": "$47.48",
    "stock_status": "In Stock",
    "rating": "5.00 out of 5",
    "reviews_count": 6
  },
  {
    "url": "https://www.partselect.com/PS420713-Frigidaire-154313601-Spray-Arm.htm?SourceCode=18",
    "image_url": "https://partselectcom-gtcdcddbene3cpes.z01.azurefd.net/420713-1-N-Frigidaire-154313601-Spray-Arm.jpg",
    "name": "Crosley Dishwasher Spray Arm",
    "partselect_number": "PS420713",
    "manufacturer_number": "154313601",
    "description": "★★★★★\n★★★★★\n1 Review\nDepending on your model number, this spray arm is either the upper arm or center arm.",
    "price": "$43.07",
    "stock_status": "In Stock",
    "rating": "5.00 out of 5",
    "reviews_count": 1
  },
  {
    "url": "https://www.partselect.com/PS11745481-Whirlpool-WP8268874-Dishwasher-Lower-Spray-Arm.htm?SourceCode=18",
    "image_url": "https://partselectcom-gtcdcddbene3cpes.z01.azurefd.net/11745481-1-N-Whirlpool-WP8268874-Dishwasher-Lower-Spray-Arm.jpg",
    "name": "Crosley Dishwasher Lower Spray Arm",
    "partselect_number": "PS11745481",
    "manufacturer_number": "WP8268874",
    "description": "★★★★★\n★★★★★\n3 Reviews\nThis spray arm is located on the lower half of your dishwasher. Water is forced through this spray arm by the unit's pump and motor assembly. The force of the water propels the spray arms, spraying water and detergent onto the dishes on the dishrack.",
    "price": "$67.57",
    "stock_status": "In Stock",
    "rating": "5.00 out of 5",
    "reviews_count": 3
  },
  {
    "url": "https://www.partselect.com/PS11746083-Whirlpool-WP8524471-Dishwasher-Door-Actuator.htm?SourceCode=18",
    "image_url": "https://partselectcom-gtcdcddbene3cpes.z01.azurefd.net/11746083-1-N-Whirlpool-WP8524471-Dishwasher-Door-Actuator.jpg",
    "name": "Crosley Dishwasher Door Actuator",
    "partselect_number": "PS11746083",
    "manufacturer_number": "WP8524471",
    "description": "★★★★★\n★★★★★\n1 Review\nThis part is the door actuator for your dishwasher. It is made of black plastic and is approximately 3 inches long and 3 inches wide at its widest point. The door actuator is found in the control panel, and it releases the door latch when you lift the handle. If your current door actuator is cracked or broken, you may not be able to open your dishwasher door, or the door will not close properly. The dishwasher also may not be able to start, and if this is the case, you will need to replace it. This part is sold individually and is an authentic OEM part.",
    "price": "$43.07",
    "stock_status": "In Stock",
    "rating": "5.00 out of 5",
    "reviews_count": 1
  },
  {
    "url": "https://www.partselect.com/PS11738161-Whirlpool-W10877037-Upper-Spray-Arm-Nut.htm?SourceCode=18",
    "image_url": "https://partselectcom-gtcdcddbene3cpes.z01.azurefd.net/11738161-1-N-Whirlpool-W10877037-Upper-Spray-Arm-Nut.jpg",
    "name": "Crosley Dishwasher Upper Spray Arm Nut",
    "partselect_number": "PS11738161",
    "manufacturer_number": "W10877037",
    "description": "★★★★★\n★★★★★\n3 Reviews\nThis upper spray arm nut is three inches long. It attaches to the spray arm to help hold it in place. It is all white in color and is made of plastic.",
    "price": "$9.85",
    "stock_status": "On Order",
    "rating": "5.00 out of 5",
    "reviews_count": 3
  },
  {
    "url": "https://www.partselect.com/PS1486701-Whirlpool-8194582-Pump-Outlet-and-Seal.htm?SourceCode=18",
    "image_url": "https://partselectcom-gtcdcddbene3cpes.z01.azurefd.net/1486701-1-N-Whirlpool-8194582-Pump-Outlet-and-Seal.jpg",
    "name": "Crosley Dishwasher Pump Outlet And Seal",
    "partselect_number": "PS1486701",
    "manufacturer_number": "8194582",
    "description": "★★★★★\n★★★★★\n4 Reviews",
    "price": "$49.95",
    "stock_status": "In Stock",
    "rating": "4.50 out of 5",
    "reviews_count": 4
  },
  {
    "url": "https://www.partselect.com/PS11743058-Whirlpool-WP6-917642-Dishwasher-Lower-Spray-Arm-Shield-Included.htm?SourceCode=18",
    "image_url": "https://partselectcom-gtcdcddbene3cpes.z01.azurefd.net/11743058-1-N-Whirlpool-WP6-917642-Dishwasher-Lower-Spray-Arm-Shield-Included.jpg",
    "name": "Crosley Dishwasher Lower Spray Arm Shield Included",
    "partselect_number": "PS11743058",
    "manufacturer_number": "WP6-917642",
    "description": "★★★★★\n★★★★★\n3 Reviews\nThis spray arm is located on the lower half of your dishwasher. Water is forced through this spray arm by the unit's pump and motor assembly. The force of the water propels the spray arms, spraying water and detergent onto the dishes on the dishrack.",
    "price": "$70.51",
    "stock_status": "In Stock",
    "rating": "5.00 out of 5",
    "reviews_count": 3
  },
  {
    "url": "https://www.partselect.com/PS11746800-Whirlpool-WP8580309-Strike.htm?SourceCode=18",
    "image_url": "https://partselectcom-gtcdcddbene3cpes.z01.azurefd.net/11746800-1-N-Whirlpool-WP8580309-Strike.jpg",
    "name": "Crosley Dishwasher Strike",
    "partselect_number": "PS11746800",
    "manufacturer_number": "WP8580309",
    "description": "★★★★★\n★★★★★\n1 Review\nServes as a mechanical actuator for door switch operation and provides door tension for proper seal.",
    "price": "$43.07",
    "stock_status": "In Stock",
    "rating": "5.00 out of 5",
    "reviews_count": 1
  },
  {
    "url": "https://www.partselect.com/PS11745441-Whirlpool-WP8268375-Dishwasher-Sump-Pump-Check-Valve.htm?SourceCode=18",
    "image_url": "https://partselectcom-gtcdcddbene3cpes.z01.azurefd.net/11745441-1-N-Whirlpool-WP8268375-Dishwasher-Sump-Pump-Check-Valve.jpg",
    "name": "Crosley Dishwasher Sump Pump Check Valve",
    "partselect_number": "PS11745441",
    "manufacturer_number": "WP8268375",
    "description": "★★★★★\n★★★★★\n1 Review\nMay differ in appearance, but functions same as original. This valve allows the water to flow in the drain direction only and prevents the dirty water from coming back into the tub.",
    "price": "$46.95",
    "stock_status": "In Stock",
    "rating": "3.00 out of 5",
    "reviews_count": 1
  },
  {
    "url": "https://www.partselect.com/PS11747624-Whirlpool-WP99001885-Water-Deflector.htm?SourceCode=18",
    "image_url": "https://partselectcom-gtcdcddbene3cpes.z01.azurefd.net/11747624-1-N-Whirlpool-WP99001885-Water-Deflector.jpg",
    "name": "Crosley Dishwasher Water Deflector",
    "partselect_number": "PS11747624",
    "manufacturer_number": "WP99001885",
    "description": "★★★★★\n★★★★★\n2 Reviews\nThis black water deflector is sold individually. It is used to keep water away from the dishwasher door.",
    "price": "$10.95",
    "stock_status": "On Order",
    "rating": "5.00 out of 5",
    "reviews_count": 2
  },
  {
    "url": "https://www.partselect.com/PS420467-Frigidaire-154247001-O-Ring-Front.htm?SourceCode=18",
    "image_url": "https://partselectcom-gtcdcddbene3cpes.z01.azurefd.net/420467-1-N-Frigidaire-154247001-O-Ring-Front.jpg",
    "name": "Crosley Dishwasher O-ring - Front",
    "partselect_number": "PS420467",
    "manufacturer_number": "154247001",
    "price": "$55.39",
    "stock_status": "In Stock"
  },
  {
    "url": "https://www.partselect.com/PS1524997-Frigidaire-154579201-Friction-Pulley-Left.htm?SourceCode=18",
    "image_url": "https://partselectcom-gtcdcddbene3cpes.z01.azurefd.net/1524997-1-N-Frigidaire-154579201-Friction-Pulley-Left.jpg",
    "name": "Crosley Dishwasher Friction Pulley (left)",
    "partselect_number": "PS1524997",
    "manufacturer_number": "154579201",
    "price": "$46.95",
    "stock_status": "In Stock"
  },
  {
    "url": "https://www.partselect.com/PS420465-Frigidaire-154246801-Sump-Gasket.htm?SourceCode=18",
    "image_url": "https://partselectcom-gtcdcddbene3cpes.z01.azurefd.net/420465-1-N-Frigidaire-154246801-Sump-Gasket.jpg",
    "name": "Crosley Dishwasher Sump Gasket",
    "partselect_number": "PS420465",
    "manufacturer_number": "154246801",
    "price": "$48.95",
    "stock_status": "In Stock"
  },
  {
    "url": "https://www.partselect.com/PS11746836-Whirlpool-WP903297-Caster-Wheel.htm?SourceCode=18",
    "image_url": "https://partselectcom-gtcdcddbene3cpes.z01.azurefd.net/11746836-1-N-Whirlpool-WP903297-Caster-Wheel.jpg",
    "name": "Crosley Dishwasher Caster Wheel",
    "partselect_number": "PS11746836",
    "manufacturer_number": "WP903297",
    "description": "★★★★★\n★★★★★\n4 Reviews\nThis dishwasher caster wheel is four inches long. It is a two inch black wheel with a white shaft. This wheel is used with portable dishwashers.",
    "price": "$11.83",
    "stock_status": "In Stock",
    "rating": "5.00 out of 5",
    "reviews_count": 4
  },
  {
    "url": "https://www.partselect.com/PS16218687-Frigidaire-5304525043-INSULATION.htm?SourceCode=18",
    "image_url": "https://partselectcom-gtcdcddbene3cpes.z01.azurefd.net/16218687-1-N-Frigidaire-5304525043-INSULATION.jpg",
    "name": "Crosley Dishwasher Insulation",
    "partselect_number": "PS16218687",
    "manufacturer_number": "5304525043",
    "price": "$43.51",
    "stock_status": "In Stock"
  },
  {
    "url": "https://www.partselect.com/PS2367492-Whirlpool-W10278635RP-Fill-Hose.htm?SourceCode=18",
    "image_url": "https://partselectcom-gtcdcddbene3cpes.z01.azurefd.net/2367492-1-N-Whirlpool-W10278635RP-Fill-Hose.jpg",
    "name": "Crosley Dishwasher Fill Hose",
    "partselect_number": "PS2367492",
    "manufacturer_number": "W10278635RP",
    "description": "★★★★★\n★★★★★\n1 Review\nManufacturer Part Number W10278635RP",
    "price": "$38.95",
    "stock_status": "In Stock",
    "rating": "5.00 out of 5",
    "reviews_count": 1
  },
  {
    "url": "https://www.partselect.com/PS11751232-Whirlpool-WPW10254545-Gasket.htm?SourceCode=18",
    "image_url": "https://partselectcom-gtcdcddbene3cpes.z01.azurefd.net/11751232-1-N-Whirlpool-WPW10254545-Gasket.jpg",
    "name": "Crosley Dishwasher Gasket",
    "partselect_number": "PS11751232",
    "manufacturer_number": "WPW10254545",
    "description": "Manufacturer Part Number WPW10254545",
    "price": "$11.95",
    "stock_status": "In Stock"
  },
  {
    "url": "https://www.partselect.com/PS11741351-Whirlpool-WP3379369-Dishwasher-Upper-Wash-Assembly.htm?SourceCode=18",
    "image_url": "https://partselectcom-gtcdcddbene3cpes.z01.azurefd.net/11741351-1-N-Whirlpool-WP3379369-Dishwasher-Upper-Wash-Assembly.jpg",
    "name": "Crosley Dishwasher Upper Wash Assembly",
    "partselect_number": "PS11741351",
    "manufacturer_number": "WP3379369",
    "description": "★★★★★\n★★★★★\n9 Reviews\nNOTE: *Original may have two screw holes, only one screw is needed now.",
    "price": "$43.51",
    "stock_status": "In Stock",
    "rating": "4.22 out of 5",
    "reviews_count": 9
  },
  {
    "url": "https://www.partselect.com/PS11747618-Whirlpool-WP99001791-Pump-Housing-Filter.htm?SourceCode=18",
    "image_url": "https://partselectcom-gtcdcddbene3cpes.z01.azurefd.net/11747618-1-N-Whirlpool-WP99001791-Pump-Housing-Filter.jpg",
    "name": "Crosley Dishwasher Pump Housing Filter",
    "partselect_number": "PS11747618",
    "manufacturer_number": "WP99001791",
    "description": "★★★★★\n★★★★★\n2 Reviews\nThis pump housing filter is twenty-three inches long and a little over two inches wide. This filter wraps around a dishwasher's pump housing and clips in place. It is all white in color and is made of plastic with a mesh screen.",
    "price": "$49.93",
    "stock_status": "In Stock",
    "rating": "1.00 out of 5",
    "reviews_count": 2
  },
  {
    "url": "https://www.partselect.com/PS11741302-Whirlpool-WP3371710-Dishwasher-Door-Vent-Screen.htm?SourceCode=18",
    "image_url": "https://partselectcom-gtcdcddbene3cpes.z01.azurefd.net/11741302-1-N-Whirlpool-WP3371710-Dishwasher-Door-Vent-Screen.jpg",
    "name": "Crosley Dishwasher Door Vent Screen",
    "partselect_number": "PS11741302",
    "manufacturer_number": "WP3371710",
    "price": "$9.95",
    "stock_status": "In Stock"
  },
  {
    "url": "https://www.partselect.com/PS8689167-Frigidaire-154887201-SWITCH-ASSEMBLY.htm?SourceCode=18",
    "image_url": "https://partselectcom-gtcdcddbene3cpes.z01.azurefd.net/8689167-1-N-Frigidaire-154887201-SWITCH-ASSEMBLY.jpg",
    "name": "Crosley Dishwasher Switch Assembly",
    "partselect_number": "PS8689167",
    "manufacturer_number": "154887201",
    "description": "Manufacturer Part Number 154887201",
    "price": "$64.95",
    "stock_status": "In Stock"
  },
  {
    "url": "https://www.partselect.com/PS11769017-Whirlpool-W10871196-Kickplate-Black.htm?SourceCode=18",
    "image_url": "https://partselectcom-gtcdcddbene3cpes.z01.azurefd.net/11769017-1-N-Whirlpool-W10871196-Kickplate-Black.jpg",
    "name": "Crosley Dishwasher Kickplate - Black",
    "partselect_number": "PS11769017",
    "manufacturer_number": "W10871196",
    "description": "★★★★★\n★★★★★\n4 Reviews\nNew Black Single Metal Access Panel Replacement Kit. Replaces old two part toe kick plates. Reuse insulation off old panel or see Recommended Parts.",
    "price": "$73.87",
    "stock_status": "In Stock",
    "rating": "4.50 out of 5",
    "reviews_count": 4
  },
  {
    "url": "https://www.partselect.com/PS2367647-Whirlpool-W10283681-Heating-Element-Element-ONLY.htm?SourceCode=18",
    "image_url": "https://partselectcom-gtcdcddbene3cpes.z01.azurefd.net/2367647-1-N-Whirlpool-W10283681-Heating-Element-Element-ONLY.jpg",
    "name": "Crosley Dishwasher Heating Element - Only",
    "partselect_number": "PS2367647",
    "manufacturer_number": "W10283681",
    "description": "★★★★★\n★★★★★\n2 Reviews\nThis dishwasher heating element is not designed to heat the water that enters it, but is designed to maintain the heat of the water that enters the dishwasher. It is located on the bottom of the dishwasher.",
    "price": "$71.23",
    "stock_status": "In Stock",
    "rating": "5.00 out of 5",
    "reviews_count": 2
  },
  {
    "url": "https://www.partselect.com/PS11747623-Whirlpool-WP99001868-Coupler-and-Hose-Assembly.htm?SourceCode=18",
    "image_url": "https://partselectcom-gtcdcddbene3cpes.z01.azurefd.net/11747623-1-N-Whirlpool-WP99001868-Coupler-and-Hose-Assembly.jpg",
    "name": "Crosley Dishwasher Coupler And Hose Assembly",
    "partselect_number": "PS11747623",
    "manufacturer_number": "WP99001868",
    "description": "The parts on this assembly are NOT available separately.",
    "price": "$117.32",
    "stock_status": "In Stock"
  },
  {
    "url": "https://www.partselect.com/PS11755794-Whirlpool-WPW10508676-Tube-Nut.htm?SourceCode=18",
    "image_url": "https://partselectcom-gtcdcddbene3cpes.z01.azurefd.net/11755794-1-N-Whirlpool-WPW10508676-Tube-Nut.jpg",
    "name": "Crosley Dishwasher Tube Nut",
    "partselect_number": "PS11755794",
    "manufacturer_number": "WPW10508676",
    "price": "$15.95",
    "stock_status": "On Order"
  },
  {
    "url": "https://www.partselect.com/PS1524998-Frigidaire-154579202-Friction-Pulley-Right.htm?SourceCode=18",
    "image_url": "https://partselectcom-gtcdcddbene3cpes.z01.azurefd.net/1524998-1-N-Frigidaire-154579202-Friction-Pulley-Right.jpg",
    "name": "Crosley Dishwasher Friction Pulley (right)",
    "partselect_number": "PS1524998",
    "manufacturer_number": "154579202",
    "description": "★★★★★\n★★★★★\n2 Reviews",
    "price": "$46.95",
    "stock_status": "In Stock",
    "rating": "5.00 out of 5",
    "reviews_count": 2
  },
  {
    "url": "https://www.partselect.com/PS11757604-Whirlpool-WPY912899-Center-Spray-Nozzle-Extension.htm?SourceCode=18",
    "image_url": "https://partselectcom-gtcdcddbene3cpes.z01.azurefd.net/11757604-1-N-Whirlpool-WPY912899-Center-Spray-Nozzle-Extension.jpg",
    "name": "Crosley Dishwasher Center Spray Nozzle Extension",
    "partselect_number": "PS11757604",
    "manufacturer_number": "WPY912899",
    "description": "★★★★★\n★★★★★\n1 Review\nThis center spray nozzle extension is four inches long.",
    "price": "$42.52",
    "stock_status": "Special Order",
    "rating": "5.00 out of 5",
    "reviews_count": 1
  },
  {
    "url": "https://www.partselect.com/PS11743796-Whirlpool-WP696392-Clamp.htm?SourceCode=18",
    "image_url": "https://partselectcom-gtcdcddbene3cpes.z01.azurefd.net/11743796-1-N-Whirlpool-WP696392-Clamp.jpg",
    "name": "Crosley Dishwasher Clamp",
    "partselect_number": "PS11743796",
    "manufacturer_number": "WP696392",
    "description": "This screw-type clamp, also known as a hose clamp, is made of metal and is used within various models of washers to secure the tub-to-pump hose and tub/drum of the washer. Without this clamp, the hose is vulnerable to leaking and disconnecting from the tub during the wash cycle of the washer, which can present a serious safety hazard for the machine and your home. Clamps can wear out and lose their tension due to excessive vibrations, mechanical damage, and normal wear and tear, all things present within a washing machine. To replace this clamp, you will first need to turn off your washer and you will need access to the lower portion of the washer chassis, which may require one or multiple screwdrivers and wrenches. Once you have access, use your screwdriver to loosen this clamp, which can then be removed and replaced with the new clamp, which will need to be tightened securely. Then you can simply reassemble the rest of the washer you originally disassembled.",
    "price": "$9.95",
    "stock_status": "On Order"
  },
  {
    "url": "https://www.partselect.com/PS11746230-Whirlpool-WP8539113-Dishwasher-Nonflip-Clip.htm?SourceCode=18",
    "image_url": "https://partselectcom-gtcdcddbene3cpes.z01.azurefd.net/11746230-1-N-Whirlpool-WP8539113-Dishwasher-Nonflip-Clip.jpg",
    "name": "Crosley Dishwasher Nonflip Clip",
    "partselect_number": "PS11746230",
    "manufacturer_number": "WP8539113",
    "description": "Sold individually.",
    "price": "$10.95",
    "stock_status": "In Stock"
  },
  {
    "url": "https://www.partselect.com/PS11752164-Whirlpool-WPW10292152-Hardware-Kit.htm?SourceCode=18",
    "image_url": "https://partselectcom-gtcdcddbene3cpes.z01.azurefd.net/11752164-1-N-Whirlpool-WPW10292152-Hardware-Kit.jpg",
    "name": "Crosley Dishwasher Hardware Kit",
    "partselect_number": "PS11752164",
    "manufacturer_number": "WPW10292152",
    "description": "This is a miscellaneous parts bag. It includes 2 screws, 2 hose clamps, and 2 undercounter brackets.",
    "price": "$33.61",
    "stock_status": "In Stock"
  },
  {
    "url": "https://www.partselect.com/PS11741317-Whirlpool-WP3373234-Dishwasher-Bearing-Spring-2.htm?SourceCode=18",
    "image_url": "https://partselectcom-gtcdcddbene3cpes.z01.azurefd.net/11741317-1-N-Whirlpool-WP3373234-Dishwasher-Bearing-Spring-2.jpg",
    "name": "Crosley Dishwasher Bearing Spring (2)",
    "partselect_number": "PS11741317",
    "manufacturer_number": "WP3373234",
    "description": "Sold Individually. This is what your door spring would hook into and it prevents the metal spring from rubbing against the metal on the side of the door.",
    "price": "$10.95",
    "stock_status": "In Stock"
  },
  {
    "url": "https://www.partselect.com/PS11746016-Whirlpool-WP8519604-Dishwasher-Upper-Spray-Arm.htm?SourceCode=18",
    "image_url": "https://partselectcom-gtcdcddbene3cpes.z01.azurefd.net/11746016-1-N-Whirlpool-WP8519604-Dishwasher-Upper-Spray-Arm.jpg",
    "name": "Crosley Dishwasher Upper Spray Arm",
    "partselect_number": "PS11746016",
    "manufacturer_number": "WP8519604",
    "description": "The upper spray arm helps distribute water from the top of the dishwasher tub.",
    "price": "$46.48",
    "stock_status": "In Stock"
  },
  {
    "url": "https://www.partselect.com/PS11746658-Whirlpool-WP8572618-Dishwasher-Sump-w-Seal.htm?SourceCode=18",
    "image_url": "https://partselectcom-gtcdcddbene3cpes.z01.azurefd.net/11746658-1-N-Whirlpool-WP8572618-Dishwasher-Sump-w-Seal.jpg",
    "name": "Crosley Dishwasher Sump W/seal",
    "partselect_number": "PS11746658",
    "manufacturer_number": "WP8572618",
    "description": "This part has a large port for the soil sensor and thermistor.",
    "price": "$120.91",
    "stock_status": "On Order"
  },
  {
    "url": "https://www.partselect.com/PS11703504-Whirlpool-W10806701-Pump-Motor.htm?SourceCode=18",
    "image_url": "https://partselectcom-gtcdcddbene3cpes.z01.azurefd.net/11703504-1-N-Whirlpool-W10806701-Pump-Motor.jpg",
    "name": "Crosley Dishwasher Pump & Motor",
    "partselect_number": "PS11703504",
    "manufacturer_number": "W10806701",
    "description": "Manufacturer Part Number W10806701",
    "price": "$180.60",
    "stock_status": "In Stock"
  },
  {
    "url": "https://www.partselect.com/PS16745316-Frigidaire-154562904-BEZEL.htm?SourceCode=18",
    "image_url": "https://partselectcom-gtcdcddbene3cpes.z01.azurefd.net/16745316-1-N-Frigidaire-154562904-BEZEL.jpg",
    "name": "Crosley Dishwasher Bezel",
    "partselect_number": "PS16745316",
    "manufacturer_number": "154562904",
    "price": "$11.95",
    "stock_status": "In Stock"
  },
  {
    "url": "https://www.partselect.com/PS11741359-Whirlpool-WP3379920-Dishwasher-Toe-Panel-w-Insulation.htm?SourceCode=18",
    "image_url": "https://partselectcom-gtcdcddbene3cpes.z01.azurefd.net/11741359-1-N-Whirlpool-WP3379920-Dishwasher-Toe-Panel-w-Insulation.jpg",
    "name": "Crosley Dishwasher Toe Panel W/insulation",
    "partselect_number": "PS11741359",
    "manufacturer_number": "WP3379920",
    "description": "★★★★★\n★★★★★\n1 Review\nLocated at the bottom.",
    "price": "$84.34",
    "stock_status": "Special Order",
    "rating": "5.00 out of 5",
    "reviews_count": 1
  },
  {
    "url": "https://www.partselect.com/PS11770421-Frigidaire-5304504853-Main-Wiring-Harness.htm?SourceCode=18",
    "image_url": "https://partselectcom-gtcdcddbene3cpes.z01.azurefd.net/11770421-1-N-Frigidaire-5304504853-Main-Wiring-Harness.jpg",
    "name": "Crosley Dishwasher Main Wiring Harness",
    "partselect_number": "PS11770421",
    "manufacturer_number": "5304504853",
    "price": "$84.23",
    "stock_status": "In Stock"
  },
  {
    "url": "https://www.partselect.com/PS1990923-Frigidaire-154641601-Tub-Insulation.htm?SourceCode=18",
    "image_url": "https://partselectcom-gtcdcddbene3cpes.z01.azurefd.net/1990923-1-N-Frigidaire-154641601-Tub-Insulation.jpg",
    "name": "Crosley Dishwasher Tub Insulation",
    "partselect_number": "PS1990923",
    "manufacturer_number": "154641601",
    "description": "Manufacturer Part Number 154641601",
    "price": "$10.95",
    "stock_status": "In Stock"
  },
  {
    "url": "https://www.partselect.com/PS11746860-Whirlpool-WP913108-Dishwasher-Pump-Grommet.htm?SourceCode=18",
    "image_url": "https://partselectcom-gtcdcddbene3cpes.z01.azurefd.net/11746860-1-N-Whirlpool-WP913108-Dishwasher-Pump-Grommet.jpg",
    "name": "Crosley Dishwasher Pump Grommet",
    "partselect_number": "PS11746860",
    "manufacturer_number": "WP913108",
    "price": "$9.95",
    "stock_status": "In Stock"
  },
  {
    "url": "https://www.partselect.com/PS11747718-Whirlpool-WP99002781-Upper-Wheel-Assembly.htm?SourceCode=18",
    "image_url": "https://partselectcom-gtcdcddbene3cpes.z01.azurefd.net/11747718-1-N-Whirlpool-WP99002781-Upper-Wheel-Assembly.jpg",
    "name": "Crosley Dishwasher Upper Wheel Assembly",
    "partselect_number": "PS11747718",
    "manufacturer_number": "WP99002781",
    "description": "★★★★★\n★★★★★\n1 Review\nSold Individually.",
    "price": "$11.95",
    "stock_status": "In Stock",
    "rating": "1.00 out of 5",
    "reviews_count": 1
  }
]