[
  {
    "url": "https://www.partselect.com/PS2358880-Frigidaire-241993101-Front-Crisper-Cover-Support.htm?SourceCode=18",
    "image_url": "https://partselectcom-gtcdcddbene3cpes.z01.azurefd.net/2358880-1-N-Frigidaire-241993101-Front-Crisper-Cover-Support.jpg",
    "name": "Electrolux Refrigerator Front Crisper Cover Support",
    "partselect_number": "PS2358880",
    "manufacturer_number": "241993101",
    "description": "★★★★★\n★★★★★\n82 Reviews\nThis crisper cover front support is used to keep the crisper shelf in place and may need replacing if the door will not open or close. This white, OEM part measures roughly 1 inch in diameter and can be used for the front and the rear support, as designed by the manufacturer, and mounts to the inside cabinet wall. Replacing this part is an easy repair, and will require a small flat blade screwdriver, a putty knife, and a soft hammer. Remove the crisper and shelf from the refrigerator before replacing the support. The crisper cover front support is held in place with a locking pin. To remove the old part, you will first need to push the pin into the interior of the cabinet using the screwdriver, and then you can pull the support out with a putty knife. If you cannot get the pin out you can use a flat-blade screwdriver to push it down and out of sight and it will not harm anything in your refrigerator After removing the pin and attaching the new support, simply use the soft hammer to lock the new pin in place.",
    "price": "$\n11.59",
    "stock_status": "In Stock",
    "rating": "4.8/5",
    "reviews_count": 82,
    "reviews": [],
    "repair_stories": [],
    "symptoms_fixed": "Door won’t open or close",
    "works_with": "Refrigerator.",
    "also_replaces": [
      "AP4427109",
      "1513082",
      "240423701",
      "7241993101"
    ],
    "video_url": "https://www.youtube.com/watch?v=V_QewaKvc5M"
  },
  {
    "url": "https://www.partselect.com/PS16218782-Frigidaire-FPPWFU01-Filter.htm?SourceCode=18",
    "image_url": "https://partselectcom-gtcdcddbene3cpes.z01.azurefd.net/16218782-1-N-Frigidaire-FPPWFU01-Filter.jpg",
    "name": "Electrolux Refrigerator Filter",
    "partselect_number": "PS16218782",
    "manufacturer_number": "FPPWFU01",
    "description": "★★★★★\n★★★★★\n8 Reviews\nThe PurePour water filter is compatible with Frigidaire, Frigidaire Gallery and Professional side-by-side and French Door refrigerators with PurePour ice and water filtration. This genuine Frigidaire replacement water filter fits Frigidaire refrigerators which feature a cylindrical filter housing mounted on the refrigerator's ceiling. With the FPPWFU01 filter, you can relax knowing your drinking water is safe, clear and healthy.",
    "price": "$\n71.39",
    "stock_status": "In Stock",
    "rating": "5.0/5",
    "reviews_count": 8,
    "reviews": [],
    "repair_stories": [],
    "symptoms_fixed": "",
    "works_with": "",
    "also_replaces": [],
    "video_url": ""
  },
  {
    "url": "https://www.partselect.com/PS429871-Frigidaire-240338001-Refrigerator-Door-Shelf-Bin.htm?SourceCode=18",
    "image_url": "https://partselectcom-gtcdcddbene3cpes.z01.azurefd.net/429871-1-N-Frigidaire-240338001-Refrigerator-Door-Shelf-Bin.jpg",
    "name": "Electrolux Refrigerator Door Shelf Bin",
    "partselect_number": "PS429871",
    "manufacturer_number": "240338001",
    "description": "★★★★★\n★★★★★\n229 Reviews\nThis manufacturer-approved Refrigerator Door Shelf Bin is made of white plastic and is easy to install. It is used to hold heavier items in the fridge, and you'll be able to visually see if the part is broken. This particular shelf attaches to the fridge door and is designed for the UPPER shelf. You can check if this model is right for your appliance by checking your user manual and model number. This model is just over 26\" wide, just over 4\" tall and just over 7\" deep - front to back. This is a simple repair that requires only that you snap the old part out of place and snap the new one into place.",
    "price": "$\n50.84",
    "stock_status": "In Stock",
    "rating": "4.8/5",
    "reviews_count": 229,
    "reviews": [],
    "repair_stories": [],
    "symptoms_fixed": "Door won’t open or close | Noisy",
    "works_with": "Refrigerator.",
    "also_replaces": [
      "AP2115859",
      "891049",
      "240338001",
      "240338005"
    ],
    "video_url": "https://www.youtube.com/watch?v=G-A1YKp0o0o"
  },
  {
    "url": "https://www.partselect.com/PS7784018-Frigidaire-242252702-Refrigerator-Water-Inlet-Valve.htm?SourceCode=18",
    "image_url": "https://partselectcom-gtcdcddbene3cpes.z01.azurefd.net/7784018-1-N-Frigidaire-242252702-Refrigerator-Water-Inlet-Valve.jpg",
    "name": "Electrolux Refrigerator Water Inlet Valve",
    "partselect_number": "PS7784018",
    "manufacturer_number": "242252702",
    "description": "★★★★★\n★★★★★\n122 Reviews\nThe function of the Refrigerator Water Inlet Valve (Triple Solenoid Water-Valve, Water Valve, Water Inlet Valve, Refrigerator Water Inlet Valve Assembly) is to release water from the supply line when activated, and send it through to your water dispenser or ice maker in your refrigerator. The water inlet valve is located at the back of the refrigerator, and connects to the water supply. The valve can break from material fatigue or normal use. If your water inlet valve is malfunctioning, you could be getting a lack of water to the inside of your refrigerator. Your ice maker may not produce cubes or your water dispenser may not work. The water inlet valve must be replaced if the solenoids no longer have continuity or the valve has internal blockage. This valve measures approximately 7 inches long and 4.5 inches wide, and is constructed of plastic and metal. It comes in blue, and includes the valve and mounting bracket.",
    "price": "$32.99",
    "stock_status": "In Stock",
    "rating": "4.62 out of 5",
    "reviews_count": 122
  },
  {
    "url": "https://www.partselect.com/PS12586284-Frigidaire-PAULTRA2-Refrigerator-Air-Filter.htm?SourceCode=18",
    "image_url": "https://partselectcom-gtcdcddbene3cpes.z01.azurefd.net/12586284-1-N-Frigidaire-PAULTRA2-Refrigerator-Air-Filter.jpg",
    "name": "Electrolux Refrigerator Air Filter",
    "partselect_number": "PS12586284",
    "manufacturer_number": "PAULTRA2",
    "description": "★★★★★\n★★★★★\n13 Reviews\nThis package contains one carbon activated filter for refrigerators with Pure Air Ultra II filtration systems. The air filter cleans the air and absorbs strong odors from fragrant foods, such as onions, garlic, seafood, and over-ripe fruits and vegetables. By absorbing these unpleasant smells, it will also improve the flavor of your ice cubes. This is a simple repair that does not require tools for installation or removal. Start by removing the plastic wrap on the new filter, remove the cover from the housing inside the refrigerator, remove the old filter, place the new filter into the housing, and close the cover. Depending on the model of your appliance, you may need to reset the filter reminder. This part is OEM official, guaranteeing a smooth install and proper fit.",
    "price": "$35.47",
    "stock_status": "In Stock",
    "rating": "4.85 out of 5",
    "reviews_count": 13
  },
  {
    "url": "https://www.partselect.com/PS12071116-Frigidaire-5304508016-Refrigerator-Roller.htm?SourceCode=18",
    "image_url": "https://partselectcom-gtcdcddbene3cpes.z01.azurefd.net/12071116-1-N-Frigidaire-5304508016-Refrigerator-Roller.jpg",
    "name": "Electrolux Refrigerator Roller",
    "partselect_number": "PS12071116",
    "manufacturer_number": "5304508016",
    "description": "★★★★★\n★★★★★\n3 Reviews\nThis crisper pan roller is sourced directly from the manufacturer for use in your refrigerator. It is a genuine OEM part that is designed to fit just like the original for your convenience. The roller is a plastic wheel-like component that attached to the sides of the crisper pan and allows it slide in and out of the refrigerator smoothly. The rollers allow users to easily and conveniently access the contents of the drawers. Over time, the roller may wear down, break, or fall off. If the roller is faulty, you may notice difficulty sliding the drawer in and out, or the drawer may feel loose and unstable when you pull it out. Each crisper pan roller is sold individually. Ensure that you order the correct number of rollers for your refrigerator.",
    "price": "$11.59",
    "stock_status": "In Stock",
    "rating": "4.00 out of 5",
    "reviews_count": 3
  },
  {
    "url": "https://www.partselect.com/PS429854-Frigidaire-240337103-Refrigerator-Crisper-Pan.htm?SourceCode=18",
    "image_url": "https://partselectcom-gtcdcddbene3cpes.z01.azurefd.net/429854-1-N-Frigidaire-240337103-Refrigerator-Crisper-Pan.jpg",
    "name": "Electrolux Refrigerator Crisper Pan",
    "partselect_number": "PS429854",
    "manufacturer_number": "240337103",
    "description": "★★★★★\n★★★★★\n52 Reviews\nThis manufacturer-certified Refrigerator Crisper Pan is a clear plastic pan which easily inserts into your fridge's crisper area in order to hold items. In some models of refrigerator this model is the same pan for both the meat and vegetable bins, but please note that this part is sold individually and not part of a complete kit. If broken then the part should be replaced. Refer to your user manual and model number to see if this crisper is right for your fridge. This bin measures approximately 11 inches deep and 22 inches long.",
    "price": "$103.69",
    "stock_status": "In Stock",
    "rating": "4.90 out of 5",
    "reviews_count": 52
  },
  {
    "url": "https://www.partselect.com/PS429873-Frigidaire-240338101-Refrigerator-Door-Shelf-Bin.htm?SourceCode=18",
    "image_url": "https://partselectcom-gtcdcddbene3cpes.z01.azurefd.net/429873-1-N-Frigidaire-240338101-Refrigerator-Door-Shelf-Bin.jpg",
    "name": "Electrolux Refrigerator Door Shelf Bin",
    "partselect_number": "PS429873",
    "manufacturer_number": "240338101",
    "description": "★★★★★\n★★★★★\n158 Reviews\nThis retainer bar (Refrigerator Door Shelf Bin, Refrigerator Door Shelf, Door Shelf Bin, Refrigerator Door Bin) holds items on the refrigerator door shelf. The plastic retainer can become brittle with time and crack or break under the strain of normal use. It can also break if heavy items are placed in the door shelf. If this part will no longer hold securely onto the inner door panel it will need to be replaced. This model is white plastic, and measures 26 by 5 inches. Sold individually.",
    "price": "$50.30",
    "stock_status": "In Stock",
    "rating": "4.67 out of 5",
    "reviews_count": 158
  },
  {
    "url": "https://www.partselect.com/PS1993820-Frigidaire-EAFCBF-Refrigerator-Air-Filter.htm?SourceCode=18",
    "image_url": "https://partselectcom-gtcdcddbene3cpes.z01.azurefd.net/1993820-1-N-Frigidaire-EAFCBF-Refrigerator-Air-Filter.jpg",
    "name": "Electrolux Refrigerator Air Filter",
    "partselect_number": "PS1993820",
    "manufacturer_number": "EAFCBF",
    "description": "★★★★★\n★★★★★\n24 Reviews\nThis manufacturer-approved air filter system for refrigerators eliminates odors and any impurities. It does this by neutralizing and removing odor-causing molecules. For best results, it is important to change the filter every 6 months to ensure that food is kept fresh, and the humidity is controlled. This part measures about 7 inches wide and 5 inches deep. Follow installation instructions provided by the manufacturer when installing this part to ensure accurate results and further guidance. Remember to unplug the refrigerator from the power source before starting this project. The air filter may be located in different places depending on your appliance, but is usually on the inner right or left side. See your manual for exact location. Our customers rated this as a very easy repair that takes only a few minutes; just locate and remove the old air filter and insert the new one to complete the repair, which requires no tools.",
    "price": "$34.51",
    "stock_status": "In Stock",
    "rating": "4.67 out of 5",
    "reviews_count": 24
  },
  {
    "url": "https://www.partselect.com/PS2358752-Frigidaire-241779401-Upper-Or-Lower-Mullion-Hinge-Pin.htm?SourceCode=18",
    "image_url": "https://partselectcom-gtcdcddbene3cpes.z01.azurefd.net/2358752-1-N-Frigidaire-241779401-Upper-Or-Lower-Mullion-Hinge-Pin.jpg",
    "name": "Electrolux Refrigerator Upper Or Lower Mullion Hinge Pin",
    "partselect_number": "PS2358752",
    "manufacturer_number": "241779401",
    "description": "★★★★★\n★★★★★\n6 Reviews\nThis mullion hinge pin is a genuine OEM replacement part, measuring 1.5 inches by 1.25 inches by 0.85 inches. It is specially designed to secure the mullion in refrigerators, allowing it to pivot and ensure smooth door movement. The mullion acts as a barrier between the refrigerator and freezer to maintain the desired temperatures for each section. A damaged or loose hinge pin will result in temperature fluctuations, frost buildup along the door edges, and difficulties opening and closing the door. Therefore, it is important that you replace the pin as soon as it is no longer functioning. Note that your appliance may require two hinge pins, one near the top of the mullion and one near the bottom. Remove the mullion cover, detach the hinge pin, and install a the new one into the hinge assembly. Place the cover back on and verify that the hinge assembly is working by carefully opening and closing the refrigerator doors to check that they are moving smoothly. Each sold individually.",
    "price": "$24.91",
    "stock_status": "In Stock",
    "rating": "3.50 out of 5",
    "reviews_count": 6
  },
  {
    "url": "https://www.partselect.com/PS12364857-Frigidaire-5304511738-LIGHT-BULB.htm?SourceCode=18",
    "image_url": "https://partselectcom-gtcdcddbene3cpes.z01.azurefd.net/12364857-1-N-Frigidaire-5304511738-LIGHT-BULB.jpg",
    "name": "Electrolux Refrigerator Light Bulb",
    "partselect_number": "PS12364857",
    "manufacturer_number": "5304511738",
    "description": "★★★★★\n★★★★★\n13 Reviews\nThis is an LED light for your refrigerator. This LED light is used to illuminate and provide ample light to the interior of your refrigerator and its freezer compartment. If the light bulb currently in your refrigerator is dying and has become significantly dimmer over time, it should be replaced immediately. This LED bulb is rated for 3.5W and can be replaced easily, by simply unscrewing the old bulb, and screwing in the new one. This bulb is sold individually and does not come with any other parts or accessories.",
    "price": "$66.79",
    "stock_status": "In Stock",
    "rating": "4.54 out of 5",
    "reviews_count": 13
  },
  {
    "url": "https://www.partselect.com/PS2378645-Frigidaire-240599803-Meat-Pan-Cover-Frame.htm?SourceCode=18",
    "image_url": "https://partselectcom-gtcdcddbene3cpes.z01.azurefd.net/2378645-1-N-Frigidaire-240599803-Meat-Pan-Cover-Frame.jpg",
    "name": "Electrolux Refrigerator Meat Pan Cover Frame",
    "partselect_number": "PS2378645",
    "manufacturer_number": "240599803",
    "description": "★★★★★\n★★★★★\n36 Reviews\nThis genuine OEM part is the white plastic frame for the meat pan in your refrigerator. The frame measures approximately 17-inches by 16-inches, and is used to support the drawer, or meat pan. The frame can become cracked or damaged due to excess weight on the shelf, and if this happens it should be replaced. Please note that the drawer and the glass shelf are not included with the frame but can be purchased separately if required.",
    "price": "$83.28",
    "stock_status": "In Stock",
    "rating": "4.89 out of 5",
    "reviews_count": 36
  },
  {
    "url": "https://www.partselect.com/PS12364145-Frigidaire-241779802-Mullion-Hinge.htm?SourceCode=18",
    "image_url": "https://partselectcom-gtcdcddbene3cpes.z01.azurefd.net/12364145-1-N-Frigidaire-241779802-Mullion-Hinge.jpg",
    "name": "Electrolux Refrigerator Mullion Hinge",
    "partselect_number": "PS12364145",
    "manufacturer_number": "241779802",
    "description": "The magnet is sold separately.",
    "price": "$38.35",
    "stock_status": "In Stock"
  },
  {
    "url": "https://www.partselect.com/PS7784017-Frigidaire-242252603-Water-Inlet-Valve.htm?SourceCode=18",
    "image_url": "https://partselectcom-gtcdcddbene3cpes.z01.azurefd.net/7784017-1-N-Frigidaire-242252603-Water-Inlet-Valve.jpg",
    "name": "Electrolux Refrigerator Water Inlet Valve",
    "partselect_number": "PS7784017",
    "manufacturer_number": "242252603",
    "description": "★★★★★\n★★★★★\n26 Reviews\nIf you notice that the ice maker in your refrigerator is leaking or is not making or dispensing ice, you may need to replace the water inlet valve. When energized, the water inlet valve releases water from the supply line into the ice mold. The water inlet valve is in the back of your refrigerator so you will need to pull the fridge out from the wall before completing this repair. To complete this job, you will need a 1/2 inch wrench, a 1/4 inch nut driver and a utility knife. If your old inlet valve has a screw-in fitting, you may need to simply cut the end of the hose to fit in the new part. Be sure to disconnect both the water and power supply from the refrigerator prior to beginning this repair.",
    "price": "$57.55",
    "stock_status": "In Stock",
    "rating": "4.50 out of 5",
    "reviews_count": 26
  },
  {
    "url": "https://www.partselect.com/PS469510-Frigidaire-5303918202-Refrigerator-Defrost-Thermostat.htm?SourceCode=18",
    "image_url": "https://partselectcom-gtcdcddbene3cpes.z01.azurefd.net/469510-1-N-Frigidaire-5303918202-Refrigerator-Defrost-Thermostat.jpg",
    "name": "Electrolux Refrigerator Defrost Thermostat",
    "partselect_number": "PS469510",
    "manufacturer_number": "5303918202",
    "description": "★★★★★\n★★★★★\n19 Reviews\nThis defrost thermostat is also known as a refrigerator defrost bi-metal thermostat kit. The function of the defrost bi-metal thermostat is to prevent overheating during the defrost cycle in your refrigerator by protecting the evaporator. The most common sign that there is a problem with your refrigerator defrost thermostat kit is if your freezer is cold but your refrigerator is warm. If your evaporator coils are icy then your defrost bi-metal thermostat kit could be defective. To do this installation the tools you will need include a 1/4 inch nut driver, a pair of wire strippers and crimpers, and a heat gun.",
    "price": "$24.91",
    "stock_status": "In Stock",
    "rating": "4.37 out of 5",
    "reviews_count": 19
  },
  {
    "url": "https://www.partselect.com/PS427922-Frigidaire-218428101-Door-Handle.htm?SourceCode=18",
    "image_url": "https://partselectcom-gtcdcddbene3cpes.z01.azurefd.net/427922-1-N-Frigidaire-218428101-Door-Handle.jpg",
    "name": "Electrolux Refrigerator Door Handle",
    "partselect_number": "PS427922",
    "manufacturer_number": "218428101",
    "description": "★★★★★\n★★★★★\n48 Reviews\nThis white handle can be used with both the freezer door and the fresh food door of many refrigerators. Note: As per the manufacturer, this handle includes the mounting block and screw for the top of the handle. If you need the screw for the bottom, it must be ordered separately. This is a simple repair that only requires a Phillips screwdriver. You will remove the 2 screws located on the top of the fridge door and slide the old handle out of place. Take your new handle and use your screwdriver to position back into place.",
    "price": "$33.55",
    "stock_status": "In Stock",
    "rating": "4.38 out of 5",
    "reviews_count": 48
  },
  {
    "url": "https://www.partselect.com/PS429964-Frigidaire-240350609-Pan-Cover-Glass-Insert.htm?SourceCode=18",
    "image_url": "https://partselectcom-gtcdcddbene3cpes.z01.azurefd.net/429964-1-N-Frigidaire-240350609-Pan-Cover-Glass-Insert.jpg",
    "name": "Electrolux Refrigerator Pan Cover Glass Insert",
    "partselect_number": "PS429964",
    "manufacturer_number": "240350609",
    "description": "★★★★★\n★★★★★\n31 Reviews\nThis the just the glass. The frame is NOT included.",
    "price": "$103.29",
    "stock_status": "In Stock",
    "rating": "4.65 out of 5",
    "reviews_count": 31
  },
  {
    "url": "https://www.partselect.com/PS976767-Frigidaire-241511701-Door-Bin-Clear.htm?SourceCode=18",
    "image_url": "https://partselectcom-gtcdcddbene3cpes.z01.azurefd.net/976767-1-N-Frigidaire-241511701-Door-Bin-Clear.jpg",
    "name": "Electrolux Refrigerator Door Bin (clear)",
    "partselect_number": "PS976767",
    "manufacturer_number": "241511701",
    "description": "★★★★★\n★★★★★\n9 Reviews\nSold individually.",
    "price": "$50.30",
    "stock_status": "In Stock",
    "rating": "4.44 out of 5",
    "reviews_count": 9
  },
  {
    "url": "https://www.partselect.com/PS12731484-Frigidaire-5304522259-Refrigerator-Clip.htm?SourceCode=18",
    "image_url": "https://partselectcom-gtcdcddbene3cpes.z01.azurefd.net/12731484-1-N-Frigidaire-5304522259-Refrigerator-Clip.jpg",
    "name": "Electrolux Refrigerator Clip",
    "partselect_number": "PS12731484",
    "manufacturer_number": "5304522259",
    "description": "★★★★★\n★★★★★\n1 Review",
    "price": "$6.74",
    "stock_status": "In Stock",
    "rating": "5.00 out of 5",
    "reviews_count": 1
  },
  {
    "url": "https://www.partselect.com/PS8769003-Frigidaire-240358008-Freezer-Shelf.htm?SourceCode=18",
    "image_url": "https://partselectcom-gtcdcddbene3cpes.z01.azurefd.net/8769003-1-N-Frigidaire-240358008-Freezer-Shelf.jpg",
    "name": "Electrolux Refrigerator Freezer Shelf",
    "partselect_number": "PS8769003",
    "manufacturer_number": "240358008",
    "description": "★★★★★\n★★★★★\n16 Reviews\nSold individually. This shelf is for refrigerators. Follow the directions in the owner's manual to install refrigerator shelf in your refrigerator. Wear work gloves to protect your hands.",
    "price": "$64.55",
    "stock_status": "In Stock",
    "rating": "4.56 out of 5",
    "reviews_count": 16
  },
  {
    "url": "https://www.partselect.com/PS11766245-Frigidaire-5304505782-Refrigerator-Freezer-Gasket.htm?SourceCode=18",
    "image_url": "https://partselectcom-gtcdcddbene3cpes.z01.azurefd.net/11766245-1-N-Frigidaire-5304505782-Refrigerator-Freezer-Gasket.jpg",
    "name": "Electrolux Refrigerator Freezer Gasket",
    "partselect_number": "PS11766245",
    "manufacturer_number": "5304505782",
    "description": "★★★★★\n★★★★★\n4 Reviews\nThis is a door gasket for the freezer compartment of various refrigerators. Door gaskets are used to seal the cold interior of the freezer compartment, from the warm and ambient temperature of your home. If this door gasket on your freezer door is damaged, moldy, or warped and unable to close and seal properly, it needs to be replaced immediately. This door gasket is gray in color and is easy to remove and install. To replace it, carefully pull and remove the old gasket off, and wrap the new gasket around the perimeter of the door frame. This gasket is sold individually, and does not come with any accessories.",
    "price": "$203.13",
    "stock_status": "In Stock",
    "rating": "4.00 out of 5",
    "reviews_count": 4
  },
  {
    "url": "https://www.partselect.com/PS11770650-Frigidaire-5304507206-Door-Gasket.htm?SourceCode=18",
    "image_url": "https://partselectcom-gtcdcddbene3cpes.z01.azurefd.net/11770650-1-N-Frigidaire-5304507206-Door-Gasket.jpg",
    "name": "Electrolux Refrigerator Door Gasket",
    "partselect_number": "PS11770650",
    "manufacturer_number": "5304507206",
    "description": "★★★★★\n★★★★★\n8 Reviews\nThis part is a replacement door gasket for your refrigerator/freezer. The gasket is made of rubber and is black in color. The gasket runs along the perimeter of the refrigerator door and is used to keep a seal, so the refrigerator remains cold. If you notice that your refrigerator will not maintain a steady temperature or if it is noisy, it could mean that the gasket is torn or damaged. This product is sold individually and is an OEM part from the manufacturer.",
    "price": "$111.81",
    "stock_status": "In Stock",
    "rating": "3.63 out of 5",
    "reviews_count": 8
  },
  {
    "url": "https://www.partselect.com/PS429876-Frigidaire-240338201-Door-Bin.htm?SourceCode=18",
    "image_url": "https://partselectcom-gtcdcddbene3cpes.z01.azurefd.net/429876-1-N-Frigidaire-240338201-Door-Bin.jpg",
    "name": "Electrolux Refrigerator Door Bin",
    "partselect_number": "PS429876",
    "manufacturer_number": "240338201",
    "description": "★★★★★\n★★★★★\n22 Reviews\nThis is a replacement door bin for your refrigerator. The door bin fits into your refrigerator door and is used to store food and other items. It is made of white plastic and is approximately 13 inches wide, 5 inches tall, and 8 inches deep. Your refrigerator may have more than one damaged or missing door bin, but keep in mind that this part is sold individually. To replace this part, simply slide out the damaged bin and slide the new bin into place. This is an OEM part sourced directly from the manufacturer.",
    "price": "$52.20",
    "stock_status": "In Stock",
    "rating": "4.73 out of 5",
    "reviews_count": 22
  },
  {
    "url": "https://www.partselect.com/PS17629869-Frigidaire-5304536370-1-Gallon-Door-Bin-Assembly.htm?SourceCode=18",
    "image_url": "https://partselectcom-gtcdcddbene3cpes.z01.azurefd.net/17629869-1-N-Frigidaire-5304536370-1-Gallon-Door-Bin-Assembly.jpg",
    "name": "Electrolux Refrigerator 1-gallon Door Bin Assembly",
    "partselect_number": "PS17629869",
    "manufacturer_number": "5304536370",
    "description": "Door Shelf Bin",
    "price": "$41.23",
    "stock_status": "In Stock"
  },
  {
    "url": "https://www.partselect.com/PS899288-Frigidaire-240311303-Single-Washer.htm?SourceCode=18",
    "image_url": "https://partselectcom-gtcdcddbene3cpes.z01.azurefd.net/899288-1-N-Frigidaire-240311303-Single-Washer.jpg",
    "name": "Electrolux Refrigerator Single Washer",
    "partselect_number": "PS899288",
    "manufacturer_number": "240311303",
    "description": "★★★★★\n★★★★★\n3 Reviews\nSold Individually.",
    "price": "$17.41",
    "stock_status": "In Stock",
    "rating": "5.00 out of 5",
    "reviews_count": 3
  },
  {
    "url": "https://www.partselect.com/PS1526418-Frigidaire-241685703-Water-Dispenser-Actuator.htm?SourceCode=18",
    "image_url": "https://partselectcom-gtcdcddbene3cpes.z01.azurefd.net/1526418-1-N-Frigidaire-241685703-Water-Dispenser-Actuator.jpg",
    "name": "Electrolux Refrigerator Water Dispenser Actuator",
    "partselect_number": "PS1526418",
    "manufacturer_number": "241685703",
    "description": "★★★★★\n★★★★★\n22 Reviews\nOnce a glass is pressed against the actuator pad it will cause the dispenser to deliver ice or water when activated.",
    "price": "$87.37",
    "stock_status": "In Stock",
    "rating": "4.91 out of 5",
    "reviews_count": 22
  },
  {
    "url": "https://www.partselect.com/PS430814-Frigidaire-240457701-Door-Closing-Cam.htm?SourceCode=18",
    "image_url": "https://partselectcom-gtcdcddbene3cpes.z01.azurefd.net/430814-1-N-Frigidaire-240457701-Door-Closing-Cam.jpg",
    "name": "Electrolux Refrigerator Door Closing Cam",
    "partselect_number": "PS430814",
    "manufacturer_number": "240457701",
    "description": "★★★★★\n★★★★★\n32 Reviews\nSold individually. This cam is located at the bottom of the fridge/freezer door.",
    "price": "$53.15",
    "stock_status": "In Stock",
    "rating": "4.63 out of 5",
    "reviews_count": 32
  },
  {
    "url": "https://www.partselect.com/PS3501052-Frigidaire-242018301-Condenser-Fan-Motor.htm?SourceCode=18",
    "image_url": "https://partselectcom-gtcdcddbene3cpes.z01.azurefd.net/3501052-1-N-Frigidaire-242018301-Condenser-Fan-Motor.jpg",
    "name": "Electrolux Refrigerator Condenser Fan Motor",
    "partselect_number": "PS3501052",
    "manufacturer_number": "242018301",
    "description": "★★★★★\n★★★★★\n3 Reviews",
    "price": "$24.86",
    "stock_status": "In Stock",
    "rating": "5.00 out of 5",
    "reviews_count": 3
  },
  {
    "url": "https://www.partselect.com/PS817681-Frigidaire-240495804-Freezer-Door-Bin.htm?SourceCode=18",
    "image_url": "https://partselectcom-gtcdcddbene3cpes.z01.azurefd.net/817681-1-N-Frigidaire-240495804-Freezer-Door-Bin.jpg",
    "name": "Electrolux Refrigerator Freezer Door Bin",
    "partselect_number": "PS817681",
    "manufacturer_number": "240495804",
    "description": "★★★★★\n★★★★★\n7 Reviews\nSold individually.",
    "price": "$43.15",
    "stock_status": "In Stock",
    "rating": "5.00 out of 5",
    "reviews_count": 7
  },
  {
    "url": "https://www.partselect.com/PS12712277-Frigidaire-5304517886-Refrigerator-Light-Bulb.htm?SourceCode=18",
    "image_url": "https://partselectcom-gtcdcddbene3cpes.z01.azurefd.net/12712277-1-N-Frigidaire-5304517886-Refrigerator-Light-Bulb.jpg",
    "name": "Electrolux Refrigerator Light Bulb",
    "partselect_number": "PS12712277",
    "manufacturer_number": "5304517886",
    "description": "★★★★★\n★★★★★\n10 Reviews\nThis is an LED light for a variety of refrigerator models. This 3.8W LED light is used to shine and adequately light the contents of your refrigerator when you open its door. If your current light is significantly dimmer than normal, or simply not working anymore, it will need to be replaced. To replace this bulb, unplug your fridge momentarily, and then simply unthread the old one and screw in the new one. This bulb is sold individually and does not come with any other parts.",
    "price": "$54.10",
    "stock_status": "In Stock",
    "rating": "4.00 out of 5",
    "reviews_count": 10
  },
  {
    "url": "https://www.partselect.com/PS3502347-Frigidaire-297237702-Compressor-Start-Relay.htm?SourceCode=18",
    "image_url": "https://partselectcom-gtcdcddbene3cpes.z01.azurefd.net/3502347-1-N-Frigidaire-297237702-Compressor-Start-Relay.jpg",
    "name": "Electrolux Refrigerator Compressor Start Relay",
    "partselect_number": "PS3502347",
    "manufacturer_number": "297237702",
    "description": "★★★★★\n★★★★★\n8 Reviews\nThe start relay briefly boosts the compressor, and then shuts off as soon as the motor gets up to speed. Note: This part has been updated by the manufacturer. It may differ in appearance but will still function the same as the original.",
    "price": "$73.27",
    "stock_status": "In Stock",
    "rating": "4.50 out of 5",
    "reviews_count": 8
  },
  {
    "url": "https://www.partselect.com/PS3419161-Frigidaire-297291300-Glass-Shelf-Insert.htm?SourceCode=18",
    "image_url": "https://partselectcom-gtcdcddbene3cpes.z01.azurefd.net/3419161-1-N-Frigidaire-297291300-Glass-Shelf-Insert.jpg",
    "name": "Electrolux Refrigerator Glass Shelf Insert",
    "partselect_number": "PS3419161",
    "manufacturer_number": "297291300",
    "description": "★★★★★\n★★★★★\n3 Reviews\nManufacturer Part Number 297291300",
    "price": "$81.65",
    "stock_status": "In Stock",
    "rating": "5.00 out of 5",
    "reviews_count": 3
  },
  {
    "url": "https://www.partselect.com/PS17629861-Frigidaire-5304536307-Lower-Crisper-Pan-With-Slide-Clip.htm?SourceCode=18",
    "image_url": "https://partselectcom-gtcdcddbene3cpes.z01.azurefd.net/17629861-1-N-Frigidaire-5304536307-Lower-Crisper-Pan-With-Slide-Clip.jpg",
    "name": "Electrolux Refrigerator Lower Crisper Pan With Slide Clip",
    "partselect_number": "PS17629861",
    "manufacturer_number": "5304536307",
    "description": "Crisper Drawer",
    "price": "$68.35",
    "stock_status": "In Stock"
  },
  {
    "url": "https://www.partselect.com/PS2378689-Frigidaire-241885001-Dispenser-Crusher-Housing.htm?SourceCode=18",
    "image_url": "https://partselectcom-gtcdcddbene3cpes.z01.azurefd.net/2378689-1-N-Frigidaire-241885001-Dispenser-Crusher-Housing.jpg",
    "name": "Electrolux Refrigerator Dispenser Crusher Housing",
    "partselect_number": "PS2378689",
    "manufacturer_number": "241885001",
    "description": "★★★★★\n★★★★★\n25 Reviews\nThis dispenser crusher housing may also be known as a refrigerator ice crusher housing, and is compatible with your refrigerator. The function of the dispenser crusher housing is to shield the ice crushing blades within the ice container. To make this repair you will need a Phillips screwdriver, a flat blade screwdriver, a quarter-inch nut driver, and a pair of channel lock pliers. For this installation, work gloves are recommended. Note that this piece may look different or be a different color than the original, but this part will fit and function in the same way as the original part.",
    "price": "$56.95",
    "stock_status": "In Stock",
    "rating": "4.84 out of 5",
    "reviews_count": 25
  },
  {
    "url": "https://www.partselect.com/PS3419162-Frigidaire-297291301-Glass-Shelf-Insert.htm?SourceCode=18",
    "image_url": "https://partselectcom-gtcdcddbene3cpes.z01.azurefd.net/3419162-1-N-Frigidaire-297291301-Glass-Shelf-Insert.jpg",
    "name": "Electrolux Refrigerator Glass Shelf Insert",
    "partselect_number": "PS3419162",
    "manufacturer_number": "297291301",
    "description": "★★★★★\n★★★★★\n1 Review\nManufacturer Part Number 297291301",
    "price": "$87.35",
    "stock_status": "In Stock",
    "rating": "5.00 out of 5",
    "reviews_count": 1
  },
  {
    "url": "https://www.partselect.com/PS12731617-Frigidaire-5304522623-MANIFOLD.htm?SourceCode=18",
    "image_url": "https://partselectcom-gtcdcddbene3cpes.z01.azurefd.net/12731617-1-N-Frigidaire-5304522623-MANIFOLD.jpg",
    "name": "Electrolux Refrigerator Manifold",
    "partselect_number": "PS12731617",
    "manufacturer_number": "5304522623",
    "description": "★★★★★\n★★★★★\n3 Reviews",
    "price": "$57.18",
    "stock_status": "In Stock",
    "rating": "5.00 out of 5",
    "reviews_count": 3
  },
  {
    "url": "https://www.partselect.com/PS1525674-Frigidaire-216731001-Defrost-Thermostat.htm?SourceCode=18",
    "image_url": "https://partselectcom-gtcdcddbene3cpes.z01.azurefd.net/1525674-1-N-Frigidaire-216731001-Defrost-Thermostat.jpg",
    "name": "Electrolux Refrigerator Defrost Thermostat",
    "partselect_number": "PS1525674",
    "manufacturer_number": "216731001",
    "description": "This is a temperature sensing mechanism. It can sense the rise in evaporator temperature during a defrost cycle and cycles the defrost heater off after all frost is melted from the coils.",
    "price": "$58.51",
    "stock_status": "In Stock"
  },
  {
    "url": "https://www.partselect.com/PS2332086-Frigidaire-297049500-Freezer-Basket-Slide-Clip.htm?SourceCode=18",
    "image_url": "https://partselectcom-gtcdcddbene3cpes.z01.azurefd.net/2332086-1-N-Frigidaire-297049500-Freezer-Basket-Slide-Clip.jpg",
    "name": "Electrolux Refrigerator Freezer Basket Slide Clip",
    "partselect_number": "PS2332086",
    "manufacturer_number": "297049500",
    "description": "★★★★★\n★★★★★\n4 Reviews\nThe basket clip slide is commonly found in refrigerators and freezers. This part is made of high-quality plastic, and is used to connect the basket to the basket sliders. No tools are required when replacing this item. Simply remove the old part and snap the new one into place. This item is sold as an individual replacement part.",
    "price": "$27.79",
    "stock_status": "In Stock",
    "rating": "3.50 out of 5",
    "reviews_count": 4
  },
  {
    "url": "https://www.partselect.com/PS16218418-Frigidaire-5304524055-BIN.htm?SourceCode=18",
    "image_url": "https://partselectcom-gtcdcddbene3cpes.z01.azurefd.net/16218418-1-N-Frigidaire-5304524055-BIN.jpg",
    "name": "Electrolux Refrigerator Bin",
    "partselect_number": "PS16218418",
    "manufacturer_number": "5304524055",
    "description": "★★★★★\n★★★★★\n2 Reviews\nManufacturer Part Number 5304524055",
    "price": "$60.43",
    "stock_status": "In Stock",
    "rating": "5.00 out of 5",
    "reviews_count": 2
  },
  {
    "url": "https://www.partselect.com/PS1527490-Frigidaire-297099500-SUPPORT.htm?SourceCode=18",
    "image_url": "https://partselectcom-gtcdcddbene3cpes.z01.azurefd.net/1527490-1-N-Frigidaire-297099500-SUPPORT.jpg",
    "name": "Electrolux Refrigerator Support",
    "partselect_number": "PS1527490",
    "manufacturer_number": "297099500",
    "description": "★★★★★\n★★★★★\n2 Reviews\nManufacturer Part Number 297099500",
    "price": "$42.63",
    "stock_status": "In Stock",
    "rating": "5.00 out of 5",
    "reviews_count": 2
  },
  {
    "url": "https://www.partselect.com/PS16227343-Frigidaire-5304526183-6-Hour-Defrost-Timer.htm?SourceCode=18",
    "image_url": "https://partselectcom-gtcdcddbene3cpes.z01.azurefd.net/16227343-1-N-Frigidaire-5304526183-6-Hour-Defrost-Timer.jpg",
    "name": "Electrolux Refrigerator 6-hour Defrost Timer",
    "partselect_number": "PS16227343",
    "manufacturer_number": "5304526183",
    "description": "Manufacturer Part Number 5304526183",
    "price": "$52.33",
    "stock_status": "In Stock"
  },
  {
    "url": "https://www.partselect.com/PS1148756-Frigidaire-241657502-Fixed-Freezer-Shelf.htm?SourceCode=18",
    "image_url": "https://partselectcom-gtcdcddbene3cpes.z01.azurefd.net/1148756-1-N-Frigidaire-241657502-Fixed-Freezer-Shelf.jpg",
    "name": "Electrolux Refrigerator Fixed Freezer Shelf",
    "partselect_number": "PS1148756",
    "manufacturer_number": "241657502",
    "description": "★★★★★\n★★★★★\n5 Reviews",
    "price": "$60.43",
    "stock_status": "In Stock",
    "rating": "4.80 out of 5",
    "reviews_count": 5
  },
  {
    "url": "https://www.partselect.com/PS976764-Frigidaire-241511602-Door-Bin-Clear.htm?SourceCode=18",
    "image_url": "https://partselectcom-gtcdcddbene3cpes.z01.azurefd.net/976764-1-N-Frigidaire-241511602-Door-Bin-Clear.jpg",
    "name": "Electrolux Refrigerator Door Bin (clear)",
    "partselect_number": "PS976764",
    "manufacturer_number": "241511602",
    "description": "★★★★★\n★★★★★\n3 Reviews",
    "price": "$50.83",
    "stock_status": "In Stock",
    "rating": "5.00 out of 5",
    "reviews_count": 3
  },
  {
    "url": "https://www.partselect.com/PS11703673-Frigidaire-242220119-Water-Tube.htm?SourceCode=18",
    "image_url": "https://partselectcom-gtcdcddbene3cpes.z01.azurefd.net/11703673-1-N-Frigidaire-242220119-Water-Tube.jpg",
    "name": "Electrolux Refrigerator Water Tube",
    "partselect_number": "PS11703673",
    "manufacturer_number": "242220119",
    "price": "$34.25",
    "stock_status": "In Stock"
  },
  {
    "url": "https://www.partselect.com/PS11766772-Frigidaire-5303918774-Refrigerator-Condenser-Fan-Motor-Kit.htm?SourceCode=18",
    "image_url": "https://partselectcom-gtcdcddbene3cpes.z01.azurefd.net/11766772-1-N-Frigidaire-5303918774-Refrigerator-Condenser-Fan-Motor-Kit.jpg",
    "name": "Electrolux Refrigerator Condenser Fan Motor Kit",
    "partselect_number": "PS11766772",
    "manufacturer_number": "5303918774",
    "description": "★★★★★\n★★★★★\n16 Reviews\nThis is a replacement condenser fan motor kit for your refrigerator. This six-piece kit contains foam tape, 2 screws, the fan blade, the new motor mounting bracket, and the condenser fan motor. The condenser fan motor is found in the back of the refrigerator, and it moves air across the compressor and the condenser to keep them cool. If the motor has failed, the condenser and the compressor will run hot, and this can cause the refrigerator not to cool. This is an OEM part from the manufacturer.",
    "price": "$113.69",
    "stock_status": "In Stock",
    "rating": "4.31 out of 5",
    "reviews_count": 16
  },
  {
    "url": "https://www.partselect.com/PS2331949-Frigidaire-241872509-Freezer-Door-Gasket-Black.htm?SourceCode=18",
    "image_url": "https://partselectcom-gtcdcddbene3cpes.z01.azurefd.net/2331949-1-N-Frigidaire-241872509-Freezer-Door-Gasket-Black.jpg",
    "name": "Electrolux Refrigerator Freezer Door Gasket (black)",
    "partselect_number": "PS2331949",
    "manufacturer_number": "241872509",
    "description": "★★★★★\n★★★★★\n5 Reviews\nThis door gasket is used to make an air-tight seal for the cabinet when the door is closed. Freezer door gasket is an original equipment manufacturer (OEM) part that fits some top-freezer refrigerators in these series: Kenmore 253; Kenmore Elite 253; Frigidaire BLRT, CFHT, CFTR, CGHT, DFHT, DGHT, FFHI, FFHT, FFTR, FGHT, FRT, FTHD, FTMD, GLHT, LFHT, LFTR, LGHT, NFTR and PLHT; Crosley CFTR, CRT and CRTE; and Kelvinator KATR. Freezer door gasket 241872509 is on the inner door panel and creates a seal around the door to prevent warm air from entering the freezer compartment. This freezer door gasket is black. It measures approximately 29.5 x 18.5-in. Replaces top-freezer refrigerator freezer door gasket part numbers 240514609, 240542109, 240542121 and 5304439524.",
    "price": "$103.35",
    "stock_status": "In Stock",
    "rating": "4.20 out of 5",
    "reviews_count": 5
  },
  {
    "url": "https://www.partselect.com/PS6448034-Frigidaire-241850615-Ice-Maker-Fill-Tube-Assembly.htm?SourceCode=18",
    "image_url": "https://partselectcom-gtcdcddbene3cpes.z01.azurefd.net/6448034-1-N-Frigidaire-241850615-Ice-Maker-Fill-Tube-Assembly.jpg",
    "name": "Electrolux Refrigerator Ice Maker Fill Tube Assembly",
    "partselect_number": "PS6448034",
    "manufacturer_number": "241850615",
    "description": "★★★★★\n★★★★★\n1 Review\nThis supplies water to the icemaker and dispenser.",
    "price": "$39.15",
    "stock_status": "In Stock",
    "rating": "5.00 out of 5",
    "reviews_count": 1
  },
  {
    "url": "https://www.partselect.com/PS16218620-Frigidaire-5304524817-MANIFOLD.htm?SourceCode=18",
    "image_url": "https://partselectcom-gtcdcddbene3cpes.z01.azurefd.net/16218620-1-N-Frigidaire-5304524817-MANIFOLD.jpg",
    "name": "Electrolux Refrigerator Manifold",
    "partselect_number": "PS16218620",
    "manufacturer_number": "5304524817",
    "description": "Manufacturer Part Number 5304524817",
    "price": "$58.15",
    "stock_status": "In Stock"
  },
  {
    "url": "https://www.partselect.com/PS16544371-Frigidaire-5304528815-FOOT.htm?SourceCode=18",
    "image_url": "https://partselectcom-gtcdcddbene3cpes.z01.azurefd.net/16544371-1-N-Frigidaire-5304528815-FOOT.jpg",
    "name": "Electrolux Refrigerator Foot",
    "partselect_number": "PS16544371",
    "manufacturer_number": "5304528815",
    "description": "Manufacturer Part Number 5304528815",
    "price": "$16.61",
    "stock_status": "In Stock"
  },
  {
    "url": "https://www.partselect.com/PS426768-Frigidaire-216730700-Defrost-Heater.htm?SourceCode=18",
    "image_url": "https://partselectcom-gtcdcddbene3cpes.z01.azurefd.net/426768-1-N-Frigidaire-216730700-Defrost-Heater.jpg",
    "name": "Electrolux Refrigerator Defrost Heater",
    "partselect_number": "PS426768",
    "manufacturer_number": "216730700",
    "description": "★★★★★\n★★★★★\n1 Review\nThis part is located at the bottom of the evaporator. The defrost heater heats the evaporator in the defrost mode of operation to keep the cooling coils from frosting over. The thermostat must be replaced when replacing the defrost heater.",
    "price": "$72.91",
    "stock_status": "In Stock",
    "rating": "5.00 out of 5",
    "reviews_count": 1
  },
  {
    "url": "https://www.partselect.com/PS12731386-Frigidaire-242219206-MOTOR.htm?SourceCode=18",
    "image_url": "https://partselectcom-gtcdcddbene3cpes.z01.azurefd.net/12731386-1-N-Frigidaire-242219206-MOTOR.jpg",
    "name": "Electrolux Refrigerator Motor",
    "partselect_number": "PS12731386",
    "manufacturer_number": "242219206",
    "description": "Manufacturer Part Number 242219206",
    "price": "$100.75",
    "stock_status": "In Stock"
  },
  {
    "url": "https://www.partselect.com/PS17219765-Frigidaire-5304536369-BIN-ASSEMBLY-2-LITER-FF-DOOR.htm?SourceCode=18",
    "image_url": "https://partselectcom-gtcdcddbene3cpes.z01.azurefd.net/17219765-1-N-Frigidaire-5304536369-BIN-ASSEMBLY-2-LITER-FF-DOOR.jpg",
    "name": "Electrolux Refrigerator Bin Assembly 2 Liter Ff Door",
    "partselect_number": "PS17219765",
    "manufacturer_number": "5304536369",
    "description": "Door Shelf Bin",
    "price": "$42.09",
    "stock_status": "In Stock"
  },
  {
    "url": "https://www.partselect.com/PS17629865-Frigidaire-5304536363-2-Liter-Door-Bin-Assembly.htm?SourceCode=18",
    "image_url": "https://partselectcom-gtcdcddbene3cpes.z01.azurefd.net/17629865-1-N-Frigidaire-5304536363-2-Liter-Door-Bin-Assembly.jpg",
    "name": "Electrolux Refrigerator 2-liter Door Bin Assembly",
    "partselect_number": "PS17629865",
    "manufacturer_number": "5304536363",
    "description": "Door Shelf",
    "price": "$46.99",
    "stock_status": "On Order"
  },
  {
    "url": "https://www.partselect.com/PS429962-Frigidaire-240350603-Pan-Cover-Insert.htm?SourceCode=18",
    "image_url": "https://partselectcom-gtcdcddbene3cpes.z01.azurefd.net/429962-1-N-Frigidaire-240350603-Pan-Cover-Insert.jpg",
    "name": "Electrolux Refrigerator Pan Cover Insert",
    "partselect_number": "PS429962",
    "manufacturer_number": "240350603",
    "description": "★★★★★\n★★★★★\n5 Reviews\nGlass Only. Frame not included.",
    "price": "$75.95",
    "stock_status": "In Stock",
    "rating": "5.00 out of 5",
    "reviews_count": 5
  },
  {
    "url": "https://www.partselect.com/PS976993-Frigidaire-241552802-T8-Style-Light-Bulb-25w.htm?SourceCode=18",
    "image_url": "https://partselectcom-gtcdcddbene3cpes.z01.azurefd.net/976993-1-N-Frigidaire-241552802-T8-Style-Light-Bulb-25w.jpg",
    "name": "Electrolux Refrigerator T8 Style Light Bulb (25w)",
    "partselect_number": "PS976993",
    "manufacturer_number": "241552802",
    "description": "Sold individually.",
    "price": "$45.03",
    "stock_status": "In Stock"
  },
  {
    "url": "https://www.partselect.com/PS16227282-Frigidaire-5304525937-TRIM.htm?SourceCode=18",
    "image_url": "https://partselectcom-gtcdcddbene3cpes.z01.azurefd.net/16227282-1-N-Frigidaire-5304525937-TRIM.jpg",
    "name": "Electrolux Refrigerator Trim",
    "partselect_number": "PS16227282",
    "manufacturer_number": "5304525937",
    "description": "Manufacturer Part Number 5304525937",
    "price": "$18.57",
    "stock_status": "In Stock"
  },
  {
    "url": "https://www.partselect.com/PS1526429-Frigidaire-241688701-Ice-Dispenser-Door-Seal.htm?SourceCode=18",
    "image_url": "https://partselectcom-gtcdcddbene3cpes.z01.azurefd.net/1526429-1-N-Frigidaire-241688701-Ice-Dispenser-Door-Seal.jpg",
    "name": "Electrolux Refrigerator Ice Dispenser Door Seal",
    "partselect_number": "PS1526429",
    "manufacturer_number": "241688701",
    "description": "★★★★★\n★★★★★\n1 Review\nThis part works in conjunction with the ice chute door.",
    "price": "$43.60",
    "stock_status": "In Stock",
    "rating": "3.00 out of 5",
    "reviews_count": 1
  },
  {
    "url": "https://www.partselect.com/PS12741835-Frigidaire-5304522193-Refrigerator-Bearing.htm?SourceCode=18",
    "image_url": "https://partselectcom-gtcdcddbene3cpes.z01.azurefd.net/12741835-1-N-Frigidaire-5304522193-Refrigerator-Bearing.jpg",
    "name": "Electrolux Refrigerator Bearing",
    "partselect_number": "PS12741835",
    "manufacturer_number": "5304522193",
    "description": "Manufacturer Part Number 5304522193",
    "price": "$11.95",
    "stock_status": "In Stock"
  },
  {
    "url": "https://www.partselect.com/PS16544369-Frigidaire-5304528813-BASE.htm?SourceCode=18",
    "image_url": "https://partselectcom-gtcdcddbene3cpes.z01.azurefd.net/16544369-1-N-Frigidaire-5304528813-BASE.jpg",
    "name": "Electrolux Refrigerator Base",
    "partselect_number": "PS16544369",
    "manufacturer_number": "5304528813",
    "price": "$18.76",
    "stock_status": "In Stock"
  },
  {
    "url": "https://www.partselect.com/PS16543845-Frigidaire-5304527174-SHELF-ASSEMBLY.htm?SourceCode=18",
    "image_url": "https://partselectcom-gtcdcddbene3cpes.z01.azurefd.net/16543845-1-N-Frigidaire-5304527174-SHELF-ASSEMBLY.jpg",
    "name": "Electrolux Refrigerator Shelf Assembly",
    "partselect_number": "PS16543845",
    "manufacturer_number": "5304527174",
    "price": "$81.55",
    "stock_status": "In Stock"
  },
  {
    "url": "https://www.partselect.com/PS2358886-Frigidaire-242000502-Hinge-Bearing.htm?SourceCode=18",
    "image_url": "https://partselectcom-gtcdcddbene3cpes.z01.azurefd.net/2358886-1-N-Frigidaire-242000502-Hinge-Bearing.jpg",
    "name": "Electrolux Refrigerator Hinge Bearing",
    "partselect_number": "PS2358886",
    "manufacturer_number": "242000502",
    "description": "This part is the replacement hinge bearing for your refrigerator. It is made of black plastic and is approximately 1 inch in diameter, and 1 ¼ inch in length. The hinge bearing connects the door panel and the door hinge and helps the door open and close properly. If you notice a clicking sound when opening or closing your refrigerator, or if the door won’t close at all, you may need to replace the hinge bearing. This part is sold individually and is an OEM part sourced directly from the manufacturer.",
    "price": "$11.83",
    "stock_status": "In Stock"
  },
  {
    "url": "https://www.partselect.com/PS430892-Frigidaire-240505801-Light-Switch.htm?SourceCode=18",
    "image_url": "https://partselectcom-gtcdcddbene3cpes.z01.azurefd.net/430892-1-N-Frigidaire-240505801-Light-Switch.jpg",
    "name": "Electrolux Refrigerator Light Switch",
    "partselect_number": "PS430892",
    "manufacturer_number": "240505801",
    "description": "★★★★★\n★★★★★\n7 Reviews\nThis is the replacement light switch for your refrigerator. It is white in color and is approximately 2inches long and 1 inch wide. If the light is not working or stays on, you may need to replace the switch. It is an OEM part, directly from the manufacturer. Be sure to disconnect the refrigerator from the power source before you begin this repair. To remove the switch, simply use a flathead screwdriver to pop the switch out from the refrigerator wall, then disconnect the wires. Reconnect the wires to the new switch and snap it into place to complete your repair.",
    "price": "$53.85",
    "stock_status": "In Stock",
    "rating": "4.86 out of 5",
    "reviews_count": 7
  },
  {
    "url": "https://www.partselect.com/PS1525944-Frigidaire-240314011-Lower-Hinge-Bracket.htm?SourceCode=18",
    "image_url": "https://partselectcom-gtcdcddbene3cpes.z01.azurefd.net/1525944-1-N-Frigidaire-240314011-Lower-Hinge-Bracket.jpg",
    "name": "Electrolux Refrigerator Lower Hinge Bracket",
    "partselect_number": "PS1525944",
    "manufacturer_number": "240314011",
    "description": "★★★★★\n★★★★★\n2 Reviews",
    "price": "$59.12",
    "stock_status": "In Stock",
    "rating": "4.50 out of 5",
    "reviews_count": 2
  },
  {
    "url": "https://www.partselect.com/PS16544403-Frigidaire-5304528905-GASKET.htm?SourceCode=18",
    "image_url": "https://partselectcom-gtcdcddbene3cpes.z01.azurefd.net/16544403-1-N-Frigidaire-5304528905-GASKET.jpg",
    "name": "Electrolux Refrigerator Gasket",
    "partselect_number": "PS16544403",
    "manufacturer_number": "5304528905",
    "description": "Manufacturer Part Number 5304528905",
    "price": "$122.24",
    "stock_status": "In Stock"
  },
  {
    "url": "https://www.partselect.com/PS8770222-Frigidaire-5304493604-Cooling-Fan-Kit.htm?SourceCode=18",
    "image_url": "https://partselectcom-gtcdcddbene3cpes.z01.azurefd.net/8770222-1-N-Frigidaire-5304493604-Cooling-Fan-Kit.jpg",
    "name": "Electrolux Refrigerator Cooling Fan Kit",
    "partselect_number": "PS8770222",
    "manufacturer_number": "5304493604",
    "description": "★★★★★\n★★★★★\n1 Review",
    "price": "$67.57",
    "stock_status": "In Stock",
    "rating": "5.00 out of 5",
    "reviews_count": 1
  },
  {
    "url": "https://www.partselect.com/PS11775596-Frigidaire-5303918775-THERMISTOR.htm?SourceCode=18",
    "image_url": "https://partselectcom-gtcdcddbene3cpes.z01.azurefd.net/11775596-1-N-Frigidaire-5303918775-THERMISTOR.jpg",
    "name": "Electrolux Refrigerator Thermistor",
    "partselect_number": "PS11775596",
    "manufacturer_number": "5303918775",
    "description": "Manufacturer Part Number 5303918775",
    "price": "$27.67",
    "stock_status": "In Stock"
  },
  {
    "url": "https://www.partselect.com/PS12731414-Frigidaire-5304519757-Refrigerator-Bearing.htm?SourceCode=18",
    "image_url": "https://partselectcom-gtcdcddbene3cpes.z01.azurefd.net/12731414-1-N-Frigidaire-5304519757-Refrigerator-Bearing.jpg",
    "name": "Electrolux Refrigerator Bearing",
    "partselect_number": "PS12731414",
    "manufacturer_number": "5304519757",
    "description": "Manufacturer Part Number 5304519757",
    "price": "$5.89",
    "stock_status": "In Stock"
  },
  {
    "url": "https://www.partselect.com/PS16660872-Frigidaire-5304530651-MOTOR.htm?SourceCode=18",
    "image_url": "https://partselectcom-gtcdcddbene3cpes.z01.azurefd.net/16660872-1-N-Frigidaire-5304530651-MOTOR.jpg",
    "name": "Electrolux Refrigerator Motor",
    "partselect_number": "PS16660872",
    "manufacturer_number": "5304530651",
    "price": "$93.07",
    "stock_status": "In Stock"
  },
  {
    "url": "https://www.partselect.com/PS12731405-Frigidaire-5304519702-Refrigerator-Bin.htm?SourceCode=18",
    "image_url": "https://partselectcom-gtcdcddbene3cpes.z01.azurefd.net/12731405-1-N-Frigidaire-5304519702-Refrigerator-Bin.jpg",
    "name": "Electrolux Refrigerator Bin",
    "partselect_number": "PS12731405",
    "manufacturer_number": "5304519702",
    "description": "★★★★★\n★★★★★\n1 Review\nManufacturer Part Number 5304519702",
    "price": "$46.99",
    "stock_status": "In Stock",
    "rating": "5.00 out of 5",
    "reviews_count": 1
  },
  {
    "url": "https://www.partselect.com/PS425733-Frigidaire-216396900-Adjustable-Leveling-Foot-Black.htm?SourceCode=18",
    "image_url": "https://partselectcom-gtcdcddbene3cpes.z01.azurefd.net/425733-1-N-Frigidaire-216396900-Adjustable-Leveling-Foot-Black.jpg",
    "name": "Electrolux Refrigerator Adjustable Leveling Foot - Black",
    "partselect_number": "PS425733",
    "manufacturer_number": "216396900",
    "description": "This part could be found underneath a fridge, dryer, or freezer. The original foot may be cracked, broken, or perhaps missing altogether. If you notice the appliance is uneven to the floor or wobbling, it may indicate that the levelling foot needs to be replaced. You will need pliers and a block of wood to perform this task. There will be one adjustable foot found in the package. Lift the dryer and place the wood to keep it propped up. You may need to use the pliers to remove the old foot. Screw the new foot into place using your hand. Once the new leveling foot is in place, lift the appliance and remove the block. Test the machine out to ensure it is now sitting level.",
    "price": "$32.29",
    "stock_status": "In Stock"
  },
  {
    "url": "https://www.partselect.com/PS16543851-Frigidaire-5304527181-TRIM.htm?SourceCode=18",
    "image_url": "https://partselectcom-gtcdcddbene3cpes.z01.azurefd.net/16543851-1-N-Frigidaire-5304527181-TRIM.jpg",
    "name": "Electrolux Refrigerator Trim",
    "partselect_number": "PS16543851",
    "manufacturer_number": "5304527181",
    "price": "$18.95",
    "stock_status": "In Stock"
  },
  {
    "url": "https://www.partselect.com/PS12364111-Frigidaire-240312421-STOP-DOOR.htm?SourceCode=18",
    "image_url": "https://partselectcom-gtcdcddbene3cpes.z01.azurefd.net/12364111-1-N-Frigidaire-240312421-STOP-DOOR.jpg",
    "name": "Electrolux Refrigerator Stop-door",
    "partselect_number": "PS12364111",
    "manufacturer_number": "240312421",
    "description": "White in color.",
    "price": "$22.72",
    "stock_status": "In Stock"
  },
  {
    "url": "https://www.partselect.com/PS2358877-Frigidaire-241990301-Hinge-Bearing.htm?SourceCode=18",
    "image_url": "https://partselectcom-gtcdcddbene3cpes.z01.azurefd.net/2358877-1-N-Frigidaire-241990301-Hinge-Bearing.jpg",
    "name": "Electrolux Refrigerator Hinge Bearing",
    "partselect_number": "PS2358877",
    "manufacturer_number": "241990301",
    "description": "★★★★★\n★★★★★\n2 Reviews",
    "price": "$11.83",
    "stock_status": "In Stock",
    "rating": "3.00 out of 5",
    "reviews_count": 2
  },
  {
    "url": "https://www.partselect.com/PS12746805-Frigidaire-5304523741-Refrigerator-Motor-Fan.htm?SourceCode=18",
    "image_url": "https://partselectcom-gtcdcddbene3cpes.z01.azurefd.net/12746805-1-N-Frigidaire-5304523741-Refrigerator-Motor-Fan.jpg",
    "name": "Electrolux Refrigerator Motor Fan",
    "partselect_number": "PS12746805",
    "manufacturer_number": "5304523741",
    "description": "★★★★★\n★★★★★\n1 Review",
    "price": "$92.10",
    "stock_status": "In Stock",
    "rating": "5.00 out of 5",
    "reviews_count": 1
  },
  {
    "url": "https://www.partselect.com/PS12731417-Frigidaire-5304519776-Hinge-Assembly.htm?SourceCode=18",
    "image_url": "https://partselectcom-gtcdcddbene3cpes.z01.azurefd.net/12731417-1-N-Frigidaire-5304519776-Hinge-Assembly.jpg",
    "name": "Electrolux Refrigerator Hinge Assembly",
    "partselect_number": "PS12731417",
    "manufacturer_number": "5304519776",
    "description": "Manufacturer Part Number 5304519776",
    "price": "$33.27",
    "stock_status": "In Stock"
  },
  {
    "url": "https://www.partselect.com/PS3655194-Frigidaire-242161202-Corner-Cabinet-Trim.htm?SourceCode=18",
    "image_url": "https://partselectcom-gtcdcddbene3cpes.z01.azurefd.net/3655194-1-N-Frigidaire-242161202-Corner-Cabinet-Trim.jpg",
    "name": "Electrolux Refrigerator Corner Cabinet Trim",
    "partselect_number": "PS3655194",
    "manufacturer_number": "242161202",
    "description": "Manufacturer Part Number 242161202",
    "price": "$12.95",
    "stock_status": "In Stock"
  },
  {
    "url": "https://www.partselect.com/PS3497843-Frigidaire-297279500-Condenser-Fan-Motor.htm?SourceCode=18",
    "image_url": "https://partselectcom-gtcdcddbene3cpes.z01.azurefd.net/3497843-1-N-Frigidaire-297279500-Condenser-Fan-Motor.jpg",
    "name": "Electrolux Refrigerator Condenser Fan Motor",
    "partselect_number": "PS3497843",
    "manufacturer_number": "297279500",
    "description": "★★★★★\n★★★★★\n1 Review\nThis fan motor circulates the air through the refrigerator grille and cools the compressor and condenser coils. It also helps to evaporate extra water in the drain pan.",
    "price": "$95.01",
    "stock_status": "On Order",
    "rating": "5.00 out of 5",
    "reviews_count": 1
  },
  {
    "url": "https://www.partselect.com/PS10060203-Frigidaire-242100018-Dispenser-Module.htm?SourceCode=18",
    "image_url": "https://partselectcom-gtcdcddbene3cpes.z01.azurefd.net/10060203-1-N-Frigidaire-242100018-Dispenser-Module.jpg",
    "name": "Electrolux Refrigerator Dispenser Module",
    "partselect_number": "PS10060203",
    "manufacturer_number": "242100018",
    "description": "★★★★★\n★★★★★\n5 Reviews\nThis dispenser module is for refrigerators. The dispenser module attaches to the dispenser housing on the freezer door and includes the cradle, ice chute, and ice chute door. Safely store any food that could deteriorate while the power is off. Unplug the refrigerator before installing this part. Wear work gloves to protect your hands. 120V 60Hz",
    "price": "$150.02",
    "stock_status": "In Stock",
    "rating": "4.40 out of 5",
    "reviews_count": 5
  },
  {
    "url": "https://www.partselect.com/PS2331351-Frigidaire-240350604-Shelf-Glass.htm?SourceCode=18",
    "image_url": "https://partselectcom-gtcdcddbene3cpes.z01.azurefd.net/2331351-1-N-Frigidaire-240350604-Shelf-Glass.jpg",
    "name": "Electrolux Refrigerator Shelf Glass",
    "partselect_number": "PS2331351",
    "manufacturer_number": "240350604",
    "description": "★★★★★\n★★★★★\n3 Reviews\nGlass only.",
    "price": "$71.73",
    "stock_status": "In Stock",
    "rating": "4.67 out of 5",
    "reviews_count": 3
  },
  {
    "url": "https://www.partselect.com/PS7783975-Frigidaire-241796405-Water-Tube.htm?SourceCode=18",
    "image_url": "https://partselectcom-gtcdcddbene3cpes.z01.azurefd.net/7783975-1-N-Frigidaire-241796405-Water-Tube.jpg",
    "name": "Electrolux Refrigerator Water Tube",
    "partselect_number": "PS7783975",
    "manufacturer_number": "241796405",
    "description": "★★★★★\n★★★★★\n2 Reviews\nThis is a water fill tube which is used in refrigerators. It attaches to the water inlet valve and supplies water to the components in your appliance that need it, such as the icemaker and water dispenser. You will need to replace your fill tube if you notice it is leaking or damaged. This replacement tube is approximately 7 inches in length, and it is made entirely of plastic. The fill tube is sold individually. Before you begin repairing your refrigerator, make sure the water supply has been turned off and that the appliance has been unplugged.",
    "price": "$26.68",
    "stock_status": "In Stock",
    "rating": "4.50 out of 5",
    "reviews_count": 2
  },
  {
    "url": "https://www.partselect.com/PS1147933-Frigidaire-241622802-Dual-Light-Socket.htm?SourceCode=18",
    "image_url": "https://partselectcom-gtcdcddbene3cpes.z01.azurefd.net/1147933-1-N-Frigidaire-241622802-Dual-Light-Socket.jpg",
    "name": "Electrolux Refrigerator Dual Light Socket",
    "partselect_number": "PS1147933",
    "manufacturer_number": "241622802",
    "description": "★★★★★\n★★★★★\n2 Reviews",
    "price": "$49.45",
    "stock_status": "In Stock",
    "rating": "4.00 out of 5",
    "reviews_count": 2
  },
  {
    "url": "https://www.partselect.com/PS12746228-Frigidaire-5304522340-HEATER.htm?SourceCode=18",
    "image_url": "https://partselectcom-gtcdcddbene3cpes.z01.azurefd.net/12746228-1-N-Frigidaire-5304522340-HEATER.jpg",
    "name": "Electrolux Refrigerator Heater",
    "partselect_number": "PS12746228",
    "manufacturer_number": "5304522340",
    "description": "Manufacturer Part Number 5304522340",
    "price": "$73.67",
    "stock_status": "In Stock"
  },
  {
    "url": "https://www.partselect.com/PS2349481-Frigidaire-297259600-Refrigerator-Fan-Blade.htm?SourceCode=18",
    "image_url": "https://partselectcom-gtcdcddbene3cpes.z01.azurefd.net/2349481-1-N-Frigidaire-297259600-Refrigerator-Fan-Blade.jpg",
    "name": "Electrolux Refrigerator Fan Blade",
    "partselect_number": "PS2349481",
    "manufacturer_number": "297259600",
    "description": "Manufacturer Part Number 297259600",
    "price": "$18.95",
    "stock_status": "In Stock"
  },
  {
    "url": "https://www.partselect.com/PS2358878-Frigidaire-241990302-Freezer-Hinge-Bearing.htm?SourceCode=18",
    "image_url": "https://partselectcom-gtcdcddbene3cpes.z01.azurefd.net/2358878-1-N-Frigidaire-241990302-Freezer-Hinge-Bearing.jpg",
    "name": "Electrolux Refrigerator Freezer Hinge Bearing",
    "partselect_number": "PS2358878",
    "manufacturer_number": "241990302",
    "price": "$11.95",
    "stock_status": "In Stock"
  },
  {
    "url": "https://www.partselect.com/PS2363622-Frigidaire-241616607-Cantilever-Spill-Safe-Shelf.htm?SourceCode=18",
    "image_url": "https://partselectcom-gtcdcddbene3cpes.z01.azurefd.net/2363622-1-N-Frigidaire-241616607-Cantilever-Spill-Safe-Shelf.jpg",
    "name": "Electrolux Refrigerator Cantilever Spill Safe Shelf",
    "partselect_number": "PS2363622",
    "manufacturer_number": "241616607",
    "description": "★★★★★\n★★★★★\n3 Reviews\nThis shelf is for refrigerators. Follow the directions in the owner's manual to install refrigerator shelf in your refrigerator. Wear work gloves to protect your hands.",
    "price": "$116.79",
    "stock_status": "On Order",
    "rating": "4.33 out of 5",
    "reviews_count": 3
  },
  {
    "url": "https://www.partselect.com/PS17218525-Frigidaire-5303918899-Damper-With-Seals.htm?SourceCode=18",
    "image_url": "https://partselectcom-gtcdcddbene3cpes.z01.azurefd.net/17218525-1-N-Frigidaire-5303918899-Damper-With-Seals.jpg",
    "name": "Electrolux Refrigerator Damper With Seals",
    "partselect_number": "PS17218525",
    "manufacturer_number": "5303918899",
    "price": "$59.99",
    "stock_status": "In Stock"
  },
  {
    "url": "https://www.partselect.com/PS16745551-Frigidaire-5304532557-MOTOR.htm?SourceCode=18",
    "image_url": "https://partselectcom-gtcdcddbene3cpes.z01.azurefd.net/16745551-1-N-Frigidaire-5304532557-MOTOR.jpg",
    "name": "Electrolux Refrigerator Motor",
    "partselect_number": "PS16745551",
    "manufacturer_number": "5304532557",
    "description": "Manufacturer Part Number 5304532557",
    "price": "$94.03",
    "stock_status": "In Stock"
  },
  {
    "url": "https://www.partselect.com/PS430429-Frigidaire-240396102-Tall-Bottle-Retainer.htm?SourceCode=18",
    "image_url": "https://partselectcom-gtcdcddbene3cpes.z01.azurefd.net/430429-1-N-Frigidaire-240396102-Tall-Bottle-Retainer.jpg",
    "name": "Electrolux Refrigerator Tall Bottle Retainer",
    "partselect_number": "PS430429",
    "manufacturer_number": "240396102",
    "price": "$27.67",
    "stock_status": "In Stock"
  },
  {
    "url": "https://www.partselect.com/PS2331664-Frigidaire-241760404-BEARING.htm?SourceCode=18",
    "image_url": "https://partselectcom-gtcdcddbene3cpes.z01.azurefd.net/2331664-1-N-Frigidaire-241760404-BEARING.jpg",
    "name": "Electrolux Refrigerator Bearing",
    "partselect_number": "PS2331664",
    "manufacturer_number": "241760404",
    "description": "Manufacturer Part Number 241760404",
    "price": "$20.95",
    "stock_status": "In Stock"
  },
  {
    "url": "https://www.partselect.com/PS11757936-Frigidaire-5304504482-Upper-Hinge-Cover-Gray-Left-Side.htm?SourceCode=18",
    "image_url": "https://partselectcom-gtcdcddbene3cpes.z01.azurefd.net/11757936-1-N-Frigidaire-5304504482-Upper-Hinge-Cover-Gray-Left-Side.jpg",
    "name": "Electrolux Refrigerator Upper Hinge Cover (gray) (left Side)",
    "partselect_number": "PS11757936",
    "manufacturer_number": "5304504482",
    "price": "$50.91",
    "stock_status": "Special Order"
  },
  {
    "url": "https://www.partselect.com/PS1526413-Frigidaire-241685201-Cam-Drive.htm?SourceCode=18",
    "image_url": "https://partselectcom-gtcdcddbene3cpes.z01.azurefd.net/1526413-1-N-Frigidaire-241685201-Cam-Drive.jpg",
    "name": "Electrolux Refrigerator Cam Drive",
    "partselect_number": "PS1526413",
    "manufacturer_number": "241685201",
    "price": "$47.97",
    "stock_status": "In Stock"
  },
  {
    "url": "https://www.partselect.com/PS3408489-Frigidaire-241835505-Light-Switch.htm?SourceCode=18",
    "image_url": "https://partselectcom-gtcdcddbene3cpes.z01.azurefd.net/3408489-1-N-Frigidaire-241835505-Light-Switch.jpg",
    "name": "Electrolux Refrigerator Light Switch",
    "partselect_number": "PS3408489",
    "manufacturer_number": "241835505",
    "description": "Manufacturer Part Number 241835505",
    "price": "$57.37",
    "stock_status": "In Stock"
  },
  {
    "url": "https://www.partselect.com/PS12731476-Frigidaire-5304522237-Closer-Hook.htm?SourceCode=18",
    "image_url": "https://partselectcom-gtcdcddbene3cpes.z01.azurefd.net/12731476-1-N-Frigidaire-5304522237-Closer-Hook.jpg",
    "name": "Electrolux Refrigerator Closer Hook",
    "partselect_number": "PS12731476",
    "manufacturer_number": "5304522237",
    "price": "$9.95",
    "stock_status": "In Stock"
  },
  {
    "url": "https://www.partselect.com/PS10066147-Frigidaire-241733911-Access-Cover.htm?SourceCode=18",
    "image_url": "https://partselectcom-gtcdcddbene3cpes.z01.azurefd.net/10066147-1-N-Frigidaire-241733911-Access-Cover.jpg",
    "name": "Electrolux Refrigerator Access Cover",
    "partselect_number": "PS10066147",
    "manufacturer_number": "241733911",
    "price": "$49.45",
    "stock_status": "In Stock"
  },
  {
    "url": "https://www.partselect.com/PS11775636-Frigidaire-5304507978-SLIDE-ASSEMBLY.htm?SourceCode=18",
    "image_url": "https://partselectcom-gtcdcddbene3cpes.z01.azurefd.net/11775636-1-N-Frigidaire-5304507978-SLIDE-ASSEMBLY.jpg",
    "name": "Electrolux Refrigerator Slide Assembly",
    "partselect_number": "PS11775636",
    "manufacturer_number": "5304507978",
    "description": "Manufacturer Part Number 5304507978",
    "price": "$141.54",
    "stock_status": "In Stock"
  },
  {
    "url": "https://www.partselect.com/PS16660923-Frigidaire-5304530931-CONTROL-ASSEMBLY.htm?SourceCode=18",
    "image_url": "https://partselectcom-gtcdcddbene3cpes.z01.azurefd.net/16660923-1-N-Frigidaire-5304530931-CONTROL-ASSEMBLY.jpg",
    "name": "Electrolux Refrigerator Control Assembly",
    "partselect_number": "PS16660923",
    "manufacturer_number": "5304530931",
    "price": "$123.66",
    "stock_status": "In Stock"
  },
  {
    "url": "https://www.partselect.com/PS976303-Frigidaire-216953600-Inner-Door-Panel-White.htm?SourceCode=18",
    "image_url": "https://partselectcom-gtcdcddbene3cpes.z01.azurefd.net/976303-1-N-Frigidaire-216953600-Inner-Door-Panel-White.jpg",
    "name": "Electrolux Refrigerator Inner Door Panel (white)",
    "partselect_number": "PS976303",
    "manufacturer_number": "216953600",
    "description": "★★★★★\n★★★★★\n1 Review\nManufacturer Part Number 216953600",
    "price": "$122.68",
    "stock_status": "In Stock",
    "rating": "5.00 out of 5",
    "reviews_count": 1
  },
  {
    "url": "https://www.partselect.com/PS3508585-Frigidaire-5303918571-Kitwater-Fill-Chute.htm?SourceCode=18",
    "image_url": "https://partselectcom-gtcdcddbene3cpes.z01.azurefd.net/3508585-1-N-Frigidaire-5303918571-Kitwater-Fill-Chute.jpg",
    "name": "Electrolux Refrigerator Kitwater Fill Chute",
    "partselect_number": "PS3508585",
    "manufacturer_number": "5303918571",
    "description": "Manufacturer Part Number 5303918571",
    "price": "$107.47",
    "stock_status": "In Stock"
  },
  {
    "url": "https://www.partselect.com/PS10060214-Frigidaire-242196204-LED-Light-Board.htm?SourceCode=18",
    "image_url": "https://partselectcom-gtcdcddbene3cpes.z01.azurefd.net/10060214-1-N-Frigidaire-242196204-LED-Light-Board.jpg",
    "name": "Electrolux Refrigerator Led Light Board",
    "partselect_number": "PS10060214",
    "manufacturer_number": "242196204",
    "description": "★★★★★\n★★★★★\n1 Review",
    "price": "$49.45",
    "stock_status": "In Stock",
    "rating": "5.00 out of 5",
    "reviews_count": 1
  },
  {
    "url": "https://www.partselect.com/PS1991209-Frigidaire-241707712-Start-Relay.htm?SourceCode=18",
    "image_url": "https://partselectcom-gtcdcddbene3cpes.z01.azurefd.net/1991209-1-N-Frigidaire-241707712-Start-Relay.jpg",
    "name": "Electrolux Refrigerator Start Relay",
    "partselect_number": "PS1991209",
    "manufacturer_number": "241707712",
    "description": "★★★★★\n★★★★★\n2 Reviews\nManufacturer Part Number 241707712",
    "price": "$59.73",
    "stock_status": "In Stock",
    "rating": "5.00 out of 5",
    "reviews_count": 2
  },
  {
    "url": "https://www.partselect.com/PS1526576-Frigidaire-241731801-Control-Rod-Spring.htm?SourceCode=18",
    "image_url": "https://partselectcom-gtcdcddbene3cpes.z01.azurefd.net/1526576-1-N-Frigidaire-241731801-Control-Rod-Spring.jpg",
    "name": "Electrolux Refrigerator Control Rod Spring",
    "partselect_number": "PS1526576",
    "manufacturer_number": "241731801",
    "description": "★★★★★\n★★★★★\n1 Review",
    "price": "$22.95",
    "stock_status": "In Stock",
    "rating": "5.00 out of 5",
    "reviews_count": 1
  },
  {
    "url": "https://www.partselect.com/PS1532720-Frigidaire-5304456667-Micro-Switch.htm?SourceCode=18",
    "image_url": "https://partselectcom-gtcdcddbene3cpes.z01.azurefd.net/1532720-1-N-Frigidaire-5304456667-Micro-Switch.jpg",
    "name": "Electrolux Refrigerator Micro Switch",
    "partselect_number": "PS1532720",
    "manufacturer_number": "5304456667",
    "description": "★★★★★\n★★★★★\n1 Review\nThe micro switch in your refrigerator aids in the dispensing of ice and water. This micro switch controls the on/off function of the ice/water dispenser of your refrigerator. If you notice that your refrigerator is not dispensing ice or water properly, you may need to replace your micro switch. This part is made of black plastic, with three metal prongs. The plastic portion of this part is approximately one inch in length. This is an OEM part sourced directly from the manufacturer. Be sure to unplug your refrigerator from the power source before you begin this repair.",
    "price": "$67.27",
    "stock_status": "In Stock",
    "rating": "3.00 out of 5",
    "reviews_count": 1
  },
  {
    "url": "https://www.partselect.com/PS2378793-Frigidaire-242075701-Lower-Cam-Hinge.htm?SourceCode=18",
    "image_url": "https://partselectcom-gtcdcddbene3cpes.z01.azurefd.net/2378793-1-N-Frigidaire-242075701-Lower-Cam-Hinge.jpg",
    "name": "Electrolux Refrigerator Lower Cam Hinge",
    "partselect_number": "PS2378793",
    "manufacturer_number": "242075701",
    "description": "★★★★★\n★★★★★\n1 Review\nManufacturer Part Number 242075701",
    "price": "$29.65",
    "stock_status": "In Stock",
    "rating": "5.00 out of 5",
    "reviews_count": 1
  },
  {
    "url": "https://www.partselect.com/PS11775641-Frigidaire-5304508006-BUSHING.htm?SourceCode=18",
    "image_url": "https://partselectcom-gtcdcddbene3cpes.z01.azurefd.net/11775641-1-N-Frigidaire-5304508006-BUSHING.jpg",
    "name": "Electrolux Refrigerator Bushing",
    "partselect_number": "PS11775641",
    "manufacturer_number": "5304508006",
    "price": "$18.95",
    "stock_status": "In Stock"
  },
  {
    "url": "https://www.partselect.com/PS16660915-Frigidaire-5304530888-Hinge-Assembly.htm?SourceCode=18",
    "image_url": "https://partselectcom-gtcdcddbene3cpes.z01.azurefd.net/16660915-1-N-Frigidaire-5304530888-Hinge-Assembly.jpg",
    "name": "Electrolux Refrigerator Hinge Assembly",
    "partselect_number": "PS16660915",
    "manufacturer_number": "5304530888",
    "description": "Manufacturer Part Number 5304530888",
    "price": "$40.95",
    "stock_status": "In Stock"
  },
  {
    "url": "https://www.partselect.com/PS426012-Frigidaire-216502400-GROMMET-SHELF-Mounting.htm?SourceCode=18",
    "image_url": "https://partselectcom-gtcdcddbene3cpes.z01.azurefd.net/426012-1-N-Frigidaire-216502400-GROMMET-SHELF-Mounting.jpg",
    "name": "Electrolux Refrigerator Grommet-shelf Mounting",
    "partselect_number": "PS426012",
    "manufacturer_number": "216502400",
    "description": "★★★★★\n★★★★★\n2 Reviews\nManufacturer Part Number 216502400",
    "price": "$23.71",
    "stock_status": "In Stock",
    "rating": "5.00 out of 5",
    "reviews_count": 2
  },
  {
    "url": "https://www.partselect.com/PS455458-Frigidaire-5303208309-Plug-Button-White.htm?SourceCode=18",
    "image_url": "https://partselectcom-gtcdcddbene3cpes.z01.azurefd.net/455458-1-N-Frigidaire-5303208309-Plug-Button-White.jpg",
    "name": "Electrolux Refrigerator Plug Button (white)",
    "partselect_number": "PS455458",
    "manufacturer_number": "5303208309",
    "description": "Manufacturer Part Number 5303208309",
    "price": "$48.95",
    "stock_status": "In Stock"
  },
  {
    "url": "https://www.partselect.com/PS1765217-Frigidaire-241515202-Ice-Container.htm?SourceCode=18",
    "image_url": "https://partselectcom-gtcdcddbene3cpes.z01.azurefd.net/1765217-1-N-Frigidaire-241515202-Ice-Container.jpg",
    "name": "Electrolux Refrigerator Ice Container",
    "partselect_number": "PS1765217",
    "manufacturer_number": "241515202",
    "description": "NOTE: Container only.",
    "price": "$73.45",
    "stock_status": "In Stock"
  },
  {
    "url": "https://www.partselect.com/PS2363901-Frigidaire-241992914-Glass-Shelf-Insert.htm?SourceCode=18",
    "image_url": "https://partselectcom-gtcdcddbene3cpes.z01.azurefd.net/2363901-1-N-Frigidaire-241992914-Glass-Shelf-Insert.jpg",
    "name": "Electrolux Refrigerator Glass Shelf Insert",
    "partselect_number": "PS2363901",
    "manufacturer_number": "241992914",
    "description": "Manufacturer Part Number 241992914",
    "price": "$49.42",
    "stock_status": "In Stock"
  },
  {
    "url": "https://www.partselect.com/PS11757748-Frigidaire-242290001-Blower-Motor.htm?SourceCode=18",
    "image_url": "https://partselectcom-gtcdcddbene3cpes.z01.azurefd.net/11757748-1-N-Frigidaire-242290001-Blower-Motor.jpg",
    "name": "Electrolux Refrigerator Blower Motor",
    "partselect_number": "PS11757748",
    "manufacturer_number": "242290001",
    "description": "★★★★★\n★★★★★\n2 Reviews\nManufacturer Part Number 242290001",
    "price": "$95.99",
    "stock_status": "In Stock",
    "rating": "5.00 out of 5",
    "reviews_count": 2
  },
  {
    "url": "https://www.partselect.com/PS1765304-Frigidaire-241806601-Water-Connector.htm?SourceCode=18",
    "image_url": "https://partselectcom-gtcdcddbene3cpes.z01.azurefd.net/1765304-1-N-Frigidaire-241806601-Water-Connector.jpg",
    "name": "Electrolux Refrigerator Water Connector",
    "partselect_number": "PS1765304",
    "manufacturer_number": "241806601",
    "price": "$56.38",
    "stock_status": "In Stock"
  },
  {
    "url": "https://www.partselect.com/PS12731381-Frigidaire-241684107-BLADE.htm?SourceCode=18",
    "image_url": "https://partselectcom-gtcdcddbene3cpes.z01.azurefd.net/12731381-1-N-Frigidaire-241684107-BLADE.jpg",
    "name": "Electrolux Refrigerator Blade",
    "partselect_number": "PS12731381",
    "manufacturer_number": "241684107",
    "description": "Manufacturer Part Number 241684107",
    "price": "$28.66",
    "stock_status": "In Stock"
  },
  {
    "url": "https://www.partselect.com/PS12731382-Frigidaire-241684108-BLADE.htm?SourceCode=18",
    "image_url": "https://partselectcom-gtcdcddbene3cpes.z01.azurefd.net/12731382-1-N-Frigidaire-241684108-BLADE.jpg",
    "name": "Electrolux Refrigerator Blade",
    "partselect_number": "PS12731382",
    "manufacturer_number": "241684108",
    "description": "Manufacturer Part Number 241684108",
    "price": "$28.66",
    "stock_status": "In Stock"
  },
  {
    "url": "https://www.partselect.com/PS16544387-Frigidaire-5304528866-Hinge-Assembly.htm?SourceCode=18",
    "image_url": "https://partselectcom-gtcdcddbene3cpes.z01.azurefd.net/16544387-1-N-Frigidaire-5304528866-Hinge-Assembly.jpg",
    "name": "Electrolux Refrigerator Hinge Assembly",
    "partselect_number": "PS16544387",
    "manufacturer_number": "5304528866",
    "price": "$49.45",
    "stock_status": "In Stock"
  },
  {
    "url": "https://www.partselect.com/PS2373420-Frigidaire-241946106-Condenser-Fan-Shroud.htm?SourceCode=18",
    "image_url": "https://partselectcom-gtcdcddbene3cpes.z01.azurefd.net/2373420-1-N-Frigidaire-241946106-Condenser-Fan-Shroud.jpg",
    "name": "Electrolux Refrigerator Condenser Fan Shroud",
    "partselect_number": "PS2373420",
    "manufacturer_number": "241946106",
    "price": "$44.50",
    "stock_status": "In Stock"
  },
  {
    "url": "https://www.partselect.com/PS3633343-Frigidaire-242227702-Bypass.htm?SourceCode=18",
    "image_url": "https://partselectcom-gtcdcddbene3cpes.z01.azurefd.net/3633343-1-N-Frigidaire-242227702-Bypass.jpg",
    "name": "Electrolux Refrigerator Bypass",
    "partselect_number": "PS3633343",
    "manufacturer_number": "242227702",
    "description": "★★★★★\n★★★★★\n3 Reviews\nYou can insert this to where the filter pack would normally go if you choose not to use the filter option on your refrigerator.",
    "price": "$59.73",
    "stock_status": "In Stock",
    "rating": "5.00 out of 5",
    "reviews_count": 3
  },
  {
    "url": "https://www.partselect.com/PS10060553-Frigidaire-808137001-THERMISTOR.htm?SourceCode=18",
    "image_url": "https://partselectcom-gtcdcddbene3cpes.z01.azurefd.net/10060553-1-N-Frigidaire-808137001-THERMISTOR.jpg",
    "name": "Electrolux Refrigerator Thermistor",
    "partselect_number": "PS10060553",
    "manufacturer_number": "808137001",
    "price": "$37.57",
    "stock_status": "In Stock"
  },
  {
    "url": "https://www.partselect.com/PS11703639-Frigidaire-241830904-Drain-Tube.htm?SourceCode=18",
    "image_url": "https://partselectcom-gtcdcddbene3cpes.z01.azurefd.net/11703639-1-N-Frigidaire-241830904-Drain-Tube.jpg",
    "name": "Electrolux Refrigerator Drain Tube",
    "partselect_number": "PS11703639",
    "manufacturer_number": "241830904",
    "description": "Manufacturer Part Number 241830904",
    "price": "$32.95",
    "stock_status": "Special Order"
  },
  {
    "url": "https://www.partselect.com/PS16227190-Frigidaire-243297608-ICE-MAKER.htm?SourceCode=18",
    "image_url": "https://partselectcom-gtcdcddbene3cpes.z01.azurefd.net/16227190-1-N-Frigidaire-243297608-ICE-MAKER.jpg",
    "name": "Electrolux Refrigerator Ice Maker",
    "partselect_number": "PS16227190",
    "manufacturer_number": "243297608",
    "description": "Manufacturer Part Number 243297608",
    "price": "$102.67",
    "stock_status": "In Stock"
  },
  {
    "url": "https://www.partselect.com/PS2349464-Frigidaire-241957901-Drain-Tube.htm?SourceCode=18",
    "image_url": "https://partselectcom-gtcdcddbene3cpes.z01.azurefd.net/2349464-1-N-Frigidaire-241957901-Drain-Tube.jpg",
    "name": "Electrolux Refrigerator Drain Tube",
    "partselect_number": "PS2349464",
    "manufacturer_number": "241957901",
    "price": "$50.44",
    "stock_status": "In Stock"
  },
  {
    "url": "https://www.partselect.com/PS16660769-Frigidaire-5304530010-COVER.htm?SourceCode=18",
    "image_url": "https://partselectcom-gtcdcddbene3cpes.z01.azurefd.net/16660769-1-N-Frigidaire-5304530010-COVER.jpg",
    "name": "Electrolux Refrigerator Cover",
    "partselect_number": "PS16660769",
    "manufacturer_number": "5304530010",
    "description": "Manufacturer Part Number 5304530010",
    "price": "$10.95",
    "stock_status": "In Stock"
  },
  {
    "url": "https://www.partselect.com/PS899532-Frigidaire-241518601-Damper-Seal.htm?SourceCode=18",
    "image_url": "https://partselectcom-gtcdcddbene3cpes.z01.azurefd.net/899532-1-N-Frigidaire-241518601-Damper-Seal.jpg",
    "name": "Electrolux Refrigerator Damper Seal",
    "partselect_number": "PS899532",
    "manufacturer_number": "241518601",
    "description": "Manufacturer Part Number 241518601",
    "price": "$15.95",
    "stock_status": "In Stock"
  },
  {
    "url": "https://www.partselect.com/PS977052-Frigidaire-241563601-Bushing-Motor-Mounting.htm?SourceCode=18",
    "image_url": "https://partselectcom-gtcdcddbene3cpes.z01.azurefd.net/977052-1-N-Frigidaire-241563601-Bushing-Motor-Mounting.jpg",
    "name": "Electrolux Refrigerator Bushing Motor Mounting",
    "partselect_number": "PS977052",
    "manufacturer_number": "241563601",
    "price": "$25.69",
    "stock_status": "In Stock"
  },
  {
    "url": "https://www.partselect.com/PS1526550-Frigidaire-241716101-Ice-Auger.htm?SourceCode=18",
    "image_url": "https://partselectcom-gtcdcddbene3cpes.z01.azurefd.net/1526550-1-N-Frigidaire-241716101-Ice-Auger.jpg",
    "name": "Electrolux Refrigerator Ice Auger",
    "partselect_number": "PS1526550",
    "manufacturer_number": "241716101",
    "description": "When activated, the auger rotates and pushes ice out of the bin through the chute to the user.",
    "price": "$78.52",
    "stock_status": "In Stock"
  },
  {
    "url": "https://www.partselect.com/PS2373814-Frigidaire-5304475098-Compressor-Kit.htm?SourceCode=18",
    "image_url": "https://partselectcom-gtcdcddbene3cpes.z01.azurefd.net/2373814-1-N-Frigidaire-5304475098-Compressor-Kit.jpg",
    "name": "Electrolux Refrigerator Compressor Kit",
    "partselect_number": "PS2373814",
    "manufacturer_number": "5304475098",
    "description": "This part is the motor or engine of the cooling system. The compressor runs whenever the thermostat calls for cooling.",
    "price": "$351.95",
    "stock_status": "In Stock"
  },
  {
    "url": "https://www.partselect.com/PS3408511-Frigidaire-241896103-Door-Bin.htm?SourceCode=18",
    "image_url": "https://partselectcom-gtcdcddbene3cpes.z01.azurefd.net/3408511-1-N-Frigidaire-241896103-Door-Bin.jpg",
    "name": "Electrolux Refrigerator Door Bin",
    "partselect_number": "PS3408511",
    "manufacturer_number": "241896103",
    "description": "★★★★★\n★★★★★\n1 Review\nManufacturer Part Number 241896103",
    "price": "$75.41",
    "stock_status": "In Stock",
    "rating": "5.00 out of 5",
    "reviews_count": 1
  },
  {
    "url": "https://www.partselect.com/PS3504329-Frigidaire-242095002-COVER.htm?SourceCode=18",
    "image_url": "https://partselectcom-gtcdcddbene3cpes.z01.azurefd.net/3504329-1-N-Frigidaire-242095002-COVER.jpg",
    "name": "Electrolux Refrigerator Cover",
    "partselect_number": "PS3504329",
    "manufacturer_number": "242095002",
    "description": "Manufacturer Part Number 242095002",
    "price": "$70.24",
    "stock_status": "Special Order"
  },
  {
    "url": "https://www.partselect.com/PS9865093-Frigidaire-808772801-HARNESS-JUMPER.htm?SourceCode=18",
    "image_url": "https://partselectcom-gtcdcddbene3cpes.z01.azurefd.net/9865093-1-N-Frigidaire-808772801-HARNESS-JUMPER.jpg",
    "name": "Electrolux Refrigerator Harness-jumper",
    "partselect_number": "PS9865093",
    "manufacturer_number": "808772801",
    "description": "Manufacturer Part Number 808772801",
    "price": "$45.95",
    "stock_status": "In Stock"
  },
  {
    "url": "https://www.partselect.com/PS976307-Frigidaire-216954300-CLIP.htm?SourceCode=18",
    "image_url": "https://partselectcom-gtcdcddbene3cpes.z01.azurefd.net/976307-1-N-Frigidaire-216954300-CLIP.jpg",
    "name": "Electrolux Refrigerator Clip",
    "partselect_number": "PS976307",
    "manufacturer_number": "216954300",
    "description": "Manufacturer Part Number 216954300",
    "price": "$24.95",
    "stock_status": "Special Order"
  },
  {
    "url": "https://www.partselect.com/PS2358875-Frigidaire-241990201-DOOR-STOP.htm?SourceCode=18",
    "image_url": "https://partselectcom-gtcdcddbene3cpes.z01.azurefd.net/2358875-1-N-Frigidaire-241990201-DOOR-STOP.jpg",
    "name": "Electrolux Refrigerator Door Stop",
    "partselect_number": "PS2358875",
    "manufacturer_number": "241990201",
    "price": "$29.65",
    "stock_status": "In Stock"
  }
]