[
  {
    "url": "https://www.partselect.com/PS17219470-Frigidaire-5304534829-Fold-Down-Fence-With-Clips.htm?SourceCode=18",
    "image_url": "https://partselectcom-gtcdcddbene3cpes.z01.azurefd.net/17219470-1-N-Frigidaire-5304534829-Fold-Down-Fence-With-Clips.jpg",
    "name": "Electrolux Dishwasher Fold Down Fence With Clips",
    "partselect_number": "PS17219470",
    "manufacturer_number": "5304534829",
    "description": "★★★★★\n★★★★★\n22 Reviews\nSold individually.",
    "price": "$\n20.32",
    "stock_status": "In Stock",
    "rating": "4.6/5",
    "reviews_count": 22,
    "reviews": [],
    "repair_stories": [],
    "symptoms_fixed": "Not cleaning dishes properly",
    "works_with": "Dishwasher.",
    "also_replaces": [
      "154425503",
      "154721402",
      "154721403",
      "154721404",
      "5304507394"
    ],
    "video_url": "https://www.youtube.com/watch?v=fusF2c8jBew"
  },
  {
    "url": "https://www.partselect.com/PS975905-Frigidaire-154428402-Tine-Bracket.htm?SourceCode=18",
    "image_url": "https://partselectcom-gtcdcddbene3cpes.z01.azurefd.net/975905-1-N-Frigidaire-154428402-Tine-Bracket.jpg",
    "name": "Electrolux Dishwasher Tine Bracket",
    "partselect_number": "PS975905",
    "manufacturer_number": "154428402",
    "description": "★★★★★\n★★★★★\n4 Reviews\nSold individually.",
    "price": "$\n33.55",
    "stock_status": "In Stock",
    "rating": "5.0/5",
    "reviews_count": 4,
    "reviews": [],
    "repair_stories": [],
    "symptoms_fixed": "Dishwasher.",
    "works_with": "Dishwasher.",
    "also_replaces": [
      "AP3773683",
      "1061886",
      "154428401",
      "154428403",
      "154428404",
      "7154428403",
      "7154428404"
    ],
    "video_url": ""
  },
  {
    "url": "https://www.partselect.com/PS17219661-Frigidaire-5304535382-Silverware-Basket.htm?SourceCode=18",
    "image_url": "https://partselectcom-gtcdcddbene3cpes.z01.azurefd.net/17219661-1-N-Frigidaire-5304535382-Silverware-Basket.jpg",
    "name": "Electrolux Dishwasher Silverware Basket",
    "partselect_number": "PS17219661",
    "manufacturer_number": "5304535382",
    "description": "★★★★★\n★★★★★\n36 Reviews\nThe silverware basket, used for dishwashers, is in the bottom dishrack. The lower dishrack basket is used to hold eating utensils such as spoons, forks, and knives, and other small tools. If the basket in the dishwasher is worn out or the basket is broken, replacing it can be a solution. No tools for this replacement are required, as it is an easy process. If you need further guidance refer to the instructions provided by the manufacturer. For safety precautions make sure to unplug the dishwasher and wear gloves.",
    "price": "$\n28.75",
    "stock_status": "In Stock",
    "rating": "4.3/5",
    "reviews_count": 36,
    "reviews": [],
    "repair_stories": [],
    "symptoms_fixed": "Not cleaning dishes properly | Leaking",
    "works_with": "Dishwasher.",
    "also_replaces": [
      "154253901",
      "154254001",
      "154254401",
      "154295201",
      "154423901",
      "154423902",
      "154423906",
      "154423908",
      "154424001",
      "154424002",
      "154424005",
      "154424101",
      "154424102",
      "154424202",
      "154424302",
      "154556101",
      "154556102",
      "154747801",
      "154747802",
      "154747901 ... Show more"
    ],
    "video_url": "https://www.youtube.com/watch?v=o7aG6fOY9NA"
  },
  {
    "url": "https://www.partselect.com/PS11770496-Frigidaire-5304506535-FENCE.htm?SourceCode=18",
    "image_url": "https://partselectcom-gtcdcddbene3cpes.z01.azurefd.net/11770496-1-N-Frigidaire-5304506535-FENCE.jpg",
    "name": "Electrolux Dishwasher Fence",
    "partselect_number": "PS11770496",
    "manufacturer_number": "5304506535",
    "description": "★★★★★\n★★★★★\n10 Reviews\nThis is an authentic upper rack tine (right side), which works with dishwashers.",
    "price": "$27.79",
    "stock_status": "In Stock",
    "rating": "4.60 out of 5",
    "reviews_count": 10
  },
  {
    "url": "https://www.partselect.com/PS8689159-Frigidaire-154740304-Folddown-Tine-Row-Left-Side.htm?SourceCode=18",
    "image_url": "https://partselectcom-gtcdcddbene3cpes.z01.azurefd.net/8689159-1-N-Frigidaire-154740304-Folddown-Tine-Row-Left-Side.jpg",
    "name": "Electrolux Dishwasher Folddown Tine Row (left Side)",
    "partselect_number": "PS8689159",
    "manufacturer_number": "154740304",
    "description": "★★★★★\n★★★★★\n4 Reviews",
    "price": "$36.43",
    "stock_status": "In Stock",
    "rating": "5.00 out of 5",
    "reviews_count": 4
  },
  {
    "url": "https://www.partselect.com/PS11770487-Frigidaire-5304506521-Detergent-Dispenser.htm?SourceCode=18",
    "image_url": "https://partselectcom-gtcdcddbene3cpes.z01.azurefd.net/11770487-1-N-Frigidaire-5304506521-Detergent-Dispenser.jpg",
    "name": "Electrolux Dishwasher Detergent Dispenser",
    "partselect_number": "PS11770487",
    "manufacturer_number": "5304506521",
    "description": "★★★★★\n★★★★★\n8 Reviews\nThis is the replacement detergent dispenser for your refrigerator. It is gray in color and is sold individually. It is approximately 8.5 inches long and 3 inches wide. The detergent dispenser stores the detergent until it is ready to be dispensed. If your dishes are not coming clean, or you notice the detergent is still in the dispenser at the end of the cycle, you may have a damaged or malfunctioning detergent dispenser. This is an OEM part sourced directly from the manufacturer.",
    "price": "$61.70",
    "stock_status": "In Stock",
    "rating": "4.50 out of 5",
    "reviews_count": 8
  },
  {
    "url": "https://www.partselect.com/PS16620843-Frigidaire-5304530071-Spring-And-Cable-Assembly.htm?SourceCode=18",
    "image_url": "https://partselectcom-gtcdcddbene3cpes.z01.azurefd.net/16620843-1-N-Frigidaire-5304530071-Spring-And-Cable-Assembly.jpg",
    "name": "Electrolux Dishwasher Spring And Cable Assembly",
    "partselect_number": "PS16620843",
    "manufacturer_number": "5304530071",
    "description": "★★★★★\n★★★★★\n4 Reviews",
    "price": "$29.05",
    "stock_status": "In Stock",
    "rating": "5.00 out of 5",
    "reviews_count": 4
  },
  {
    "url": "https://www.partselect.com/PS17219603-Frigidaire-5304535250-Upper-Rack-Assembly.htm?SourceCode=18",
    "image_url": "https://partselectcom-gtcdcddbene3cpes.z01.azurefd.net/17219603-1-N-Frigidaire-5304535250-Upper-Rack-Assembly.jpg",
    "name": "Electrolux Dishwasher Upper Rack Assembly",
    "partselect_number": "PS17219603",
    "manufacturer_number": "5304535250",
    "description": "★★★★★\n★★★★★\n4 Reviews\nThis is an OEM upper dishrack, which works with dishwashers.",
    "price": "$83.61",
    "stock_status": "In Stock",
    "rating": "4.00 out of 5",
    "reviews_count": 4
  },
  {
    "url": "https://www.partselect.com/PS10065024-Frigidaire-A01986801-Dishwasher-Upper-Rack-Assembly.htm?SourceCode=18",
    "image_url": "https://partselectcom-gtcdcddbene3cpes.z01.azurefd.net/10065024-1-N-Frigidaire-A01986801-Dishwasher-Upper-Rack-Assembly.jpg",
    "name": "Electrolux Dishwasher Upper Rack Assembly",
    "partselect_number": "PS10065024",
    "manufacturer_number": "A01986801",
    "description": "★★★★★\n★★★★★\n8 Reviews\nUpper Rack Assembly - T3 PRO. This is the complete upper rack and the wash arm.",
    "price": "$110.87",
    "stock_status": "In Stock",
    "rating": "4.75 out of 5",
    "reviews_count": 8
  },
  {
    "url": "https://www.partselect.com/PS11770479-Frigidaire-5304506508-Tine-Bracket.htm?SourceCode=18",
    "image_url": "https://partselectcom-gtcdcddbene3cpes.z01.azurefd.net/11770479-1-N-Frigidaire-5304506508-Tine-Bracket.jpg",
    "name": "Electrolux Dishwasher Tine Bracket",
    "partselect_number": "PS11770479",
    "manufacturer_number": "5304506508",
    "description": "★★★★★\n★★★★★\n2 Reviews\nThis bracket is designed for use in dishwashers, and it is a genuine replacement part. It is used in the upper dishrack to hold tines in place. This part is made out of plastic. Please note it is sold individually, therefore you will need to order the quantity you require. NOTE: This part has been updated by the manufacture but will still work like the original.",
    "price": "$12.56",
    "stock_status": "In Stock",
    "rating": "4.50 out of 5",
    "reviews_count": 2
  },
  {
    "url": "https://www.partselect.com/PS9492341-Frigidaire-152047941-Rack-Stop.htm?SourceCode=18",
    "image_url": "https://partselectcom-gtcdcddbene3cpes.z01.azurefd.net/9492341-1-N-Frigidaire-152047941-Rack-Stop.jpg",
    "name": "Electrolux Dishwasher Rack Stop",
    "partselect_number": "PS9492341",
    "manufacturer_number": "152047941",
    "description": "★★★★★\n★★★★★\n1 Review\nSold individually.",
    "price": "$26.41",
    "stock_status": "In Stock",
    "rating": "3.00 out of 5",
    "reviews_count": 1
  },
  {
    "url": "https://www.partselect.com/PS2379444-Frigidaire-5304475599-GASKET.htm?SourceCode=18",
    "image_url": "https://partselectcom-gtcdcddbene3cpes.z01.azurefd.net/2379444-1-N-Frigidaire-5304475599-GASKET.jpg",
    "name": "Electrolux Dishwasher Gasket",
    "partselect_number": "PS2379444",
    "manufacturer_number": "5304475599",
    "description": "★★★★★\n★★★★★\n1 Review",
    "price": "$49.93",
    "stock_status": "In Stock",
    "rating": "5.00 out of 5",
    "reviews_count": 1
  },
  {
    "url": "https://www.partselect.com/PS9492626-Frigidaire-A00044305-Dishwasher-Drain-Pump.htm?SourceCode=18",
    "image_url": "https://partselectcom-gtcdcddbene3cpes.z01.azurefd.net/9492626-1-N-Frigidaire-A00044305-Dishwasher-Drain-Pump.jpg",
    "name": "Electrolux Dishwasher Drain Pump",
    "partselect_number": "PS9492626",
    "manufacturer_number": "A00044305",
    "price": "$22.99",
    "stock_status": "In Stock"
  },
  {
    "url": "https://www.partselect.com/PS16555933-Frigidaire-A00040106-SENSOR.htm?SourceCode=18",
    "image_url": "https://partselectcom-gtcdcddbene3cpes.z01.azurefd.net/16555933-1-N-Frigidaire-A00040106-SENSOR.jpg",
    "name": "Electrolux Dishwasher Sensor",
    "partselect_number": "PS16555933",
    "manufacturer_number": "A00040106",
    "description": "Manufacturer Part Number A00040106",
    "price": "$50.44",
    "stock_status": "In Stock"
  },
  {
    "url": "https://www.partselect.com/PS9494157-Frigidaire-807445903-Water-Inlet-Valve.htm?SourceCode=18",
    "image_url": "https://partselectcom-gtcdcddbene3cpes.z01.azurefd.net/9494157-1-N-Frigidaire-807445903-Water-Inlet-Valve.jpg",
    "name": "Electrolux Dishwasher Water Inlet Valve",
    "partselect_number": "PS9494157",
    "manufacturer_number": "807445903",
    "price": "$44.50",
    "stock_status": "In Stock"
  },
  {
    "url": "https://www.partselect.com/PS11758369-Frigidaire-808092517-ADJUSTMENT.htm?SourceCode=18",
    "image_url": "https://partselectcom-gtcdcddbene3cpes.z01.azurefd.net/11758369-1-N-Frigidaire-808092517-ADJUSTMENT.jpg",
    "name": "Electrolux Dishwasher Adjustment",
    "partselect_number": "PS11758369",
    "manufacturer_number": "808092517",
    "description": "Manufacturer Part Number 808092517",
    "price": "$62.32",
    "stock_status": "In Stock"
  },
  {
    "url": "https://www.partselect.com/PS2379415-Frigidaire-5304475570-Door-Latch.htm?SourceCode=18",
    "image_url": "https://partselectcom-gtcdcddbene3cpes.z01.azurefd.net/2379415-1-N-Frigidaire-5304475570-Door-Latch.jpg",
    "name": "Electrolux Dishwasher Door Latch",
    "partselect_number": "PS2379415",
    "manufacturer_number": "5304475570",
    "price": "$63.65",
    "stock_status": "In Stock"
  },
  {
    "url": "https://www.partselect.com/PS2330958-Frigidaire-154508201-Center-Spray-Arm-with-Manifold.htm?SourceCode=18",
    "image_url": "https://partselectcom-gtcdcddbene3cpes.z01.azurefd.net/2330958-1-N-Frigidaire-154508201-Center-Spray-Arm-with-Manifold.jpg",
    "name": "Electrolux Dishwasher Center Spray Arm With Manifold",
    "partselect_number": "PS2330958",
    "manufacturer_number": "154508201",
    "description": "★★★★★\n★★★★★\n3 Reviews\nSpray arms rotate and spray water to clean the dishes inside the dishwasher tub. This part is located beneath the upper rack. The spray arm is meant to spray water and detergent forcefully over the dishes. If your dishes are not being cleaned properly, you should check if there is an issue with the spray arm. If the spray arm is made of plastic, it can become warped or cracked. If it is a metal spray arm, it can pull open at the seams or get bent. Make sure the spray arms can move evenly and freely on their bearing rings and mounting brackets. Remove your spray arms and check to ensure they are straight and undamaged. This part includes the manifold. NOTE: Clogged holes are a hint to check if there is a problem with the filter system that resulted in debris coming into the arms.",
    "price": "$45.95",
    "stock_status": "Special Order",
    "rating": "4.33 out of 5",
    "reviews_count": 3
  },
  {
    "url": "https://www.partselect.com/PS12071544-Frigidaire-A05814602-SPRAY-ARM.htm?SourceCode=18",
    "image_url": "https://partselectcom-gtcdcddbene3cpes.z01.azurefd.net/12071544-1-N-Frigidaire-A05814602-SPRAY-ARM.jpg",
    "name": "Electrolux Dishwasher Spray Arm",
    "partselect_number": "PS12071544",
    "manufacturer_number": "A05814602",
    "description": "Manufacturer Part Number A05814602",
    "price": "$43.51",
    "stock_status": "In Stock"
  },
  {
    "url": "https://www.partselect.com/PS12586273-Frigidaire-A00008104-HOLDER.htm?SourceCode=18",
    "image_url": "https://partselectcom-gtcdcddbene3cpes.z01.azurefd.net/12586273-1-N-Frigidaire-A00008104-HOLDER.jpg",
    "name": "Electrolux Dishwasher Holder",
    "partselect_number": "PS12586273",
    "manufacturer_number": "A00008104",
    "description": "Manufacturer Part Number A00008104",
    "price": "$33.61",
    "stock_status": "In Stock"
  },
  {
    "url": "https://www.partselect.com/PS11724349-Frigidaire-807555203-HARNESS.htm?SourceCode=18",
    "image_url": "https://partselectcom-gtcdcddbene3cpes.z01.azurefd.net/11724349-1-N-Frigidaire-807555203-HARNESS.jpg",
    "name": "Electrolux Dishwasher Harness",
    "partselect_number": "PS11724349",
    "manufacturer_number": "807555203",
    "description": "Manufacturer Part Number 807555203",
    "price": "$80.14",
    "stock_status": "In Stock"
  },
  {
    "url": "https://www.partselect.com/PS12712363-Frigidaire-5304520660-SUMP-ASSEMBLY-WATER.htm?SourceCode=18",
    "image_url": "https://partselectcom-gtcdcddbene3cpes.z01.azurefd.net/12712363-1-N-Frigidaire-5304520660-SUMP-ASSEMBLY-WATER.jpg",
    "name": "Electrolux Dishwasher Sump Assembly Water",
    "partselect_number": "PS12712363",
    "manufacturer_number": "5304520660",
    "description": "Manufacturer Part Number 5304520660",
    "price": "$73.95",
    "stock_status": "In Stock"
  }
]