[
  {
    "url": "https://www.partselect.com/PS11752778-Whirlpool-WPW10321304-Refrigerator-Door-Bin.htm?SourceCode=18",
    "image_url": "https://partselectcom-gtcdcddbene3cpes.z01.azurefd.net/11752778-1-N-Whirlpool-WPW10321304-Refrigerator-Door-Bin.jpg",
    "name": "Estate Refrigerator Door Bin",
    "partselect_number": "PS11752778",
    "manufacturer_number": "WPW10321304",
    "description": "★★★★★\n★★★★★\n347 Reviews\nThis refrigerator door bin is a genuine OEM replacement designed to fit many side-by-side refrigerator models. Compatible with brands like KitchenAid, Maytag, and Amana, it attaches to the interior door, providing storage for jars and bottles. Featuring a clear design with white trim, this bin is both durable and functional. Installation is tool-free—simply align and snap into place. Verify your refrigerator’s model number before ordering to ensure compatibility, as dimensions may vary slightly. Restore your refrigerator's storage capacity and organization with this high-quality replacement door bin.",
    "price": "$\n41.23",
    "stock_status": "In Stock",
    "rating": "4.8/5",
    "reviews_count": 347,
    "reviews": [],
    "repair_stories": [],
    "symptoms_fixed": "Door won’t open or close | Ice maker won’t dispense ice | Leaking",
    "works_with": "Refrigerator.",
    "also_replaces": [
      "AP6019471",
      "2171046",
      "2171047",
      "2179574",
      "2179575",
      "2179607",
      "2179607K",
      "2198449",
      "2198449K",
      "2304235",
      "2304235K",
      "W10321302",
      "W10321303",
      "W10321304",
      "W10549739",
      "WPW10321304VP"
    ],
    "video_url": "https://www.youtube.com/watch?v=zSCNN6KpDE8"
  },
  {
    "url": "https://www.partselect.com/PS11739119-Whirlpool-WP2188656-Refrigerator-Crisper-Drawer-w-Humidity-Control.htm?SourceCode=18",
    "image_url": "https://partselectcom-gtcdcddbene3cpes.z01.azurefd.net/11739119-1-N-Whirlpool-WP2188656-Refrigerator-Crisper-Drawer-w-Humidity-Control.jpg",
    "name": "Estate Refrigerator Crisper Drawer W/humidity Control",
    "partselect_number": "PS11739119",
    "manufacturer_number": "WP2188656",
    "description": "★★★★★\n★★★★★\n486 Reviews\nThe crisper drawer (Crisper Pan, Refrigerator Crisper Drawer) with humidity control is meant to keep your vegetables and fruit as fresh as possible by allowing you to regulate the humidity levels within the drawer. It attaches on the inside of your refrigerator to the bottom of the crisper shelf. This drawer can break from misuse or accidental damage. It is also subject to material fatigue over time. If broken or damaged, it may be difficult to slide the drawer in and out, and it should be replaced. This plastic drawer measures 14.92 inches long, 7.6 inches high, and 16.5 inches wide and comes in white/clear.",
    "price": "$\n73.27",
    "stock_status": "In Stock",
    "rating": "4.8/5",
    "reviews_count": 486,
    "reviews": [],
    "repair_stories": [],
    "symptoms_fixed": "Door won’t open or close | Ice maker not making ice | Leaking | Ice maker won’t dispense ice",
    "works_with": "Refrigerator.",
    "also_replaces": [
      "AP6006055",
      "2173384",
      "2173386",
      "2173694",
      "2173714",
      "2173715",
      "2174109",
      "2174416",
      "2175075",
      "2179281",
      "2179347",
      "2188652",
      "2188656",
      "2189529",
      "2189629",
      "2194072",
      "2194078",
      "2194081",
      "2194087",
      "2194904 ... Show more"
    ],
    "video_url": "https://www.youtube.com/watch?v=yqWpzesAc6U"
  },
  {
    "url": "https://www.partselect.com/PS11739091-Whirlpool-WP2187172-Refrigerator-Door-Bin.htm?SourceCode=18",
    "image_url": "https://partselectcom-gtcdcddbene3cpes.z01.azurefd.net/11739091-1-N-Whirlpool-WP2187172-Refrigerator-Door-Bin.jpg",
    "name": "Estate Refrigerator Door Bin",
    "partselect_number": "PS11739091",
    "manufacturer_number": "WP2187172",
    "description": "★★★★★\n★★★★★\n255 Reviews\nThe white refrigerator door bin is an essential component for maximizing the storage capacity of your appliance. Measuring approximately 16.25\" wide, 3.25\" high, and 6.25\" deep, it securely holds jars, bottles, and other items in an accessible location on the refrigerator door. This bin is made from sturdy materials to withstand daily use and is designed to fit seamlessly into compatible refrigerator models. Installation is straightforward—simply follow the instructions provided in your owner’s manual. Confirm compatibility by matching the bin’s dimensions to your appliance before purchasing.",
    "price": "$\n39.86",
    "stock_status": "In Stock",
    "rating": "5.0/5",
    "reviews_count": 255,
    "reviews": [],
    "repair_stories": [],
    "symptoms_fixed": "",
    "works_with": "",
    "also_replaces": [],
    "video_url": ""
  },
  {
    "url": "https://www.partselect.com/PS11739122-Whirlpool-WP2188664-Refrigerator-Meat-Vegetable-Drawer-w-Handle.htm?SourceCode=18",
    "image_url": "https://partselectcom-gtcdcddbene3cpes.z01.azurefd.net/11739122-1-N-Whirlpool-WP2188664-Refrigerator-Meat-Vegetable-Drawer-w-Handle.jpg",
    "name": "Estate Refrigerator Meat/vegetable Drawer W/handle",
    "partselect_number": "PS11739122",
    "manufacturer_number": "WP2188664",
    "description": "★★★★★\n★★★★★\n154 Reviews\nThis OEM, clear convertible meat drawer can be used to store meats or vegetables and is designed for the lower portion of your refrigerator, generally. It has its own cold air duct to allow cold air from the freezer to flow into the drawer. You could have a broken or faulty drawer if you find that the food is kept within is spoiling or drying out quickly. The drawer should slide open and closed with ease. If your drawer will not easily slide open or closed, check the tracks that the drawer slides on. If the tracks are not damaged, the drawer itself could be at fault and should be replaced. Inspect it for visible damage like cracking or warping, which should be obvious. This part measures approximately 16 7/16 inches wide x 14 5/16 inches deep x 7 5/8 inches high and is a genuine OEM replacement part. It is sold individually. Note that there are several different types and options for the lower vegetable and meat drawers for your refrigerator, and you should check your user manual carefully to ensure that this is the drawer you are looking for.",
    "price": "$61.97",
    "stock_status": "In Stock",
    "rating": "4.81 out of 5",
    "reviews_count": 154
  },
  {
    "url": "https://www.partselect.com/PS884734-Whirlpool-8009-Refrigerator-Light-Bulb-40w.htm?SourceCode=18",
    "image_url": "https://partselectcom-gtcdcddbene3cpes.z01.azurefd.net/884734-1-N-Whirlpool-8009-Refrigerator-Light-Bulb-40w.jpg",
    "name": "Estate Refrigerator Light Bulb (40w)",
    "partselect_number": "PS884734",
    "manufacturer_number": "8009",
    "description": "★★★★★\n★★★★★\n78 Reviews\nThis an authentic OEM 40-Watt replacement light bulb, used in a number of household appliances. It is specially designed to withstand extreme temperatures, which is why these replacement bulbs are most often used to light the inside of refrigerators and ranges. It features a standard socket base, which means you simply unscrew the burnt-out bulb and screw in the replacement. Depending on the appliance you may require a screwdriver or nut driver to access the light bulb. We recommend you wear work gloves while handling this replacement part. It is constructed of glass and metal and is sold individually. Depending on the appliance and location of the bulb within it, you may want to consider disconnecting power and using a flashlight for easier access to unscrewing and re-screwing in your bulb during this repair.",
    "price": "$16.44",
    "stock_status": "In Stock",
    "rating": "4.64 out of 5",
    "reviews_count": 78
  },
  {
    "url": "https://www.partselect.com/PS11739042-Whirlpool-WP2182179-Refrigerator-Lower-Door-Closing-Cam.htm?SourceCode=18",
    "image_url": "https://partselectcom-gtcdcddbene3cpes.z01.azurefd.net/11739042-1-N-Whirlpool-WP2182179-Refrigerator-Lower-Door-Closing-Cam.jpg",
    "name": "Estate Refrigerator Lower Door Closing Cam",
    "partselect_number": "PS11739042",
    "manufacturer_number": "WP2182179",
    "description": "★★★★★\n★★★★★\n94 Reviews\nThe lower door closing cam is used in refrigerator doors, it can be located on the fresh food side or the freezer side. It helps hold the door open. This cam is made out of plastic, so it might crack or wear down over time. If your door will not open and close properly you may need to replace the door closing cam. To successfully install this part, you will need a 5/16 nut driver and a small flat blade screwdriver. Before you begin, unplug your appliance and disconnect the water supply. Lubricating this part may help with installation. This replacement part is sold individually. This part will fit both the left and right side of your refrigerator door. To make the repair, remove the top hinge cover, then the top hinge support. Lift the door from the bottom support and remove the old door cams. Replace the cams, using a little lubricant if necessary, and place the door back on the lower hinge support. Replace the top hinge support and your repair is complete!",
    "price": "$9.65",
    "stock_status": "In Stock",
    "rating": "4.56 out of 5",
    "reviews_count": 94
  },
  {
    "url": "https://www.partselect.com/PS358591-Whirlpool-4317943-Replacement-Ice-Maker.htm?SourceCode=18",
    "image_url": "https://partselectcom-gtcdcddbene3cpes.z01.azurefd.net/358591-1-N-Whirlpool-4317943-Replacement-Ice-Maker.jpg",
    "name": "Estate Refrigerator Replacement Ice Maker",
    "partselect_number": "PS358591",
    "manufacturer_number": "4317943",
    "description": "★★★★★\n★★★★★\n249 Reviews\nThis ice maker (Complete Icemaker Assembly, Whirlpool Icemaker Kit, Ice Maker Assembly, Refrigerator Ice Maker, Icemaker) receives water from the water inlet valve, freezes it, and dispenses it into the ice bucket until the bucket is full. Ice makers will need to be replaced every 3-10 years depending on the frequency of usage, and water quality. You can perform a voltage test with a multimeter or perform an inlet valve test. If you’re unable to make ice, or notice leaks then it may be a sign your ice maker is damaged and could be in need of a replacement. This model measures approximately 11x5 inches, is constructed of plastic and metal, and comes in black/silver. This ice maker is a complete assembly; the whole assembly attaches to the wall of your freezer. ***NOTE: Ice maker does NOT come with the bail or shut off arm. You must order them separately if required. It does come complete with flat and round plug wiring harness, the mounting hardware, and the instructions. The harness can be reused. The ice maker will not fit refrigerators that have the ice auger mounted on the door.",
    "price": "$131.03",
    "stock_status": "In Stock",
    "rating": "4.76 out of 5",
    "reviews_count": 249
  },
  {
    "url": "https://www.partselect.com/PS11757023-Whirlpool-WPW10662129-Refrigerator-Capacitor.htm?SourceCode=18",
    "image_url": "https://partselectcom-gtcdcddbene3cpes.z01.azurefd.net/11757023-1-N-Whirlpool-WPW10662129-Refrigerator-Capacitor.jpg",
    "name": "Estate Refrigerator Capacitor",
    "partselect_number": "PS11757023",
    "manufacturer_number": "WPW10662129",
    "description": "★★★★★\n★★★★★\n43 Reviews\nThis capacitor (Refrigerator and Freezer Compressor Run Capacitor, Run Capacitor) provides the voltage or energy current required to start the compressor and keep it running. It allows the compressor in your appliance to easily cycle on and off. This capacitor mounts directly onto the compressor starting relay. If the capacitor is faulty the compressor may get unusually hot and draw excessive amperage. It the compressor overheats, it may fail to run until it cools down again. The compressor may also get noisy from overheating. If this part is totally electrically open, it is defective (often due to overheating) and needs to be replaced. The part measures 1 inch by 1-1/2 inches, and is constructed of plastic with two metal wire terminals. This item includes 1 capacitor, sold individually. This part comes in black.",
    "price": "$41.66",
    "stock_status": "In Stock",
    "rating": "4.28 out of 5",
    "reviews_count": 43
  },
  {
    "url": "https://www.partselect.com/PS12728638-Whirlpool-W11384469-Refrigerator-Door-Switch.htm?SourceCode=18",
    "image_url": "https://partselectcom-gtcdcddbene3cpes.z01.azurefd.net/12728638-1-N-Whirlpool-W11384469-Refrigerator-Door-Switch.jpg",
    "name": "Estate Refrigerator Door Switch",
    "partselect_number": "PS12728638",
    "manufacturer_number": "W11384469",
    "description": "★★★★★\n★★★★★\n94 Reviews\nDoor switch turns the light off when you close the door.",
    "price": "$27.11",
    "stock_status": "In Stock",
    "rating": "4.63 out of 5",
    "reviews_count": 94
  },
  {
    "url": "https://www.partselect.com/PS11751713-Whirlpool-WPW10276348-Refrigerator-Slideout-Shelf-w-Glass.htm?SourceCode=18",
    "image_url": "https://partselectcom-gtcdcddbene3cpes.z01.azurefd.net/11751713-1-N-Whirlpool-WPW10276348-Refrigerator-Slideout-Shelf-w-Glass.jpg",
    "name": "Estate Refrigerator Slideout Shelf W/glass",
    "partselect_number": "PS11751713",
    "manufacturer_number": "WPW10276348",
    "description": "★★★★★\n★★★★★\n61 Reviews\nThis is an OEM glass shelf for a variety of models of refrigerator. This shelf assembly features an approximately 18 inch long and 18-inch-wide white plastic frame and its inner glass pane, and is designed to hold whatever food items you need it to. If your current shelf is cracked, shattered, or simply no longer able to support itself, it should be replaced immediately. To replace this shelf, simply align the shelf with the inner grooves of the refrigerator and pull the old one out, and then slide in the new one.",
    "price": "$143.25",
    "stock_status": "In Stock",
    "rating": "4.72 out of 5",
    "reviews_count": 61
  },
  {
    "url": "https://www.partselect.com/PS11738931-Whirlpool-WP2156022-Refrigerator-Door-Shelf.htm?SourceCode=18",
    "image_url": "https://partselectcom-gtcdcddbene3cpes.z01.azurefd.net/11738931-1-N-Whirlpool-WP2156022-Refrigerator-Door-Shelf.jpg",
    "name": "Estate Refrigerator Door Shelf",
    "partselect_number": "PS11738931",
    "manufacturer_number": "WP2156022",
    "description": "★★★★★\n★★★★★\n28 Reviews\nThis bin can be moved according to space needed. It holds items on the door of your refrigerator. They are sometimes called Cantilever Shelves.",
    "price": "$51.25",
    "stock_status": "In Stock",
    "rating": "4.71 out of 5",
    "reviews_count": 28
  },
  {
    "url": "https://www.partselect.com/PS323895-Whirlpool-2159061-Refrigerator-Door-Gasket-Beige.htm?SourceCode=18",
    "image_url": "https://partselectcom-gtcdcddbene3cpes.z01.azurefd.net/323895-1-N-Whirlpool-2159061-Refrigerator-Door-Gasket-Beige.jpg",
    "name": "Estate Refrigerator Door Gasket - Beige",
    "partselect_number": "PS323895",
    "manufacturer_number": "2159061",
    "description": "★★★★★\n★★★★★\n9 Reviews\nThis misty beige door gasket is used to seal the refrigerator door when closed to keep the cool air inside and the room air out.",
    "price": "$97.71",
    "stock_status": "In Stock",
    "rating": "4.33 out of 5",
    "reviews_count": 9
  },
  {
    "url": "https://www.partselect.com/PS4082908-Whirlpool-W10508993-Refrigerator-Crisper-Cover-w-Glass.htm?SourceCode=18",
    "image_url": "https://partselectcom-gtcdcddbene3cpes.z01.azurefd.net/4082908-1-N-Whirlpool-W10508993-Refrigerator-Crisper-Cover-w-Glass.jpg",
    "name": "Estate Refrigerator Crisper Cover W/glass",
    "partselect_number": "PS4082908",
    "manufacturer_number": "W10508993",
    "description": "★★★★★\n★★★★★\n23 Reviews\nThis part is also known as a shelf frame. This drawer cover is for refrigerators. Drawer cover has rail brackets under the cover that hold the drawer and allow the drawer to slide in and out on the rails. Follow the instructions in the owner's manual or installation guide when installing this part. This comes with glass.",
    "price": "$114.34",
    "stock_status": "In Stock",
    "rating": "4.35 out of 5",
    "reviews_count": 23
  },
  {
    "url": "https://www.partselect.com/PS395284-Whirlpool-833697-Refrigerator-Condenser-Fan-Motor-Kit.htm?SourceCode=18",
    "image_url": "https://partselectcom-gtcdcddbene3cpes.z01.azurefd.net/395284-1-N-Whirlpool-833697-Refrigerator-Condenser-Fan-Motor-Kit.jpg",
    "name": "Estate Refrigerator Condenser Fan Motor Kit",
    "partselect_number": "PS395284",
    "manufacturer_number": "833697",
    "description": "★★★★★\n★★★★★\n50 Reviews\nThis condenser fan motor kit is designed for use with refrigerators. This fan draws air through the condenser coils and over the compressor. It does this with the goal of cooling the warm refrigerant before it enters the evaporator. When your fan or fan motor is not working your refrigerator will not cool properly. This is a 2-Watt, 115 Volt motor that rotates the fan in a counter clockwise direction. This kit includes the hardware needed for installation, and a set of instructions. Before you begin any repair work make sure to unplug your appliance.",
    "price": "$60.43",
    "stock_status": "In Stock",
    "rating": "4.80 out of 5",
    "reviews_count": 50
  },
  {
    "url": "https://www.partselect.com/PS1957416-Whirlpool-W10124096-Refrigerator-Condenser-Fan-Motor-Kit.htm?SourceCode=18",
    "image_url": "https://partselectcom-gtcdcddbene3cpes.z01.azurefd.net/1957416-1-N-Whirlpool-W10124096-Refrigerator-Condenser-Fan-Motor-Kit.jpg",
    "name": "Estate Refrigerator Condenser Fan Motor Kit",
    "partselect_number": "PS1957416",
    "manufacturer_number": "W10124096",
    "description": "★★★★★\n★★★★★\n51 Reviews\nThis condenser fan motor kit includes a motor, fan blade, wire harness, and screws. Used in a refrigerator, the condenser fan motor moves the condenser fan blade to direct and move air across the condenser coil. Please note: The manufacturer has changed the appearance of the product from the original. The kit still functions the same as the original part. It is an OEM factory replacement. Make sure to unplug the refrigerator from the power source and wear gloves to protect your hands. Also, a helpful tip is to store food to prevent deterioration when the power is off.",
    "price": "$75.95",
    "stock_status": "In Stock",
    "rating": "4.84 out of 5",
    "reviews_count": 51
  },
  {
    "url": "https://www.partselect.com/PS11749890-Whirlpool-WPW10189703-Refrigerator-Evaporator-Fan-Motor.htm?SourceCode=18",
    "image_url": "https://partselectcom-gtcdcddbene3cpes.z01.azurefd.net/11749890-1-N-Whirlpool-WPW10189703-Refrigerator-Evaporator-Fan-Motor.jpg",
    "name": "Estate Refrigerator Evaporator Fan Motor",
    "partselect_number": "PS11749890",
    "manufacturer_number": "WPW10189703",
    "description": "★★★★★\n★★★★★\n30 Reviews\nThis is a 60 Hertz, 120-volt evaporator fan motor for your refrigerator. This part is located in the back of the freezer, and circulates air over the refrigerator coils. These coils will convert the heat into cool air, which is then circulated. The most common reason for needing to replace the motor is if the temperature in your freezer and fridge are inconsistent, or there is no air circulating at all. You will need a quarter inch nut driver and a pair of needle nose pliers for this repair. Note: This motor uses 2 brackets, which are sold separately.",
    "price": "$48.91",
    "stock_status": "In Stock",
    "rating": "4.70 out of 5",
    "reviews_count": 30
  },
  {
    "url": "https://www.partselect.com/PS11739083-Whirlpool-WP2186443-Refrigerator-Housing-Water-Filter.htm?SourceCode=18",
    "image_url": "https://partselectcom-gtcdcddbene3cpes.z01.azurefd.net/11739083-1-N-Whirlpool-WP2186443-Refrigerator-Housing-Water-Filter.jpg",
    "name": "Estate Refrigerator Housing Water Filter",
    "partselect_number": "PS11739083",
    "manufacturer_number": "WP2186443",
    "description": "★★★★★\n★★★★★\n25 Reviews\nThe filter is NOT included with this part. This part has a 1/4\" and a 5/16\" push on fittings - that way, you can push in the water lines for easy installation.",
    "price": "$55.05",
    "stock_status": "In Stock",
    "rating": "4.56 out of 5",
    "reviews_count": 25
  },
  {
    "url": "https://www.partselect.com/PS11750123-Whirlpool-WPW10197428-Refrigerator-Compressor-Start-Relay.htm?SourceCode=18",
    "image_url": "https://partselectcom-gtcdcddbene3cpes.z01.azurefd.net/11750123-1-N-Whirlpool-WPW10197428-Refrigerator-Compressor-Start-Relay.jpg",
    "name": "Estate Refrigerator Compressor Start Relay",
    "partselect_number": "PS11750123",
    "manufacturer_number": "WPW10197428",
    "description": "★★★★★\n★★★★★\n7 Reviews\nThis compressor start relay is for refrigerators. The compressor start relay attaches to the compressor and helps start the compressor motor. Safely store any food that could deteriorate while the power is off and unplug the refrigerator before installing this part.",
    "price": "$48.40",
    "stock_status": "In Stock",
    "rating": "5.00 out of 5",
    "reviews_count": 7
  },
  {
    "url": "https://www.partselect.com/PS358690-Whirlpool-4318165-Refrigerator-Door-Closing-Cam-Kit.htm?SourceCode=18",
    "image_url": "https://partselectcom-gtcdcddbene3cpes.z01.azurefd.net/358690-1-N-Whirlpool-4318165-Refrigerator-Door-Closing-Cam-Kit.jpg",
    "name": "Estate Refrigerator Door Closing Cam Kit",
    "partselect_number": "PS358690",
    "manufacturer_number": "4318165",
    "description": "★★★★★\n★★★★★\n30 Reviews\nThis door closing cam kit is intended for use with the bottom of refrigerator and freezer door hinges. The cam helps with the closing of the doors and to keep them slightly in position when opened.",
    "price": "$19.35",
    "stock_status": "In Stock",
    "rating": "4.70 out of 5",
    "reviews_count": 30
  },
  {
    "url": "https://www.partselect.com/PS11738900-Whirlpool-WP2149705-Door-Light-Switch.htm?SourceCode=18",
    "image_url": "https://partselectcom-gtcdcddbene3cpes.z01.azurefd.net/11738900-1-N-Whirlpool-WP2149705-Door-Light-Switch.jpg",
    "name": "Estate Refrigerator Door Light Switch",
    "partselect_number": "PS11738900",
    "manufacturer_number": "WP2149705",
    "description": "★★★★★\n★★★★★\n15 Reviews\nThe purpose of the light switch in your refrigerator is to automatically turn on the light when the door is opened. If the light does not come on automatically when you open the door, the contacts inside the light switch may be burned out, meaning it is time to replace the switch. This package contains both the new light switch and a small plastic spacer. To complete this repair, you will need to remove the control panel section of your refrigerator. The only tools you will require for this repair are a 1/4-inch nut driver and maybe a small flat blade screwdriver. Be sure to disconnect the power source from the refrigerator before completing this repair.",
    "price": "$36.81",
    "stock_status": "In Stock",
    "rating": "4.20 out of 5",
    "reviews_count": 15
  },
  {
    "url": "https://www.partselect.com/PS12712096-Whirlpool-W11342242-Refrigerator-Armshut.htm?SourceCode=18",
    "image_url": "https://partselectcom-gtcdcddbene3cpes.z01.azurefd.net/12712096-1-N-Whirlpool-W11342242-Refrigerator-Armshut.jpg",
    "name": "Estate Refrigerator Armshut",
    "partselect_number": "PS12712096",
    "manufacturer_number": "W11342242",
    "description": "★★★★★\n★★★★★\n6 Reviews\nThis ice level arm, also known as an ice shutoff arm, is designed to detect the level of ice within the ice bin of your ice maker or refrigerator and turn it off when enough ice has been made. When the ice maker is empty, the arm will be down. When the ice maker is full, the arm will be raised, and over time, wear and tear to the level arm can cause the ice maker to stop making ice completely. To replace this arm, unplug your appliance and remove the ice making assembly, then pull the levelling arm out of the assembly and place the new one. Consisting of a long, angled metal arm and a plastic flap, this level arm is a genuine OEM part that is compatible with a wide-range of refrigerators and icemakers and measures at approximately 9-inches by 4.5-inches.",
    "price": "$42.19",
    "stock_status": "In Stock",
    "rating": "4.67 out of 5",
    "reviews_count": 6
  },
  {
    "url": "https://www.partselect.com/PS376645-Whirlpool-482731-Freezer-Evaporator-Fan-Motor-Kit.htm?SourceCode=18",
    "image_url": "https://partselectcom-gtcdcddbene3cpes.z01.azurefd.net/376645-1-N-Whirlpool-482731-Freezer-Evaporator-Fan-Motor-Kit.jpg",
    "name": "Estate Refrigerator Freezer Evaporator Fan Motor Kit",
    "partselect_number": "PS376645",
    "manufacturer_number": "482731",
    "description": "★★★★★\n★★★★★\n22 Reviews\nThe evaporator is found in the back of the freezer. This kit comes with two mounting grommets, two sleeves (not to be used on porcelain models), two #8 mounting screws, and a push-on fan blade. If you are experiencing symptoms such as the fridge making loud noises (generally stemming from the freezer compartment), or the fridge/freezer feeling warm in temperature, this may indicate a need to replace your evaporator fan motor. This part pulls air into the evaporator coils and then disperses the air in a continuous motion throughout the refrigerator and freezer. NOTE: NO LONGER ABLE TO GET BRACKETS. SEE PART INSTRUCTIONS IN SERVICE MATTERS INSTRUCT SHEET# W11500157 11/20KC.",
    "price": "$64.27",
    "stock_status": "In Stock",
    "rating": "4.36 out of 5",
    "reviews_count": 22
  },
  {
    "url": "https://www.partselect.com/PS733947-Whirlpool-8201515-Icemaker-Motor-Kit.htm?SourceCode=18",
    "image_url": "https://partselectcom-gtcdcddbene3cpes.z01.azurefd.net/733947-1-N-Whirlpool-8201515-Icemaker-Motor-Kit.jpg",
    "name": "Estate Refrigerator Icemaker Motor Kit",
    "partselect_number": "PS733947",
    "manufacturer_number": "8201515",
    "description": "★★★★★\n★★★★★\n12 Reviews\nThis kit includes the module motor, ejector arm, and ice stripper arm. The complete icemaker is sold separately.",
    "price": "$85.45",
    "stock_status": "In Stock",
    "rating": "4.58 out of 5",
    "reviews_count": 12
  },
  {
    "url": "https://www.partselect.com/PS323891-Whirlpool-2159057-Refrigerator-Fresh-Food-Door-Gasket.htm?SourceCode=18",
    "image_url": "https://partselectcom-gtcdcddbene3cpes.z01.azurefd.net/323891-1-N-Whirlpool-2159057-Refrigerator-Fresh-Food-Door-Gasket.jpg",
    "name": "Estate Refrigerator Fresh Food Door Gasket",
    "partselect_number": "PS323891",
    "manufacturer_number": "2159057",
    "description": "★★★★★\n★★★★★\n4 Reviews\nThis door gasket is used to seal the refrigerator door when closed to keep the cool air inside and the room air out.",
    "price": "$101.47",
    "stock_status": "In Stock",
    "rating": "3.75 out of 5",
    "reviews_count": 4
  },
  {
    "url": "https://www.partselect.com/PS11739035-Whirlpool-WP2180353-Refrigerator-Ice-Dispenser-Door-Chute.htm?SourceCode=18",
    "image_url": "https://partselectcom-gtcdcddbene3cpes.z01.azurefd.net/11739035-1-N-Whirlpool-WP2180353-Refrigerator-Ice-Dispenser-Door-Chute.jpg",
    "name": "Estate Refrigerator Ice Dispenser Door Chute",
    "partselect_number": "PS11739035",
    "manufacturer_number": "WP2180353",
    "description": "★★★★★\n★★★★★\n9 Reviews\n*Please note, this door chute is no longer being manufactured with a heater.",
    "price": "$16.44",
    "stock_status": "In Stock",
    "rating": "4.89 out of 5",
    "reviews_count": 9
  },
  {
    "url": "https://www.partselect.com/PS11739755-Whirlpool-WP2218132K-Meat-Drawer.htm?SourceCode=18",
    "image_url": "https://partselectcom-gtcdcddbene3cpes.z01.azurefd.net/11739755-1-N-Whirlpool-WP2218132K-Meat-Drawer.jpg",
    "name": "Estate Refrigerator Meat Drawer",
    "partselect_number": "PS11739755",
    "manufacturer_number": "WP2218132K",
    "description": "★★★★★\n★★★★★\n21 Reviews\nSold individually.",
    "price": "$105.04",
    "stock_status": "In Stock",
    "rating": "4.95 out of 5",
    "reviews_count": 21
  },
  {
    "url": "https://www.partselect.com/PS11739157-Whirlpool-WP2192009-Refrigerator-Crisper-Pan.htm?SourceCode=18",
    "image_url": "https://partselectcom-gtcdcddbene3cpes.z01.azurefd.net/11739157-1-N-Whirlpool-WP2192009-Refrigerator-Crisper-Pan.jpg",
    "name": "Estate Refrigerator Crisper Pan",
    "partselect_number": "PS11739157",
    "manufacturer_number": "WP2192009",
    "description": "★★★★★\n★★★★★\n6 Reviews\nDrawer only.",
    "price": "$88.31",
    "stock_status": "In Stock",
    "rating": "5.00 out of 5",
    "reviews_count": 6
  },
  {
    "url": "https://www.partselect.com/PS347819-Whirlpool-350930-White-Appliance-Paint-12oz.htm?SourceCode=18",
    "image_url": "https://partselectcom-gtcdcddbene3cpes.z01.azurefd.net/347819-1-N-Whirlpool-350930-White-Appliance-Paint-12oz.jpg",
    "name": "Estate Refrigerator White Appliance Paint (12oz)",
    "partselect_number": "PS347819",
    "manufacturer_number": "350930",
    "description": "★★★★★\n★★★★★\n3 Reviews\nAppliance spray paint is a great way to cover up any chips and scratches that have appeared on your appliances. Instead of replacing the part entirely, this is an easy fix. This is also a great way to give a fresh new look to any handles or areas that have discoloring due to wear. Make sure to clean the area before you begin and wear a protective mask for safety. Give the can a good shake and spray a few inches away from the surface. Apply the paint until the area is fully covered as desired. Wait until the paint has dried before using the appliance.",
    "price": "$24.20",
    "stock_status": "In Stock",
    "rating": "5.00 out of 5",
    "reviews_count": 3
  },
  {
    "url": "https://www.partselect.com/PS2341896-Whirlpool-W10190935-Ice-Maker-Control-Assembly.htm?SourceCode=18",
    "image_url": "https://partselectcom-gtcdcddbene3cpes.z01.azurefd.net/2341896-1-N-Whirlpool-W10190935-Ice-Maker-Control-Assembly.jpg",
    "name": "Estate Refrigerator Ice Maker Control Assembly",
    "partselect_number": "PS2341896",
    "manufacturer_number": "W10190935",
    "description": "★★★★★\n★★★★★\n31 Reviews\nThe “Icemaker Control Assembly” (Module & Motor Assembly, Ice Maker Control Module, Icemaker Module, Refrigerator Ice Maker Module) is what controls the actions of your ice maker. The control turns the timing cams and the ejector blades. It controls most of the basic parts and functions such as the heater, water inlet valve, the cube size, and cube ejection. If your ice maker control is broken it can no longer properly control the ice maker functions. It may not produce any ice, make small ice cubes, or have intermittent operation. This can occur due to normal wear and tear. The icemaker control assembly is attached to the ice maker mold, and is under the white cover. Test the icemaker control assembly by using a multimeter. If this reveals the assembly to be defective, you will need to replace this part. It is approximately 4.25 inches square, beige, and is constructed of plastic and metal. This replacement part features one icemaker control assembly, including the control module and the motor.",
    "price": "$61.70",
    "stock_status": "In Stock",
    "rating": "4.84 out of 5",
    "reviews_count": 31
  },
  {
    "url": "https://www.partselect.com/PS11751714-Whirlpool-WPW10276354-Refrigerator-Spill-guard-Glass-Shelf.htm?SourceCode=18",
    "image_url": "https://partselectcom-gtcdcddbene3cpes.z01.azurefd.net/11751714-1-N-Whirlpool-WPW10276354-Refrigerator-Spill-guard-Glass-Shelf.jpg",
    "name": "Estate Refrigerator Spill Guard Glass Shelf",
    "partselect_number": "PS11751714",
    "manufacturer_number": "WPW10276354",
    "description": "★★★★★\n★★★★★\n16 Reviews\nThis is the frame and the glass together. Follow the directions in the owner's manual to install refrigerator shelf WPW10276354 in your refrigerator. Wear work gloves to protect your hands.",
    "price": "$132.62",
    "stock_status": "In Stock",
    "rating": "4.75 out of 5",
    "reviews_count": 16
  },
  {
    "url": "https://www.partselect.com/PS11739085-Whirlpool-WP2186494T-Refrigerator-Water-Filter-Cap.htm?SourceCode=18",
    "image_url": "https://partselectcom-gtcdcddbene3cpes.z01.azurefd.net/11739085-1-N-Whirlpool-WP2186494T-Refrigerator-Water-Filter-Cap.jpg",
    "name": "Estate Refrigerator Water Filter Cap",
    "partselect_number": "PS11739085",
    "manufacturer_number": "WP2186494T",
    "description": "★★★★★\n★★★★★\n10 Reviews\nThis cap is biscuit in color.",
    "price": "$14.65",
    "stock_status": "In Stock",
    "rating": "4.60 out of 5",
    "reviews_count": 10
  },
  {
    "url": "https://www.partselect.com/PS11754562-Whirlpool-WPW10421484-Refrigerator-Door-Trim-White.htm?SourceCode=18",
    "image_url": "https://partselectcom-gtcdcddbene3cpes.z01.azurefd.net/11754562-1-N-Whirlpool-WPW10421484-Refrigerator-Door-Trim-White.jpg",
    "name": "Estate Refrigerator Door Trim (white)",
    "partselect_number": "PS11754562",
    "manufacturer_number": "WPW10421484",
    "description": "★★★★★\n★★★★★\n2 Reviews\nThis door trim is used in refrigerators and is connected to the door handle. If the mounting tap is broken or there is discolouration from usage, it is best to replace this part to ensure it works well and looks good. The tools needed for this repair is a small screwdriver. To repair, first pull out the old door trim by placing the screwdriver in the gap between the trip and door handle and pushing upwards. Once you remove the old trim, you can replace it with the new door trim by aligning the slots on the trim with screws on the door. Slide the door trim down to install it. Remember to unplug appliance from the power source as a safety precaution before installation. For further installation instructions, refer to the manual guide provided by the manufacturer.",
    "price": "$57.18",
    "stock_status": "In Stock",
    "rating": "5.00 out of 5",
    "reviews_count": 2
  },
  {
    "url": "https://www.partselect.com/PS372186-Whirlpool-4388736-Refrigerator-Ice-Bin-Auger-Drum.htm?SourceCode=18",
    "image_url": "https://partselectcom-gtcdcddbene3cpes.z01.azurefd.net/372186-1-N-Whirlpool-4388736-Refrigerator-Ice-Bin-Auger-Drum.jpg",
    "name": "Estate Refrigerator Ice Bin Auger Drum",
    "partselect_number": "PS372186",
    "manufacturer_number": "4388736",
    "description": "★★★★★\n★★★★★\n30 Reviews\nThis white ice bin auger drum comes with a washer.",
    "price": "$45.54",
    "stock_status": "In Stock",
    "rating": "4.93 out of 5",
    "reviews_count": 30
  },
  {
    "url": "https://www.partselect.com/PS11740399-Whirlpool-WP2319265T-Door-Gasket.htm?SourceCode=18",
    "image_url": "https://partselectcom-gtcdcddbene3cpes.z01.azurefd.net/11740399-1-N-Whirlpool-WP2319265T-Door-Gasket.jpg",
    "name": "Estate Refrigerator Door Gasket",
    "partselect_number": "PS11740399",
    "manufacturer_number": "WP2319265T",
    "description": "This door gasket is used to make an air-tight seal for the cabinet when the door is closed",
    "price": "$104.45",
    "stock_status": "In Stock"
  },
  {
    "url": "https://www.partselect.com/PS11739228-Whirlpool-WP2196483-Refrigerator-Single-Shelf-Stud.htm?SourceCode=18",
    "image_url": "https://partselectcom-gtcdcddbene3cpes.z01.azurefd.net/11739228-1-N-Whirlpool-WP2196483-Refrigerator-Single-Shelf-Stud.jpg",
    "name": "Estate Refrigerator Single Shelf Stud",
    "partselect_number": "PS11739228",
    "manufacturer_number": "WP2196483",
    "description": "★★★★★\n★★★★★\n3 Reviews\nThis part screws into the side of the wall in your fresh food compartment and supports a shelf.",
    "price": "$10.73",
    "stock_status": "In Stock",
    "rating": "5.00 out of 5",
    "reviews_count": 3
  },
  {
    "url": "https://www.partselect.com/PS11740350-Whirlpool-WP2314549-Refrigerator-Crisper-Cover-Frame.htm?SourceCode=18",
    "image_url": "https://partselectcom-gtcdcddbene3cpes.z01.azurefd.net/11740350-1-N-Whirlpool-WP2314549-Refrigerator-Crisper-Cover-Frame.jpg",
    "name": "Estate Refrigerator Crisper Cover Frame",
    "partselect_number": "PS11740350",
    "manufacturer_number": "WP2314549",
    "description": "★★★★★\n★★★★★\n17 Reviews\nThis is just the frame. The glass is sold separately.",
    "price": "$107.11",
    "stock_status": "In Stock",
    "rating": "4.35 out of 5",
    "reviews_count": 17
  },
  {
    "url": "https://www.partselect.com/PS11739987-Whirlpool-WP2262441-Refrigerator-Shelf-Glass-Insert.htm?SourceCode=18",
    "image_url": "https://partselectcom-gtcdcddbene3cpes.z01.azurefd.net/11739987-1-N-Whirlpool-WP2262441-Refrigerator-Shelf-Glass-Insert.jpg",
    "name": "Estate Refrigerator Shelf Glass Insert",
    "partselect_number": "PS11739987",
    "manufacturer_number": "WP2262441",
    "description": "★★★★★\n★★★★★\n7 Reviews\nGlass shelf insert for a refrigerator bin.",
    "price": "$118.63",
    "stock_status": "On Order",
    "rating": "5.00 out of 5",
    "reviews_count": 7
  },
  {
    "url": "https://www.partselect.com/PS372050-Whirlpool-4388538-Refrigerator-Shelf-Support-Stud.htm?SourceCode=18",
    "image_url": "https://partselectcom-gtcdcddbene3cpes.z01.azurefd.net/372050-1-N-Whirlpool-4388538-Refrigerator-Shelf-Support-Stud.jpg",
    "name": "Estate Refrigerator Shelf Support Stud",
    "partselect_number": "PS372050",
    "manufacturer_number": "4388538",
    "description": "★★★★★\n★★★★★\n10 Reviews\nThis kit contains two options - One that is a push and turn and the other that is a screw in.",
    "price": "$23.47",
    "stock_status": "In Stock",
    "rating": "4.80 out of 5",
    "reviews_count": 10
  },
  {
    "url": "https://www.partselect.com/PS11740459-Whirlpool-WP2323198-Refrigerator-Heater-Defrost.htm?SourceCode=18",
    "image_url": "https://partselectcom-gtcdcddbene3cpes.z01.azurefd.net/11740459-1-N-Whirlpool-WP2323198-Refrigerator-Heater-Defrost.jpg",
    "name": "Estate Refrigerator Heater Defrost",
    "partselect_number": "PS11740459",
    "manufacturer_number": "WP2323198",
    "description": "★★★★★\n★★★★★\n4 Reviews\nThe heater is located at the bottom of the evaporator. The defrost heater heats the evaporator in the defrost mode of operation. The thermostat must be replaced when replacing the defrost heater.",
    "price": "$46.01",
    "stock_status": "In Stock",
    "rating": "5.00 out of 5",
    "reviews_count": 4
  },
  {
    "url": "https://www.partselect.com/PS11739216-Whirlpool-WP2196003-Refrigerator-Thermostat-Sensor-Barrier.htm?SourceCode=18",
    "image_url": "https://partselectcom-gtcdcddbene3cpes.z01.azurefd.net/11739216-1-N-Whirlpool-WP2196003-Refrigerator-Thermostat-Sensor-Barrier.jpg",
    "name": "Estate Refrigerator Thermostat Sensor Barrier",
    "partselect_number": "PS11739216",
    "manufacturer_number": "WP2196003",
    "description": "The thermostat sensor barrier covers and insulates the temperature control thermostat capillary tube.",
    "price": "$9.85",
    "stock_status": "In Stock"
  },
  {
    "url": "https://www.partselect.com/PS371236-Whirlpool-4387478-Light-Socket-Kit.htm?SourceCode=18",
    "image_url": "https://partselectcom-gtcdcddbene3cpes.z01.azurefd.net/371236-1-N-Whirlpool-4387478-Light-Socket-Kit.jpg",
    "name": "Estate Refrigerator Light Socket Kit",
    "partselect_number": "PS371236",
    "manufacturer_number": "4387478",
    "description": "★★★★★\n★★★★★\n6 Reviews\nThe light socket in your refrigerator houses the light bulb and connects it to the power source. If your refrigerator light is not coming on when you open the door, you may need to replace the light socket. Before you replace the light socket, be sure that your light bulb is in working condition, as this may solve the same problem. This light socket kit comes with 2 wire connectors, a light shield, and the new socket. The wire connectors that come with this kit are included so your new socket can replace a variety of old ones. If this light socket is different than your original, you will need to use the connectors to make it fit your refrigerator. Be sure to follow the instructions provided, so this part will fit your refrigerator properly.",
    "price": "$46.01",
    "stock_status": "In Stock",
    "rating": "4.17 out of 5",
    "reviews_count": 6
  },
  {
    "url": "https://www.partselect.com/PS11739780-Whirlpool-WP2221946W-Refrigerator-Door-Handle-White.htm?SourceCode=18",
    "image_url": "https://partselectcom-gtcdcddbene3cpes.z01.azurefd.net/11739780-1-N-Whirlpool-WP2221946W-Refrigerator-Door-Handle-White.jpg",
    "name": "Estate Refrigerator Door Handle (white)",
    "partselect_number": "PS11739780",
    "manufacturer_number": "WP2221946W",
    "description": "★★★★★\n★★★★★\n3 Reviews\nHandle only.",
    "price": "$70.03",
    "stock_status": "In Stock",
    "rating": "4.67 out of 5",
    "reviews_count": 3
  },
  {
    "url": "https://www.partselect.com/PS372051-Whirlpool-4388539-Refrigerator-Shelf-Support-Stud.htm?SourceCode=18",
    "image_url": "https://partselectcom-gtcdcddbene3cpes.z01.azurefd.net/372051-1-N-Whirlpool-4388539-Refrigerator-Shelf-Support-Stud.jpg",
    "name": "Estate Refrigerator Shelf Support Stud",
    "partselect_number": "PS372051",
    "manufacturer_number": "4388539",
    "description": "★★★★★\n★★★★★\n2 Reviews\nThis part includes 2 shelf support studs.",
    "price": "$19.75",
    "stock_status": "In Stock",
    "rating": "5.00 out of 5",
    "reviews_count": 2
  },
  {
    "url": "https://www.partselect.com/PS11743313-Whirlpool-WP627985-Refrigerator-Cycling-Thermostat.htm?SourceCode=18",
    "image_url": "https://partselectcom-gtcdcddbene3cpes.z01.azurefd.net/11743313-1-N-Whirlpool-WP627985-Refrigerator-Cycling-Thermostat.jpg",
    "name": "Estate Refrigerator Cycling Thermostat",
    "partselect_number": "PS11743313",
    "manufacturer_number": "WP627985",
    "description": "★★★★★\n★★★★★\n1 Review\nThe ice maker thermostat, also known as the cycling thermostat, controls and regulates the ice maker ejection cycle by monitoring the temperature inside the freezer to determine when to release the ice into the bin and start the ice making cycle again. If your ice maker is making unusual noises, or if the ice maker is not making or dispensing ice, there could be an issue with the thermostat. Before you begin this repair, make sure the power is disconnected from your refrigerator, and that any food that may spoil is safely stored. This is an OEM part and is sourced directly from the manufacturer. This thermostat is sold individually, and comes with two attachment clips.",
    "price": "$50.83",
    "stock_status": "In Stock",
    "rating": "5.00 out of 5",
    "reviews_count": 1
  },
  {
    "url": "https://www.partselect.com/PS886371-Whirlpool-8201537-Water-Dispenser-Fitting-and-Tube-Assembly.htm?SourceCode=18",
    "image_url": "https://partselectcom-gtcdcddbene3cpes.z01.azurefd.net/886371-1-N-Whirlpool-8201537-Water-Dispenser-Fitting-and-Tube-Assembly.jpg",
    "name": "Estate Refrigerator Water Dispenser Fitting And Tube Assembly",
    "partselect_number": "PS886371",
    "manufacturer_number": "8201537",
    "description": "★★★★★\n★★★★★\n7 Reviews\nAnti drip valve NOT included.",
    "price": "$63.65",
    "stock_status": "In Stock",
    "rating": "4.29 out of 5",
    "reviews_count": 7
  },
  {
    "url": "https://www.partselect.com/PS12711510-Whirlpool-W11314798-Glass-Shelf.htm?SourceCode=18",
    "image_url": "https://partselectcom-gtcdcddbene3cpes.z01.azurefd.net/12711510-1-N-Whirlpool-W11314798-Glass-Shelf.jpg",
    "name": "Estate Refrigerator Glass Shelf",
    "partselect_number": "PS12711510",
    "manufacturer_number": "W11314798",
    "description": "★★★★★\n★★★★★\n5 Reviews\nThe Glass Shelf is an essential replacement part for refrigerators, designed to fit a variety of models. This genuine OEM part is compatible with certain models of Whirlpool, KitchenAid, Maytag, Jenn-Air, Amana, Inglis, and Magic Chef brands. The shelf features a sturdy frame with glass assembly, providing a reliable and sleek storage solution within your fridge. Whether you're replacing an old or broken shelf, this part will restore functionality and enhance the organization of your refrigerator. Installation requires careful attention, so follow the directions in your refrigerator's owner’s manual to install the shelf correctly. The refrigerator shelf is designed to hold items securely, offering the same high quality as the original part. Be sure to wear work gloves for safety, as the glass can be sharp during installation. Always verify compatibility with your specific model before ordering, as parts may appear similar but can differ slightly in size or shape.",
    "price": "$119.89",
    "stock_status": "On Order",
    "rating": "4.40 out of 5",
    "reviews_count": 5
  },
  {
    "url": "https://www.partselect.com/PS11739602-Whirlpool-WP2204605-Refrigerator-Temperature-Control-Thermostat.htm?SourceCode=18",
    "image_url": "https://partselectcom-gtcdcddbene3cpes.z01.azurefd.net/11739602-1-N-Whirlpool-WP2204605-Refrigerator-Temperature-Control-Thermostat.jpg",
    "name": "Estate Refrigerator Temperature Control Thermostat",
    "partselect_number": "PS11739602",
    "manufacturer_number": "WP2204605",
    "description": "★★★★★\n★★★★★\n6 Reviews\nThis part cycles on and off regularly to keep your refrigerator cold.",
    "price": "$59.12",
    "stock_status": "In Stock",
    "rating": "5.00 out of 5",
    "reviews_count": 6
  },
  {
    "url": "https://www.partselect.com/PS11740010-Whirlpool-WP2266738-Refrigerator-Door-Shelf-Wide-Trim.htm?SourceCode=18",
    "image_url": "https://partselectcom-gtcdcddbene3cpes.z01.azurefd.net/11740010-1-N-Whirlpool-WP2266738-Refrigerator-Door-Shelf-Wide-Trim.jpg",
    "name": "Estate Refrigerator Door Shelf Wide Trim",
    "partselect_number": "PS11740010",
    "manufacturer_number": "WP2266738",
    "description": "★★★★★\n★★★★★\n2 Reviews\nThis part is the replacement door shelf wide trim for your refrigerator. It is made of white plastic and is approximately 22 inches long and 2 inches wide. The shelf trim snaps into an end bracket at either end, and these end brackets attach it to the refrigerator door. The trim then can hold items on the door shelf in place. If your trim is broken, simply lift the tab on the inside of the end bracket and remove the trim. Snap the new trim into the end brackets to complete the repair. This item is sold individually and is a genuine OEM part.",
    "price": "$57.55",
    "stock_status": "In Stock",
    "rating": "4.00 out of 5",
    "reviews_count": 2
  },
  {
    "url": "https://www.partselect.com/PS11750010-Whirlpool-WPW10194431-Compressor-Overload-Start-Relay.htm?SourceCode=18",
    "image_url": "https://partselectcom-gtcdcddbene3cpes.z01.azurefd.net/11750010-1-N-Whirlpool-WPW10194431-Compressor-Overload-Start-Relay.jpg",
    "name": "Estate Refrigerator Compressor Overload & Start Relay",
    "partselect_number": "PS11750010",
    "manufacturer_number": "WPW10194431",
    "description": "★★★★★\n★★★★★\n3 Reviews",
    "price": "$71.73",
    "stock_status": "In Stock",
    "rating": "5.00 out of 5",
    "reviews_count": 3
  },
  {
    "url": "https://www.partselect.com/PS11749101-Whirlpool-WPW10152858-Water-Dispenser-Lever-White.htm?SourceCode=18",
    "image_url": "https://partselectcom-gtcdcddbene3cpes.z01.azurefd.net/11749101-1-N-Whirlpool-WPW10152858-Water-Dispenser-Lever-White.jpg",
    "name": "Estate Refrigerator Water Dispenser Lever - White",
    "partselect_number": "PS11749101",
    "manufacturer_number": "WPW10152858",
    "description": "★★★★★\n★★★★★\n3 Reviews\nOnce a glass is pressed against the actuator pad it will cause the dispenser to deliver water when activated.",
    "price": "$50.39",
    "stock_status": "In Stock",
    "rating": "3.00 out of 5",
    "reviews_count": 3
  },
  {
    "url": "https://www.partselect.com/PS11749915-Whirlpool-WPW10190929-Refrigerator-Ice-Mold.htm?SourceCode=18",
    "image_url": "https://partselectcom-gtcdcddbene3cpes.z01.azurefd.net/11749915-1-N-Whirlpool-WPW10190929-Refrigerator-Ice-Mold.jpg",
    "name": "Estate Refrigerator Ice Mold",
    "partselect_number": "PS11749915",
    "manufacturer_number": "WPW10190929",
    "description": "★★★★★\n★★★★★\n14 Reviews\nThis is an ice maker mold and heater assembly for a refrigerator ice maker. It is used with modular style icemakers and is located in the freezer section of the refrigerator. This ice mold is flake resistant which prevents the coating on the mold from flaking into the ice cubes when the ice mold begins to wear. The ice mold forms the ice cubes and the heater allows the ice cubes to fall from the ice mold to drop them into the ice bucket. You will need to remove the ice maker from the refrigerator to access the mold and heater assembly. This is a genuine replacement part.",
    "price": "$135.22",
    "stock_status": "In Stock",
    "rating": "4.50 out of 5",
    "reviews_count": 14
  },
  {
    "url": "https://www.partselect.com/PS11739021-Whirlpool-WP2179234-Mean-Pan-Trim.htm?SourceCode=18",
    "image_url": "https://partselectcom-gtcdcddbene3cpes.z01.azurefd.net/11739021-1-N-Whirlpool-WP2179234-Mean-Pan-Trim.jpg",
    "name": "Estate Refrigerator Mean Pan Trim",
    "partselect_number": "PS11739021",
    "manufacturer_number": "WP2179234",
    "description": "★★★★★\n★★★★★\n1 Review",
    "price": "$45.49",
    "stock_status": "In Stock",
    "rating": "1.00 out of 5",
    "reviews_count": 1
  },
  {
    "url": "https://www.partselect.com/PS16221228-Whirlpool-W11500948-BRACKET.htm?SourceCode=18",
    "image_url": "https://partselectcom-gtcdcddbene3cpes.z01.azurefd.net/16221228-1-N-Whirlpool-W11500948-BRACKET.jpg",
    "name": "Estate Refrigerator Bracket",
    "partselect_number": "PS16221228",
    "manufacturer_number": "W11500948",
    "description": "★★★★★\n★★★★★\n1 Review\nThis bracket is used in conjunction with the ice maker.",
    "price": "$25.43",
    "stock_status": "In Stock",
    "rating": "5.00 out of 5",
    "reviews_count": 1
  },
  {
    "url": "https://www.partselect.com/PS11739991-Whirlpool-WP2263749-Refrigerator-Defrost-Heater.htm?SourceCode=18",
    "image_url": "https://partselectcom-gtcdcddbene3cpes.z01.azurefd.net/11739991-1-N-Whirlpool-WP2263749-Refrigerator-Defrost-Heater.jpg",
    "name": "Estate Refrigerator Defrost Heater",
    "partselect_number": "PS11739991",
    "manufacturer_number": "WP2263749",
    "description": "★★★★★\n★★★★★\n5 Reviews\nThe defrost heater is similar to the burners on an electric stove. It's located just beneath the cooling coils, which are concealed behind a panel in the freezer compartment. The heater gets hot. And, because it's close to the cooling coils, any ice or frost build-up melts.",
    "price": "$46.48",
    "stock_status": "In Stock",
    "rating": "4.40 out of 5",
    "reviews_count": 5
  },
  {
    "url": "https://www.partselect.com/PS12578774-Whirlpool-W11239891-Light-Lens.htm?SourceCode=18",
    "image_url": "https://partselectcom-gtcdcddbene3cpes.z01.azurefd.net/12578774-1-N-Whirlpool-W11239891-Light-Lens.jpg",
    "name": "Estate Refrigerator Light Lens",
    "partselect_number": "PS12578774",
    "manufacturer_number": "W11239891",
    "description": "★★★★★\n★★★★★\n1 Review",
    "price": "$53.85",
    "stock_status": "In Stock",
    "rating": "5.00 out of 5",
    "reviews_count": 1
  },
  {
    "url": "https://www.partselect.com/PS11738298-Whirlpool-WP1119018-Refrigerator-Nut-Bearing.htm?SourceCode=18",
    "image_url": "https://partselectcom-gtcdcddbene3cpes.z01.azurefd.net/11738298-1-N-Whirlpool-WP1119018-Refrigerator-Nut-Bearing.jpg",
    "name": "Estate Refrigerator Nut Bearing",
    "partselect_number": "PS11738298",
    "manufacturer_number": "WP1119018",
    "description": "★★★★★\n★★★★★\n1 Review\nManufacturer Part Number WP1119018",
    "price": "$9.95",
    "stock_status": "In Stock",
    "rating": "4.00 out of 5",
    "reviews_count": 1
  },
  {
    "url": "https://www.partselect.com/PS11739628-Whirlpool-WP2206671W-Refrigerator-Overflow-Grille.htm?SourceCode=18",
    "image_url": "https://partselectcom-gtcdcddbene3cpes.z01.azurefd.net/11739628-1-N-Whirlpool-WP2206671W-Refrigerator-Overflow-Grille.jpg",
    "name": "Estate Refrigerator Overflow Grille",
    "partselect_number": "PS11739628",
    "manufacturer_number": "WP2206671W",
    "description": "★★★★★\n★★★★★\n4 Reviews\nThis part is located at the base of the dispenser bay catches small spills and allows them to evaporate. The drip tray is removable for easy cleaning.",
    "price": "$47.97",
    "stock_status": "On Order",
    "rating": "5.00 out of 5",
    "reviews_count": 4
  },
  {
    "url": "https://www.partselect.com/PS328705-Whirlpool-2188462A-Freezer-Door-Gasket.htm?SourceCode=18",
    "image_url": "https://partselectcom-gtcdcddbene3cpes.z01.azurefd.net/328705-1-N-Whirlpool-2188462A-Freezer-Door-Gasket.jpg",
    "name": "Estate Refrigerator Freezer Door Gasket",
    "partselect_number": "PS328705",
    "manufacturer_number": "2188462A",
    "description": "★★★★★\n★★★★★\n1 Review\nThis door gasket is used to seal the freezer door when closed.",
    "price": "$61.06",
    "stock_status": "In Stock",
    "rating": "1.00 out of 5",
    "reviews_count": 1
  },
  {
    "url": "https://www.partselect.com/PS993073-Whirlpool-8201786-Compressor-Start-Device-Kit.htm?SourceCode=18",
    "image_url": "https://partselectcom-gtcdcddbene3cpes.z01.azurefd.net/993073-1-N-Whirlpool-8201786-Compressor-Start-Device-Kit.jpg",
    "name": "Estate Refrigerator Compressor Start Device Kit",
    "partselect_number": "PS993073",
    "manufacturer_number": "8201786",
    "description": "★★★★★\n★★★★★\n6 Reviews\nThis kit has been redesigned and the wiring may be different than the original. It will possibly need to be installed by an appliance repair person.",
    "price": "$55.81",
    "stock_status": "In Stock",
    "rating": "3.83 out of 5",
    "reviews_count": 6
  },
  {
    "url": "https://www.partselect.com/PS11751112-Whirlpool-WPW10250570-Refrigerator-Rear-Roller.htm?SourceCode=18",
    "image_url": "https://partselectcom-gtcdcddbene3cpes.z01.azurefd.net/11751112-1-N-Whirlpool-WPW10250570-Refrigerator-Rear-Roller.jpg",
    "name": "Estate Refrigerator Rear Roller",
    "partselect_number": "PS11751112",
    "manufacturer_number": "WPW10250570",
    "description": "Sold Individually.",
    "price": "$27.39",
    "stock_status": "In Stock"
  },
  {
    "url": "https://www.partselect.com/PS11739203-Whirlpool-WP2195915-Refrigerator-Shelf-End-Cap-White.htm?SourceCode=18",
    "image_url": "https://partselectcom-gtcdcddbene3cpes.z01.azurefd.net/11739203-1-N-Whirlpool-WP2195915-Refrigerator-Shelf-End-Cap-White.jpg",
    "name": "Estate Refrigerator Shelf End Cap (white)",
    "partselect_number": "PS11739203",
    "manufacturer_number": "WP2195915",
    "description": "★★★★★\n★★★★★\n3 Reviews\nSold individually.",
    "price": "$14.80",
    "stock_status": "In Stock",
    "rating": "3.67 out of 5",
    "reviews_count": 3
  },
  {
    "url": "https://www.partselect.com/PS11739625-Whirlpool-WP2206670W-Refrigerator-Overflow-Grille.htm?SourceCode=18",
    "image_url": "https://partselectcom-gtcdcddbene3cpes.z01.azurefd.net/11739625-1-N-Whirlpool-WP2206670W-Refrigerator-Overflow-Grille.jpg",
    "name": "Estate Refrigerator Overflow Grille",
    "partselect_number": "PS11739625",
    "manufacturer_number": "WP2206670W",
    "description": "★★★★★\n★★★★★\n14 Reviews\nThis is a genuine Whirlpool dispenser overflow grille for your refrigerator. This part is made of plastic and snaps in under the water and ice dispensers on your refrigerator door. Its function is to catch drips and spills from the dispenser.",
    "price": "$52.33",
    "stock_status": "In Stock",
    "rating": "4.86 out of 5",
    "reviews_count": 14
  },
  {
    "url": "https://www.partselect.com/PS16543419-Whirlpool-W11512417-Drain-Connector.htm?SourceCode=18",
    "image_url": "https://partselectcom-gtcdcddbene3cpes.z01.azurefd.net/16543419-1-N-Whirlpool-W11512417-Drain-Connector.jpg",
    "name": "Estate Refrigerator Drain Connector",
    "partselect_number": "PS16543419",
    "manufacturer_number": "W11512417",
    "description": "★★★★★\n★★★★★\n1 Review\nManufacturer Part Number W11512417",
    "price": "$25.43",
    "stock_status": "In Stock",
    "rating": "5.00 out of 5",
    "reviews_count": 1
  },
  {
    "url": "https://www.partselect.com/PS10066071-Whirlpool-W10749708-COUPLING.htm?SourceCode=18",
    "image_url": "https://partselectcom-gtcdcddbene3cpes.z01.azurefd.net/10066071-1-N-Whirlpool-W10749708-COUPLING.jpg",
    "name": "Estate Refrigerator Coupling",
    "partselect_number": "PS10066071",
    "manufacturer_number": "W10749708",
    "description": "★★★★★\n★★★★★\n2 Reviews",
    "price": "$26.41",
    "stock_status": "In Stock",
    "rating": "5.00 out of 5",
    "reviews_count": 2
  },
  {
    "url": "https://www.partselect.com/PS11739006-Whirlpool-WP2176222-Slide-Humidity-Control.htm?SourceCode=18",
    "image_url": "https://partselectcom-gtcdcddbene3cpes.z01.azurefd.net/11739006-1-N-Whirlpool-WP2176222-Slide-Humidity-Control.jpg",
    "name": "Estate Refrigerator Slide Humidity Control",
    "partselect_number": "PS11739006",
    "manufacturer_number": "WP2176222",
    "description": "Manufacturer Part Number WP2176222",
    "price": "$20.95",
    "stock_status": "In Stock"
  },
  {
    "url": "https://www.partselect.com/PS372260-Whirlpool-4388931-Refrigerator-Defrost-Board.htm?SourceCode=18",
    "image_url": "https://partselectcom-gtcdcddbene3cpes.z01.azurefd.net/372260-1-N-Whirlpool-4388931-Refrigerator-Defrost-Board.jpg",
    "name": "Estate Refrigerator Defrost Board",
    "partselect_number": "PS372260",
    "manufacturer_number": "4388931",
    "description": "★★★★★\n★★★★★\n1 Review\nThis device acts like a clock. It continually advances and alternates between activating the cooling cycle and the defrost heater.",
    "price": "$139.15",
    "stock_status": "In Stock",
    "rating": "5.00 out of 5",
    "reviews_count": 1
  },
  {
    "url": "https://www.partselect.com/PS385141-Whirlpool-72032-Refrigerator-Touchup-Paint-Black.htm?SourceCode=18",
    "image_url": "https://partselectcom-gtcdcddbene3cpes.z01.azurefd.net/385141-1-N-Whirlpool-72032-Refrigerator-Touchup-Paint-Black.jpg",
    "name": "Estate Refrigerator Touchup Paint (black)",
    "partselect_number": "PS385141",
    "manufacturer_number": "72032",
    "description": "★★★★★\n★★★★★\n5 Reviews\nThis authentic OEM black touch-up paint is specifically designed for repairing minor scratches, chips, or blemishes on your kitchen appliances. The bottle contains 16ml or 0.6oz of black paint and has an applicator brush under the cap, the same way a nail polish bottle is designed. Restoring these visible damages is important because cracked or chipped surfaces can become a breeding ground for dirt and bacteria. If your existing bottle of paint has a thick or clumpy consistency, do not use it. Remember to shake the bottle before applying the paint to your appliance. Please keep in mind that this bottle is sold individually.",
    "price": "$16.78",
    "stock_status": "In Stock",
    "rating": "4.20 out of 5",
    "reviews_count": 5
  },
  {
    "url": "https://www.partselect.com/PS11739706-Whirlpool-WP2212446-Humidity-Control-Slide.htm?SourceCode=18",
    "image_url": "https://partselectcom-gtcdcddbene3cpes.z01.azurefd.net/11739706-1-N-Whirlpool-WP2212446-Humidity-Control-Slide.jpg",
    "name": "Estate Refrigerator Humidity Control Slide",
    "partselect_number": "PS11739706",
    "manufacturer_number": "WP2212446",
    "description": "★★★★★\n★★★★★\n1 Review",
    "price": "$46.48",
    "stock_status": "In Stock",
    "rating": "1.00 out of 5",
    "reviews_count": 1
  },
  {
    "url": "https://www.partselect.com/PS11752736-Whirlpool-WPW10318948-Refrigerator-Wire-Shelf.htm?SourceCode=18",
    "image_url": "https://partselectcom-gtcdcddbene3cpes.z01.azurefd.net/11752736-1-N-Whirlpool-WPW10318948-Refrigerator-Wire-Shelf.jpg",
    "name": "Estate Refrigerator Wire Shelf",
    "partselect_number": "PS11752736",
    "manufacturer_number": "WPW10318948",
    "description": "★★★★★\n★★★★★\n3 Reviews\nSold individually. This shelf measures to be approx. 13\" by 12.5\".",
    "price": "$118.70",
    "stock_status": "In Stock",
    "rating": "1.67 out of 5",
    "reviews_count": 3
  },
  {
    "url": "https://www.partselect.com/PS328688-Whirlpool-2188445A-Refrigerator-Fresh-Food-Door-Gasket.htm?SourceCode=18",
    "image_url": "https://partselectcom-gtcdcddbene3cpes.z01.azurefd.net/328688-1-N-Whirlpool-2188445A-Refrigerator-Fresh-Food-Door-Gasket.jpg",
    "name": "Estate Refrigerator Fresh Food Door Gasket",
    "partselect_number": "PS328688",
    "manufacturer_number": "2188445A",
    "description": "★★★★★\n★★★★★\n1 Review\nThis white fresh food door gasket is used to seal the refrigerator door when closed to keep the cool air inside and the room air out.",
    "price": "$77.37",
    "stock_status": "In Stock",
    "rating": "5.00 out of 5",
    "reviews_count": 1
  },
  {
    "url": "https://www.partselect.com/PS11740358-Whirlpool-WP2315531-Heater-Defrost.htm?SourceCode=18",
    "image_url": "https://partselectcom-gtcdcddbene3cpes.z01.azurefd.net/11740358-1-N-Whirlpool-WP2315531-Heater-Defrost.jpg",
    "name": "Estate Refrigerator Heater, Defrost",
    "partselect_number": "PS11740358",
    "manufacturer_number": "WP2315531",
    "description": "★★★★★\n★★★★★\n1 Review\nThis part is located at the bottom of the evaporator. The defrost heater heats the evaporator in the defrost mode of operation to keep the cooling coils from frosting over. The thermostat must be replaced when replacing the defrost heater.",
    "price": "$68.55",
    "stock_status": "In Stock",
    "rating": "5.00 out of 5",
    "reviews_count": 1
  },
  {
    "url": "https://www.partselect.com/PS11743318-Whirlpool-WP628356-Refrigerator-Water-Fill-Cup-Bearing.htm?SourceCode=18",
    "image_url": "https://partselectcom-gtcdcddbene3cpes.z01.azurefd.net/11743318-1-N-Whirlpool-WP628356-Refrigerator-Water-Fill-Cup-Bearing.jpg",
    "name": "Estate Refrigerator Water Fill Cup & Bearing",
    "partselect_number": "PS11743318",
    "manufacturer_number": "WP628356",
    "description": "★★★★★\n★★★★★\n10 Reviews\nThis refrigerator ice maker fill cup dispenses the water into the ice cube mold during the fill cycle. Replacing the water fill cup is a possible solution if you notice that the ice maker is leaking, or not making/dispensing ice. If you notice the fill cup has been damaged or cracked; replace the part straight away. This water fill cup is a genuine OEM part and will fit most refrigerators, but check the list of compatible brands to make sure yours is included before purchasing.",
    "price": "$30.33",
    "stock_status": "In Stock",
    "rating": "4.50 out of 5",
    "reviews_count": 10
  },
  {
    "url": "https://www.partselect.com/PS11731302-Whirlpool-W10854959-Refrigerator-Shelf-Stud-Support.htm?SourceCode=18",
    "image_url": "https://partselectcom-gtcdcddbene3cpes.z01.azurefd.net/11731302-1-N-Whirlpool-W10854959-Refrigerator-Shelf-Stud-Support.jpg",
    "name": "Estate Refrigerator Shelf Stud/support",
    "partselect_number": "PS11731302",
    "manufacturer_number": "W10854959",
    "description": "★★★★★\n★★★★★\n1 Review\nSold individually.",
    "price": "$10.95",
    "stock_status": "In Stock",
    "rating": "5.00 out of 5",
    "reviews_count": 1
  },
  {
    "url": "https://www.partselect.com/PS11742475-Whirlpool-WP4387558-Refrigerator-Grommet-Service.htm?SourceCode=18",
    "image_url": "https://partselectcom-gtcdcddbene3cpes.z01.azurefd.net/11742475-1-N-Whirlpool-WP4387558-Refrigerator-Grommet-Service.jpg",
    "name": "Estate Refrigerator Grommet (service)",
    "partselect_number": "PS11742475",
    "manufacturer_number": "WP4387558",
    "description": "★★★★★\n★★★★★\n1 Review",
    "price": "$9.85",
    "stock_status": "In Stock",
    "rating": "5.00 out of 5",
    "reviews_count": 1
  },
  {
    "url": "https://www.partselect.com/PS11738921-Whirlpool-WP2155590-Refrigerator-Fan-Motor-Retainer-Bracket.htm?SourceCode=18",
    "image_url": "https://partselectcom-gtcdcddbene3cpes.z01.azurefd.net/11738921-1-N-Whirlpool-WP2155590-Refrigerator-Fan-Motor-Retainer-Bracket.jpg",
    "name": "Estate Refrigerator Fan Motor Retainer/bracket",
    "partselect_number": "PS11738921",
    "manufacturer_number": "WP2155590",
    "description": "Manufacturer Part Number WP2155590",
    "price": "$7.95",
    "stock_status": "In Stock"
  },
  {
    "url": "https://www.partselect.com/PS323899-Whirlpool-2159074-Freezer-Door-Gasket-White.htm?SourceCode=18",
    "image_url": "https://partselectcom-gtcdcddbene3cpes.z01.azurefd.net/323899-1-N-Whirlpool-2159074-Freezer-Door-Gasket-White.jpg",
    "name": "Estate Refrigerator Freezer Door Gasket - White",
    "partselect_number": "PS323899",
    "manufacturer_number": "2159074",
    "description": "★★★★★\n★★★★★\n3 Reviews\nThis door gasket is used to make an air-tight seal for the cabinet when the door is closed.",
    "price": "$147.53",
    "stock_status": "In Stock",
    "rating": "4.33 out of 5",
    "reviews_count": 3
  },
  {
    "url": "https://www.partselect.com/PS11742470-Whirlpool-WP4387490-Refrigerator-Clipon-Bimetal-Defrost-Thermostat-w-Leads.htm?SourceCode=18",
    "image_url": "https://partselectcom-gtcdcddbene3cpes.z01.azurefd.net/11742470-1-N-Whirlpool-WP4387490-Refrigerator-Clipon-Bimetal-Defrost-Thermostat-w-Leads.jpg",
    "name": "Estate Refrigerator Clipon Bimetal Defrost Thermostat W/leads",
    "partselect_number": "PS11742470",
    "manufacturer_number": "WP4387490",
    "description": "★★★★★\n★★★★★\n2 Reviews\nThis part acts as a safety device against over-heating in case of mechanical failure.",
    "price": "$31.63",
    "stock_status": "In Stock",
    "rating": "5.00 out of 5",
    "reviews_count": 2
  },
  {
    "url": "https://www.partselect.com/PS11747446-Whirlpool-WP9791659-Refrigerator-Glass-Shelf-Insert.htm?SourceCode=18",
    "image_url": "https://partselectcom-gtcdcddbene3cpes.z01.azurefd.net/11747446-1-N-Whirlpool-WP9791659-Refrigerator-Glass-Shelf-Insert.jpg",
    "name": "Estate Refrigerator Glass Shelf Insert",
    "partselect_number": "PS11747446",
    "manufacturer_number": "WP9791659",
    "description": "★★★★★\n★★★★★\n3 Reviews\nThis glass shelf doubles as a crisper pan cover.",
    "price": "$115.85",
    "stock_status": "In Stock",
    "rating": "4.67 out of 5",
    "reviews_count": 3
  },
  {
    "url": "https://www.partselect.com/PS11739024-Whirlpool-WP2179343-Refrigerator-Housing-Humidity-Control.htm?SourceCode=18",
    "image_url": "https://partselectcom-gtcdcddbene3cpes.z01.azurefd.net/11739024-1-N-Whirlpool-WP2179343-Refrigerator-Housing-Humidity-Control.jpg",
    "name": "Estate Refrigerator Housing Humidity Control",
    "partselect_number": "PS11739024",
    "manufacturer_number": "WP2179343",
    "description": "Sold individually.",
    "price": "$26.68",
    "stock_status": "In Stock"
  },
  {
    "url": "https://www.partselect.com/PS11750653-Whirlpool-WPW10224328-Refrigerator-Torsion-Spring.htm?SourceCode=18",
    "image_url": "https://partselectcom-gtcdcddbene3cpes.z01.azurefd.net/11750653-1-N-Whirlpool-WPW10224328-Refrigerator-Torsion-Spring.jpg",
    "name": "Estate Refrigerator Torsion Spring",
    "partselect_number": "PS11750653",
    "manufacturer_number": "WPW10224328",
    "description": "Found in the dispenser section of your appliance. Can also be found in the ice door kit.",
    "price": "$46.95",
    "stock_status": "In Stock"
  },
  {
    "url": "https://www.partselect.com/PS11739056-Whirlpool-WP2183400-Refrigerator-Defrost-Timer-Kit.htm?SourceCode=18",
    "image_url": "https://partselectcom-gtcdcddbene3cpes.z01.azurefd.net/11739056-1-N-Whirlpool-WP2183400-Refrigerator-Defrost-Timer-Kit.jpg",
    "name": "Estate Refrigerator Defrost Timer Kit",
    "partselect_number": "PS11739056",
    "manufacturer_number": "WP2183400",
    "description": "★★★★★\n★★★★★\n4 Reviews\nThis device acts like a clock. It continually advances and alternates between activating the cooling cycle and the defrost heater.",
    "price": "$58.36",
    "stock_status": "In Stock",
    "rating": "4.75 out of 5",
    "reviews_count": 4
  },
  {
    "url": "https://www.partselect.com/PS371246-Whirlpool-4387491-Plastic-Tubing-Inserts-4-Included.htm?SourceCode=18",
    "image_url": "https://partselectcom-gtcdcddbene3cpes.z01.azurefd.net/371246-1-N-Whirlpool-4387491-Plastic-Tubing-Inserts-4-Included.jpg",
    "name": "Estate Refrigerator Plastic Tubing Inserts - 4 Included",
    "partselect_number": "PS371246",
    "manufacturer_number": "4387491",
    "description": "This is a plastic tubing insert kit for a refrigerator ice maker. This kit includes a package of four tubing inserts. The kit does not include other parts such as the ice maker water fill tube kit or ice maker fill tube gasket, so consider ordering those parts if necessary. The inserts are used with 1/4-inch plastic tubing. The inserts attach on the end of the water tubing to provide a smooth and solid connection between the water tubing and the clamp that attaches the tubing to the water fill valve. This is an OEM part from the genuine manufacturer.",
    "price": "$9.95",
    "stock_status": "In Stock"
  },
  {
    "url": "https://www.partselect.com/PS11765660-Whirlpool-W10887190-Refrigerator-Light-Bulb.htm?SourceCode=18",
    "image_url": "https://partselectcom-gtcdcddbene3cpes.z01.azurefd.net/11765660-1-N-Whirlpool-W10887190-Refrigerator-Light-Bulb.jpg",
    "name": "Estate Refrigerator Light Bulb",
    "partselect_number": "PS11765660",
    "manufacturer_number": "W10887190",
    "description": "★★★★★\n★★★★★\n1 Review\nThis appliance light bulb is used for many Maytag brand refrigerators. This 40W light bulb is frosted. Sold individually.",
    "price": "$16.95",
    "stock_status": "In Stock",
    "rating": "5.00 out of 5",
    "reviews_count": 1
  },
  {
    "url": "https://www.partselect.com/PS11727961-Whirlpool-W10837901-Glass-Shelf.htm?SourceCode=18",
    "image_url": "https://partselectcom-gtcdcddbene3cpes.z01.azurefd.net/11727961-1-N-Whirlpool-W10837901-Glass-Shelf.jpg",
    "name": "Estate Refrigerator Glass Shelf",
    "partselect_number": "PS11727961",
    "manufacturer_number": "W10837901",
    "description": "★★★★★\n★★★★★\n1 Review\nManufacturer Part Number W10837901",
    "price": "$105.55",
    "stock_status": "In Stock",
    "rating": "5.00 out of 5",
    "reviews_count": 1
  },
  {
    "url": "https://www.partselect.com/PS11739565-Whirlpool-WP2202806W-Freezer-Door-Handle-White.htm?SourceCode=18",
    "image_url": "https://partselectcom-gtcdcddbene3cpes.z01.azurefd.net/11739565-1-N-Whirlpool-WP2202806W-Freezer-Door-Handle-White.jpg",
    "name": "Estate Refrigerator Freezer Door Handle (white)",
    "partselect_number": "PS11739565",
    "manufacturer_number": "WP2202806W",
    "description": "★★★★★\n★★★★★\n1 Review\nThis freezer door handle is made of plastic and is white in color. This is the handle only. Screws are not included, must be ordered separately.",
    "price": "$77.55",
    "stock_status": "On Order",
    "rating": "5.00 out of 5",
    "reviews_count": 1
  },
  {
    "url": "https://www.partselect.com/PS11748961-Whirlpool-WPW10140847-Defrost-Heater-Assembly.htm?SourceCode=18",
    "image_url": "https://partselectcom-gtcdcddbene3cpes.z01.azurefd.net/11748961-1-N-Whirlpool-WPW10140847-Defrost-Heater-Assembly.jpg",
    "name": "Estate Refrigerator Defrost Heater Assembly",
    "partselect_number": "PS11748961",
    "manufacturer_number": "WPW10140847",
    "description": "The defrost heater is similar to the burners on an electric stove. It's located just beneath the cooling coils, which are concealed behind a panel in the freezer compartment. The heater gets hot. And, because it's close to the cooling coils, any ice or frost build-up melts.",
    "price": "$73.21",
    "stock_status": "In Stock"
  },
  {
    "url": "https://www.partselect.com/PS371924-Whirlpool-4388405-Refrigerator-Shelf-Stud-White.htm?SourceCode=18",
    "image_url": "https://partselectcom-gtcdcddbene3cpes.z01.azurefd.net/371924-1-N-Whirlpool-4388405-Refrigerator-Shelf-Stud-White.jpg",
    "name": "Estate Refrigerator Shelf Stud (white)",
    "partselect_number": "PS371924",
    "manufacturer_number": "4388405",
    "description": "This shelf stud mounts to the inside of the freezer section to support the shelf.",
    "price": "$10.95",
    "stock_status": "In Stock"
  },
  {
    "url": "https://www.partselect.com/PS11739597-Whirlpool-WP2203771-Refrigerator-Top-Hinge-Right-Side.htm?SourceCode=18",
    "image_url": "https://partselectcom-gtcdcddbene3cpes.z01.azurefd.net/11739597-1-N-Whirlpool-WP2203771-Refrigerator-Top-Hinge-Right-Side.jpg",
    "name": "Estate Refrigerator Top Hinge Right Side",
    "partselect_number": "PS11739597",
    "manufacturer_number": "WP2203771",
    "description": "★★★★★\n★★★★★\n1 Review\nThis part is the top hinge for your refrigerator door. It is made of metal and is approximately 5 inches by 3 ¼ inches in size. This hinge is for the right side of the refrigerator door only. The left side hinge is sold separately. The top hinge allows your refrigerator door to open and close properly. If your door is hanging strangely, or if the door won’t open or close properly, you may need to replace the top hinge. This part is sold individually and is an authentic OEM part.",
    "price": "$47.97",
    "stock_status": "In Stock",
    "rating": "5.00 out of 5",
    "reviews_count": 1
  },
  {
    "url": "https://www.partselect.com/PS11739873-Whirlpool-WP2254386-Refrigerator-Grille-Includes-Illus-4-22.htm?SourceCode=18",
    "image_url": "https://partselectcom-gtcdcddbene3cpes.z01.azurefd.net/11739873-1-N-Whirlpool-WP2254386-Refrigerator-Grille-Includes-Illus-4-22.jpg",
    "name": "Estate Refrigerator Grille (includes Illus. 4 & 22",
    "partselect_number": "PS11739873",
    "manufacturer_number": "WP2254386",
    "description": "★★★★★\n★★★★★\n4 Reviews\nGrille only.",
    "price": "$47.47",
    "stock_status": "In Stock",
    "rating": "4.75 out of 5",
    "reviews_count": 4
  },
  {
    "url": "https://www.partselect.com/PS11739624-Whirlpool-WP2206670T-Refrigerator-Grille-Bisque.htm?SourceCode=18",
    "image_url": "https://partselectcom-gtcdcddbene3cpes.z01.azurefd.net/11739624-1-N-Whirlpool-WP2206670T-Refrigerator-Grille-Bisque.jpg",
    "name": "Estate Refrigerator Grille Bisque",
    "partselect_number": "PS11739624",
    "manufacturer_number": "WP2206670T",
    "description": "★★★★★\n★★★★★\n2 Reviews\nManufacturer Part Number WP2206670T",
    "price": "$53.85",
    "stock_status": "Special Order",
    "rating": "4.00 out of 5",
    "reviews_count": 2
  },
  {
    "url": "https://www.partselect.com/PS16221205-Whirlpool-W11496481-Water-Line.htm?SourceCode=18",
    "image_url": "https://partselectcom-gtcdcddbene3cpes.z01.azurefd.net/16221205-1-N-Whirlpool-W11496481-Water-Line.jpg",
    "name": "Estate Refrigerator Water Line",
    "partselect_number": "PS16221205",
    "manufacturer_number": "W11496481",
    "description": "★★★★★\n★★★★★\n1 Review\nThe Water Tube is an OEM component specifically designed for Whirlpool refrigerators. This 1/4\" outer diameter water tube provides a pathway for water to flow through the refrigerator's internal components during operations like ice production. This water tube can be cut to fit, is approximately 24 1/2\" long.",
    "price": "$26.95",
    "stock_status": "In Stock",
    "rating": "2.00 out of 5",
    "reviews_count": 1
  },
  {
    "url": "https://www.partselect.com/PS2345058-Whirlpool-W10233960-COMPRESSOR.htm?SourceCode=18",
    "image_url": "https://partselectcom-gtcdcddbene3cpes.z01.azurefd.net/2345058-1-N-Whirlpool-W10233960-COMPRESSOR.jpg",
    "name": "Estate Refrigerator Compressor",
    "partselect_number": "PS2345058",
    "manufacturer_number": "W10233960",
    "description": "Manufacturer Part Number W10233960",
    "price": "$324.67",
    "stock_status": "In Stock"
  },
  {
    "url": "https://www.partselect.com/PS11739045-Whirlpool-WP2182195-Refrigerator-Cam-Assembly.htm?SourceCode=18",
    "image_url": "https://partselectcom-gtcdcddbene3cpes.z01.azurefd.net/11739045-1-N-Whirlpool-WP2182195-Refrigerator-Cam-Assembly.jpg",
    "name": "Estate Refrigerator Cam Assembly",
    "partselect_number": "PS11739045",
    "manufacturer_number": "WP2182195",
    "price": "$12.95",
    "stock_status": "Special Order"
  },
  {
    "url": "https://www.partselect.com/PS11739983-Whirlpool-WP2262181-Refrigerator-Start-Relay-Combination.htm?SourceCode=18",
    "image_url": "https://partselectcom-gtcdcddbene3cpes.z01.azurefd.net/11739983-1-N-Whirlpool-WP2262181-Refrigerator-Start-Relay-Combination.jpg",
    "name": "Estate Refrigerator Start Relay Combination",
    "partselect_number": "PS11739983",
    "manufacturer_number": "WP2262181",
    "description": "★★★★★\n★★★★★\n2 Reviews\nStart relay and overload for production compressor only. The start relay boosts the compressor, and then shuts off as soon as the motor gets up to speed. The overlay provides added protection against excessive current and against excessive temperature use.",
    "price": "$61.69",
    "stock_status": "In Stock",
    "rating": "3.00 out of 5",
    "reviews_count": 2
  },
  {
    "url": "https://www.partselect.com/PS11740356-Whirlpool-WP2315522-Refrigerator-Retainer-Thermostat.htm?SourceCode=18",
    "image_url": "https://partselectcom-gtcdcddbene3cpes.z01.azurefd.net/11740356-1-N-Whirlpool-WP2315522-Refrigerator-Retainer-Thermostat.jpg",
    "name": "Estate Refrigerator Retainer Thermostat",
    "partselect_number": "PS11740356",
    "manufacturer_number": "WP2315522",
    "description": "Manufacturer Part Number WP2315522",
    "price": "$11.95",
    "stock_status": "Special Order"
  },
  {
    "url": "https://www.partselect.com/PS11739935-Whirlpool-WP2256601-Shelf-Frame.htm?SourceCode=18",
    "image_url": "https://partselectcom-gtcdcddbene3cpes.z01.azurefd.net/11739935-1-N-Whirlpool-WP2256601-Shelf-Frame.jpg",
    "name": "Estate Refrigerator Shelf Frame",
    "partselect_number": "PS11739935",
    "manufacturer_number": "WP2256601",
    "description": "★★★★★\n★★★★★\n1 Review\nManufacturer Part Number WP2256601",
    "price": "$69.79",
    "stock_status": "In Stock",
    "rating": "5.00 out of 5",
    "reviews_count": 1
  },
  {
    "url": "https://www.partselect.com/PS11738929-Whirlpool-WP2156007-Refrigerator-End-Cap-Trim.htm?SourceCode=18",
    "image_url": "https://partselectcom-gtcdcddbene3cpes.z01.azurefd.net/11738929-1-N-Whirlpool-WP2156007-Refrigerator-End-Cap-Trim.jpg",
    "name": "Estate Refrigerator End Cap Trim",
    "partselect_number": "PS11738929",
    "manufacturer_number": "WP2156007",
    "description": "This part is the replacement end cap trim for your refrigerator. It is made of white plastic and is approximately 1 inch wide, 1 inch long, and ½ inch thick. This part can also be known as the shelf support retainer as it holds the shelf support in place. If the end cap trim is damaged, the shelf support may not remain in place and you will not be able to store items in your refrigerator door. To replace the end cap trim, carefully disconnect it from both the refrigerator door and the shelf support. Then, snap the new end cap trim into the shelf support and then to the door. This part is sold individually and is an authentic OEM part.",
    "price": "$9.85",
    "stock_status": "In Stock"
  },
  {
    "url": "https://www.partselect.com/PS11739116-Whirlpool-WP2188456A-Freezer-Door-Gasket.htm?SourceCode=18",
    "image_url": "https://partselectcom-gtcdcddbene3cpes.z01.azurefd.net/11739116-1-N-Whirlpool-WP2188456A-Freezer-Door-Gasket.jpg",
    "name": "Estate Refrigerator Freezer Door Gasket",
    "partselect_number": "PS11739116",
    "manufacturer_number": "WP2188456A",
    "description": "★★★★★\n★★★★★\n1 Review\nThis white door gasket is used to seal the freezer door when closed.",
    "price": "$108.73",
    "stock_status": "On Order",
    "rating": "2.00 out of 5",
    "reviews_count": 1
  },
  {
    "url": "https://www.partselect.com/PS16730545-Whirlpool-W11566763-FITTING.htm?SourceCode=18",
    "image_url": "https://partselectcom-gtcdcddbene3cpes.z01.azurefd.net/16730545-1-N-Whirlpool-W11566763-FITTING.jpg",
    "name": "Estate Refrigerator Fitting",
    "partselect_number": "PS16730545",
    "manufacturer_number": "W11566763",
    "price": "$32.95",
    "stock_status": "In Stock"
  },
  {
    "url": "https://www.partselect.com/PS11739168-Whirlpool-WP2193353W-Refrigerator-Trim-Handle-White.htm?SourceCode=18",
    "image_url": "https://partselectcom-gtcdcddbene3cpes.z01.azurefd.net/11739168-1-N-Whirlpool-WP2193353W-Refrigerator-Trim-Handle-White.jpg",
    "name": "Estate Refrigerator Trim Handle (white)",
    "partselect_number": "PS11739168",
    "manufacturer_number": "WP2193353W",
    "description": "★★★★★\n★★★★★\n2 Reviews\nWhite in color sold individually.",
    "price": "$9.95",
    "stock_status": "In Stock",
    "rating": "5.00 out of 5",
    "reviews_count": 2
  },
  {
    "url": "https://www.partselect.com/PS371967-Whirlpool-4388450-Insert-Kit.htm?SourceCode=18",
    "image_url": "https://partselectcom-gtcdcddbene3cpes.z01.azurefd.net/371967-1-N-Whirlpool-4388450-Insert-Kit.jpg",
    "name": "Estate Refrigerator Insert Kit",
    "partselect_number": "PS371967",
    "manufacturer_number": "4388450",
    "description": "This kit comes with two pieces.",
    "price": "$45.95",
    "stock_status": "In Stock"
  },
  {
    "url": "https://www.partselect.com/PS11740458-Whirlpool-WP2323197-Defrost-Heater-Assembly.htm?SourceCode=18",
    "image_url": "https://partselectcom-gtcdcddbene3cpes.z01.azurefd.net/11740458-1-N-Whirlpool-WP2323197-Defrost-Heater-Assembly.jpg",
    "name": "Estate Refrigerator Defrost Heater Assembly",
    "partselect_number": "PS11740458",
    "manufacturer_number": "WP2323197",
    "description": "The defrost heater keeps the cooling coils from frosting over.",
    "price": "$58.36",
    "stock_status": "In Stock"
  },
  {
    "url": "https://www.partselect.com/PS11740474-Whirlpool-WP2326169B-Handle-Refrigerator-Bow-Bl.htm?SourceCode=18",
    "image_url": "https://partselectcom-gtcdcddbene3cpes.z01.azurefd.net/11740474-1-N-Whirlpool-WP2326169B-Handle-Refrigerator-Bow-Bl.jpg",
    "name": "Estate Refrigerator Handle, (bow) (bl",
    "partselect_number": "PS11740474",
    "manufacturer_number": "WP2326169B",
    "description": "Screws NOT included.",
    "price": "$71.49",
    "stock_status": "On Order"
  },
  {
    "url": "https://www.partselect.com/PS11742700-Whirlpool-WP486692-Refrigerator-Speed-Nut.htm?SourceCode=18",
    "image_url": "https://partselectcom-gtcdcddbene3cpes.z01.azurefd.net/11742700-1-N-Whirlpool-WP486692-Refrigerator-Speed-Nut.jpg",
    "name": "Estate Refrigerator Speed Nut",
    "partselect_number": "PS11742700",
    "manufacturer_number": "WP486692",
    "description": "The speed nut (also referred to as a condenser motor fan nut), fits onto the condenser fan motor. The motor for this fan turns on simultaneously with the evaporator and the compressor motors, so a malfunction in the condenser fan motor could cause your fridge to cycle on and off more frequently or run too warm, or too noisily. Make sure that the speed nut is properly attached and tight. Check the nut for any signs of wear or damage. If the nut is damaged and refuses to tighten, you should replace the part immediately. Remember to unplug your refrigerator before starting this repair.",
    "price": "$9.95",
    "stock_status": "On Order"
  },
  {
    "url": "https://www.partselect.com/PS12069524-Whirlpool-W10723843-KNOB-THERM.htm?SourceCode=18",
    "image_url": "https://partselectcom-gtcdcddbene3cpes.z01.azurefd.net/12069524-1-N-Whirlpool-W10723843-KNOB-THERM.jpg",
    "name": "Estate Refrigerator Knob-therm",
    "partselect_number": "PS12069524",
    "manufacturer_number": "W10723843",
    "description": "Manufacturer Part Number W10723843",
    "price": "$23.95",
    "stock_status": "In Stock"
  },
  {
    "url": "https://www.partselect.com/PS403685-Whirlpool-978030-VALVE.htm?SourceCode=18",
    "image_url": "https://partselectcom-gtcdcddbene3cpes.z01.azurefd.net/403685-1-N-Whirlpool-978030-VALVE.jpg",
    "name": "Estate Refrigerator Valve",
    "partselect_number": "PS403685",
    "manufacturer_number": "978030",
    "description": "This access valve is an authentic manufacturer parts kit used in appliances with a refrigerant such as the refrigerator and air conditioner. This kit includes a valve body, valve core and a valve cap. The body and cap are made of brass while the core is made from steel. If you notice that your appliance is leaking, not cooling adequately and the valve components are corroded, you should replace the access valve. As part of your general maintenance, you should also replace the valve if your appliance is more than 10 years old and the valve has never been changed. Use a valve wrench to remove the valve cap and use a core removal tool to pull out the core. Install the new valve body, core and cap and ensure they are securely fitted. Note that these parts are sold together.",
    "price": "$53.95",
    "stock_status": "In Stock"
  },
  {
    "url": "https://www.partselect.com/PS11731429-Whirlpool-W10859322-FILLER.htm?SourceCode=18",
    "image_url": "https://partselectcom-gtcdcddbene3cpes.z01.azurefd.net/11731429-1-N-Whirlpool-W10859322-FILLER.jpg",
    "name": "Estate Refrigerator Filler",
    "partselect_number": "PS11731429",
    "manufacturer_number": "W10859322",
    "description": "Manufacturer Part Number W10859322",
    "price": "$9.95",
    "stock_status": "In Stock"
  },
  {
    "url": "https://www.partselect.com/PS11749424-Whirlpool-WPW10169124-Grommet.htm?SourceCode=18",
    "image_url": "https://partselectcom-gtcdcddbene3cpes.z01.azurefd.net/11749424-1-N-Whirlpool-WPW10169124-Grommet.jpg",
    "name": "Estate Refrigerator Grommet",
    "partselect_number": "PS11749424",
    "manufacturer_number": "WPW10169124",
    "description": "Sold individually.",
    "price": "$9.95",
    "stock_status": "In Stock"
  },
  {
    "url": "https://www.partselect.com/PS11753428-Whirlpool-WPW10350006-Water-Tube.htm?SourceCode=18",
    "image_url": "https://partselectcom-gtcdcddbene3cpes.z01.azurefd.net/11753428-1-N-Whirlpool-WPW10350006-Water-Tube.jpg",
    "name": "Estate Refrigerator Water Tube",
    "partselect_number": "PS11753428",
    "manufacturer_number": "WPW10350006",
    "description": "Manufacturer Part Number WPW10350006",
    "price": "$50.44",
    "stock_status": "In Stock"
  },
  {
    "url": "https://www.partselect.com/PS1486705-Whirlpool-8201769-Start-Device.htm?SourceCode=18",
    "image_url": "https://partselectcom-gtcdcddbene3cpes.z01.azurefd.net/1486705-1-N-Whirlpool-8201769-Start-Device.jpg",
    "name": "Estate Refrigerator Start Device",
    "partselect_number": "PS1486705",
    "manufacturer_number": "8201769",
    "description": "★★★★★\n★★★★★\n2 Reviews\nThis part includes the Relay, Overload and Cover. ***Please NOTE: The manufacturer has made changes to this part and may appear different than the original part. This part requires assembly.",
    "price": "$77.17",
    "stock_status": "In Stock",
    "rating": "2.00 out of 5",
    "reviews_count": 2
  },
  {
    "url": "https://www.partselect.com/PS11739585-Whirlpool-WP2203408W-Door-Hinge.htm?SourceCode=18",
    "image_url": "https://partselectcom-gtcdcddbene3cpes.z01.azurefd.net/11739585-1-N-Whirlpool-WP2203408W-Door-Hinge.jpg",
    "name": "Estate Refrigerator Door Hinge",
    "partselect_number": "PS11739585",
    "manufacturer_number": "WP2203408W",
    "description": "Manufacturer Part Number WP2203408W",
    "price": "$24.95",
    "stock_status": "Special Order"
  },
  {
    "url": "https://www.partselect.com/PS11753081-Whirlpool-WPW10334458-Connector.htm?SourceCode=18",
    "image_url": "https://partselectcom-gtcdcddbene3cpes.z01.azurefd.net/11753081-1-N-Whirlpool-WPW10334458-Connector.jpg",
    "name": "Estate Refrigerator Connector",
    "partselect_number": "PS11753081",
    "manufacturer_number": "WPW10334458",
    "description": "★★★★★\n★★★★★\n1 Review",
    "price": "$18.95",
    "stock_status": "In Stock",
    "rating": "5.00 out of 5",
    "reviews_count": 1
  },
  {
    "url": "https://www.partselect.com/PS372271-Whirlpool-4388953-OVERLOAD.htm?SourceCode=18",
    "image_url": "https://partselectcom-gtcdcddbene3cpes.z01.azurefd.net/372271-1-N-Whirlpool-4388953-OVERLOAD.jpg",
    "name": "Estate Refrigerator Overload",
    "partselect_number": "PS372271",
    "manufacturer_number": "4388953",
    "description": "Manufacturer Part Number 4388953",
    "price": "$77.37",
    "stock_status": "Special Order"
  },
  {
    "url": "https://www.partselect.com/PS11739156-Whirlpool-WP2191883-Refrigerator-Handle-End-Cap.htm?SourceCode=18",
    "image_url": "https://partselectcom-gtcdcddbene3cpes.z01.azurefd.net/11739156-1-N-Whirlpool-WP2191883-Refrigerator-Handle-End-Cap.jpg",
    "name": "Estate Refrigerator Handle End Cap",
    "partselect_number": "PS11739156",
    "manufacturer_number": "WP2191883",
    "description": "Chrome in color.",
    "price": "$46.95",
    "stock_status": "In Stock"
  },
  {
    "url": "https://www.partselect.com/PS11740238-Whirlpool-WP2304099-Refrigerator-Adaptive-Defrost-Control-Board.htm?SourceCode=18",
    "image_url": "https://partselectcom-gtcdcddbene3cpes.z01.azurefd.net/11740238-1-N-Whirlpool-WP2304099-Refrigerator-Adaptive-Defrost-Control-Board.jpg",
    "name": "Estate Refrigerator Adaptive Defrost Control Board",
    "partselect_number": "PS11740238",
    "manufacturer_number": "WP2304099",
    "description": "Includes screws.",
    "price": "$205.45",
    "stock_status": "In Stock"
  },
  {
    "url": "https://www.partselect.com/PS395325-Whirlpool-833938-TERMINAL.htm?SourceCode=18",
    "image_url": "https://partselectcom-gtcdcddbene3cpes.z01.azurefd.net/395325-1-N-Whirlpool-833938-TERMINAL.jpg",
    "name": "Estate Refrigerator Terminal",
    "partselect_number": "PS395325",
    "manufacturer_number": "833938",
    "price": "$9.95",
    "stock_status": "In Stock"
  },
  {
    "url": "https://www.partselect.com/PS2349064-Whirlpool-W10233961-COMPRESSOR.htm?SourceCode=18",
    "image_url": "https://partselectcom-gtcdcddbene3cpes.z01.azurefd.net/2349064-1-N-Whirlpool-W10233961-COMPRESSOR.jpg",
    "name": "Estate Refrigerator Compressor",
    "partselect_number": "PS2349064",
    "manufacturer_number": "W10233961",
    "price": "$344.64",
    "stock_status": "In Stock"
  },
  {
    "url": "https://www.partselect.com/PS11745971-Whirlpool-WP842041-Refrigerator-Evaporator-Drain-Pan.htm?SourceCode=18",
    "image_url": "https://partselectcom-gtcdcddbene3cpes.z01.azurefd.net/11745971-1-N-Whirlpool-WP842041-Refrigerator-Evaporator-Drain-Pan.jpg",
    "name": "Estate Refrigerator Evaporator Drain Pan",
    "partselect_number": "PS11745971",
    "manufacturer_number": "WP842041",
    "description": "This tray is used to collect the access water from the cooling system to prevent water from leaking on to your floor.",
    "price": "$35.95",
    "stock_status": "In Stock"
  },
  {
    "url": "https://www.partselect.com/PS11738265-Whirlpool-WP1100938-Fan-Blade-Red.htm?SourceCode=18",
    "image_url": "https://partselectcom-gtcdcddbene3cpes.z01.azurefd.net/11738265-1-N-Whirlpool-WP1100938-Fan-Blade-Red.jpg",
    "name": "Estate Refrigerator Fan Blade (red)",
    "partselect_number": "PS11738265",
    "manufacturer_number": "WP1100938",
    "description": "Used for freezer fan motor.",
    "price": "$41.95",
    "stock_status": "In Stock"
  }
]