[
  {
    "url": "https://www.partselect.com/PS11746591-Whirlpool-WP8565925-Dishwasher-Rack-Track-Stop.htm?SourceCode=18",
    "image_url": "https://partselectcom-gtcdcddbene3cpes.z01.azurefd.net/11746591-1-N-Whirlpool-WP8565925-Dishwasher-Rack-Track-Stop.jpg",
    "name": "Estate Dishwasher Rack Track Stop",
    "partselect_number": "PS11746591",
    "manufacturer_number": "WP8565925",
    "description": "★★★★★\n★★★★★\n107 Reviews\nThe rack track stop on your dishwasher is designed to stop the dish rack at the appropriate place when opening and closing the rack. If your dishwasher is not cleaning your dishes properly, the rack stop may need to be replaced. The replacement part may differ slightly from the broken part, depending on the model. However, the different styles are interchangeable. This product is sold individually and comes in both a white and grey plastic version. Many of our customers found this repair to be very easy and takes less than 30 minutes to complete. Simply snap the old part out and snap the new part into place. You will not require any tools to complete the job. This is an authentic part approved by the manufacturer.",
    "price": "$\n9.65",
    "stock_status": "In Stock",
    "rating": "4.7/5",
    "reviews_count": 107,
    "reviews": [],
    "repair_stories": [],
    "symptoms_fixed": "Door latch failure | Not cleaning dishes properly | Door won’t close",
    "works_with": "Dishwasher.",
    "also_replaces": [
      "AP6013365",
      "8270105",
      "8270106",
      "8524581",
      "8524582",
      "8562015",
      "8565920",
      "8565925",
      "W10082860",
      "W10082861",
      "W10199682",
      "W10508950",
      "WP8565925VP",
      "WPW10082861VP",
      "WPW10508950",
      "WPW10508950VP"
    ],
    "video_url": "https://www.youtube.com/watch?v=siE-8HethWg"
  },
  {
    "url": "https://www.partselect.com/PS8260087-Whirlpool-W10518394-Dishwasher-Heating-Element.htm?SourceCode=18",
    "image_url": "https://partselectcom-gtcdcddbene3cpes.z01.azurefd.net/8260087-1-N-Whirlpool-W10518394-Dishwasher-Heating-Element.jpg",
    "name": "Estate Dishwasher Heating Element",
    "partselect_number": "PS8260087",
    "manufacturer_number": "W10518394",
    "description": "★★★★★\n★★★★★\n113 Reviews\nThis manufacturer-certified heating element is used to create heat during the dry cycle and increase water temperature during portions of the wash cycle when certain options are selected. If your dishes are not drying or the water in the dishwasher is not getting hot you may need to replace the element. This kit includes the heater, two heater fasteners, and is a genuine OEM part. Please remember to disconnect the power before starting the repair. Use a multi-meter to test your heating element for continuity to determine whether this is the part that is causing your symptom. This part does not include any washers. To make your repair, disconnect the wires from the bottom of the element in the back, remove the plastic nuts holding it in place, remove the element, and repeat these steps in reverse order to install your new part. This is an easy repair that requires only a screwdriver, wrench set, and should take less than 30 minutes.",
    "price": "$\n66.09",
    "stock_status": "In Stock",
    "rating": "4.5/5",
    "reviews_count": 113,
    "reviews": [],
    "repair_stories": [],
    "symptoms_fixed": "Not drying dishes properly | Not cleaning dishes properly | Will Not Start | Leaking",
    "works_with": "Dishwasher.",
    "also_replaces": [
      "AP5690151",
      "2977737",
      "W10518394",
      "8194250",
      "8563007",
      "8563464",
      "8572861",
      "W10134009",
      "W10441445",
      "W10518394VP"
    ],
    "video_url": "https://www.youtube.com/watch?v=Co8dQ7rzTMQ"
  },
  {
    "url": "https://www.partselect.com/PS11745496-Whirlpool-WP8269145-Dishwasher-Mounting-Bracket.htm?SourceCode=18",
    "image_url": "https://partselectcom-gtcdcddbene3cpes.z01.azurefd.net/11745496-1-N-Whirlpool-WP8269145-Dishwasher-Mounting-Bracket.jpg",
    "name": "Estate Dishwasher Mounting Bracket",
    "partselect_number": "PS11745496",
    "manufacturer_number": "WP8269145",
    "description": "★★★★★\n★★★★★\n14 Reviews\nThe mounting bracket is sold individually, without screws. This part secures the upper side of the dishwasher to the underside of the counter or cabinet to prevent the dishwasher from moving, shaking, or tilting forward. The bracket is made entirely of metal. It is recommended to check all brackets, if applicable, because they often wear at the same rate and both may need to be replaced. This is an OEM part that is sourced from the authentic manufacturer. Tools needed are a pair of needle nose pliers and a screwdriver.",
    "price": "$\n13.53",
    "stock_status": "In Stock",
    "rating": "4.6/5",
    "reviews_count": 14,
    "reviews": [],
    "repair_stories": [],
    "symptoms_fixed": "Door latch failure | Door won’t close | Leaking",
    "works_with": "Dishwasher.",
    "also_replaces": [
      "AP6012289",
      "8269145",
      "WP8269145VP"
    ],
    "video_url": "https://www.youtube.com/watch?v=X7SLvFAiTkw"
  },
  {
    "url": "https://www.partselect.com/PS5136129-Whirlpool-W10542314-Dishwasher-Door-Gasket-w-Strike-Black.htm?SourceCode=18",
    "image_url": "https://partselectcom-gtcdcddbene3cpes.z01.azurefd.net/5136129-1-N-Whirlpool-W10542314-Dishwasher-Door-Gasket-w-Strike-Black.jpg",
    "name": "Estate Dishwasher Door Gasket W/strike (black)",
    "partselect_number": "PS5136129",
    "manufacturer_number": "W10542314",
    "description": "★★★★★\n★★★★★\n65 Reviews\nThis dishwasher door gasket and strike kit is an essential component for maintaining a watertight seal around the dishwasher door and ensuring proper latch operation. The gasket prevents water leakage by forming a tight seal between the door and the tub, while the strike works as a mechanical actuator for the door switch and provides tension for a secure seal. Over time, wear and tear may cause tears, gaps, or cuts in the gasket, leading to leaks. This genuine OEM replacement kit is compatible with select models of Whirlpool, KitchenAid, Maytag, Jenn-Air, Amana, Inglis, and Magic Chef dishwashers. For proper installation, unplug the dishwasher or turn off the circuit breaker to ensure safety. Refer to the installation guide or video for step-by-step instructions, and wear protective gloves while replacing the gasket and strike.",
    "price": "$72.45",
    "stock_status": "In Stock",
    "rating": "4.66 out of 5",
    "reviews_count": 65
  },
  {
    "url": "https://www.partselect.com/PS11753379-Whirlpool-WPW10348269-Dishwasher-Drain-Pump-120v-60hz.htm?SourceCode=18",
    "image_url": "https://partselectcom-gtcdcddbene3cpes.z01.azurefd.net/11753379-1-N-Whirlpool-WPW10348269-Dishwasher-Drain-Pump-120v-60hz.jpg",
    "name": "Estate Dishwasher Drain Pump 120v 60hz",
    "partselect_number": "PS11753379",
    "manufacturer_number": "WPW10348269",
    "description": "★★★★★\n★★★★★\n62 Reviews\nThis drain pump is used in dishwashers to remove water from the dishwasher tub. If the impeller in the dishwasher is damaged or the motor has been shorted out and will not drain, it is possible the body is cracked, causing leakage. To prevent this from happening, replace the drain pump. The tools needed for this installation are: Phillips screwdriver, 5/16 inch nut driver, 5/8 inch wrench, and a flathead screwdriver. Remember to unplug your dishwasher from the power source before beginning this installation project. Refer to the manual provided by the manufacturer for further installation instructions.",
    "price": "$80.06",
    "stock_status": "In Stock",
    "rating": "4.77 out of 5",
    "reviews_count": 62
  },
  {
    "url": "https://www.partselect.com/PS11750255-Whirlpool-WPW10204131-Dishwasher-Rack-Adjuster.htm?SourceCode=18",
    "image_url": "https://partselectcom-gtcdcddbene3cpes.z01.azurefd.net/11750255-1-N-Whirlpool-WPW10204131-Dishwasher-Rack-Adjuster.jpg",
    "name": "Estate Dishwasher Rack Adjuster",
    "partselect_number": "PS11750255",
    "manufacturer_number": "WPW10204131",
    "description": "★★★★★\n★★★★★\n38 Reviews\nThis OEM dishrack roller and adjuster is found in your dishwasher. They work together to support and facilitate the smooth movement of your dishrack. The dishrack rollers are small wheels located on the sides of the dishrack and allow it to slide in and out effortlessly. Meanwhile, the dishrack adjuster is used to adjust the height via the selector at the back of this component. Over time, the rollers wear out. You may experience resistance or difficulty when sliding the dishrack in or out. If left unreplaced, your rollers or adjuster may break, causing dishes to tilt, collide, or fall over during the wash cycle. When removing a roller and adjuster from your appliance, you will need to pull out the dishrack partway. Detach the assembly by depressing the tabs on the two end stops before lifting them up. Keep in mind that the roller and adjuster are sold together, but the dishrack itself is sold separately.",
    "price": "$9.65",
    "stock_status": "In Stock",
    "rating": "4.71 out of 5",
    "reviews_count": 38
  },
  {
    "url": "https://www.partselect.com/PS11743423-Whirlpool-WP661566-Dishwasher-High-Limit-Thermostat.htm?SourceCode=18",
    "image_url": "https://partselectcom-gtcdcddbene3cpes.z01.azurefd.net/11743423-1-N-Whirlpool-WP661566-Dishwasher-High-Limit-Thermostat.jpg",
    "name": "Estate Dishwasher High Limit Thermostat",
    "partselect_number": "PS11743423",
    "manufacturer_number": "WP661566",
    "description": "★★★★★\n★★★★★\n9 Reviews\nThis part acts as as safety mechanism that keeps the dryer from overheating. Once the dryer temperature reaches a certain point, this part will shut down power to the heating element.",
    "price": "$26.83",
    "stock_status": "In Stock",
    "rating": "4.89 out of 5",
    "reviews_count": 9
  },
  {
    "url": "https://www.partselect.com/PS11745488-Whirlpool-WP8268961-Dishwasher-Friction-Sleeve.htm?SourceCode=18",
    "image_url": "https://partselectcom-gtcdcddbene3cpes.z01.azurefd.net/11745488-1-N-Whirlpool-WP8268961-Dishwasher-Friction-Sleeve.jpg",
    "name": "Estate Dishwasher Friction Sleeve",
    "partselect_number": "PS11745488",
    "manufacturer_number": "WP8268961",
    "description": "★★★★★\n★★★★★\n37 Reviews\nThis part helps to keep your door quiet when it opens and closes.",
    "price": "$8.68",
    "stock_status": "In Stock",
    "rating": "4.86 out of 5",
    "reviews_count": 37
  },
  {
    "url": "https://www.partselect.com/PS11731683-Whirlpool-W10864081-Dishwasher-Seal.htm?SourceCode=18",
    "image_url": "https://partselectcom-gtcdcddbene3cpes.z01.azurefd.net/11731683-1-N-Whirlpool-W10864081-Dishwasher-Seal.jpg",
    "name": "Estate Dishwasher Seal",
    "partselect_number": "PS11731683",
    "manufacturer_number": "W10864081",
    "description": "★★★★★\n★★★★★\n13 Reviews\nThis is a seal, but you may also know it as a door gasket and it is for your dishwasher. The seal forms a watertight barrier between the door and the dishwasher tub, deterring water from escaping during a wash cycle. If your dishwasher is leaking you will need to replace the seal, as it is likely damaged. The first step should be to check the seal for buildup of food particles near the sides and the bottom of your appliance.",
    "price": "$76.91",
    "stock_status": "In Stock",
    "rating": "3.85 out of 5",
    "reviews_count": 13
  },
  {
    "url": "https://www.partselect.com/PS11745451-Whirlpool-WP8268655-Dishwasher-Upper-Rack-Wheel-w-Mount.htm?SourceCode=18",
    "image_url": "https://partselectcom-gtcdcddbene3cpes.z01.azurefd.net/11745451-1-N-Whirlpool-WP8268655-Dishwasher-Upper-Rack-Wheel-w-Mount.jpg",
    "name": "Estate Dishwasher Upper Rack Wheel W/mount",
    "partselect_number": "PS11745451",
    "manufacturer_number": "WP8268655",
    "description": "★★★★★\n★★★★★\n67 Reviews\nThis is a replacement upper dish rack wheel with mount for your dishwasher. The mount supports the dish rack, and the wheel allows the rack to slide out easily. To replace this part, remove the rack stops and pull out the upper dish rack. This wheel mount pops off, and the new one can be snapped into place.",
    "price": "$25.87",
    "stock_status": "In Stock",
    "rating": "4.87 out of 5",
    "reviews_count": 67
  },
  {
    "url": "https://www.partselect.com/PS11755402-Whirlpool-WPW10477552-Terminal-Nut.htm?SourceCode=18",
    "image_url": "https://partselectcom-gtcdcddbene3cpes.z01.azurefd.net/11755402-1-N-Whirlpool-WPW10477552-Terminal-Nut.jpg",
    "name": "Estate Dishwasher Terminal Nut",
    "partselect_number": "PS11755402",
    "manufacturer_number": "WPW10477552",
    "description": "★★★★★\n★★★★★\n1 Review",
    "price": "$9.65",
    "stock_status": "In Stock",
    "rating": "3.00 out of 5",
    "reviews_count": 1
  },
  {
    "url": "https://www.partselect.com/PS11753142-Whirlpool-WPW10337934-Spring.htm?SourceCode=18",
    "image_url": "https://partselectcom-gtcdcddbene3cpes.z01.azurefd.net/11753142-1-N-Whirlpool-WPW10337934-Spring.jpg",
    "name": "Estate Dishwasher Spring",
    "partselect_number": "PS11753142",
    "manufacturer_number": "WPW10337934",
    "description": "★★★★★\n★★★★★\n9 Reviews\nThis door spring is a genuine OEM replacement part for your dishwasher. The spring ensures that your dishwasher door does not fall open too quickly. If this occurs, one or both springs should be replaced. This part consists of one spring. To replace the spring, you will need to pull the dishwasher about six inches to a foot out from the cabinet. Replacing the spring has been rated as an easy repair by our customers.",
    "price": "$23.47",
    "stock_status": "In Stock",
    "rating": "4.56 out of 5",
    "reviews_count": 9
  },
  {
    "url": "https://www.partselect.com/PS2360984-Whirlpool-W10258275-Dishwasher-Bimetal-Fuse.htm?SourceCode=18",
    "image_url": "https://partselectcom-gtcdcddbene3cpes.z01.azurefd.net/2360984-1-N-Whirlpool-W10258275-Dishwasher-Bimetal-Fuse.jpg",
    "name": "Estate Dishwasher Bimetal Fuse",
    "partselect_number": "PS2360984",
    "manufacturer_number": "W10258275",
    "description": "★★★★★\n★★★★★\n41 Reviews\nThis part is used as a safety device to protect the dishwasher circuit from overload. If the temperature gets to high it will shut off the electrical current to the heating unit in the appliance. Also known as Thermal Fuse.",
    "price": "$30.02",
    "stock_status": "In Stock",
    "rating": "4.78 out of 5",
    "reviews_count": 41
  },
  {
    "url": "https://www.partselect.com/PS8760080-Whirlpool-W10648041-Water-Inlet-Valve.htm?SourceCode=18",
    "image_url": "https://partselectcom-gtcdcddbene3cpes.z01.azurefd.net/8760080-1-N-Whirlpool-W10648041-Water-Inlet-Valve.jpg",
    "name": "Estate Dishwasher Water Inlet Valve",
    "partselect_number": "PS8760080",
    "manufacturer_number": "W10648041",
    "description": "★★★★★\n★★★★★\n17 Reviews\nThis water inlet valve should be located behind the lower kickplate panel in either the right or left corner. The attaching solenoids on the valve open and close according to the desired amount of water needed.",
    "price": "$48.91",
    "stock_status": "In Stock",
    "rating": "4.65 out of 5",
    "reviews_count": 17
  },
  {
    "url": "https://www.partselect.com/PS11745444-Whirlpool-WP8268433-Dishwasher-Spray-Arm-Seal.htm?SourceCode=18",
    "image_url": "https://partselectcom-gtcdcddbene3cpes.z01.azurefd.net/11745444-1-N-Whirlpool-WP8268433-Dishwasher-Spray-Arm-Seal.jpg",
    "name": "Estate Dishwasher Spray Arm Seal",
    "partselect_number": "PS11745444",
    "manufacturer_number": "WP8268433",
    "description": "★★★★★\n★★★★★\n6 Reviews\nThis seal is located between the spray arm and the water feed tube.",
    "price": "$11.59",
    "stock_status": "In Stock",
    "rating": "4.17 out of 5",
    "reviews_count": 6
  },
  {
    "url": "https://www.partselect.com/PS11743008-Whirlpool-WP596669-Washer-Hose-Clamp.htm?SourceCode=18",
    "image_url": "https://partselectcom-gtcdcddbene3cpes.z01.azurefd.net/11743008-1-N-Whirlpool-WP596669-Washer-Hose-Clamp.jpg",
    "name": "Estate Dishwasher Washer Hose Clamp",
    "partselect_number": "PS11743008",
    "manufacturer_number": "WP596669",
    "description": "★★★★★\n★★★★★\n1 Review\nThis hose clamp is used in a wide variety of household appliances. Most often it is found in washers, dishwashers, refrigerators, freezers, dehumidifiers, garbage disposals, or air conditioners. This clamp is used to securely attach a hose to another part of your appliance, which helps prevent leaks from those connections. Depending on the appliance, it can attach hoses to drain pumps, water inlet valves, pressure switches, and injector nozzles. We recommend you refer to model-specific diagrams for appropriate uses and exact placement. This hose clamp is made of metal, and is sold individually. To access and replace this part you will need a nut driver, pliers, and screwdrivers. Before you begin any repair work, make sure you have unplugged your appliance, and shut off the water supply if applicable.",
    "price": "$7.71",
    "stock_status": "In Stock",
    "rating": "5.00 out of 5",
    "reviews_count": 1
  },
  {
    "url": "https://www.partselect.com/PS11741622-Whirlpool-WP3400918-Dishwasher-Push-In-Retainer-Clip.htm?SourceCode=18",
    "image_url": "https://partselectcom-gtcdcddbene3cpes.z01.azurefd.net/11741622-1-N-Whirlpool-WP3400918-Dishwasher-Push-In-Retainer-Clip.jpg",
    "name": "Estate Dishwasher Push-in Retainer Clip",
    "partselect_number": "PS11741622",
    "manufacturer_number": "WP3400918",
    "description": "★★★★★\n★★★★★\n8 Reviews\nSold individually.",
    "price": "$26.83",
    "stock_status": "In Stock",
    "rating": "4.25 out of 5",
    "reviews_count": 8
  },
  {
    "url": "https://www.partselect.com/PS11730996-Whirlpool-W10844024-Dishwasher-Water-Inlet-Valve.htm?SourceCode=18",
    "image_url": "https://partselectcom-gtcdcddbene3cpes.z01.azurefd.net/11730996-1-N-Whirlpool-W10844024-Dishwasher-Water-Inlet-Valve.jpg",
    "name": "Estate Dishwasher Water Inlet Valve",
    "partselect_number": "PS11730996",
    "manufacturer_number": "W10844024",
    "description": "★★★★★\n★★★★★\n18 Reviews\nThis water inlet valve should be located behind the lower kickplate panel in either the right or left corner. The attaching solenoids on the valve open and close according to the desired amount of water needed. NOTE: As per the manufacture this part has been updated from the original part. It may be a different color, and you may need to order an elbow (# W10685193) for the new designed valve to work.",
    "price": "$47.48",
    "stock_status": "In Stock",
    "rating": "4.28 out of 5",
    "reviews_count": 18
  },
  {
    "url": "https://www.partselect.com/PS1487167-Whirlpool-8212560-Side-Mounting-Bracket-Kit.htm?SourceCode=18",
    "image_url": "https://partselectcom-gtcdcddbene3cpes.z01.azurefd.net/1487167-1-N-Whirlpool-8212560-Side-Mounting-Bracket-Kit.jpg",
    "name": "Estate Dishwasher Side Mounting Bracket Kit",
    "partselect_number": "PS1487167",
    "manufacturer_number": "8212560",
    "description": "★★★★★\n★★★★★\n7 Reviews\nThis mounting kit can be used on solid surface countertops.",
    "price": "$24.91",
    "stock_status": "In Stock",
    "rating": "4.86 out of 5",
    "reviews_count": 7
  },
  {
    "url": "https://www.partselect.com/PS11745449-Whirlpool-WP8268645-Dishwasher-Wheel-Assembly.htm?SourceCode=18",
    "image_url": "https://partselectcom-gtcdcddbene3cpes.z01.azurefd.net/11745449-1-N-Whirlpool-WP8268645-Dishwasher-Wheel-Assembly.jpg",
    "name": "Estate Dishwasher Wheel Assembly",
    "partselect_number": "PS11745449",
    "manufacturer_number": "WP8268645",
    "description": "★★★★★\n★★★★★\n14 Reviews\nSold Individually - 4 required on rack.",
    "price": "$43.15",
    "stock_status": "In Stock",
    "rating": "4.64 out of 5",
    "reviews_count": 14
  },
  {
    "url": "https://www.partselect.com/PS11745501-Whirlpool-WP8269209-Dishwasher-Door-Switch.htm?SourceCode=18",
    "image_url": "https://partselectcom-gtcdcddbene3cpes.z01.azurefd.net/11745501-1-N-Whirlpool-WP8269209-Dishwasher-Door-Switch.jpg",
    "name": "Estate Dishwasher Door Switch",
    "partselect_number": "PS11745501",
    "manufacturer_number": "WP8269209",
    "description": "★★★★★\n★★★★★\n5 Reviews\nThis dishwasher door switch will shut your dishwasher off when the door is opened.",
    "price": "$27.39",
    "stock_status": "In Stock",
    "rating": "4.60 out of 5",
    "reviews_count": 5
  },
  {
    "url": "https://www.partselect.com/PS358548-Whirlpool-4317824-Dishwasher-Power-Cord-Kit.htm?SourceCode=18",
    "image_url": "https://partselectcom-gtcdcddbene3cpes.z01.azurefd.net/358548-1-N-Whirlpool-4317824-Dishwasher-Power-Cord-Kit.jpg",
    "name": "Estate Dishwasher Power Cord Kit",
    "partselect_number": "PS358548",
    "manufacturer_number": "4317824",
    "description": "★★★★★\n★★★★★\n1 Review\nIncludes power cord and all necessary parts needed for complete installation of cord.",
    "price": "$19.75",
    "stock_status": "In Stock",
    "rating": "5.00 out of 5",
    "reviews_count": 1
  },
  {
    "url": "https://www.partselect.com/PS11741264-Whirlpool-WP3368999-Dishwasher-Door-Spring.htm?SourceCode=18",
    "image_url": "https://partselectcom-gtcdcddbene3cpes.z01.azurefd.net/11741264-1-N-Whirlpool-WP3368999-Dishwasher-Door-Spring.jpg",
    "name": "Estate Dishwasher Door Spring",
    "partselect_number": "PS11741264",
    "manufacturer_number": "WP3368999",
    "description": "★★★★★\n★★★★★\n6 Reviews\nThese detergent cup dispenser springs are sold individually.",
    "price": "$7.95",
    "stock_status": "In Stock",
    "rating": "4.83 out of 5",
    "reviews_count": 6
  },
  {
    "url": "https://www.partselect.com/PS11740642-Whirlpool-WP302711-Dishwasher-Pump-Outlet-Seal.htm?SourceCode=18",
    "image_url": "https://partselectcom-gtcdcddbene3cpes.z01.azurefd.net/11740642-1-N-Whirlpool-WP302711-Dishwasher-Pump-Outlet-Seal.jpg",
    "name": "Estate Dishwasher Pump Outlet Seal",
    "partselect_number": "PS11740642",
    "manufacturer_number": "WP302711",
    "description": "★★★★★\n★★★★★\n2 Reviews\nThis part is the replacement pump outlet seal or seal ring for your dishwasher. It is made of black rubber and is sold individually. The seal ring creates a seal between the upper compartment of the pump to the pump body. If the seal ring fails, you won’t have good water pressure, and therefore your dishes won’t come clean properly. Improperly cleaned dishes are a good indicator of a bad seal ring. Be sure to disconnect your dishwasher to the water and power sources before you begin this repair. This is an OEM part sourced directly from the manufacturer.",
    "price": "$24.95",
    "stock_status": "In Stock",
    "rating": "5.00 out of 5",
    "reviews_count": 2
  },
  {
    "url": "https://www.partselect.com/PS11751313-Whirlpool-WPW10258149-Dishwasher-Manifold.htm?SourceCode=18",
    "image_url": "https://partselectcom-gtcdcddbene3cpes.z01.azurefd.net/11751313-1-N-Whirlpool-WPW10258149-Dishwasher-Manifold.jpg",
    "name": "Estate Dishwasher Manifold",
    "partselect_number": "PS11751313",
    "manufacturer_number": "WPW10258149",
    "description": "★★★★★\n★★★★★\n11 Reviews\nThis part connects the spray arm to the main water tube. Also known as a water supply tube. Note: This part has been updated from the original.",
    "price": "$49.93",
    "stock_status": "In Stock",
    "rating": "4.73 out of 5",
    "reviews_count": 11
  },
  {
    "url": "https://www.partselect.com/PS11745437-Whirlpool-WP8268342-Dishwasher-Lower-Spray-Arm-Support-Hub.htm?SourceCode=18",
    "image_url": "https://partselectcom-gtcdcddbene3cpes.z01.azurefd.net/11745437-1-N-Whirlpool-WP8268342-Dishwasher-Lower-Spray-Arm-Support-Hub.jpg",
    "name": "Estate Dishwasher Lower Spray Arm Support/hub",
    "partselect_number": "PS11745437",
    "manufacturer_number": "WP8268342",
    "description": "★★★★★\n★★★★★\n3 Reviews\nThis part is used with the lower spray arm.",
    "price": "$46.99",
    "stock_status": "In Stock",
    "rating": "5.00 out of 5",
    "reviews_count": 3
  },
  {
    "url": "https://www.partselect.com/PS11745477-Whirlpool-WP8268866-Dishwasher-Silverware-Basket.htm?SourceCode=18",
    "image_url": "https://partselectcom-gtcdcddbene3cpes.z01.azurefd.net/11745477-1-N-Whirlpool-WP8268866-Dishwasher-Silverware-Basket.jpg",
    "name": "Estate Dishwasher Silverware Basket",
    "partselect_number": "PS11745477",
    "manufacturer_number": "WP8268866",
    "description": "★★★★★\n★★★★★\n4 Reviews\nThis is a basket for washing flatware or silverware in your dishwasher.",
    "price": "$54.27",
    "stock_status": "In Stock",
    "rating": "5.00 out of 5",
    "reviews_count": 4
  },
  {
    "url": "https://www.partselect.com/PS11753469-Whirlpool-WPW10350382-Dishwasher-Upper-Dishrack.htm?SourceCode=18",
    "image_url": "https://partselectcom-gtcdcddbene3cpes.z01.azurefd.net/11753469-1-N-Whirlpool-WPW10350382-Dishwasher-Upper-Dishrack.jpg",
    "name": "Estate Dishwasher Upper Dishrack",
    "partselect_number": "PS11753469",
    "manufacturer_number": "WPW10350382",
    "description": "★★★★★\n★★★★★\n4 Reviews\nWheels NOT included.",
    "price": "$177.64",
    "stock_status": "In Stock",
    "rating": "4.75 out of 5",
    "reviews_count": 4
  },
  {
    "url": "https://www.partselect.com/PS886319-Whirlpool-8193882-Door-Latch-Bracket-Kit-NO-Handle.htm?SourceCode=18",
    "image_url": "https://partselectcom-gtcdcddbene3cpes.z01.azurefd.net/886319-1-N-Whirlpool-8193882-Door-Latch-Bracket-Kit-NO-Handle.jpg",
    "name": "Estate Dishwasher Door Latch Bracket Kit - No Handle",
    "partselect_number": "PS886319",
    "manufacturer_number": "8193882",
    "description": "★★★★★\n★★★★★\n9 Reviews\nHandle is not included with this part.",
    "price": "$48.45",
    "stock_status": "In Stock",
    "rating": "4.33 out of 5",
    "reviews_count": 9
  },
  {
    "url": "https://www.partselect.com/PS16542935-Whirlpool-4386996A-IMPELLER.htm?SourceCode=18",
    "image_url": "https://partselectcom-gtcdcddbene3cpes.z01.azurefd.net/16542935-1-N-Whirlpool-4386996A-IMPELLER.jpg",
    "name": "Estate Dishwasher Impeller",
    "partselect_number": "PS16542935",
    "manufacturer_number": "4386996A",
    "description": "★★★★★\n★★★★★\n5 Reviews\nThis kit contains Impeller and Bearing Assembly.",
    "price": "$78.35",
    "stock_status": "In Stock",
    "rating": "4.20 out of 5",
    "reviews_count": 5
  },
  {
    "url": "https://www.partselect.com/PS382661-Whirlpool-675238-Drain-Check-Valve-with-O-Ring.htm?SourceCode=18",
    "image_url": "https://partselectcom-gtcdcddbene3cpes.z01.azurefd.net/382661-1-N-Whirlpool-675238-Drain-Check-Valve-with-O-Ring.jpg",
    "name": "Estate Dishwasher Drain Check Valve With O-ring",
    "partselect_number": "PS382661",
    "manufacturer_number": "675238",
    "description": "★★★★★\n★★★★★\n4 Reviews\nThis water inlet valve should be located behind the lower kickplate panel in either the right or left corner. The attaching solenoids on the valve open and close according to the desired amount of water needed.",
    "price": "$42.52",
    "stock_status": "In Stock",
    "rating": "5.00 out of 5",
    "reviews_count": 4
  },
  {
    "url": "https://www.partselect.com/PS11751646-Whirlpool-WPW10274884-Door-Latch.htm?SourceCode=18",
    "image_url": "https://partselectcom-gtcdcddbene3cpes.z01.azurefd.net/11751646-1-N-Whirlpool-WPW10274884-Door-Latch.jpg",
    "name": "Estate Dishwasher Door Latch",
    "partselect_number": "PS11751646",
    "manufacturer_number": "WPW10274884",
    "description": "★★★★★\n★★★★★\n3 Reviews\nThis is replacement door latch for your dishwasher. It is made of black plastic and is approximately 5 inches by 5 inches. The door latch is attached to the tub frame, and connects to the door strike to keep your dishwasher door closed during operation. If you have a broken or faulty door latch, your dishwasher door may not stay closed, and this can prevent the dishwasher from running. This item is sold individually, and if your door strike is also damaged, you will need to replace that part separately. This is an OEM part sourced directly from the manufacturer.",
    "price": "$49.42",
    "stock_status": "In Stock",
    "rating": "4.67 out of 5",
    "reviews_count": 3
  },
  {
    "url": "https://www.partselect.com/PS11748195-Whirlpool-WPW10082894-Dishwasher-Heater.htm?SourceCode=18",
    "image_url": "https://partselectcom-gtcdcddbene3cpes.z01.azurefd.net/11748195-1-N-Whirlpool-WPW10082894-Dishwasher-Heater.jpg",
    "name": "Estate Dishwasher Heater",
    "partselect_number": "PS11748195",
    "manufacturer_number": "WPW10082894",
    "description": "★★★★★\n★★★★★\n2 Reviews\nThis dishwasher heating element is not designed to heat the water that enters it, but is designed to maintain the heat of the water that enters the dishwasher. It is located on the bottom of the dishwasher.",
    "price": "$59.35",
    "stock_status": "In Stock",
    "rating": "4.50 out of 5",
    "reviews_count": 2
  },
  {
    "url": "https://www.partselect.com/PS11751232-Whirlpool-WPW10254545-Gasket.htm?SourceCode=18",
    "image_url": "https://partselectcom-gtcdcddbene3cpes.z01.azurefd.net/11751232-1-N-Whirlpool-WPW10254545-Gasket.jpg",
    "name": "Estate Dishwasher Gasket",
    "partselect_number": "PS11751232",
    "manufacturer_number": "WPW10254545",
    "description": "Manufacturer Part Number WPW10254545",
    "price": "$11.95",
    "stock_status": "In Stock"
  },
  {
    "url": "https://www.partselect.com/PS11741351-Whirlpool-WP3379369-Dishwasher-Upper-Wash-Assembly.htm?SourceCode=18",
    "image_url": "https://partselectcom-gtcdcddbene3cpes.z01.azurefd.net/11741351-1-N-Whirlpool-WP3379369-Dishwasher-Upper-Wash-Assembly.jpg",
    "name": "Estate Dishwasher Upper Wash Assembly",
    "partselect_number": "PS11741351",
    "manufacturer_number": "WP3379369",
    "description": "★★★★★\n★★★★★\n9 Reviews\nNOTE: *Original may have two screw holes, only one screw is needed now.",
    "price": "$43.51",
    "stock_status": "In Stock",
    "rating": "4.22 out of 5",
    "reviews_count": 9
  },
  {
    "url": "https://www.partselect.com/PS11741275-Whirlpool-WP3369193-Dishwasher-Access-Panel.htm?SourceCode=18",
    "image_url": "https://partselectcom-gtcdcddbene3cpes.z01.azurefd.net/11741275-1-N-Whirlpool-WP3369193-Dishwasher-Access-Panel.jpg",
    "name": "Estate Dishwasher Access Panel",
    "partselect_number": "PS11741275",
    "manufacturer_number": "WP3369193",
    "description": "★★★★★\n★★★★★\n4 Reviews\nThis part is located on the bottom.",
    "price": "$70.76",
    "stock_status": "In Stock",
    "rating": "4.50 out of 5",
    "reviews_count": 4
  },
  {
    "url": "https://www.partselect.com/PS11745491-Whirlpool-WP8268990-Hinge-Bushing.htm?SourceCode=18",
    "image_url": "https://partselectcom-gtcdcddbene3cpes.z01.azurefd.net/11745491-1-N-Whirlpool-WP8268990-Hinge-Bushing.jpg",
    "name": "Estate Dishwasher Hinge Bushing",
    "partselect_number": "PS11745491",
    "manufacturer_number": "WP8268990",
    "description": "★★★★★\n★★★★★\n2 Reviews\nManufacturer Part Number WP8268990",
    "price": "$56.79",
    "stock_status": "In Stock",
    "rating": "5.00 out of 5",
    "reviews_count": 2
  },
  {
    "url": "https://www.partselect.com/PS11747044-Whirlpool-WP9740674-Dishwasher-Drain-Cover-Gasket.htm?SourceCode=18",
    "image_url": "https://partselectcom-gtcdcddbene3cpes.z01.azurefd.net/11747044-1-N-Whirlpool-WP9740674-Dishwasher-Drain-Cover-Gasket.jpg",
    "name": "Estate Dishwasher Drain Cover Gasket",
    "partselect_number": "PS11747044",
    "manufacturer_number": "WP9740674",
    "description": "★★★★★\n★★★★★\n1 Review",
    "price": "$9.95",
    "stock_status": "In Stock",
    "rating": "5.00 out of 5",
    "reviews_count": 1
  },
  {
    "url": "https://www.partselect.com/PS11746098-Whirlpool-WP8528831-Tub-Wheel-Assembly.htm?SourceCode=18",
    "image_url": "https://partselectcom-gtcdcddbene3cpes.z01.azurefd.net/11746098-1-N-Whirlpool-WP8528831-Tub-Wheel-Assembly.jpg",
    "name": "Estate Dishwasher Tub Wheel Assembly",
    "partselect_number": "PS11746098",
    "manufacturer_number": "WP8528831",
    "description": "★★★★★\n★★★★★\n1 Review\nSold Individually.",
    "price": "$16.95",
    "stock_status": "In Stock",
    "rating": "5.00 out of 5",
    "reviews_count": 1
  },
  {
    "url": "https://www.partselect.com/PS11746146-Whirlpool-WP8531857-Dishwasher-Protector.htm?SourceCode=18",
    "image_url": "https://partselectcom-gtcdcddbene3cpes.z01.azurefd.net/11746146-1-N-Whirlpool-WP8531857-Dishwasher-Protector.jpg",
    "name": "Estate Dishwasher Protector",
    "partselect_number": "PS11746146",
    "manufacturer_number": "WP8531857",
    "description": "★★★★★\n★★★★★\n2 Reviews\nThis part is used to cover the chopper blades.",
    "price": "$74.64",
    "stock_status": "In Stock",
    "rating": "5.00 out of 5",
    "reviews_count": 2
  },
  {
    "url": "https://www.partselect.com/PS11741274-Whirlpool-WP3369178-Ball-Check-Valve.htm?SourceCode=18",
    "image_url": "https://partselectcom-gtcdcddbene3cpes.z01.azurefd.net/11741274-1-N-Whirlpool-WP3369178-Ball-Check-Valve.jpg",
    "name": "Estate Dishwasher Ball Check Valve",
    "partselect_number": "PS11741274",
    "manufacturer_number": "WP3369178",
    "description": "Manufacturer Part Number WP3369178",
    "price": "$11.95",
    "stock_status": "Special Order"
  },
  {
    "url": "https://www.partselect.com/PS11741289-Whirlpool-WP3369769-Dishwasher-Door-Panel-Insert.htm?SourceCode=18",
    "image_url": "https://partselectcom-gtcdcddbene3cpes.z01.azurefd.net/11741289-1-N-Whirlpool-WP3369769-Dishwasher-Door-Panel-Insert.jpg",
    "name": "Estate Dishwasher Door Panel Insert",
    "partselect_number": "PS11741289",
    "manufacturer_number": "WP3369769",
    "description": "★★★★★\n★★★★★\n6 Reviews\nThis panel is reversible, black on one side, white on the other side.",
    "price": "$34.25",
    "stock_status": "On Order",
    "rating": "5.00 out of 5",
    "reviews_count": 6
  },
  {
    "url": "https://www.partselect.com/PS11741273-Whirlpool-WP3369177-Dishwasher-Separator-Seal.htm?SourceCode=18",
    "image_url": "https://partselectcom-gtcdcddbene3cpes.z01.azurefd.net/11741273-1-N-Whirlpool-WP3369177-Dishwasher-Separator-Seal.jpg",
    "name": "Estate Dishwasher Separator Seal",
    "partselect_number": "PS11741273",
    "manufacturer_number": "WP3369177",
    "price": "$11.95",
    "stock_status": "In Stock"
  },
  {
    "url": "https://www.partselect.com/PS11745469-Whirlpool-WP8268825-Tower-Protector.htm?SourceCode=18",
    "image_url": "https://partselectcom-gtcdcddbene3cpes.z01.azurefd.net/11745469-1-N-Whirlpool-WP8268825-Tower-Protector.jpg",
    "name": "Estate Dishwasher Tower Protector",
    "partselect_number": "PS11745469",
    "manufacturer_number": "WP8268825",
    "description": "★★★★★\n★★★★★\n1 Review\nManufacturer Part Number WP8268825",
    "price": "$51.43",
    "stock_status": "Special Order",
    "rating": "5.00 out of 5",
    "reviews_count": 1
  },
  {
    "url": "https://www.partselect.com/PS11741336-Whirlpool-WP3376961-Dishwasher-Lower-Dishrack-Wheel.htm?SourceCode=18",
    "image_url": "https://partselectcom-gtcdcddbene3cpes.z01.azurefd.net/11741336-1-N-Whirlpool-WP3376961-Dishwasher-Lower-Dishrack-Wheel.jpg",
    "name": "Estate Dishwasher Lower Dishrack Wheel",
    "partselect_number": "PS11741336",
    "manufacturer_number": "WP3376961",
    "description": "Sold Individually.",
    "price": "$45.03",
    "stock_status": "In Stock"
  },
  {
    "url": "https://www.partselect.com/PS11746224-Whirlpool-WP8539066-Dishwasher-Basket-Silverware.htm?SourceCode=18",
    "image_url": "https://partselectcom-gtcdcddbene3cpes.z01.azurefd.net/11746224-1-N-Whirlpool-WP8539066-Dishwasher-Basket-Silverware.jpg",
    "name": "Estate Dishwasher Basket Silverware",
    "partselect_number": "PS11746224",
    "manufacturer_number": "WP8539066",
    "description": "★★★★★\n★★★★★\n1 Review\nThis is a basket for washing flatware or silverware in your dishwasher.",
    "price": "$48.95",
    "stock_status": "Special Order",
    "rating": "5.00 out of 5",
    "reviews_count": 1
  },
  {
    "url": "https://www.partselect.com/PS11743937-Whirlpool-WP719929-Dishwasher-Ball-Check.htm?SourceCode=18",
    "image_url": "https://partselectcom-gtcdcddbene3cpes.z01.azurefd.net/11743937-1-N-Whirlpool-WP719929-Dishwasher-Ball-Check.jpg",
    "name": "Estate Dishwasher Ball Check",
    "partselect_number": "PS11743937",
    "manufacturer_number": "WP719929",
    "price": "$10.95",
    "stock_status": "Special Order"
  },
  {
    "url": "https://www.partselect.com/PS11745494-Whirlpool-WP8269024-Dishwasher-Middle-Spray-Arm.htm?SourceCode=18",
    "image_url": "https://partselectcom-gtcdcddbene3cpes.z01.azurefd.net/11745494-1-N-Whirlpool-WP8269024-Dishwasher-Middle-Spray-Arm.jpg",
    "name": "Estate Dishwasher Middle Spray Arm",
    "partselect_number": "PS11745494",
    "manufacturer_number": "WP8269024",
    "description": "Water is forced through this spray arm by the unit's pump and motor assembly. The force of the water propels the spray arms, spraying water and detergent onto the dishes on the dishrack.",
    "price": "$45.49",
    "stock_status": "In Stock"
  },
  {
    "url": "https://www.partselect.com/PS382766-Whirlpool-675679-Dishwasher-Tine-Tips.htm?SourceCode=18",
    "image_url": "https://partselectcom-gtcdcddbene3cpes.z01.azurefd.net/382766-1-N-Whirlpool-675679-Dishwasher-Tine-Tips.jpg",
    "name": "Estate Dishwasher Tine Tips",
    "partselect_number": "PS382766",
    "manufacturer_number": "675679",
    "description": "★★★★★\n★★★★★\n1 Review\nHave to be installed with adhesive which is sold separately.",
    "price": "$26.95",
    "stock_status": "Special Order",
    "rating": "5.00 out of 5",
    "reviews_count": 1
  },
  {
    "url": "https://www.partselect.com/PS2362272-Whirlpool-4396838RC-Dishrack-Repair-Kit.htm?SourceCode=18",
    "image_url": "https://partselectcom-gtcdcddbene3cpes.z01.azurefd.net/2362272-1-N-Whirlpool-4396838RC-Dishrack-Repair-Kit.jpg",
    "name": "Estate Dishwasher Dishrack Repair Kit",
    "partselect_number": "PS2362272",
    "manufacturer_number": "4396838RC",
    "description": "★★★★★\n★★★★★\n1 Review\nThis kit includes vinyl touch-up paint, tip tines, and instructions.",
    "price": "$52.42",
    "stock_status": "In Stock",
    "rating": "5.00 out of 5",
    "reviews_count": 1
  },
  {
    "url": "https://www.partselect.com/PS11741322-Whirlpool-WP3374077-Dishwasher-Drain-Hose-w-Connector-Ends.htm?SourceCode=18",
    "image_url": "https://partselectcom-gtcdcddbene3cpes.z01.azurefd.net/11741322-1-N-Whirlpool-WP3374077-Dishwasher-Drain-Hose-w-Connector-Ends.jpg",
    "name": "Estate Dishwasher Drain Hose W/connector Ends",
    "partselect_number": "PS11741322",
    "manufacturer_number": "WP3374077",
    "description": "★★★★★\n★★★★★\n6 Reviews\nThis hose is used to drain the water into your sink.",
    "price": "$59.95",
    "stock_status": "In Stock",
    "rating": "3.33 out of 5",
    "reviews_count": 6
  },
  {
    "url": "https://www.partselect.com/PS11744821-Whirlpool-WP8052027-Wet-Agent-Dispenser.htm?SourceCode=18",
    "image_url": "https://partselectcom-gtcdcddbene3cpes.z01.azurefd.net/11744821-1-N-Whirlpool-WP8052027-Wet-Agent-Dispenser.jpg",
    "name": "Estate Dishwasher Wet Agent Dispenser",
    "partselect_number": "PS11744821",
    "manufacturer_number": "WP8052027",
    "description": "Manufacturer Part Number WP8052027",
    "price": "$56.38",
    "stock_status": "In Stock"
  },
  {
    "url": "https://www.partselect.com/PS11745493-Whirlpool-WP8269016-Dishwasher-Clip.htm?SourceCode=18",
    "image_url": "https://partselectcom-gtcdcddbene3cpes.z01.azurefd.net/11745493-1-N-Whirlpool-WP8269016-Dishwasher-Clip.jpg",
    "name": "Estate Dishwasher Clip",
    "partselect_number": "PS11745493",
    "manufacturer_number": "WP8269016",
    "description": "Sold individually.",
    "price": "$10.95",
    "stock_status": "In Stock"
  },
  {
    "url": "https://www.partselect.com/PS557020-Whirlpool-8193716-Leveling-Leg.htm?SourceCode=18",
    "image_url": "https://partselectcom-gtcdcddbene3cpes.z01.azurefd.net/557020-1-N-Whirlpool-8193716-Leveling-Leg.jpg",
    "name": "Estate Dishwasher Leveling Leg",
    "partselect_number": "PS557020",
    "manufacturer_number": "8193716",
    "description": "Leveling leg Now includes two different sizes. Use the one for your model. If you need two legs you will need to purchase a QTY of two of this kit.",
    "price": "$41.95",
    "stock_status": "In Stock"
  },
  {
    "url": "https://www.partselect.com/PS11745434-Whirlpool-WP8268326-Dishwasher-Water-Supply-Tube.htm?SourceCode=18",
    "image_url": "https://partselectcom-gtcdcddbene3cpes.z01.azurefd.net/11745434-1-N-Whirlpool-WP8268326-Dishwasher-Water-Supply-Tube.jpg",
    "name": "Estate Dishwasher Water Supply Tube",
    "partselect_number": "PS11745434",
    "manufacturer_number": "WP8268326",
    "description": "★★★★★\n★★★★★\n1 Review",
    "price": "$53.95",
    "stock_status": "In Stock",
    "rating": "5.00 out of 5",
    "reviews_count": 1
  },
  {
    "url": "https://www.partselect.com/PS11743736-Whirlpool-WP676455-Vinyl-Touchup.htm?SourceCode=18",
    "image_url": "https://partselectcom-gtcdcddbene3cpes.z01.azurefd.net/11743736-1-N-Whirlpool-WP676455-Vinyl-Touchup.jpg",
    "name": "Estate Dishwasher Vinyl Touchup",
    "partselect_number": "PS11743736",
    "manufacturer_number": "WP676455",
    "description": "Manufacturer Part Number WP676455",
    "price": "$29.95",
    "stock_status": "In Stock"
  },
  {
    "url": "https://www.partselect.com/PS11741269-Whirlpool-WP3369031-Dishwasher-Drain-Cover-Seal.htm?SourceCode=18",
    "image_url": "https://partselectcom-gtcdcddbene3cpes.z01.azurefd.net/11741269-1-N-Whirlpool-WP3369031-Dishwasher-Drain-Cover-Seal.jpg",
    "name": "Estate Dishwasher Drain Cover Seal",
    "partselect_number": "PS11741269",
    "manufacturer_number": "WP3369031",
    "price": "$10.95",
    "stock_status": "In Stock"
  },
  {
    "url": "https://www.partselect.com/PS11743936-Whirlpool-WP719576-Dishwasher-Lower-Wash-Arm-Bearing.htm?SourceCode=18",
    "image_url": "https://partselectcom-gtcdcddbene3cpes.z01.azurefd.net/11743936-1-N-Whirlpool-WP719576-Dishwasher-Lower-Wash-Arm-Bearing.jpg",
    "name": "Estate Dishwasher Lower Wash Arm Bearing",
    "partselect_number": "PS11743936",
    "manufacturer_number": "WP719576",
    "price": "$10.95",
    "stock_status": "In Stock"
  },
  {
    "url": "https://www.partselect.com/PS11745524-Whirlpool-WP8270016-Dishwasher-Upper-Rack-Wheel-And-Mount-Assembly.htm?SourceCode=18",
    "image_url": "https://partselectcom-gtcdcddbene3cpes.z01.azurefd.net/11745524-1-N-Whirlpool-WP8270016-Dishwasher-Upper-Rack-Wheel-And-Mount-Assembly.jpg",
    "name": "Estate Dishwasher Upper Rack Wheel And Mount Assembly",
    "partselect_number": "PS11745524",
    "manufacturer_number": "WP8270016",
    "description": "This mount assembly attaches on either side of the inner cabinet wall for the upper rack. It glides over and under the the slide track.",
    "price": "$50.44",
    "stock_status": "In Stock"
  },
  {
    "url": "https://www.partselect.com/PS11769721-Whirlpool-W10909066-PANEL.htm?SourceCode=18",
    "image_url": "https://partselectcom-gtcdcddbene3cpes.z01.azurefd.net/11769721-1-N-Whirlpool-W10909066-PANEL.jpg",
    "name": "Estate Dishwasher Panel",
    "partselect_number": "PS11769721",
    "manufacturer_number": "W10909066",
    "description": "★★★★★\n★★★★★\n1 Review",
    "price": "$71.95",
    "stock_status": "Special Order",
    "rating": "5.00 out of 5",
    "reviews_count": 1
  },
  {
    "name": "Estate Parts",
    "url": "https://www.partselect.com/Estate-Parts.htm",
    "description": "Estate Parts"
  },
  {
    "name": "Estate Dryer Parts",
    "url": "https://www.partselect.com/Estate-Dryer-Parts.htm",
    "description": "Estate Dryer Parts"
  },
  {
    "name": "Estate Microwave Parts",
    "url": "https://www.partselect.com/Estate-Microwave-Parts.htm",
    "description": "Estate Microwave Parts"
  },
  {
    "name": "Estate Range Parts",
    "url": "https://www.partselect.com/Estate-Range-Parts.htm",
    "description": "Estate Range Parts"
  },
  {
    "name": "Estate Refrigerator Parts",
    "url": "https://www.partselect.com/Estate-Refrigerator-Parts.htm",
    "description": "Estate Refrigerator Parts"
  },
  {
    "name": "Estate Washer Parts",
    "url": "https://www.partselect.com/Estate-Washer-Parts.htm",
    "description": "Estate Washer Parts"
  }
]