[
  {
    "url": "https://www.partselect.com/PS12585623-Frigidaire-5304517203-Lower-Spray-Arm.htm?SourceCode=18",
    "image_url": "https://partselectcom-gtcdcddbene3cpes.z01.azurefd.net/12585623-1-N-Frigidaire-5304517203-Lower-Spray-Arm.jpg",
    "name": "Frigidaire Dishwasher Lower Spray Arm",
    "partselect_number": "PS12585623",
    "manufacturer_number": "5304517203",
    "description": "★★★★★\n★★★★★\n143 Reviews\nThe Lower Spray Arm is used in your dishwasher to spray water and clean your dishes. If broken there will be visible damage or your dishes may no longer be cleaned properly. If your spray arm is broken (due to general wear or high heat), it should be replaced. Your lower spray arm will be located at the bottom of your dishwasher tub. Check your user manual and model number to ensure this model is right for you. This version is plastic and metal and comes in gray/blue. We recommend you wear work gloves to keep your hands safe when installing and disconnect power to the appliance. You will also want to make sure that you turn off the water supply to your dishwasher. From here, you will want to open the dishwasher, pull out the lower rack and set it aside. Remove the lower wash arm. On each side of the bottom of the spray arm, there are small locking tabs that can be pushed aside using a flathead screwdriver. Once released, the spray arm can easily be pulled off the dishwasher. Put the new lower wash arm in place and push it down to lock it in. Ensure it is spinning freely and does not hit the heating element. Return the lower dish rack into place and then close the dishwasher door.",
    "price": "$\n39.86",
    "stock_status": "In Stock",
    "rating": "4.8/5",
    "reviews_count": 143,
    "reviews": [],
    "repair_stories": [],
    "symptoms_fixed": "Not cleaning dishes properly | Leaking | Noisy | Not draining",
    "works_with": "Dishwasher.",
    "also_replaces": [
      "154250801",
      "154250901",
      "154281101",
      "154414101",
      "154414102",
      "154568001",
      "154568002",
      "5304506526"
    ],
    "video_url": "https://www.youtube.com/watch?v=HiQvsf7qtW4"
  },
  {
    "url": "https://www.partselect.com/PS8260227-Frigidaire-154827601-Dishwasher-Tub-Gasket-Gray.htm?SourceCode=18",
    "image_url": "https://partselectcom-gtcdcddbene3cpes.z01.azurefd.net/8260227-1-N-Frigidaire-154827601-Dishwasher-Tub-Gasket-Gray.jpg",
    "name": "Frigidaire Dishwasher Tub Gasket (gray)",
    "partselect_number": "PS8260227",
    "manufacturer_number": "154827601",
    "description": "★★★★★\n★★★★★\n50 Reviews\nThis grey OEM dishwasher tub gasket is a 73\" grey rubber part that creates a seal around the dishwasher to prevent any water leakage during a cycle. If it's damaged or broken, you'll start seeing water leaking out. If broken, it should be replaced. Refer to your model number and user manual to ensure this part is right for you. When making this repair, open the dishwasher door and take out the lower dish tray for better access. Pull out the old gasket, and clean the channel with a rag. Push the new gasket into place into the notch on the door, which you should see upon close inspection, using a flat-head screwdriver for assistance if necessary. We do not recommend cutting any additional length off on the tub gasket if any is present during your repair.",
    "price": "$\n15.99",
    "stock_status": "In Stock",
    "rating": "4.8/5",
    "reviews_count": 50,
    "reviews": [],
    "repair_stories": [],
    "symptoms_fixed": "Leaking | Door won’t close | Not cleaning dishes properly | Door latch failure",
    "works_with": "Dishwasher.",
    "also_replaces": [
      "AP5690109",
      "2705419",
      "154827601",
      "154211801",
      "154219501",
      "154561001",
      "154561002",
      "154782401",
      "154845301"
    ],
    "video_url": "https://www.youtube.com/watch?v=lFojJCHQjRU"
  },
  {
    "url": "https://www.partselect.com/PS9495545-Frigidaire-809006501-Dishwasher-Bottom-Door-Gasket.htm?SourceCode=18",
    "image_url": "https://partselectcom-gtcdcddbene3cpes.z01.azurefd.net/9495545-1-N-Frigidaire-809006501-Dishwasher-Bottom-Door-Gasket.jpg",
    "name": "Frigidaire Dishwasher Bottom Door Gasket",
    "partselect_number": "PS9495545",
    "manufacturer_number": "809006501",
    "description": "★★★★★\n★★★★★\n206 Reviews\nThis dishwasher door gasket (Bottom Gasket, Gasket, Door Seal, Dishwasher Door Lower Seal) helps prevent water from leaking out of the bottom edge of your dishwasher door by creating a watertight seal. This part is attached to the bottom of your dishwasher inner door panel. It is frequently exposed to water and detergent during its lifetime. The water and chemicals can eventually wear down the gasket and compromise the integrity of the seal. If the gasket is malfunctioning, the integrity of the door seal will be effected. You will notice leaking through the bottom of your dishwasher door. If your dishwasher is leaking water from the bottom of the door, first inspect the seal for food particles near the bottom and sides, and remove the buildup, as it can stop the door from closing properly and keeping a tight seal; if not, you may need to replace the bottom door gasket. Check the door gasket for tears, cuts, or wear. This part is sold individually and measures 22.5 inches by 1.25 inches. It is constructed of plastic, and comes in yellow/grey. Includes one lower door gasket.",
    "price": "$\n36.81",
    "stock_status": "In Stock",
    "rating": "4.8/5",
    "reviews_count": 206,
    "reviews": [],
    "repair_stories": [],
    "symptoms_fixed": "Leaking | Not cleaning dishes properly | Door won’t close | Door latch failure",
    "works_with": "Dishwasher.",
    "also_replaces": [
      "AP5809675",
      "154297601",
      "154297602",
      "154297603",
      "154576501",
      "154588201",
      "154759101"
    ],
    "video_url": "https://www.youtube.com/watch?v=7NfdyJp1zKA"
  },
  {
    "url": "https://www.partselect.com/PS17219658-Frigidaire-5304535379-Lower-Rack-Assembly-Grey.htm?SourceCode=18",
    "image_url": "https://partselectcom-gtcdcddbene3cpes.z01.azurefd.net/17219658-1-N-Frigidaire-5304535379-Lower-Rack-Assembly-Grey.jpg",
    "name": "Frigidaire Dishwasher Lower Rack Assembly (grey)",
    "partselect_number": "PS17219658",
    "manufacturer_number": "5304535379",
    "description": "★★★★★\n★★★★★\n20 Reviews\nThis dishrack is for dishwashers. The dishrack holds the dishes in place during the dishwashing cycle.",
    "price": "$79.85",
    "stock_status": "In Stock",
    "rating": "4.75 out of 5",
    "reviews_count": 20
  },
  {
    "url": "https://www.partselect.com/PS16218716-Frigidaire-5304525218-Latch.htm?SourceCode=18",
    "image_url": "https://partselectcom-gtcdcddbene3cpes.z01.azurefd.net/16218716-1-N-Frigidaire-5304525218-Latch.jpg",
    "name": "Frigidaire Dishwasher Latch",
    "partselect_number": "PS16218716",
    "manufacturer_number": "5304525218",
    "description": "★★★★★\n★★★★★\n23 Reviews\nThis door latch with the switches is a simple on/off mechanism that prohibits the dishwasher from operating when the door is open.",
    "price": "$45.25",
    "stock_status": "In Stock",
    "rating": "4.78 out of 5",
    "reviews_count": 23
  },
  {
    "url": "https://www.partselect.com/PS16745479-Frigidaire-5304532229-Wheel-Bushing-Assembly.htm?SourceCode=18",
    "image_url": "https://partselectcom-gtcdcddbene3cpes.z01.azurefd.net/16745479-1-N-Frigidaire-5304532229-Wheel-Bushing-Assembly.jpg",
    "name": "Frigidaire Dishwasher Wheel & Bushing Assembly",
    "partselect_number": "PS16745479",
    "manufacturer_number": "5304532229",
    "description": "★★★★★\n★★★★★\n25 Reviews\nThe single rack roller kit comes with one axle/clip and one wheel/roller. The rack wheel is designed to allow the rack of your dishwasher to roll in and out. If the rack will not complete this task, or you notice that your dishwasher is not cleaning dishes properly, you may need to replace the rack wheel. The single rack roller kit is made of white plastic, and clips to the dishwasher rack with the included axle/clip. Many of our customers have described this repair as easy, and you will not require any tools to complete it. Lower rack roller and bracket assembly, grey. Wheel has been updated. If wheel pictured is not like old one, you may need to replace all wheels.",
    "price": "$10.62",
    "stock_status": "In Stock",
    "rating": "4.64 out of 5",
    "reviews_count": 25
  },
  {
    "url": "https://www.partselect.com/PS11770610-Frigidaire-5304507158-Lower-Spray-Arm.htm?SourceCode=18",
    "image_url": "https://partselectcom-gtcdcddbene3cpes.z01.azurefd.net/11770610-1-N-Frigidaire-5304507158-Lower-Spray-Arm.jpg",
    "name": "Frigidaire Dishwasher Lower Spray Arm",
    "partselect_number": "PS11770610",
    "manufacturer_number": "5304507158",
    "description": "★★★★★\n★★★★★\n57 Reviews\nThe spray arm rotates and sprays water to clean the dishes inside the dishwasher tub. This part works with the following brands: Frigidaire, White Westinghouse, Kelvinator, Gibson, Kenmore, Sears, Tappan, & Electrolux. Possible Repair Solution For: Not cleaning properly, unusual noises, leaking water.",
    "price": "$52.69",
    "stock_status": "In Stock",
    "rating": "4.75 out of 5",
    "reviews_count": 57
  },
  {
    "url": "https://www.partselect.com/PS11703834-Frigidaire-5304500204-Dishwasher-Door-Bottom-Seal.htm?SourceCode=18",
    "image_url": "https://partselectcom-gtcdcddbene3cpes.z01.azurefd.net/11703834-1-N-Frigidaire-5304500204-Dishwasher-Door-Bottom-Seal.jpg",
    "name": "Frigidaire Dishwasher Door Bottom Seal",
    "partselect_number": "PS11703834",
    "manufacturer_number": "5304500204",
    "description": "★★★★★\n★★★★★\n21 Reviews\nThis door seal is for dishwashers. Door seal seals the gap between the opening to the dishwasher tub and the outer edge of the door. After installing the door seal, shut the dishwasher door and leave the door closed for several hours to properly seat the new door seal.",
    "price": "$8.91",
    "stock_status": "In Stock",
    "rating": "4.86 out of 5",
    "reviews_count": 21
  },
  {
    "url": "https://www.partselect.com/PS17219659-Frigidaire-5304535380-Upper-Rack-Assembly-Grey.htm?SourceCode=18",
    "image_url": "https://partselectcom-gtcdcddbene3cpes.z01.azurefd.net/17219659-1-N-Frigidaire-5304535380-Upper-Rack-Assembly-Grey.jpg",
    "name": "Frigidaire Dishwasher Upper Rack Assembly (grey)",
    "partselect_number": "PS17219659",
    "manufacturer_number": "5304535380",
    "description": "★★★★★\n★★★★★\n13 Reviews\nReplace your damaged upper dishrack with this durable and genuine OEM replacement, compatible with select Frigidaire, Electrolux, White Westinghouse, and Tappan dishwashers. Its grey finish and sturdy construction ensure secure dish placement and optimal cleaning performance. Check your model number for compatibility before ordering.",
    "price": "$90.19",
    "stock_status": "In Stock",
    "rating": "4.54 out of 5",
    "reviews_count": 13
  },
  {
    "url": "https://www.partselect.com/PS12705424-Frigidaire-5304518927-Lower-Spray-Arm.htm?SourceCode=18",
    "image_url": "https://partselectcom-gtcdcddbene3cpes.z01.azurefd.net/12705424-1-N-Frigidaire-5304518927-Lower-Spray-Arm.jpg",
    "name": "Frigidaire Dishwasher Lower Spray Arm",
    "partselect_number": "PS12705424",
    "manufacturer_number": "5304518927",
    "description": "★★★★★\n★★★★★\n84 Reviews\nThis lower spray arm assembly is a device in your dishwasher that distributes water and detergent during the washing cycle. Its rotating motion sprays water in multiple directions, ensuring thorough cleaning. Typically, it is attached to a support or hub at the bottom of the dishwasher. When this part is broken, there are noticeable signs to be aware of. You might hear knocking or banging sounds coming from the dishwasher. The spray arm may be wobbly or unable to rotate. If a broken arm assembly is not replaced, your dishes may still have dirt on them even after a wash cycle. Additionally, leftover food residue can result in an unpleasant smell within the dishwasher. To remove the existing arm assembly, simply grasp the center of it and lift it up so that it unsnaps from your dishwasher. Please note that this OEM-sourced part is sold individually.",
    "price": "$42.63",
    "stock_status": "In Stock",
    "rating": "4.70 out of 5",
    "reviews_count": 84
  },
  {
    "url": "https://www.partselect.com/PS12712308-Frigidaire-5304519906-Motor-and-Pump-Assembly.htm?SourceCode=18",
    "image_url": "https://partselectcom-gtcdcddbene3cpes.z01.azurefd.net/12712308-1-N-Frigidaire-5304519906-Motor-and-Pump-Assembly.jpg",
    "name": "Frigidaire Dishwasher Motor And Pump Assembly",
    "partselect_number": "PS12712308",
    "manufacturer_number": "5304519906",
    "description": "★★★★★\n★★★★★\n2 Reviews\nThe motor and pump assembly is a critical component of select dishwashers, responsible for circulating water through the spray arms during the wash cycle. This ensures thorough cleaning of dishes by maintaining a steady flow of water at optimal pressure. This replacement part functions like the original, though minor design variations may exist. Before installing, disconnect the power supply at the circuit breaker to prevent electrical hazards. Wearing protective gloves is recommended to ensure a safe installation.",
    "price": "$78.09",
    "stock_status": "In Stock",
    "rating": "4.00 out of 5",
    "reviews_count": 2
  },
  {
    "url": "https://www.partselect.com/PS1524878-Frigidaire-154106202-Heating-Element-Brass-Nut.htm?SourceCode=18",
    "image_url": "https://partselectcom-gtcdcddbene3cpes.z01.azurefd.net/1524878-1-N-Frigidaire-154106202-Heating-Element-Brass-Nut.jpg",
    "name": "Frigidaire Dishwasher Heating Element Brass Nut",
    "partselect_number": "PS1524878",
    "manufacturer_number": "154106202",
    "description": "★★★★★\n★★★★★\n9 Reviews\nThe heating element nut is used to connect the heating element to the dishwasher tub. If water is leaking from underneath your dishwasher, you may need to tighten or replace the heating element nut. Replacing the nut is an easy job, does not require any specialty tools, and should not take you more than 10 minutes. For our step by step guide, click the video below. The brass nut measures 7 inches in length x 1 inch in width x 5 inches in height, and fits most dishwashers. To see if this part is compatible with your dishwasher, check the list of compatible brands below.",
    "price": "$12.56",
    "stock_status": "In Stock",
    "rating": "4.89 out of 5",
    "reviews_count": 9
  },
  {
    "url": "https://www.partselect.com/PS9865067-Frigidaire-807047901-Water-Inlet-Valve.htm?SourceCode=18",
    "image_url": "https://partselectcom-gtcdcddbene3cpes.z01.azurefd.net/9865067-1-N-Frigidaire-807047901-Water-Inlet-Valve.jpg",
    "name": "Frigidaire Dishwasher Water Inlet Valve",
    "partselect_number": "PS9865067",
    "manufacturer_number": "807047901",
    "description": "★★★★★\n★★★★★\n15 Reviews\nThis water inlet valve is for dishwashers. Water inlet valve supplies water to the dishwasher. Unplug the dishwasher and shut off the water supply before installing this part",
    "price": "$53.71",
    "stock_status": "In Stock",
    "rating": "4.87 out of 5",
    "reviews_count": 15
  },
  {
    "url": "https://www.partselect.com/PS2379463-Frigidaire-5304475618-Upper-Dishrack-w-Wheels.htm?SourceCode=18",
    "image_url": "https://partselectcom-gtcdcddbene3cpes.z01.azurefd.net/2379463-1-N-Frigidaire-5304475618-Upper-Dishrack-w-Wheels.jpg",
    "name": "Frigidaire Dishwasher Upper Dishrack W/wheels",
    "partselect_number": "PS2379463",
    "manufacturer_number": "5304475618",
    "description": "★★★★★\n★★★★★\n8 Reviews\nThis dish rack includes the wheels. It is used in the dishwasher.",
    "price": "$122.11",
    "stock_status": "In Stock",
    "rating": "3.88 out of 5",
    "reviews_count": 8
  },
  {
    "url": "https://www.partselect.com/PS979852-Frigidaire-5304442175-Door-Latch-and-Gasket.htm?SourceCode=18",
    "image_url": "https://partselectcom-gtcdcddbene3cpes.z01.azurefd.net/979852-1-N-Frigidaire-5304442175-Door-Latch-and-Gasket.jpg",
    "name": "Frigidaire Dishwasher Door Latch And Gasket",
    "partselect_number": "PS979852",
    "manufacturer_number": "5304442175",
    "description": "★★★★★\n★★★★★\n45 Reviews\nBlack in color. No longer available in almond. This door latch prohibits the dishwasher from operating when the door is open. The gasket is used around the door to keep the dishwasher from leaking.",
    "price": "$83.55",
    "stock_status": "In Stock",
    "rating": "4.80 out of 5",
    "reviews_count": 45
  },
  {
    "url": "https://www.partselect.com/PS12717891-Frigidaire-5304517890-ORBITAL-SPRAYER.htm?SourceCode=18",
    "image_url": "https://partselectcom-gtcdcddbene3cpes.z01.azurefd.net/12717891-1-N-Frigidaire-5304517890-ORBITAL-SPRAYER.jpg",
    "name": "Frigidaire Dishwasher Orbital Sprayer",
    "partselect_number": "PS12717891",
    "manufacturer_number": "5304517890",
    "description": "★★★★★\n★★★★★\n1 Review\nThis is the orbital sprayer of the wash arm assembly for various models of dishwasher. This circular part attaches to the lower spray arm and cleans the underside of the lower dish rack. If this orbital sprayer is missing, clogged, or damaged and unusable, it needs to be replaced immediately for your dishes to get properly cleaned. This sprayer measures 8-inches in diameter and is made of blue plastic. This sprayer simply pulls off to remove and pushes on to install. This sprayer is an OEM part from the manufacturer, and is sold by itself.",
    "price": "$45.07",
    "stock_status": "In Stock",
    "rating": "5.00 out of 5",
    "reviews_count": 1
  },
  {
    "url": "https://www.partselect.com/PS16218688-Frigidaire-5304525044-VALVE.htm?SourceCode=18",
    "image_url": "https://partselectcom-gtcdcddbene3cpes.z01.azurefd.net/16218688-1-N-Frigidaire-5304525044-VALVE.jpg",
    "name": "Frigidaire Dishwasher Valve",
    "partselect_number": "PS16218688",
    "manufacturer_number": "5304525044",
    "price": "$31.65",
    "stock_status": "In Stock"
  },
  {
    "url": "https://www.partselect.com/PS8689159-Frigidaire-154740304-Folddown-Tine-Row-Left-Side.htm?SourceCode=18",
    "image_url": "https://partselectcom-gtcdcddbene3cpes.z01.azurefd.net/8689159-1-N-Frigidaire-154740304-Folddown-Tine-Row-Left-Side.jpg",
    "name": "Frigidaire Dishwasher Folddown Tine Row (left Side)",
    "partselect_number": "PS8689159",
    "manufacturer_number": "154740304",
    "description": "★★★★★\n★★★★★\n4 Reviews",
    "price": "$36.43",
    "stock_status": "In Stock",
    "rating": "5.00 out of 5",
    "reviews_count": 4
  },
  {
    "url": "https://www.partselect.com/PS1524996-Frigidaire-154579101-Door-Spring.htm?SourceCode=18",
    "image_url": "https://partselectcom-gtcdcddbene3cpes.z01.azurefd.net/1524996-1-N-Frigidaire-154579101-Door-Spring.jpg",
    "name": "Frigidaire Dishwasher Door Spring",
    "partselect_number": "PS1524996",
    "manufacturer_number": "154579101",
    "description": "★★★★★\n★★★★★\n11 Reviews\nSold individually.",
    "price": "$47.48",
    "stock_status": "In Stock",
    "rating": "4.82 out of 5",
    "reviews_count": 11
  },
  {
    "url": "https://www.partselect.com/PS3497737-Frigidaire-154844301-Pump-Motor-Kit.htm?SourceCode=18",
    "image_url": "https://partselectcom-gtcdcddbene3cpes.z01.azurefd.net/3497737-1-N-Frigidaire-154844301-Pump-Motor-Kit.jpg",
    "name": "Frigidaire Dishwasher Pump Motor Kit",
    "partselect_number": "PS3497737",
    "manufacturer_number": "154844301",
    "description": "★★★★★\n★★★★★\n13 Reviews\nThis kit includes the motor and o-rings.",
    "price": "$184.95",
    "stock_status": "In Stock",
    "rating": "4.54 out of 5",
    "reviews_count": 13
  },
  {
    "url": "https://www.partselect.com/PS12365809-Frigidaire-5304514670-Electronic-Control-Board.htm?SourceCode=18",
    "image_url": "https://partselectcom-gtcdcddbene3cpes.z01.azurefd.net/12365809-1-N-Frigidaire-5304514670-Electronic-Control-Board.jpg",
    "name": "Frigidaire Dishwasher Electronic Control Board",
    "partselect_number": "PS12365809",
    "manufacturer_number": "5304514670",
    "description": "★★★★★\n★★★★★\n6 Reviews\nElectronic control board manages the functions of the dishwasher such as washing, draining and drying",
    "price": "$99.99",
    "stock_status": "In Stock",
    "rating": "5.00 out of 5",
    "reviews_count": 6
  },
  {
    "url": "https://www.partselect.com/PS1765174-Frigidaire-154580301-Drain-Pump.htm?SourceCode=18",
    "image_url": "https://partselectcom-gtcdcddbene3cpes.z01.azurefd.net/1765174-1-N-Frigidaire-154580301-Drain-Pump.jpg",
    "name": "Frigidaire Dishwasher Drain Pump",
    "partselect_number": "PS1765174",
    "manufacturer_number": "154580301",
    "description": "★★★★★\n★★★★★\n8 Reviews\nThe pump ejects the water from the unit.",
    "price": "$55.24",
    "stock_status": "In Stock",
    "rating": "4.00 out of 5",
    "reviews_count": 8
  },
  {
    "url": "https://www.partselect.com/PS10065024-Frigidaire-A01986801-Dishwasher-Upper-Rack-Assembly.htm?SourceCode=18",
    "image_url": "https://partselectcom-gtcdcddbene3cpes.z01.azurefd.net/10065024-1-N-Frigidaire-A01986801-Dishwasher-Upper-Rack-Assembly.jpg",
    "name": "Frigidaire Dishwasher Upper Rack Assembly",
    "partselect_number": "PS10065024",
    "manufacturer_number": "A01986801",
    "description": "★★★★★\n★★★★★\n8 Reviews\nUpper Rack Assembly - T3 PRO. This is the complete upper rack and the wash arm.",
    "price": "$110.87",
    "stock_status": "In Stock",
    "rating": "4.75 out of 5",
    "reviews_count": 8
  },
  {
    "url": "https://www.partselect.com/PS16745757-Frigidaire-5304532954-SUPPORT.htm?SourceCode=18",
    "image_url": "https://partselectcom-gtcdcddbene3cpes.z01.azurefd.net/16745757-1-N-Frigidaire-5304532954-SUPPORT.jpg",
    "name": "Frigidaire Dishwasher Support",
    "partselect_number": "PS16745757",
    "manufacturer_number": "5304532954",
    "description": "★★★★★\n★★★★★\n1 Review",
    "price": "$12.56",
    "stock_status": "In Stock",
    "rating": "5.00 out of 5",
    "reviews_count": 1
  },
  {
    "url": "https://www.partselect.com/PS16745834-Frigidaire-5304533200-Rack-w-Wheels.htm?SourceCode=18",
    "image_url": "https://partselectcom-gtcdcddbene3cpes.z01.azurefd.net/16745834-1-N-Frigidaire-5304533200-Rack-w-Wheels.jpg",
    "name": "Frigidaire Dishwasher Rack W/wheels",
    "partselect_number": "PS16745834",
    "manufacturer_number": "5304533200",
    "description": "★★★★★\n★★★★★\n3 Reviews",
    "price": "$94.00",
    "stock_status": "In Stock",
    "rating": "4.67 out of 5",
    "reviews_count": 3
  },
  {
    "url": "https://www.partselect.com/PS11770563-Frigidaire-5304506916-ROLLER-ASSEMBLY.htm?SourceCode=18",
    "image_url": "https://partselectcom-gtcdcddbene3cpes.z01.azurefd.net/11770563-1-N-Frigidaire-5304506916-ROLLER-ASSEMBLY.jpg",
    "name": "Frigidaire Dishwasher Roller Assembly",
    "partselect_number": "PS11770563",
    "manufacturer_number": "5304506916",
    "description": "★★★★★\n★★★★★\n2 Reviews\nThis is a roller assembly for your dishwasher. This part attaches to the inside of the tub, where it helps guide the track and support the top of the dishrack. Take note that this part is sold individually. This model is gray in color and has a diameter of 1.5 inches, and a height (with screw) of almost 2 inches. You will need to replace this part if you are having trouble moving your dishrack.",
    "price": "$24.20",
    "stock_status": "In Stock",
    "rating": "3.50 out of 5",
    "reviews_count": 2
  },
  {
    "url": "https://www.partselect.com/PS16745794-Frigidaire-5304533024-PUMP-ASSEMBLY.htm?SourceCode=18",
    "image_url": "https://partselectcom-gtcdcddbene3cpes.z01.azurefd.net/16745794-1-N-Frigidaire-5304533024-PUMP-ASSEMBLY.jpg",
    "name": "Frigidaire Dishwasher Pump Assembly",
    "partselect_number": "PS16745794",
    "manufacturer_number": "5304533024",
    "price": "$46.99",
    "stock_status": "In Stock"
  },
  {
    "url": "https://www.partselect.com/PS9865072-Frigidaire-807145201-Lower-Spray-Arm-Support.htm?SourceCode=18",
    "image_url": "https://partselectcom-gtcdcddbene3cpes.z01.azurefd.net/9865072-1-N-Frigidaire-807145201-Lower-Spray-Arm-Support.jpg",
    "name": "Frigidaire Dishwasher Lower Spray Arm Support",
    "partselect_number": "PS9865072",
    "manufacturer_number": "807145201",
    "description": "★★★★★\n★★★★★\n12 Reviews\nThis plastic cover and stem assembly helps hold the lower spray arm in place.",
    "price": "$24.20",
    "stock_status": "In Stock",
    "rating": "4.83 out of 5",
    "reviews_count": 12
  },
  {
    "url": "https://www.partselect.com/PS420766-Frigidaire-154325201-Spring-Linkage.htm?SourceCode=18",
    "image_url": "https://partselectcom-gtcdcddbene3cpes.z01.azurefd.net/420766-1-N-Frigidaire-154325201-Spring-Linkage.jpg",
    "name": "Frigidaire Dishwasher Spring Linkage",
    "partselect_number": "PS420766",
    "manufacturer_number": "154325201",
    "description": "★★★★★\n★★★★★\n2 Reviews\nThis linkage attaches to the door spring.",
    "price": "$44.57",
    "stock_status": "In Stock",
    "rating": "4.00 out of 5",
    "reviews_count": 2
  },
  {
    "url": "https://www.partselect.com/PS16218301-Frigidaire-5304509753-BASKET.htm?SourceCode=18",
    "image_url": "https://partselectcom-gtcdcddbene3cpes.z01.azurefd.net/16218301-1-N-Frigidaire-5304509753-BASKET.jpg",
    "name": "Frigidaire Dishwasher Basket",
    "partselect_number": "PS16218301",
    "manufacturer_number": "5304509753",
    "description": "★★★★★\n★★★★★\n3 Reviews\nThis is a basket for your dishwasher. It sits in the lower dishrack and holds small utensils during a washing cycle. This basket has six smaller sections where you can separate your cutlery into specific groups. This silverware holder is made entirely of plastic with a crisscross pattern allowing water and small food particles to pass through it during the cleaning process. This model is grey and roughly 14 inches long, about 6 inches high, and almost 4 inches thick.",
    "price": "$40.27",
    "stock_status": "In Stock",
    "rating": "5.00 out of 5",
    "reviews_count": 3
  },
  {
    "url": "https://www.partselect.com/PS1524979-Frigidaire-154574401-Detergent-And-Rinse-Dispenser-w-Cap.htm?SourceCode=18",
    "image_url": "https://partselectcom-gtcdcddbene3cpes.z01.azurefd.net/1524979-1-N-Frigidaire-154574401-Detergent-And-Rinse-Dispenser-w-Cap.jpg",
    "name": "Frigidaire Dishwasher Detergent And Rinse Dispenser W/cap",
    "partselect_number": "PS1524979",
    "manufacturer_number": "154574401",
    "description": "★★★★★\n★★★★★\n11 Reviews\nThis detergent and rinse dispenser with cap may also be known as the dishwasher dispenser assembly and is a part for your dishwasher. The function of this part is to attach to the inside door panel of your dishwasher and hold the dishwasher detergent and rinse in a closed compartment. The manufacturer has redesigned this part and although it may appear different than the original, it will have the same functionality, which is to release the detergent and rinse aid into the dishwasher. To complete this installation, you will need a Phillips screwdriver, and a pair of needle-nose pliers.",
    "price": "$42.99",
    "stock_status": "In Stock",
    "rating": "4.91 out of 5",
    "reviews_count": 11
  },
  {
    "url": "https://www.partselect.com/PS16661027-Frigidaire-A11147301-Main-Control-Board.htm?SourceCode=18",
    "image_url": "https://partselectcom-gtcdcddbene3cpes.z01.azurefd.net/16661027-1-N-Frigidaire-A11147301-Main-Control-Board.jpg",
    "name": "Frigidaire Dishwasher Main Control Board",
    "partselect_number": "PS16661027",
    "manufacturer_number": "A11147301",
    "price": "$114.90",
    "stock_status": "In Stock"
  },
  {
    "url": "https://www.partselect.com/PS1525080-Frigidaire-154597801-Upper-Dishrack-Slide.htm?SourceCode=18",
    "image_url": "https://partselectcom-gtcdcddbene3cpes.z01.azurefd.net/1525080-1-N-Frigidaire-154597801-Upper-Dishrack-Slide.jpg",
    "name": "Frigidaire Dishwasher Upper Dishrack Slide",
    "partselect_number": "PS1525080",
    "manufacturer_number": "154597801",
    "description": "★★★★★\n★★★★★\n1 Review\nThis is an upper dishrack slide for your dishwasher. It is mounted to each side of the upper cabinet wall. The dishrack wheels roll inside this track, which guides the upper rack. The mounting screws are not included in this purchase and can be found in the related parts section below. You should purchase a new dishrack slide if your current one has been warped or damaged over time.",
    "price": "$14.65",
    "stock_status": "In Stock",
    "rating": "1.00 out of 5",
    "reviews_count": 1
  },
  {
    "url": "https://www.partselect.com/PS3633191-Frigidaire-154745503-Kickplate-Grille-Black.htm?SourceCode=18",
    "image_url": "https://partselectcom-gtcdcddbene3cpes.z01.azurefd.net/3633191-1-N-Frigidaire-154745503-Kickplate-Grille-Black.jpg",
    "name": "Frigidaire Dishwasher Kickplate Grille (black)",
    "partselect_number": "PS3633191",
    "manufacturer_number": "154745503",
    "description": "★★★★★\n★★★★★\n3 Reviews\nThis kickplate grille is attached to the bottom of the dishwasher.",
    "price": "$23.47",
    "stock_status": "In Stock",
    "rating": "4.67 out of 5",
    "reviews_count": 3
  },
  {
    "url": "https://www.partselect.com/PS12724155-Frigidaire-808092538-Rack-Adjuster-Right-Side.htm?SourceCode=18",
    "image_url": "https://partselectcom-gtcdcddbene3cpes.z01.azurefd.net/12724155-1-N-Frigidaire-808092538-Rack-Adjuster-Right-Side.jpg",
    "name": "Frigidaire Dishwasher Rack Adjuster (right Side)",
    "partselect_number": "PS12724155",
    "manufacturer_number": "808092538",
    "description": "★★★★★\n★★★★★\n1 Review\nManufacturer Part Number 808092538",
    "price": "$47.97",
    "stock_status": "On Order",
    "rating": "5.00 out of 5",
    "reviews_count": 1
  },
  {
    "url": "https://www.partselect.com/PS12717764-Frigidaire-5028696700-WHEEL-KIT.htm?SourceCode=18",
    "image_url": "https://partselectcom-gtcdcddbene3cpes.z01.azurefd.net/12717764-1-N-Frigidaire-5028696700-WHEEL-KIT.jpg",
    "name": "Frigidaire Dishwasher Wheel Kit",
    "partselect_number": "PS12717764",
    "manufacturer_number": "5028696700",
    "description": "Manufacturer Part Number 5028696700",
    "price": "$33.27",
    "stock_status": "In Stock"
  },
  {
    "url": "https://www.partselect.com/PS3501031-Frigidaire-154859101-Dishwasher-Circulation-Motor-Pump-Kit-w-Harness.htm?SourceCode=18",
    "image_url": "https://partselectcom-gtcdcddbene3cpes.z01.azurefd.net/3501031-1-N-Frigidaire-154859101-Dishwasher-Circulation-Motor-Pump-Kit-w-Harness.jpg",
    "name": "Frigidaire Dishwasher Circulation Motor & Pump Kit W/harness",
    "partselect_number": "PS3501031",
    "manufacturer_number": "154859101",
    "description": "★★★★★\n★★★★★\n4 Reviews\nThis part has been redesigned by the manufacturer and may appear different, but will function the same. This kit helps propel the water through the spray arms.",
    "price": "$192.95",
    "stock_status": "In Stock",
    "rating": "4.75 out of 5",
    "reviews_count": 4
  },
  {
    "url": "https://www.partselect.com/PS11770486-Frigidaire-5304506520-FLOAT.htm?SourceCode=18",
    "image_url": "https://partselectcom-gtcdcddbene3cpes.z01.azurefd.net/11770486-1-N-Frigidaire-5304506520-FLOAT.jpg",
    "name": "Frigidaire Dishwasher Float",
    "partselect_number": "PS11770486",
    "manufacturer_number": "5304506520",
    "description": "As water is filling your dishwasher, a float rises along with it. When the float reaches a predetermined level, it shuts off the flow of water, thereby preventing a leak.",
    "price": "$20.53",
    "stock_status": "In Stock"
  },
  {
    "url": "https://www.partselect.com/PS1765528-Frigidaire-5304461023-Silverware-Basket-White.htm?SourceCode=18",
    "image_url": "https://partselectcom-gtcdcddbene3cpes.z01.azurefd.net/1765528-1-N-Frigidaire-5304461023-Silverware-Basket-White.jpg",
    "name": "Frigidaire Dishwasher Silverware Basket (white)",
    "partselect_number": "PS1765528",
    "manufacturer_number": "5304461023",
    "description": "★★★★★\n★★★★★\n5 Reviews\nThis silverware basket is a genuine OEM replacement part for your dishwasher. If your current dishwasher is making unusual noises, or the silverware is not getting clean, replacing this part can solve the problem. Installing this part requires no disassembly, simply unhook the current basket and fit this one into place.",
    "price": "$45.54",
    "stock_status": "In Stock",
    "rating": "4.20 out of 5",
    "reviews_count": 5
  },
  {
    "url": "https://www.partselect.com/PS16731713-Frigidaire-A00130341-DISPENSER.htm?SourceCode=18",
    "image_url": "https://partselectcom-gtcdcddbene3cpes.z01.azurefd.net/16731713-1-N-Frigidaire-A00130341-DISPENSER.jpg",
    "name": "Frigidaire Dishwasher Dispenser",
    "partselect_number": "PS16731713",
    "manufacturer_number": "A00130341",
    "description": "★★★★★\n★★★★★\n1 Review",
    "price": "$72.15",
    "stock_status": "In Stock",
    "rating": "5.00 out of 5",
    "reviews_count": 1
  },
  {
    "url": "https://www.partselect.com/PS17219578-Frigidaire-5304534972-RACK-ASSEMBLY-UPPER.htm?SourceCode=18",
    "image_url": "https://partselectcom-gtcdcddbene3cpes.z01.azurefd.net/17219578-1-N-Frigidaire-5304534972-RACK-ASSEMBLY-UPPER.jpg",
    "name": "Frigidaire Dishwasher Rack Assembly, Upper",
    "partselect_number": "PS17219578",
    "manufacturer_number": "5304534972",
    "description": "★★★★★\n★★★★★\n1 Review\nManufacturer Part Number 5304534972",
    "price": "$92.11",
    "stock_status": "In Stock",
    "rating": "5.00 out of 5",
    "reviews_count": 1
  },
  {
    "url": "https://www.partselect.com/PS9492299-Frigidaire-117158011-SEAL.htm?SourceCode=18",
    "image_url": "https://partselectcom-gtcdcddbene3cpes.z01.azurefd.net/9492299-1-N-Frigidaire-117158011-SEAL.jpg",
    "name": "Frigidaire Dishwasher Seal",
    "partselect_number": "PS9492299",
    "manufacturer_number": "117158011",
    "price": "$49.45",
    "stock_status": "On Order"
  },
  {
    "url": "https://www.partselect.com/PS16555914-Frigidaire-807445905-VALVE.htm?SourceCode=18",
    "image_url": "https://partselectcom-gtcdcddbene3cpes.z01.azurefd.net/16555914-1-N-Frigidaire-807445905-VALVE.jpg",
    "name": "Frigidaire Dishwasher Valve",
    "partselect_number": "PS16555914",
    "manufacturer_number": "807445905",
    "description": "★★★★★\n★★★★★\n2 Reviews",
    "price": "$70.51",
    "stock_status": "In Stock",
    "rating": "5.00 out of 5",
    "reviews_count": 2
  },
  {
    "url": "https://www.partselect.com/PS16620604-Frigidaire-5304529215-BOARD.htm?SourceCode=18",
    "image_url": "https://partselectcom-gtcdcddbene3cpes.z01.azurefd.net/16620604-1-N-Frigidaire-5304529215-BOARD.jpg",
    "name": "Frigidaire Dishwasher Board",
    "partselect_number": "PS16620604",
    "manufacturer_number": "5304529215",
    "description": "★★★★★\n★★★★★\n1 Review\nManufacturer Part Number 5304529215",
    "price": "$105.68",
    "stock_status": "In Stock",
    "rating": "5.00 out of 5",
    "reviews_count": 1
  },
  {
    "url": "https://www.partselect.com/PS2379470-Frigidaire-5304475625-Lower-Dishrack-Wheel.htm?SourceCode=18",
    "image_url": "https://partselectcom-gtcdcddbene3cpes.z01.azurefd.net/2379470-1-N-Frigidaire-5304475625-Lower-Dishrack-Wheel.jpg",
    "name": "Frigidaire Dishwasher Lower Dishrack Wheel",
    "partselect_number": "PS2379470",
    "manufacturer_number": "5304475625",
    "description": "★★★★★\n★★★★★\n5 Reviews\nThis part is a replacement wheel assembly for your lower dishrack. The wheels on the dishrack allow it to roll in and out of the dishwasher efficiently. If one of your wheels is broken or warped, you will need to replace it. Be sure to inspect the dishrack tines that connect to the wheels when making this repair. Occasionally they can become damaged or rusted out, and in this case, you may have to buy a new dishrack. Most lower racks contain 8 individual wheels, but they are sold individually. The wheel is approximately 1.5 inches in diameter and is made of gray plastic.",
    "price": "$24.20",
    "stock_status": "In Stock",
    "rating": "4.40 out of 5",
    "reviews_count": 5
  },
  {
    "url": "https://www.partselect.com/PS3498171-Frigidaire-5304483506-Silverware-Basket.htm?SourceCode=18",
    "image_url": "https://partselectcom-gtcdcddbene3cpes.z01.azurefd.net/3498171-1-N-Frigidaire-5304483506-Silverware-Basket.jpg",
    "name": "Frigidaire Dishwasher Silverware Basket",
    "partselect_number": "PS3498171",
    "manufacturer_number": "5304483506",
    "description": "★★★★★\n★★★★★\n1 Review\nManufacturer Part Number 5304483506",
    "price": "$47.47",
    "stock_status": "In Stock",
    "rating": "5.00 out of 5",
    "reviews_count": 1
  },
  {
    "url": "https://www.partselect.com/PS16555957-Frigidaire-A18195209-CONTROL-PANEL.htm?SourceCode=18",
    "image_url": "https://partselectcom-gtcdcddbene3cpes.z01.azurefd.net/16555957-1-N-Frigidaire-A18195209-CONTROL-PANEL.jpg",
    "name": "Frigidaire Dishwasher Control Panel",
    "partselect_number": "PS16555957",
    "manufacturer_number": "A18195209",
    "description": "Manufacturer Part Number A18195209",
    "price": "$165.80",
    "stock_status": "In Stock"
  },
  {
    "url": "https://www.partselect.com/PS452590-Frigidaire-5300809927-Upper-Dishrack-Track-End-Cap.htm?SourceCode=18",
    "image_url": "https://partselectcom-gtcdcddbene3cpes.z01.azurefd.net/452590-1-N-Frigidaire-5300809927-Upper-Dishrack-Track-End-Cap.jpg",
    "name": "Frigidaire Dishwasher Upper Dishrack Track End Cap",
    "partselect_number": "PS452590",
    "manufacturer_number": "5300809927",
    "description": "★★★★★\n★★★★★\n1 Review\nSold individually.",
    "price": "$7.87",
    "stock_status": "On Order",
    "rating": "5.00 out of 5",
    "reviews_count": 1
  },
  {
    "url": "https://www.partselect.com/PS12586275-Frigidaire-A00055408-Dishwasher-Switch.htm?SourceCode=18",
    "image_url": "https://partselectcom-gtcdcddbene3cpes.z01.azurefd.net/12586275-1-N-Frigidaire-A00055408-Dishwasher-Switch.jpg",
    "name": "Frigidaire Dishwasher Switch",
    "partselect_number": "PS12586275",
    "manufacturer_number": "A00055408",
    "price": "$62.32",
    "stock_status": "In Stock"
  },
  {
    "url": "https://www.partselect.com/PS12585712-Frigidaire-5304517660-CONTROL-PANEL.htm?SourceCode=18",
    "image_url": "https://partselectcom-gtcdcddbene3cpes.z01.azurefd.net/12585712-1-N-Frigidaire-5304517660-CONTROL-PANEL.jpg",
    "name": "Frigidaire Dishwasher Control Panel",
    "partselect_number": "PS12585712",
    "manufacturer_number": "5304517660",
    "description": "Manufacturer Part Number 5304517660",
    "price": "$77.55",
    "stock_status": "In Stock"
  },
  {
    "url": "https://www.partselect.com/PS2379490-Frigidaire-5304475645-Upper-Spray-Arm.htm?SourceCode=18",
    "image_url": "https://partselectcom-gtcdcddbene3cpes.z01.azurefd.net/2379490-1-N-Frigidaire-5304475645-Upper-Spray-Arm.jpg",
    "name": "Frigidaire Dishwasher Upper Spray Arm",
    "partselect_number": "PS2379490",
    "manufacturer_number": "5304475645",
    "description": "★★★★★\n★★★★★\n1 Review",
    "price": "$73.67",
    "stock_status": "In Stock",
    "rating": "5.00 out of 5",
    "reviews_count": 1
  },
  {
    "url": "https://www.partselect.com/PS2379415-Frigidaire-5304475570-Door-Latch.htm?SourceCode=18",
    "image_url": "https://partselectcom-gtcdcddbene3cpes.z01.azurefd.net/2379415-1-N-Frigidaire-5304475570-Door-Latch.jpg",
    "name": "Frigidaire Dishwasher Door Latch",
    "partselect_number": "PS2379415",
    "manufacturer_number": "5304475570",
    "price": "$63.65",
    "stock_status": "In Stock"
  },
  {
    "url": "https://www.partselect.com/PS12718731-Frigidaire-A10281701-PUMP-ASSEMBLY.htm?SourceCode=18",
    "image_url": "https://partselectcom-gtcdcddbene3cpes.z01.azurefd.net/12718731-1-N-Frigidaire-A10281701-PUMP-ASSEMBLY.jpg",
    "name": "Frigidaire Dishwasher Pump Assembly",
    "partselect_number": "PS12718731",
    "manufacturer_number": "A10281701",
    "price": "$185.95",
    "stock_status": "In Stock"
  },
  {
    "url": "https://www.partselect.com/PS12705655-Frigidaire-5304519252-VALVE.htm?SourceCode=18",
    "image_url": "https://partselectcom-gtcdcddbene3cpes.z01.azurefd.net/12705655-1-N-Frigidaire-5304519252-VALVE.jpg",
    "name": "Frigidaire Dishwasher Valve",
    "partselect_number": "PS12705655",
    "manufacturer_number": "5304519252",
    "description": "Manufacturer Part Number 5304519252",
    "price": "$76.39",
    "stock_status": "In Stock"
  },
  {
    "url": "https://www.partselect.com/PS12717678-Frigidaire-111922663-SPRAY-ARM.htm?SourceCode=18",
    "image_url": "https://partselectcom-gtcdcddbene3cpes.z01.azurefd.net/12717678-1-N-Frigidaire-111922663-SPRAY-ARM.jpg",
    "name": "Frigidaire Dishwasher Spray Arm",
    "partselect_number": "PS12717678",
    "manufacturer_number": "111922663",
    "description": "Manufacturer Part Number 111922663",
    "price": "$62.67",
    "stock_status": "In Stock"
  },
  {
    "url": "https://www.partselect.com/PS420575-Frigidaire-154290204-High-Limit-Thermostat.htm?SourceCode=18",
    "image_url": "https://partselectcom-gtcdcddbene3cpes.z01.azurefd.net/420575-1-N-Frigidaire-154290204-High-Limit-Thermostat.jpg",
    "name": "Frigidaire Dishwasher High Limit Thermostat",
    "partselect_number": "PS420575",
    "manufacturer_number": "154290204",
    "description": "★★★★★\n★★★★★\n2 Reviews\nThis resettable hi-limit thermostat acts as a safety mechanism that keeps the dishwasher from overheating. This part will cut out if the internal temperature reaches 200 degrees Fahrenheit. It will reset when the temperature drops to 100 degrees Fahrenheit - the differential of 100 degrees.",
    "price": "$52.87",
    "stock_status": "In Stock",
    "rating": "2.50 out of 5",
    "reviews_count": 2
  },
  {
    "url": "https://www.partselect.com/PS17219471-Frigidaire-5304534830-Circulation-Pump-Motor-Bracket.htm?SourceCode=18",
    "image_url": "https://partselectcom-gtcdcddbene3cpes.z01.azurefd.net/17219471-1-N-Frigidaire-5304534830-Circulation-Pump-Motor-Bracket.jpg",
    "name": "Frigidaire Dishwasher Circulation Pump Motor Bracket",
    "partselect_number": "PS17219471",
    "manufacturer_number": "5304534830",
    "price": "$11.95",
    "stock_status": "In Stock"
  },
  {
    "url": "https://www.partselect.com/PS11758369-Frigidaire-808092517-ADJUSTMENT.htm?SourceCode=18",
    "image_url": "https://partselectcom-gtcdcddbene3cpes.z01.azurefd.net/11758369-1-N-Frigidaire-808092517-ADJUSTMENT.jpg",
    "name": "Frigidaire Dishwasher Adjustment",
    "partselect_number": "PS11758369",
    "manufacturer_number": "808092517",
    "description": "Manufacturer Part Number 808092517",
    "price": "$62.32",
    "stock_status": "In Stock"
  },
  {
    "url": "https://www.partselect.com/PS12585691-Frigidaire-5304517590-COVER.htm?SourceCode=18",
    "image_url": "https://partselectcom-gtcdcddbene3cpes.z01.azurefd.net/12585691-1-N-Frigidaire-5304517590-COVER.jpg",
    "name": "Frigidaire Dishwasher Cover",
    "partselect_number": "PS12585691",
    "manufacturer_number": "5304517590",
    "description": "Manufacturer Part Number 5304517590",
    "price": "$18.95",
    "stock_status": "In Stock"
  },
  {
    "url": "https://www.partselect.com/PS17219717-Frigidaire-5304535630-PC-BOARD-CONTROL-K43G.htm?SourceCode=18",
    "image_url": "https://partselectcom-gtcdcddbene3cpes.z01.azurefd.net/17219717-1-N-Frigidaire-5304535630-PC-BOARD-CONTROL-K43G.jpg",
    "name": "Frigidaire Dishwasher Pc Board Control K43g",
    "partselect_number": "PS17219717",
    "manufacturer_number": "5304535630",
    "description": "Manufacturer Part Number 5304535630",
    "price": "$81.13",
    "stock_status": "In Stock"
  },
  {
    "url": "https://www.partselect.com/PS2351226-Frigidaire-5304470219-CAP.htm?SourceCode=18",
    "image_url": "https://partselectcom-gtcdcddbene3cpes.z01.azurefd.net/2351226-1-N-Frigidaire-5304470219-CAP.jpg",
    "name": "Frigidaire Dishwasher Cap",
    "partselect_number": "PS2351226",
    "manufacturer_number": "5304470219",
    "description": "Manufacturer Part Number 5304470219",
    "price": "$28.95",
    "stock_status": "In Stock"
  },
  {
    "url": "https://www.partselect.com/PS452475-Frigidaire-5300809703-Single-Door-Spring.htm?SourceCode=18",
    "image_url": "https://partselectcom-gtcdcddbene3cpes.z01.azurefd.net/452475-1-N-Frigidaire-5300809703-Single-Door-Spring.jpg",
    "name": "Frigidaire Dishwasher Single Door Spring",
    "partselect_number": "PS452475",
    "manufacturer_number": "5300809703",
    "description": "★★★★★\n★★★★★\n3 Reviews\nNOTE: Sold individually. This door spring is four and a half inches long. It is used for some dishwashers. These springs tend to wear out at the same rate, so you should replace both of your dishwasher door springs at the same time.",
    "price": "$43.95",
    "stock_status": "In Stock",
    "rating": "5.00 out of 5",
    "reviews_count": 3
  },
  {
    "url": "https://www.partselect.com/PS11770421-Frigidaire-5304504853-Main-Wiring-Harness.htm?SourceCode=18",
    "image_url": "https://partselectcom-gtcdcddbene3cpes.z01.azurefd.net/11770421-1-N-Frigidaire-5304504853-Main-Wiring-Harness.jpg",
    "name": "Frigidaire Dishwasher Main Wiring Harness",
    "partselect_number": "PS11770421",
    "manufacturer_number": "5304504853",
    "price": "$84.23",
    "stock_status": "In Stock"
  },
  {
    "url": "https://www.partselect.com/PS1990923-Frigidaire-154641601-Tub-Insulation.htm?SourceCode=18",
    "image_url": "https://partselectcom-gtcdcddbene3cpes.z01.azurefd.net/1990923-1-N-Frigidaire-154641601-Tub-Insulation.jpg",
    "name": "Frigidaire Dishwasher Tub Insulation",
    "partselect_number": "PS1990923",
    "manufacturer_number": "154641601",
    "price": "$10.95",
    "stock_status": "In Stock"
  },
  {
    "url": "https://www.partselect.com/PS3498121-Frigidaire-5304483456-HOSE.htm?SourceCode=18",
    "image_url": "https://partselectcom-gtcdcddbene3cpes.z01.azurefd.net/3498121-1-N-Frigidaire-5304483456-HOSE.jpg",
    "name": "Frigidaire Dishwasher Hose",
    "partselect_number": "PS3498121",
    "manufacturer_number": "5304483456",
    "description": "★★★★★\n★★★★★\n1 Review\nManufacturer Part Number 5304483456",
    "price": "$57.37",
    "stock_status": "In Stock",
    "rating": "5.00 out of 5",
    "reviews_count": 1
  },
  {
    "url": "https://www.partselect.com/PS16731242-Frigidaire-117495104-OUTER-DOOR.htm?SourceCode=18",
    "image_url": "https://partselectcom-gtcdcddbene3cpes.z01.azurefd.net/16731242-1-N-Frigidaire-117495104-OUTER-DOOR.jpg",
    "name": "Frigidaire Dishwasher Outer Door",
    "partselect_number": "PS16731242",
    "manufacturer_number": "117495104",
    "description": "Manufacturer Part Number 117495104",
    "price": "$177.95",
    "stock_status": "In Stock"
  },
  {
    "url": "https://www.partselect.com/PS2342470-Frigidaire-154647101-Hinge-Pin.htm?SourceCode=18",
    "image_url": "https://partselectcom-gtcdcddbene3cpes.z01.azurefd.net/2342470-1-N-Frigidaire-154647101-Hinge-Pin.jpg",
    "name": "Frigidaire Dishwasher Hinge Pin",
    "partselect_number": "PS2342470",
    "manufacturer_number": "154647101",
    "description": "Manufacturer Part Number 154647101",
    "price": "$22.95",
    "stock_status": "On Order"
  },
  {
    "url": "https://www.partselect.com/PS12176370-Frigidaire-5304510709-HANDLE.htm?SourceCode=18",
    "image_url": "https://partselectcom-gtcdcddbene3cpes.z01.azurefd.net/12176370-1-N-Frigidaire-5304510709-HANDLE.jpg",
    "name": "Frigidaire Dishwasher Handle",
    "partselect_number": "PS12176370",
    "manufacturer_number": "5304510709",
    "description": "Manufacturer Part Number 5304510709",
    "price": "$103.74",
    "stock_status": "Special Order"
  },
  {
    "url": "https://www.partselect.com/PS16745316-Frigidaire-154562904-BEZEL.htm?SourceCode=18",
    "image_url": "https://partselectcom-gtcdcddbene3cpes.z01.azurefd.net/16745316-1-N-Frigidaire-154562904-BEZEL.jpg",
    "name": "Frigidaire Dishwasher Bezel",
    "partselect_number": "PS16745316",
    "manufacturer_number": "154562904",
    "description": "Manufacturer Part Number 154562904",
    "price": "$11.95",
    "stock_status": "In Stock"
  },
  {
    "url": "https://www.partselect.com/PS8760856-Frigidaire-807545704-Control-Panel-Black.htm?SourceCode=18",
    "image_url": "https://partselectcom-gtcdcddbene3cpes.z01.azurefd.net/8760856-1-N-Frigidaire-807545704-Control-Panel-Black.jpg",
    "name": "Frigidaire Dishwasher Control Panel (black)",
    "partselect_number": "PS8760856",
    "manufacturer_number": "807545704",
    "description": "★★★★★\n★★★★★\n4 Reviews",
    "price": "$301.95",
    "stock_status": "In Stock",
    "rating": "4.50 out of 5",
    "reviews_count": 4
  },
  {
    "url": "https://www.partselect.com/PS9492610-Frigidaire-808321102-Center-Wash-Arm-Support.htm?SourceCode=18",
    "image_url": "https://partselectcom-gtcdcddbene3cpes.z01.azurefd.net/9492610-1-N-Frigidaire-808321102-Center-Wash-Arm-Support.jpg",
    "name": "Frigidaire Dishwasher Center Wash Arm Support",
    "partselect_number": "PS9492610",
    "manufacturer_number": "808321102",
    "price": "$133.81",
    "stock_status": "In Stock"
  },
  {
    "url": "https://www.partselect.com/PS10066379-Frigidaire-A02025002-KICKPLATE.htm?SourceCode=18",
    "image_url": "https://partselectcom-gtcdcddbene3cpes.z01.azurefd.net/10066379-1-N-Frigidaire-A02025002-KICKPLATE.jpg",
    "name": "Frigidaire Dishwasher Kickplate",
    "partselect_number": "PS10066379",
    "manufacturer_number": "A02025002",
    "price": "$134.04",
    "stock_status": "Special Order"
  },
  {
    "url": "https://www.partselect.com/PS11770555-Frigidaire-5304506895-COVER.htm?SourceCode=18",
    "image_url": "https://partselectcom-gtcdcddbene3cpes.z01.azurefd.net/11770555-1-N-Frigidaire-5304506895-COVER.jpg",
    "name": "Frigidaire Dishwasher Cover",
    "partselect_number": "PS11770555",
    "manufacturer_number": "5304506895",
    "description": "Manufacturer Part Number 5304506895",
    "price": "$36.58",
    "stock_status": "In Stock"
  },
  {
    "url": "https://www.partselect.com/PS976073-Frigidaire-154533401-DOOR.htm?SourceCode=18",
    "image_url": "https://partselectcom-gtcdcddbene3cpes.z01.azurefd.net/976073-1-N-Frigidaire-154533401-DOOR.jpg",
    "name": "Frigidaire Dishwasher Door",
    "partselect_number": "PS976073",
    "manufacturer_number": "154533401",
    "description": "Manufacturer Part Number 154533401",
    "price": "$229.42",
    "stock_status": "Special Order"
  },
  {
    "url": "https://www.partselect.com/PS3490406-Frigidaire-154828803-DOOR.htm?SourceCode=18",
    "image_url": "https://partselectcom-gtcdcddbene3cpes.z01.azurefd.net/3490406-1-N-Frigidaire-154828803-DOOR.jpg",
    "name": "Frigidaire Dishwasher Door",
    "partselect_number": "PS3490406",
    "manufacturer_number": "154828803",
    "description": "Manufacturer Part Number 154828803",
    "price": "$96.97",
    "stock_status": "Special Order"
  },
  {
    "url": "https://www.partselect.com/PS9494240-Frigidaire-A00010702-LINER.htm?SourceCode=18",
    "image_url": "https://partselectcom-gtcdcddbene3cpes.z01.azurefd.net/9494240-1-N-Frigidaire-A00010702-LINER.jpg",
    "name": "Frigidaire Dishwasher Liner",
    "partselect_number": "PS9494240",
    "manufacturer_number": "A00010702",
    "description": "Manufacturer Part Number A00010702",
    "price": "$256.95",
    "stock_status": "In Stock"
  },
  {
    "url": "https://www.partselect.com/PS9494249-Frigidaire-A00141702-Dishwasher-Fixing-Clamp.htm?SourceCode=18",
    "image_url": "https://partselectcom-gtcdcddbene3cpes.z01.azurefd.net/9494249-1-N-Frigidaire-A00141702-Dishwasher-Fixing-Clamp.jpg",
    "name": "Frigidaire Dishwasher Fixing Clamp",
    "partselect_number": "PS9494249",
    "manufacturer_number": "A00141702",
    "description": "Manufacturer Part Number A00141702",
    "price": "$52.87",
    "stock_status": "In Stock"
  },
  {
    "url": "https://www.partselect.com/PS16555583-Frigidaire-5304529119-PUMP-COVER-ASSEMBLY.htm?SourceCode=18",
    "image_url": "https://partselectcom-gtcdcddbene3cpes.z01.azurefd.net/16555583-1-N-Frigidaire-5304529119-PUMP-COVER-ASSEMBLY.jpg",
    "name": "Frigidaire Dishwasher Pump Cover Assembly",
    "partselect_number": "PS16555583",
    "manufacturer_number": "5304529119",
    "description": "Manufacturer Part Number 5304529119",
    "price": "$44.95",
    "stock_status": "Special Order"
  },
  {
    "url": "https://www.partselect.com/PS420460-Frigidaire-154246402-Pump-Check-Ball.htm?SourceCode=18",
    "image_url": "https://partselectcom-gtcdcddbene3cpes.z01.azurefd.net/420460-1-N-Frigidaire-154246402-Pump-Check-Ball.jpg",
    "name": "Frigidaire Dishwasher Pump Check Ball",
    "partselect_number": "PS420460",
    "manufacturer_number": "154246402",
    "description": "Manufacturer Part Number 154246402",
    "price": "$54.40",
    "stock_status": "In Stock"
  },
  {
    "url": "https://www.partselect.com/PS8747096-Frigidaire-807114001-COVER.htm?SourceCode=18",
    "image_url": "https://partselectcom-gtcdcddbene3cpes.z01.azurefd.net/8747096-1-N-Frigidaire-807114001-COVER.jpg",
    "name": "Frigidaire Dishwasher Cover",
    "partselect_number": "PS8747096",
    "manufacturer_number": "807114001",
    "price": "$23.95",
    "stock_status": "Special Order"
  }
]