[
  {
    "url": "https://www.partselect.com/PS8727387-Bosch-00611475-Dishwasher-Dishrack-Roller.htm?SourceCode=18",
    "image_url": "https://partselectcom-gtcdcddbene3cpes.z01.azurefd.net/8727387-1-N-Bosch-00611475-Dishwasher-Dishrack-Roller.jpg",
    "name": "Gaggenau Dishwasher Dishrack Roller",
    "partselect_number": "PS8727387",
    "manufacturer_number": "00611475",
    "description": "★★★★★\n★★★★★\n28 Reviews\nThis is a replacement dishrack roller or wheel for your dishwasher. It is made of gray plastic, measures a little over an inch in diameter, and is sold individually. This roller is designed for the lower dishrack of your dishwasher. On one side of the roller is a clip that allows it to be attached to the dishrack. The dishrack roller allows you to slide the dishrack in and out of the dishwasher efficiently. If one of the rollers is broken or missing, it can cause the dishrack to become difficult to slide in and out. To replace the roller, simply snap it off the dishrack, and snap the new one into place. This is a genuine OEM part.",
    "price": "$\n11.45",
    "stock_status": "In Stock",
    "rating": "4.8/5",
    "reviews_count": 28,
    "reviews": [],
    "repair_stories": [],
    "symptoms_fixed": "Dishwasher.",
    "works_with": "Dishwasher.",
    "also_replaces": [
      "AP4339780",
      "611475"
    ],
    "video_url": ""
  },
  {
    "url": "https://www.partselect.com/PS8727471-Bosch-00611981-Dishwasher-Adjustable-Tine-Row-Clip.htm?SourceCode=18",
    "image_url": "https://partselectcom-gtcdcddbene3cpes.z01.azurefd.net/8727471-1-N-Bosch-00611981-Dishwasher-Adjustable-Tine-Row-Clip.jpg",
    "name": "Gaggenau Dishwasher Adjustable Tine Row Clip",
    "partselect_number": "PS8727471",
    "manufacturer_number": "00611981",
    "description": "★★★★★\n★★★★★\n2 Reviews\nThis part is a replacement tine row clip for your dishwasher. The tine row clip is adjustable, and it fits onto your dishrack to holds the tines into place. If your dishrack tine rows will not stay in position, you could have one or more broken tine clips. To replace a tine row clip, simply snap the old tine row clip out, and replace it with the new clip. This part is made of gray plastic and is approximately one inch long and half an inch wide. This part is sold individually, so it is a good idea to check all of your tine row clips to determine if more than one are broken.",
    "price": "$\n6.98",
    "stock_status": "In Stock",
    "rating": "5.0/5",
    "reviews_count": 2,
    "reviews": [],
    "repair_stories": [],
    "symptoms_fixed": "",
    "works_with": "",
    "also_replaces": [],
    "video_url": ""
  },
  {
    "url": "https://www.partselect.com/PS8712513-Bosch-00418498-Dishwasher-Tine-Holder.htm?SourceCode=18",
    "image_url": "https://partselectcom-gtcdcddbene3cpes.z01.azurefd.net/8712513-1-N-Bosch-00418498-Dishwasher-Tine-Holder.jpg",
    "name": "Gaggenau Dishwasher Tine Holder",
    "partselect_number": "PS8712513",
    "manufacturer_number": "00418498",
    "description": "★★★★★\n★★★★★\n9 Reviews\nThis plastic holder is also known as a tine clip, or a rack flip tine clip. It is used in the lower rack of a dishwasher, it is part of the rack assembly that allows to convert your rack to better the dishes you need washed. When you select the position you want the tines to be in, this clip hold the tines in place. This clip is designed to hold two tine rows in place. This tine clip is simple to install, you do not need any tools, it simply snaps into place on the dishrack.",
    "price": "$\n7.56",
    "stock_status": "In Stock",
    "rating": "4.9/5",
    "reviews_count": 9,
    "reviews": [],
    "repair_stories": [],
    "symptoms_fixed": "Dishwasher.",
    "works_with": "Dishwasher.",
    "also_replaces": [
      "AP3193592",
      "418498"
    ],
    "video_url": ""
  },
  {
    "url": "https://www.partselect.com/PS8728568-Bosch-00619985-Mounting-Bracket.htm?SourceCode=18",
    "image_url": "https://partselectcom-gtcdcddbene3cpes.z01.azurefd.net/8728568-1-N-Bosch-00619985-Mounting-Bracket.jpg",
    "name": "Gaggenau Dishwasher Mounting Bracket",
    "partselect_number": "PS8728568",
    "manufacturer_number": "00619985",
    "description": "★★★★★\n★★★★★\n8 Reviews\nSold individually.",
    "price": "$9.46",
    "stock_status": "In Stock",
    "rating": "3.00 out of 5",
    "reviews_count": 8
  },
  {
    "url": "https://www.partselect.com/PS8701740-Bosch-00249276-00-Lower-Dishrack.htm?SourceCode=18",
    "image_url": "https://partselectcom-gtcdcddbene3cpes.z01.azurefd.net/8701740-1-N-Bosch-00249276-00-Lower-Dishrack.jpg",
    "name": "Gaggenau Dishwasher 00 Lower Dishrack",
    "partselect_number": "PS8701740",
    "manufacturer_number": "00249276",
    "description": "★★★★★\n★★★★★\n13 Reviews\nThis lower dishrack assembly, compatible with select Bosch, Thermador, and Gaggenau dishwashers, includes wheels and a silverware basket. Replace rusted or damaged racks to maintain your dishwasher’s performance and protect internal components. Follow the user manual for installation guidance.",
    "price": "$281.89",
    "stock_status": "On Order",
    "rating": "4.77 out of 5",
    "reviews_count": 13
  },
  {
    "url": "https://www.partselect.com/PS8770519-Bosch-00754866-Dishwasher-Door-Spring-Kit.htm?SourceCode=18",
    "image_url": "https://partselectcom-gtcdcddbene3cpes.z01.azurefd.net/8770519-1-N-Bosch-00754866-Dishwasher-Door-Spring-Kit.jpg",
    "name": "Gaggenau Dishwasher Door Spring Kit",
    "partselect_number": "PS8770519",
    "manufacturer_number": "00754866",
    "description": "★★★★★\n★★★★★\n23 Reviews\nThis kit includes 2 spring and 2 cables. This door spring kit is for dishwashers. Door spring kit applies tension to the dishwasher door through the door hinge to prevent the door from dropping too quickly when you open the dishwasher. The kit may include multiple parts; refer to your parts diagram for a list of parts included.",
    "price": "$44.59",
    "stock_status": "In Stock",
    "rating": "4.91 out of 5",
    "reviews_count": 23
  },
  {
    "url": "https://www.partselect.com/PS8723143-Bosch-00494772-Dishwasher-Door-Seal.htm?SourceCode=18",
    "image_url": "https://partselectcom-gtcdcddbene3cpes.z01.azurefd.net/8723143-1-N-Bosch-00494772-Dishwasher-Door-Seal.jpg",
    "name": "Gaggenau Dishwasher Door Seal",
    "partselect_number": "PS8723143",
    "manufacturer_number": "00494772",
    "description": "★★★★★\n★★★★★\n7 Reviews\nThis seal is also referred to as a door gasket, and it is designed for use on dishwashers. It is installed on the door of the appliance, and it seals the space between the tub of the dishwasher and the door. This seal works for prevent water from escaping during the wash cycle. Over time the seal might wear out, or it might get damaged, when that happens you will start to notice leaks. If water is leaking from the door of your dishwasher during operation it may be time for you to replace the door gasket on your appliance. This door seal is made of rubber, and it is black in color.",
    "price": "$30.98",
    "stock_status": "In Stock",
    "rating": "4.29 out of 5",
    "reviews_count": 7
  },
  {
    "url": "https://www.partselect.com/PS8733632-Bosch-00675794-CUTLERY-BASKET.htm?SourceCode=18",
    "image_url": "https://partselectcom-gtcdcddbene3cpes.z01.azurefd.net/8733632-1-N-Bosch-00675794-CUTLERY-BASKET.jpg",
    "name": "Gaggenau Dishwasher Cutlery Basket",
    "partselect_number": "PS8733632",
    "manufacturer_number": "00675794",
    "description": "★★★★★\n★★★★★\n3 Reviews\nManufacturer Part Number 00675794",
    "price": "$39.39",
    "stock_status": "In Stock",
    "rating": "4.67 out of 5",
    "reviews_count": 3
  },
  {
    "url": "https://www.partselect.com/PS8729769-Bosch-00642239-Drain-Pump.htm?SourceCode=18",
    "image_url": "https://partselectcom-gtcdcddbene3cpes.z01.azurefd.net/8729769-1-N-Bosch-00642239-Drain-Pump.jpg",
    "name": "Gaggenau Dishwasher Drain Pump",
    "partselect_number": "PS8729769",
    "manufacturer_number": "00642239",
    "description": "★★★★★\n★★★★★\n6 Reviews\nThe drain pump ejects the water from the dishwasher.",
    "price": "$136.87",
    "stock_status": "In Stock",
    "rating": "4.33 out of 5",
    "reviews_count": 6
  },
  {
    "url": "https://www.partselect.com/PS8697067-Bosch-00165314-Lower-Rack-Wheel-with-Clip.htm?SourceCode=18",
    "image_url": "https://partselectcom-gtcdcddbene3cpes.z01.azurefd.net/8697067-1-N-Bosch-00165314-Lower-Rack-Wheel-with-Clip.jpg",
    "name": "Gaggenau Dishwasher Lower Rack Wheel With Clip",
    "partselect_number": "PS8697067",
    "manufacturer_number": "00165314",
    "description": "★★★★★\n★★★★★\n11 Reviews\nThis dishrack wheel is designed for use on the lower rack of your dishwasher, it allows the rack to roll in and out of your appliance with ease. This roller wheel includes the locking clip required for installation. The roller wheel attaches directly to the rack, you simply snap it into place on the frame of the rack, it does not include the axel. Due to how the roller wheels wear out we recommend replacing them in pairs. The diameter of the wheel is approximately one and a half inches. The roller wheel and clip are made of plastic.",
    "price": "$18.49",
    "stock_status": "In Stock",
    "rating": "4.91 out of 5",
    "reviews_count": 11
  },
  {
    "url": "https://www.partselect.com/PS8728720-Bosch-00622036-FLOAT.htm?SourceCode=18",
    "image_url": "https://partselectcom-gtcdcddbene3cpes.z01.azurefd.net/8728720-1-N-Bosch-00622036-FLOAT.jpg",
    "name": "Gaggenau Dishwasher Float",
    "partselect_number": "PS8728720",
    "manufacturer_number": "00622036",
    "price": "$21.92",
    "stock_status": "In Stock"
  },
  {
    "url": "https://www.partselect.com/PS8716033-Bosch-00448806-SPRAY-ARM.htm?SourceCode=18",
    "image_url": "https://partselectcom-gtcdcddbene3cpes.z01.azurefd.net/8716033-1-N-Bosch-00448806-SPRAY-ARM.jpg",
    "name": "Gaggenau Dishwasher Spray Arm",
    "partselect_number": "PS8716033",
    "manufacturer_number": "00448806",
    "description": "★★★★★\n★★★★★\n4 Reviews",
    "price": "$28.53",
    "stock_status": "In Stock",
    "rating": "5.00 out of 5",
    "reviews_count": 4
  },
  {
    "url": "https://www.partselect.com/PS8728608-Bosch-00620775-SWITCH.htm?SourceCode=18",
    "image_url": "https://partselectcom-gtcdcddbene3cpes.z01.azurefd.net/8728608-1-N-Bosch-00620775-SWITCH.jpg",
    "name": "Gaggenau Dishwasher Switch",
    "partselect_number": "PS8728608",
    "manufacturer_number": "00620775",
    "description": "★★★★★\n★★★★★\n1 Review",
    "price": "$37.15",
    "stock_status": "In Stock",
    "rating": "5.00 out of 5",
    "reviews_count": 1
  },
  {
    "url": "https://www.partselect.com/PS8728859-Bosch-00623536-GUIDE.htm?SourceCode=18",
    "image_url": "https://partselectcom-gtcdcddbene3cpes.z01.azurefd.net/8728859-1-N-Bosch-00623536-GUIDE.jpg",
    "name": "Gaggenau Dishwasher Guide",
    "partselect_number": "PS8728859",
    "manufacturer_number": "00623536",
    "description": "★★★★★\n★★★★★\n1 Review",
    "price": "$15.92",
    "stock_status": "In Stock",
    "rating": "5.00 out of 5",
    "reviews_count": 1
  },
  {
    "url": "https://www.partselect.com/PS8729092-Bosch-00625710-HOLDER.htm?SourceCode=18",
    "image_url": "https://partselectcom-gtcdcddbene3cpes.z01.azurefd.net/8729092-1-N-Bosch-00625710-HOLDER.jpg",
    "name": "Gaggenau Dishwasher Holder",
    "partselect_number": "PS8729092",
    "manufacturer_number": "00625710",
    "description": "Manufacturer Part Number 00625710",
    "price": "$47.16",
    "stock_status": "In Stock"
  },
  {
    "url": "https://www.partselect.com/PS8697040-Bosch-00165256-Dishwasher-Float-Switch.htm?SourceCode=18",
    "image_url": "https://partselectcom-gtcdcddbene3cpes.z01.azurefd.net/8697040-1-N-Bosch-00165256-Dishwasher-Float-Switch.jpg",
    "name": "Gaggenau Dishwasher Float Switch",
    "partselect_number": "PS8697040",
    "manufacturer_number": "00165256",
    "price": "$27.55",
    "stock_status": "In Stock"
  },
  {
    "url": "https://www.partselect.com/PS8697162-Bosch-00166630-Dishwasher-Tripping-Device.htm?SourceCode=18",
    "image_url": "https://partselectcom-gtcdcddbene3cpes.z01.azurefd.net/8697162-1-N-Bosch-00166630-Dishwasher-Tripping-Device.jpg",
    "name": "Gaggenau Dishwasher Tripping Device",
    "partselect_number": "PS8697162",
    "manufacturer_number": "00166630",
    "description": "★★★★★\n★★★★★\n3 Reviews",
    "price": "$20.92",
    "stock_status": "In Stock",
    "rating": "5.00 out of 5",
    "reviews_count": 3
  },
  {
    "url": "https://www.partselect.com/PS11732432-Bosch-11012631-SPRAY-ARM.htm?SourceCode=18",
    "image_url": "https://partselectcom-gtcdcddbene3cpes.z01.azurefd.net/11732432-1-N-Bosch-11012631-SPRAY-ARM.jpg",
    "name": "Gaggenau Dishwasher Spray Arm",
    "partselect_number": "PS11732432",
    "manufacturer_number": "11012631",
    "description": "Manufacturer Part Number 11012631",
    "price": "$58.49",
    "stock_status": "In Stock"
  },
  {
    "url": "https://www.partselect.com/PS8732950-Bosch-00668102-SUMP.htm?SourceCode=18",
    "image_url": "https://partselectcom-gtcdcddbene3cpes.z01.azurefd.net/8732950-1-N-Bosch-00668102-SUMP.jpg",
    "name": "Gaggenau Dishwasher Sump",
    "partselect_number": "PS8732950",
    "manufacturer_number": "00668102",
    "price": "$82.26",
    "stock_status": "In Stock"
  },
  {
    "url": "https://www.partselect.com/PS8727342-Bosch-00611320-VALVE-NON-RETURN.htm?SourceCode=18",
    "image_url": "https://partselectcom-gtcdcddbene3cpes.z01.azurefd.net/8727342-1-N-Bosch-00611320-VALVE-NON-RETURN.jpg",
    "name": "Gaggenau Dishwasher Valve-non Return",
    "partselect_number": "PS8727342",
    "manufacturer_number": "00611320",
    "description": "★★★★★\n★★★★★\n1 Review",
    "price": "$18.92",
    "stock_status": "In Stock",
    "rating": "5.00 out of 5",
    "reviews_count": 1
  },
  {
    "url": "https://www.partselect.com/PS8713846-Bosch-00424717-Dishwasher-Roller-Axle-Assembly.htm?SourceCode=18",
    "image_url": "https://partselectcom-gtcdcddbene3cpes.z01.azurefd.net/8713846-1-N-Bosch-00424717-Dishwasher-Roller-Axle-Assembly.jpg",
    "name": "Gaggenau Dishwasher Roller & Axle Assembly",
    "partselect_number": "PS8713846",
    "manufacturer_number": "00424717",
    "description": "Manufacturer Part Number 00424717",
    "price": "$29.38",
    "stock_status": "On Order"
  },
  {
    "url": "https://www.partselect.com/PS8715454-Bosch-00441905-FILTER-FINE.htm?SourceCode=18",
    "image_url": "https://partselectcom-gtcdcddbene3cpes.z01.azurefd.net/8715454-1-N-Bosch-00441905-FILTER-FINE.jpg",
    "name": "Gaggenau Dishwasher Filter-fine",
    "partselect_number": "PS8715454",
    "manufacturer_number": "00441905",
    "description": "Manufacturer Part Number 00441905",
    "price": "$133.92",
    "stock_status": "In Stock"
  },
  {
    "url": "https://www.partselect.com/PS8730291-Bosch-00645144-SEALING.htm?SourceCode=18",
    "image_url": "https://partselectcom-gtcdcddbene3cpes.z01.azurefd.net/8730291-1-N-Bosch-00645144-SEALING.jpg",
    "name": "Gaggenau Dishwasher Sealing",
    "partselect_number": "PS8730291",
    "manufacturer_number": "00645144",
    "price": "$14.81",
    "stock_status": "In Stock"
  },
  {
    "url": "https://www.partselect.com/PS8697373-Bosch-00170664-Dishwasher-Mounting-Bracket-Kit.htm?SourceCode=18",
    "image_url": "https://partselectcom-gtcdcddbene3cpes.z01.azurefd.net/8697373-1-N-Bosch-00170664-Dishwasher-Mounting-Bracket-Kit.jpg",
    "name": "Gaggenau Dishwasher Mounting Bracket Kit",
    "partselect_number": "PS8697373",
    "manufacturer_number": "00170664",
    "description": "★★★★★\n★★★★★\n1 Review\nManufacturer Part Number 00170664",
    "price": "$26.08",
    "stock_status": "In Stock",
    "rating": "5.00 out of 5",
    "reviews_count": 1
  },
  {
    "url": "https://www.partselect.com/PS8727350-Bosch-00611330-00-Suspension.htm?SourceCode=18",
    "image_url": "https://partselectcom-gtcdcddbene3cpes.z01.azurefd.net/8727350-1-N-Bosch-00611330-00-Suspension.jpg",
    "name": "Gaggenau Dishwasher 00 Suspension",
    "partselect_number": "PS8727350",
    "manufacturer_number": "00611330",
    "description": "Manufacturer Part Number 00611330",
    "price": "$7.29",
    "stock_status": "In Stock"
  },
  {
    "url": "https://www.partselect.com/PS8732946-Bosch-00668095-STRIP.htm?SourceCode=18",
    "image_url": "https://partselectcom-gtcdcddbene3cpes.z01.azurefd.net/8732946-1-N-Bosch-00668095-STRIP.jpg",
    "name": "Gaggenau Dishwasher Strip",
    "partselect_number": "PS8732946",
    "manufacturer_number": "00668095",
    "description": "Manufacturer Part Number 00668095",
    "price": "$35.55",
    "stock_status": "In Stock"
  },
  {
    "url": "https://www.partselect.com/PS8701891-Bosch-00263099-Sump-to-Water-Inlet-Hose.htm?SourceCode=18",
    "image_url": "https://partselectcom-gtcdcddbene3cpes.z01.azurefd.net/8701891-1-N-Bosch-00263099-Sump-to-Water-Inlet-Hose.jpg",
    "name": "Gaggenau Dishwasher Sump To Water Inlet Hose",
    "partselect_number": "PS8701891",
    "manufacturer_number": "00263099",
    "price": "$21.90",
    "stock_status": "In Stock"
  },
  {
    "url": "https://www.partselect.com/PS8728416-Bosch-00618833-MOUNTING-SET.htm?SourceCode=18",
    "image_url": "https://partselectcom-gtcdcddbene3cpes.z01.azurefd.net/8728416-1-N-Bosch-00618833-MOUNTING-SET.jpg",
    "name": "Gaggenau Dishwasher Mounting Set",
    "partselect_number": "PS8728416",
    "manufacturer_number": "00618833",
    "description": "Manufacturer Part Number 00618833",
    "price": "$24.79",
    "stock_status": "In Stock"
  },
  {
    "url": "https://www.partselect.com/PS8697053-Bosch-00165279-Dishwasher-Turbidity-Sensor.htm?SourceCode=18",
    "image_url": "https://partselectcom-gtcdcddbene3cpes.z01.azurefd.net/8697053-1-N-Bosch-00165279-Dishwasher-Turbidity-Sensor.jpg",
    "name": "Gaggenau Dishwasher Turbidity Sensor",
    "partselect_number": "PS8697053",
    "manufacturer_number": "00165279",
    "description": "Manufacturer Part Number 00165279",
    "price": "$52.94",
    "stock_status": "In Stock"
  },
  {
    "url": "https://www.partselect.com/PS8717889-Bosch-00480317-Heating-Element.htm?SourceCode=18",
    "image_url": "https://partselectcom-gtcdcddbene3cpes.z01.azurefd.net/8717889-1-N-Bosch-00480317-Heating-Element.jpg",
    "name": "Gaggenau Dishwasher Heating Element",
    "partselect_number": "PS8717889",
    "manufacturer_number": "00480317",
    "description": "★★★★★\n★★★★★\n1 Review",
    "price": "$246.78",
    "stock_status": "In Stock",
    "rating": "1.00 out of 5",
    "reviews_count": 1
  }
]