[
  {
    "url": "https://www.partselect.com/PS11722130-Whirlpool-EDR4RXD1-Refrigerator-Water-Filter.htm?SourceCode=18",
    "image_url": "https://partselectcom-gtcdcddbene3cpes.z01.azurefd.net/11722130-1-N-Whirlpool-EDR4RXD1-Refrigerator-Water-Filter.jpg",
    "name": "Gaggenau Refrigerator Water Filter",
    "partselect_number": "PS11722130",
    "manufacturer_number": "EDR4RXD1",
    "description": "★★★★★\n★★★★★\n98 Reviews\nThis water filter (Whirlpool EveryDrop Refrigerator Water Filter, Single Turn Filter) purifies water going to the water dispenser and sometimes the icemaker as well. This part should be replaced if it is causing reduced water flow or just replaced periodically per the owner manual. Replacing this water filter may fix a noisy or leaking fridge, a fridge that is not dispensing water (or reduced flow rate), and an ice maker that is not making ice at all, or not making enough ice. This filter is white, sold individually and measures 8 inches by 3 inches in diameter. This water filter has been updated by the manufacturer. It may appear different but will still function the same. It is sold individually.",
    "price": "$\n74.21",
    "stock_status": "In Stock",
    "rating": "4.7/5",
    "reviews_count": 98,
    "reviews": [
      {
        "rating": "5.0/5",
        "reviewer": "Elaine G",
        "date": "December 28, 2021",
        "title": "Elaine G",
        "content": "The water filter came long before I needed it. By the time I needed it, I installed it. Once installed, it has worked great!"
      },
      {
        "rating": "5.0/5",
        "reviewer": "Richard M",
        "date": "September 9, 2021",
        "title": "Richard M",
        "content": "Shipped and received as promised. Easy to install"
      },
      {
        "rating": "5.0/5",
        "reviewer": "Anna T",
        "date": "June 17, 2021",
        "title": "Anna T",
        "content": "Delighted at how quickly our order was processed and the product sent."
      },
      {
        "rating": "5.0/5",
        "reviewer": "Laurence L",
        "date": "November 6, 2019",
        "title": "Laurence L",
        "content": "the filter was perfect and super easy to install. Will order again when it's time."
      },
      {
        "rating": "5.0/5",
        "reviewer": "David C",
        "date": "January 30, 2018",
        "title": "David C",
        "content": "My part came in and was easy to install everything working good"
      },
      {
        "rating": "5.0/5",
        "reviewer": "Ralph W",
        "date": "February 2, 2018",
        "title": "Ralph W",
        "content": "Great cond"
      },
      {
        "rating": "5.0/5",
        "reviewer": "Rachel W",
        "date": "February 11, 2018",
        "title": "Rachel W",
        "content": "Easy to order the perfect filter to replace in fridge."
      },
      {
        "rating": "5.0/5",
        "reviewer": "Sharon C",
        "date": "February 7, 2018",
        "title": "Sharon C",
        "content": "Part arrived quickly. Filter.was easy to install"
      },
      {
        "rating": "5.0/5",
        "reviewer": "Gary K",
        "date": "April 12, 2020",
        "title": "Gary K",
        "content": "Thank for this service, our refrigerator water filter comes right on time, such a time saver and so easy!"
      },
      {
        "rating": "5.0/5",
        "reviewer": "ROBERT C",
        "date": "April 11, 2020",
        "title": "ROBERT C",
        "content": "Perfect filter for my refrigerator, delivered on time, and keeps my water and ice fresh and clean."
      }
    ],
    "repair_stories": [],
    "symptoms_fixed": "Not dispensing water | Ice maker not making ice | Leaking | Ice maker dispenses too little ice",
    "works_with": "Refrigerator.",
    "also_replaces": [
      "AP5983564",
      "12589201",
      "12589203",
      "12589206",
      "12589208",
      "12589210",
      "13040201",
      "13040214",
      "13040216",
      "13040216N",
      "13040218",
      "4396395",
      "67002269",
      "67002671",
      "67003523",
      "67003523A",
      "67003526",
      "67003591",
      "67003640",
      "67003727 ... Show more"
    ],
    "video_url": "https://www.youtube.com/watch?v=5oA-c0VklDg"
  },
  {
    "url": "https://www.partselect.com/PS11723190-Whirlpool-W10827015-Refrigerator-Pantry-Drawer-Lid.htm?SourceCode=18",
    "image_url": "https://partselectcom-gtcdcddbene3cpes.z01.azurefd.net/11723190-1-N-Whirlpool-W10827015-Refrigerator-Pantry-Drawer-Lid.jpg",
    "name": "Gaggenau Refrigerator Pantry Drawer Lid",
    "partselect_number": "PS11723190",
    "manufacturer_number": "W10827015",
    "description": "★★★★★\n★★★★★\n102 Reviews\nThis pantry drawer lid is also known as a pantry drawer door or pantry drawer cover. This is a genuine OEM part, and is sold individually. This part helps keep everything inside the drawer. It acts as a cover, and also keeps your drawer at the proper temperature by creating a seal. You may need to replace this part if door does not open or close, or if the drawer is too cold. No tools are required for this replacement, simply push the hinge pins aside to remove the old lid. Consider checking the pantry end cap kit for damage before ordering the pantry drawer lid, as they are often purchased together.",
    "price": "$\n137.36",
    "stock_status": "In Stock",
    "rating": "4.8/5",
    "reviews_count": 102,
    "reviews": [],
    "repair_stories": [],
    "symptoms_fixed": "Door won’t open or close | Fridge too cold",
    "works_with": "Refrigerator.",
    "also_replaces": [
      "AP5985816",
      "12656813",
      "12656814",
      "12656815",
      "12656816",
      "12656818",
      "67002319",
      "67002812",
      "67003170",
      "67003305",
      "67003332",
      "67003333",
      "67004643",
      "67004698",
      "67005899",
      "67005900",
      "67005903",
      "67005910",
      "67006736",
      "8171060 ... Show more"
    ],
    "video_url": "https://www.youtube.com/watch?v=b_7UE9KLYAU"
  },
  {
    "url": "https://www.partselect.com/PS12728638-Whirlpool-W11384469-Refrigerator-Door-Switch.htm?SourceCode=18",
    "image_url": "https://partselectcom-gtcdcddbene3cpes.z01.azurefd.net/12728638-1-N-Whirlpool-W11384469-Refrigerator-Door-Switch.jpg",
    "name": "Gaggenau Refrigerator Door Switch",
    "partselect_number": "PS12728638",
    "manufacturer_number": "W11384469",
    "description": "★★★★★\n★★★★★\n94 Reviews\nDoor switch turns the light off when you close the door.",
    "price": "$\n27.11",
    "stock_status": "In Stock",
    "rating": "4.7/5",
    "reviews_count": 94,
    "reviews": [],
    "repair_stories": [],
    "symptoms_fixed": "Light not working",
    "works_with": "Refrigerator, Freezer, Ice Maker.",
    "also_replaces": [
      "AP6893312",
      "0054153",
      "0086495",
      "046789-01",
      "1021",
      "1107734",
      "1108055",
      "1108112",
      "1118894",
      "1118895",
      "12466102",
      "14001066",
      "14200201",
      "14205646",
      "14210229",
      "14214567",
      "1547075",
      "1549695",
      "2-32164-001",
      "2154668 ... Show more"
    ],
    "video_url": "https://www.youtube.com/watch?v=2juGyjXFpyk"
  },
  {
    "url": "https://www.partselect.com/PS12731166-Whirlpool-W11396033-Door-Switch.htm?SourceCode=18",
    "image_url": "https://partselectcom-gtcdcddbene3cpes.z01.azurefd.net/12731166-1-N-Whirlpool-W11396033-Door-Switch.jpg",
    "name": "Gaggenau Refrigerator Door Switch",
    "partselect_number": "PS12731166",
    "manufacturer_number": "W11396033",
    "description": "★★★★★\n★★★★★\n36 Reviews\nThis light switch may also be known as a refrigerator door switch or a light switch kit, and is compatible with your refrigerator. The function of the refrigerator door switch is to turn on the light when your fridge door is open, and to make sure it is off when your refrigerator door is closed. The reason you would need to replace this part is if your light is not turning on when your door is open. For this repair, you will need a putty knife, and a small flat-blade screwdriver.",
    "price": "$27.11",
    "stock_status": "In Stock",
    "rating": "4.83 out of 5",
    "reviews_count": 36
  },
  {
    "url": "https://www.partselect.com/PS11743502-Whirlpool-WP67002659-Refrigerator-Crisper-Drawer.htm?SourceCode=18",
    "image_url": "https://partselectcom-gtcdcddbene3cpes.z01.azurefd.net/11743502-1-N-Whirlpool-WP67002659-Refrigerator-Crisper-Drawer.jpg",
    "name": "Gaggenau Refrigerator Crisper Drawer",
    "partselect_number": "PS11743502",
    "manufacturer_number": "WP67002659",
    "description": "★★★★★\n★★★★★\n110 Reviews\nThe crisper drawer in your refrigerator is used for storing various items. If you notice that your current crisper drawer is damaged, you may need to replace it. You may notice that your refrigerator door does not open or close properly, which is a sign that your cripser drawer is damaged. This crisper drawer is made of clear plastic and is roughly 20 inches in length. This part is sold individually and does not come with the plastic faceplate on it. If your current crisper has one, you will need to remove it and transfer it to the new crisper. NOTE: As per the manufacture the crisper drawer has been updated from the original. A new crisper cover may need to be purchased for the drawers to work. Factory dimensions - 12.847\" Depth X 15.217\" Width X 6.93 High.",
    "price": "$89.25",
    "stock_status": "In Stock",
    "rating": "4.83 out of 5",
    "reviews_count": 110
  },
  {
    "url": "https://www.partselect.com/PS11738573-Whirlpool-WP12656105-Refrigerator-Pantry-End-Cap.htm?SourceCode=18",
    "image_url": "https://partselectcom-gtcdcddbene3cpes.z01.azurefd.net/11738573-1-N-Whirlpool-WP12656105-Refrigerator-Pantry-End-Cap.jpg",
    "name": "Gaggenau Refrigerator Pantry End Cap",
    "partselect_number": "PS11738573",
    "manufacturer_number": "WP12656105",
    "description": "★★★★★\n★★★★★\n94 Reviews\nThe pantry end cap is also known as a drawer support or a door shelf trim. This specific piece is sold individually and is meant for the left side of your refrigerator. It snaps into place on the door of your fridge, which allows it to hold items on the door shelf. To change the left side end cap on your refrigerator you will need a 1/4 inch nut driver. Users have ranked this installation as easy to do, with a less than thirty minute repair time.",
    "price": "$45.07",
    "stock_status": "In Stock",
    "rating": "4.93 out of 5",
    "reviews_count": 94
  },
  {
    "url": "https://www.partselect.com/PS11759516-Whirlpool-W10830189-Refrigerator-Door-Gasket-White.htm?SourceCode=18",
    "image_url": "https://partselectcom-gtcdcddbene3cpes.z01.azurefd.net/11759516-1-N-Whirlpool-W10830189-Refrigerator-Door-Gasket-White.jpg",
    "name": "Gaggenau Refrigerator Door Gasket (white)",
    "partselect_number": "PS11759516",
    "manufacturer_number": "W10830189",
    "description": "★★★★★\n★★★★★\n27 Reviews\nThe door gasket is used to make an air-tight seal for the cabinet when the door is closed.",
    "price": "$121.92",
    "stock_status": "In Stock",
    "rating": "4.81 out of 5",
    "reviews_count": 27
  },
  {
    "url": "https://www.partselect.com/PS11743638-Whirlpool-WP67005864-Refrigerator-Humidity-Control-Slide.htm?SourceCode=18",
    "image_url": "https://partselectcom-gtcdcddbene3cpes.z01.azurefd.net/11743638-1-N-Whirlpool-WP67005864-Refrigerator-Humidity-Control-Slide.jpg",
    "name": "Gaggenau Refrigerator Humidity Control Slide",
    "partselect_number": "PS11743638",
    "manufacturer_number": "WP67005864",
    "description": "★★★★★\n★★★★★\n1 Review\nThis part mounts on the crisper drawer cover and is used to limit the amount of air that gets into the crisper.",
    "price": "$9.65",
    "stock_status": "In Stock",
    "rating": "5.00 out of 5",
    "reviews_count": 1
  },
  {
    "url": "https://www.partselect.com/PS2003772-Whirlpool-12002355-Thermistor.htm?SourceCode=18",
    "image_url": "https://partselectcom-gtcdcddbene3cpes.z01.azurefd.net/2003772-1-N-Whirlpool-12002355-Thermistor.jpg",
    "name": "Gaggenau Refrigerator Thermistor",
    "partselect_number": "PS2003772",
    "manufacturer_number": "12002355",
    "description": "★★★★★\n★★★★★\n5 Reviews\nThis long harness thermistor kit is what helps monitor and regulate the temperature inside your refrigerator. It can be located in either the freezer compartment near the evaporator coils or in the fresh food compartment near the airflow channels, depending on the model. If you notice issues like excessive icing in the freezer, inadequate cooling in the refrigerator, temperature fluctuations, or error messages on the display panel, it indicates a potential problem with the thermistor. Since your fridge will not be able to maintain the desired temperature, this results in food spoilage, inefficient cooling, and potential damage to the cooling components. To replace the thermistor, disconnect it from the connector plug or wiring harness and remove any mounting brackets or clips using a screwdriver if necessary. Remember to consult your user manual to determine the required number of thermistors, as they are sold individually as OEM replacement parts.",
    "price": "$41.66",
    "stock_status": "In Stock",
    "rating": "5.00 out of 5",
    "reviews_count": 5
  },
  {
    "url": "https://www.partselect.com/PS11743531-Whirlpool-WP67003405-Refrigerator-Pivot-Block.htm?SourceCode=18",
    "image_url": "https://partselectcom-gtcdcddbene3cpes.z01.azurefd.net/11743531-1-N-Whirlpool-WP67003405-Refrigerator-Pivot-Block.jpg",
    "name": "Gaggenau Refrigerator Pivot Block",
    "partselect_number": "PS11743531",
    "manufacturer_number": "WP67003405",
    "description": "★★★★★\n★★★★★\n14 Reviews\nThis is a replacement pivot block for your refrigerator. It is made of white plastic and is approximately 4 inches long and 1 inch wide. The pivot block catches and holds the door mullion cover when you close the door. If your refrigerator door will not close properly, you may need to replace the pivot block. This part is sold individually and is an OEM part sourced directly from the manufacturer.",
    "price": "$9.65",
    "stock_status": "In Stock",
    "rating": "4.93 out of 5",
    "reviews_count": 14
  },
  {
    "url": "https://www.partselect.com/PS11743702-Whirlpool-WP67006655-Refrigerator-Crisper-Glass.htm?SourceCode=18",
    "image_url": "https://partselectcom-gtcdcddbene3cpes.z01.azurefd.net/11743702-1-N-Whirlpool-WP67006655-Refrigerator-Crisper-Glass.jpg",
    "name": "Gaggenau Refrigerator Crisper Glass",
    "partselect_number": "PS11743702",
    "manufacturer_number": "WP67006655",
    "description": "★★★★★\n★★★★★\n15 Reviews\nGlass Only. Frame not included. This refrigerator crisper drawer cover insert is for refrigerators. Crisper drawer cover insert fits into the crisper drawer cover frame and covers the crisper drawer(s). Wear work gloves to protect your hands when installing this part.",
    "price": "$117.13",
    "stock_status": "In Stock",
    "rating": "5.00 out of 5",
    "reviews_count": 15
  },
  {
    "url": "https://www.partselect.com/PS11738537-Whirlpool-WP12565502-Refrigerator-Spring.htm?SourceCode=18",
    "image_url": "https://partselectcom-gtcdcddbene3cpes.z01.azurefd.net/11738537-1-N-Whirlpool-WP12565502-Refrigerator-Spring.jpg",
    "name": "Gaggenau Refrigerator Spring",
    "partselect_number": "PS11738537",
    "manufacturer_number": "WP12565502",
    "description": "★★★★★\n★★★★★\n2 Reviews",
    "price": "$9.85",
    "stock_status": "In Stock",
    "rating": "3.50 out of 5",
    "reviews_count": 2
  },
  {
    "url": "https://www.partselect.com/PS16221154-Whirlpool-W11490183-PAN-UTILTY.htm?SourceCode=18",
    "image_url": "https://partselectcom-gtcdcddbene3cpes.z01.azurefd.net/assets/images/noimage_N.jpg",
    "name": "Gaggenau Refrigerator Pan-utilty",
    "partselect_number": "PS16221154",
    "manufacturer_number": "W11490183",
    "description": "★★★★★\n★★★★★\n1 Review\nPantry lid NOT included. Drawer only.",
    "price": "$77.71",
    "stock_status": "In Stock",
    "rating": "5.00 out of 5",
    "reviews_count": 1
  },
  {
    "url": "https://www.partselect.com/PS12727858-Whirlpool-W11176463-Refrigerator-Ice-Maker-Fill-Tube.htm?SourceCode=18",
    "image_url": "https://partselectcom-gtcdcddbene3cpes.z01.azurefd.net/12727858-1-N-Whirlpool-W11176463-Refrigerator-Ice-Maker-Fill-Tube.jpg",
    "name": "Gaggenau Refrigerator Ice Maker Fill Tube",
    "partselect_number": "PS12727858",
    "manufacturer_number": "W11176463",
    "description": "★★★★★\n★★★★★\n3 Reviews\nThis fill tube elbow is almost eleven inches long. It is all white in color and is made of plastic. It is used with the icemakers of some refrigerators.",
    "price": "$51.89",
    "stock_status": "In Stock",
    "rating": "3.67 out of 5",
    "reviews_count": 3
  },
  {
    "url": "https://www.partselect.com/PS11749612-Whirlpool-WPW10175909-Refrigerator-Grille-Shroud.htm?SourceCode=18",
    "image_url": "https://partselectcom-gtcdcddbene3cpes.z01.azurefd.net/11749612-1-N-Whirlpool-WPW10175909-Refrigerator-Grille-Shroud.jpg",
    "name": "Gaggenau Refrigerator Grille Shroud",
    "partselect_number": "PS11749612",
    "manufacturer_number": "WPW10175909",
    "description": "★★★★★\n★★★★★\n5 Reviews\nManufacturer Part Number WPW10175909",
    "price": "$43.07",
    "stock_status": "In Stock",
    "rating": "5.00 out of 5",
    "reviews_count": 5
  },
  {
    "url": "https://www.partselect.com/PS8736534-Bosch-00710674-SEAL-DOOR.htm?SourceCode=18",
    "image_url": "https://partselectcom-gtcdcddbene3cpes.z01.azurefd.net/8736534-1-N-Bosch-00710674-SEAL-DOOR.jpg",
    "name": "Gaggenau Refrigerator Seal-door",
    "partselect_number": "PS8736534",
    "manufacturer_number": "00710674",
    "description": "Manufacturer Part Number 00710674",
    "price": "$88.58",
    "stock_status": "In Stock"
  },
  {
    "url": "https://www.partselect.com/PS11743571-Whirlpool-WP67004028-Ice-Maker-Shutoff-Arm.htm?SourceCode=18",
    "image_url": "https://partselectcom-gtcdcddbene3cpes.z01.azurefd.net/11743571-1-N-Whirlpool-WP67004028-Ice-Maker-Shutoff-Arm.jpg",
    "name": "Gaggenau Refrigerator Ice Maker Shutoff Arm",
    "partselect_number": "PS11743571",
    "manufacturer_number": "WP67004028",
    "description": "★★★★★\n★★★★★\n2 Reviews\nThe icemaker shut off arm, used in a refrigerator, gives the icemaker a signal to stop making ice once the bin has a reached a certain limit. This helps monitor ice production. If your icemaker is not making ice properly or consistently, replacing this part could be a solution to your problem. The tools required for this installation are a 1/4 inch nut driver, a Phillips screwdriver, and needle nose pliers. Refer to the manual guide provided by the manufacturer for further guidance and instructions. Remember to safely store food when the refrigerator power is off to keep it from deteriorating.",
    "price": "$46.99",
    "stock_status": "In Stock",
    "rating": "4.50 out of 5",
    "reviews_count": 2
  },
  {
    "url": "https://www.partselect.com/PS8728848-Bosch-00623317-CLIP.htm?SourceCode=18",
    "image_url": "https://partselectcom-gtcdcddbene3cpes.z01.azurefd.net/8728848-1-N-Bosch-00623317-CLIP.jpg",
    "name": "Gaggenau Refrigerator Clip",
    "partselect_number": "PS8728848",
    "manufacturer_number": "00623317",
    "description": "Manufacturer Part Number 00623317",
    "price": "$6.98",
    "stock_status": "In Stock"
  },
  {
    "url": "https://www.partselect.com/PS8736533-Bosch-00710673-SEAL-DOOR.htm?SourceCode=18",
    "image_url": "https://partselectcom-gtcdcddbene3cpes.z01.azurefd.net/8736533-1-N-Bosch-00710673-SEAL-DOOR.jpg",
    "name": "Gaggenau Refrigerator Seal-door",
    "partselect_number": "PS8736533",
    "manufacturer_number": "00710673",
    "price": "$68.54",
    "stock_status": "In Stock"
  },
  {
    "url": "https://www.partselect.com/PS11738235-Whirlpool-WP10450603-Refrigerator-Single-Roller.htm?SourceCode=18",
    "image_url": "https://partselectcom-gtcdcddbene3cpes.z01.azurefd.net/11738235-1-N-Whirlpool-WP10450603-Refrigerator-Single-Roller.jpg",
    "name": "Gaggenau Refrigerator Single Roller",
    "partselect_number": "PS11738235",
    "manufacturer_number": "WP10450603",
    "description": "★★★★★\n★★★★★\n2 Reviews\nThis wheel is sold individually. It is located on the bottom of the refrigerator.",
    "price": "$9.85",
    "stock_status": "In Stock",
    "rating": "2.50 out of 5",
    "reviews_count": 2
  },
  {
    "url": "https://www.partselect.com/PS8728095-Bosch-00617203-00-Sensor.htm?SourceCode=18",
    "image_url": "https://partselectcom-gtcdcddbene3cpes.z01.azurefd.net/8728095-1-N-Bosch-00617203-00-Sensor.jpg",
    "name": "Gaggenau Refrigerator 00 Sensor",
    "partselect_number": "PS8728095",
    "manufacturer_number": "00617203",
    "description": "Manufacturer Part Number 00617203",
    "price": "$18.92",
    "stock_status": "In Stock"
  },
  {
    "url": "https://www.partselect.com/PS11743568-Whirlpool-WP67003924-Cover.htm?SourceCode=18",
    "image_url": "https://partselectcom-gtcdcddbene3cpes.z01.azurefd.net/11743568-1-N-Whirlpool-WP67003924-Cover.jpg",
    "name": "Gaggenau Refrigerator Cover",
    "partselect_number": "PS11743568",
    "manufacturer_number": "WP67003924",
    "description": "★★★★★\n★★★★★\n1 Review\nManufacturer Part Number WP67003924",
    "price": "$9.95",
    "stock_status": "On Order",
    "rating": "5.00 out of 5",
    "reviews_count": 1
  },
  {
    "url": "https://www.partselect.com/PS8728852-Bosch-00623375-LOCK-CLAMP.htm?SourceCode=18",
    "image_url": "https://partselectcom-gtcdcddbene3cpes.z01.azurefd.net/8728852-1-N-Bosch-00623375-LOCK-CLAMP.jpg",
    "name": "Gaggenau Refrigerator Lock-clamp",
    "partselect_number": "PS8728852",
    "manufacturer_number": "00623375",
    "description": "Manufacturer Part Number 00623375",
    "price": "$15.35",
    "stock_status": "In Stock"
  },
  {
    "url": "https://www.partselect.com/PS8731527-Bosch-00654622-RELAY-STARTING.htm?SourceCode=18",
    "image_url": "https://partselectcom-gtcdcddbene3cpes.z01.azurefd.net/8731527-1-N-Bosch-00654622-RELAY-STARTING.jpg",
    "name": "Gaggenau Refrigerator Relay-starting",
    "partselect_number": "PS8731527",
    "manufacturer_number": "00654622",
    "description": "Manufacturer Part Number 00654622",
    "price": "$196.85",
    "stock_status": "In Stock"
  },
  {
    "url": "https://www.partselect.com/PS16763574-Bosch-10024678-LIMITER-TEMPERATURE-FOR-EVAPORATOR-HEATER.htm?SourceCode=18",
    "image_url": "https://partselectcom-gtcdcddbene3cpes.z01.azurefd.net/16763574-1-N-Bosch-10024678-LIMITER-TEMPERATURE-FOR-EVAPORATOR-HEATER.jpg",
    "name": "Gaggenau Refrigerator Limiter-temperature, For Evaporator Heater",
    "partselect_number": "PS16763574",
    "manufacturer_number": "10024678",
    "description": "Manufacturer Part Number 10024678",
    "price": "$56.95",
    "stock_status": "In Stock"
  },
  {
    "url": "https://www.partselect.com/PS11743447-Whirlpool-WP67001255-Ice-Bucket.htm?SourceCode=18",
    "image_url": "https://partselectcom-gtcdcddbene3cpes.z01.azurefd.net/11743447-1-N-Whirlpool-WP67001255-Ice-Bucket.jpg",
    "name": "Gaggenau Refrigerator Ice Bucket",
    "partselect_number": "PS11743447",
    "manufacturer_number": "WP67001255",
    "description": "★★★★★\n★★★★★\n4 Reviews\nThe ice bucket in your freezer catches and holds the ice when it is released by the icemaker. If your ice bucket is cracked or damaged, you may need to replace it to prevent a potential leak. This part is made of white plastic and is sold individually. This ice bucket is approximately 15 inches long by 12 inches wide. Many of our customers have rated this repair as very easy. To complete this repair, simply remove the old ice bucket and replace it with the new one. Be sure to remove any broken pieces of the old ice bucket before replacing it.",
    "price": "$87.31",
    "stock_status": "In Stock",
    "rating": "4.75 out of 5",
    "reviews_count": 4
  },
  {
    "url": "https://www.partselect.com/PS12071833-Bosch-00716385-SEAL-DOOR.htm?SourceCode=18",
    "image_url": "https://partselectcom-gtcdcddbene3cpes.z01.azurefd.net/12071833-1-N-Bosch-00716385-SEAL-DOOR.jpg",
    "name": "Gaggenau Refrigerator Seal-door",
    "partselect_number": "PS12071833",
    "manufacturer_number": "00716385",
    "price": "$125.84",
    "stock_status": "In Stock"
  },
  {
    "url": "https://www.partselect.com/PS11747913-Whirlpool-WPM0114003-Refrigerator-Speed-Clamp-Clip.htm?SourceCode=18",
    "image_url": "https://partselectcom-gtcdcddbene3cpes.z01.azurefd.net/11747913-1-N-Whirlpool-WPM0114003-Refrigerator-Speed-Clamp-Clip.jpg",
    "name": "Gaggenau Refrigerator Speed Clamp Clip",
    "partselect_number": "PS11747913",
    "manufacturer_number": "WPM0114003",
    "description": "This is a speed lamp clip, and may also be known as the water line spring clamp. It is used in conjunction with your refrigerator. If you have a leak at your fill tub, this part may be the reason. The function of this clip is to keep the fill tube and the water line connected. This will allow water to flow freely without leakage into your water/ice dispensers. This part is quite small, with less than a half-inch in outer diameter. The clip is an off-black, almost olive color, and is rounded.",
    "price": "$11.95",
    "stock_status": "In Stock"
  },
  {
    "url": "https://www.partselect.com/PS11743599-Whirlpool-WP67004757-Defrost-Thermostat.htm?SourceCode=18",
    "image_url": "https://partselectcom-gtcdcddbene3cpes.z01.azurefd.net/11743599-1-N-Whirlpool-WP67004757-Defrost-Thermostat.jpg",
    "name": "Gaggenau Refrigerator Defrost Thermostat",
    "partselect_number": "PS11743599",
    "manufacturer_number": "WP67004757",
    "description": "★★★★★\n★★★★★\n2 Reviews\nThis is a temperature sensing mechanism. It can sense the rise in evaporator temperature during a defrost cycle and cycles the defrost heater off after all frost is melted from the coils.",
    "price": "$62.67",
    "stock_status": "In Stock",
    "rating": "5.00 out of 5",
    "reviews_count": 2
  },
  {
    "url": "https://www.partselect.com/PS8733744-Bosch-00676781-MOTOR-FAN.htm?SourceCode=18",
    "image_url": "https://partselectcom-gtcdcddbene3cpes.z01.azurefd.net/8733744-1-N-Bosch-00676781-MOTOR-FAN.jpg",
    "name": "Gaggenau Refrigerator Motor-fan",
    "partselect_number": "PS8733744",
    "manufacturer_number": "00676781",
    "description": "Manufacturer Part Number 00676781",
    "price": "$264.17",
    "stock_status": "In Stock"
  },
  {
    "url": "https://www.partselect.com/PS8726154-Bosch-00604020-SWITCH.htm?SourceCode=18",
    "image_url": "https://partselectcom-gtcdcddbene3cpes.z01.azurefd.net/8726154-1-N-Bosch-00604020-SWITCH.jpg",
    "name": "Gaggenau Refrigerator Switch",
    "partselect_number": "PS8726154",
    "manufacturer_number": "00604020",
    "price": "$11.46",
    "stock_status": "In Stock"
  },
  {
    "url": "https://www.partselect.com/PS10058302-Bosch-00755129-RAIL.htm?SourceCode=18",
    "image_url": "https://partselectcom-gtcdcddbene3cpes.z01.azurefd.net/10058302-1-N-Bosch-00755129-RAIL.jpg",
    "name": "Gaggenau Refrigerator Rail",
    "partselect_number": "PS10058302",
    "manufacturer_number": "00755129",
    "description": "★★★★★\n★★★★★\n2 Reviews\nManufacturer Part Number 00755129",
    "price": "$100.32",
    "stock_status": "In Stock",
    "rating": "5.00 out of 5",
    "reviews_count": 2
  },
  {
    "url": "https://www.partselect.com/PS2374991-Whirlpool-12726003-Cover.htm?SourceCode=18",
    "image_url": "https://partselectcom-gtcdcddbene3cpes.z01.azurefd.net/2374991-1-N-Whirlpool-12726003-Cover.jpg",
    "name": "Gaggenau Refrigerator Cover",
    "partselect_number": "PS2374991",
    "manufacturer_number": "12726003",
    "description": "Manufacturer Part Number 12726003",
    "price": "$16.95",
    "stock_status": "Special Order"
  },
  {
    "url": "https://www.partselect.com/PS11738612-Whirlpool-WP12744905-Door-Complete.htm?SourceCode=18",
    "image_url": "https://partselectcom-gtcdcddbene3cpes.z01.azurefd.net/11738612-1-N-Whirlpool-WP12744905-Door-Complete.jpg",
    "name": "Gaggenau Refrigerator Door Complete",
    "partselect_number": "PS11738612",
    "manufacturer_number": "WP12744905",
    "description": "Manufacturer Part Number WP12744905",
    "price": "$66.28",
    "stock_status": "In Stock"
  },
  {
    "url": "https://www.partselect.com/PS11743659-Whirlpool-WP67006131-Condenser.htm?SourceCode=18",
    "image_url": "https://partselectcom-gtcdcddbene3cpes.z01.azurefd.net/11743659-1-N-Whirlpool-WP67006131-Condenser.jpg",
    "name": "Gaggenau Refrigerator Condenser",
    "partselect_number": "PS11743659",
    "manufacturer_number": "WP67006131",
    "description": "★★★★★\n★★★★★\n1 Review\nManufacturer Part Number WP67006131",
    "price": "$151.63",
    "stock_status": "In Stock",
    "rating": "5.00 out of 5",
    "reviews_count": 1
  },
  {
    "url": "https://www.partselect.com/PS8735998-Bosch-00702092-ICE-MAKER.htm?SourceCode=18",
    "image_url": "https://partselectcom-gtcdcddbene3cpes.z01.azurefd.net/8735998-1-N-Bosch-00702092-ICE-MAKER.jpg",
    "name": "Gaggenau Refrigerator Ice Maker",
    "partselect_number": "PS8735998",
    "manufacturer_number": "00702092",
    "price": "$1082.97",
    "stock_status": "In Stock"
  },
  {
    "url": "https://www.partselect.com/PS8726185-Bosch-00604180-SENSOR-NTC.htm?SourceCode=18",
    "image_url": "https://partselectcom-gtcdcddbene3cpes.z01.azurefd.net/8726185-1-N-Bosch-00604180-SENSOR-NTC.jpg",
    "name": "Gaggenau Refrigerator Sensor-ntc",
    "partselect_number": "PS8726185",
    "manufacturer_number": "00604180",
    "description": "Manufacturer Part Number 00604180",
    "price": "$15.99",
    "stock_status": "In Stock"
  },
  {
    "url": "https://www.partselect.com/PS11738544-Whirlpool-WP12575501-Refrigerator-Limit-Switch.htm?SourceCode=18",
    "image_url": "https://partselectcom-gtcdcddbene3cpes.z01.azurefd.net/11738544-1-N-Whirlpool-WP12575501-Refrigerator-Limit-Switch.jpg",
    "name": "Gaggenau Refrigerator Limit Switch",
    "partselect_number": "PS11738544",
    "manufacturer_number": "WP12575501",
    "price": "$41.95",
    "stock_status": "In Stock"
  },
  {
    "url": "https://www.partselect.com/PS8727926-Bosch-00616035-CLIP.htm?SourceCode=18",
    "image_url": "https://partselectcom-gtcdcddbene3cpes.z01.azurefd.net/8727926-1-N-Bosch-00616035-CLIP.jpg",
    "name": "Gaggenau Refrigerator Clip",
    "partselect_number": "PS8727926",
    "manufacturer_number": "00616035",
    "description": "Manufacturer Part Number 00616035",
    "price": "$6.08",
    "stock_status": "In Stock"
  },
  {
    "url": "https://www.partselect.com/PS12075203-Bosch-00716805-GUTTER-HEATING.htm?SourceCode=18",
    "image_url": "https://partselectcom-gtcdcddbene3cpes.z01.azurefd.net/12075203-1-N-Bosch-00716805-GUTTER-HEATING.jpg",
    "name": "Gaggenau Refrigerator Gutter Heating",
    "partselect_number": "PS12075203",
    "manufacturer_number": "00716805",
    "description": "Manufacturer Part Number 00716805",
    "price": "$190.16",
    "stock_status": "In Stock"
  },
  {
    "name": "",
    "url": "https://www.partselect.com/Gaggenau-Refrigerator-Switches.htm",
    "description": "Gaggenau Refrigerator Switches"
  },
  {
    "name": "",
    "url": "https://www.partselect.com/Gaggenau-Refrigerator-Drawers-and-Glides.htm",
    "description": "Gaggenau Refrigerator Drawers and Glides"
  },
  {
    "name": "",
    "url": "https://www.partselect.com/Gaggenau-Refrigerator-Hardware.htm",
    "description": "Gaggenau Refrigerator Hardware"
  },
  {
    "name": "",
    "url": "https://www.partselect.com/Gaggenau-Refrigerator-Trays-and-Shelves.htm",
    "description": "Gaggenau Refrigerator Trays and Shelves"
  },
  {
    "name": "",
    "url": "https://www.partselect.com/Gaggenau-Refrigerator-Ice-Makers.htm",
    "description": "Gaggenau Refrigerator Ice Makers"
  },
  {
    "name": "",
    "url": "https://www.partselect.com/Gaggenau-Refrigerator-Hinges.htm",
    "description": "Gaggenau Refrigerator Hinges"
  }
]