[
  {
    "url": "https://www.partselect.com/PS17137081-GE-WD22X33499-LOWER-SPRAY-ARM.htm?SourceCode=18",
    "image_url": "https://partselectcom-gtcdcddbene3cpes.z01.azurefd.net/17137081-1-N-GE-WD22X33499-LOWER-SPRAY-ARM.jpg",
    "name": "General Electric Dishwasher Lower Spray Arm",
    "partselect_number": "PS17137081",
    "manufacturer_number": "WD22X33499",
    "description": "★★★★★\n★★★★★\n35 Reviews\nThis lower spray arm assembly in your dishwasher distributes water and detergent during the washing cycle by spinning around and spraying water in different directions. You can usually find it attached to a support or hub at the bottom of the dishwasher. If this part is broken, you might notice some signs. You might hear a knocking or banging sound coming from the dishwasher. The spray arm may not rotate properly or might seem wobbly. It is important to replace a damaged arm assembly as your dishes will not get cleaned properly, and they will still have dirt on them even after a wash cycle. It can also cause the dishwasher to have a bad smell because of leftover food residue. To remove your existing arm assembly, you will need to release its locking mechanism before lifting it out of your appliance. Please be informed that this OEM-verified part is sold individually.",
    "price": "$\n24.91",
    "stock_status": "In Stock",
    "rating": "4.8/5",
    "reviews_count": 35,
    "reviews": [],
    "repair_stories": [],
    "symptoms_fixed": "Not cleaning dishes properly | Noisy | Leaking | Not draining",
    "works_with": "Dishwasher.",
    "also_replaces": [
      "WD22X10091",
      "WD22X25962",
      "WD22X26621",
      "WD22X27724"
    ],
    "video_url": ""
  },
  {
    "url": "https://www.partselect.com/PS16217024-GE-WD12X26146-Dishwasher-Lower-Rack-Roller.htm?SourceCode=18",
    "image_url": "https://partselectcom-gtcdcddbene3cpes.z01.azurefd.net/16217024-1-N-GE-WD12X26146-Dishwasher-Lower-Rack-Roller.jpg",
    "name": "General Electric Dishwasher Lower Rack Roller",
    "partselect_number": "PS16217024",
    "manufacturer_number": "WD12X26146",
    "description": "★★★★★\n★★★★★\n23 Reviews\nThe lower rack roller supports the smooth sliding of your dishwasher’s bottom rack. Measuring 1.5 inches in diameter and charcoal-colored, this OEM replacement part is sold individually. Replace all four rollers at once for consistent performance. Wear gloves during installation.",
    "price": "$\n12.56",
    "stock_status": "In Stock",
    "rating": "4.7/5",
    "reviews_count": 23,
    "reviews": [],
    "repair_stories": [],
    "symptoms_fixed": "Dishwasher.",
    "works_with": "Dishwasher.",
    "also_replaces": [
      "WD12X10435"
    ],
    "video_url": "https://www.youtube.com/watch?v=qJbNy0AvfBs"
  },
  {
    "url": "https://www.partselect.com/PS11700870-GE-WD08X21894-Gasket.htm?SourceCode=18",
    "image_url": "https://partselectcom-gtcdcddbene3cpes.z01.azurefd.net/11700870-1-N-GE-WD08X21894-Gasket.jpg",
    "name": "General Electric Dishwasher Gasket",
    "partselect_number": "PS11700870",
    "manufacturer_number": "WD08X21894",
    "description": "★★★★★\n★★★★★\n36 Reviews\nThis part is a replacement gasket for your dishwasher. The gasket creates a seal at the bottom of the dishwasher tub, so water does not leak out while the dishwasher is running. If you notice water leaking out onto the floor, you should inspect the gasket for damages and replace as necessary. The gasket is gray in color and is approximately 22 inches long. It is made of plastic and is sold individually. This is a genuine OEM part sourced directly from the manufacturer.",
    "price": "$\n30.02",
    "stock_status": "In Stock",
    "rating": "4.5/5",
    "reviews_count": 36,
    "reviews": [],
    "repair_stories": [],
    "symptoms_fixed": "",
    "works_with": "",
    "also_replaces": [],
    "video_url": "https://www.youtube.com/watch?v=7NfdyJp1zKA"
  },
  {
    "url": "https://www.partselect.com/PS16618975-GE-WD28X30219-Upper-Rack-Assembly.htm?SourceCode=18",
    "image_url": "https://partselectcom-gtcdcddbene3cpes.z01.azurefd.net/16618975-1-N-GE-WD28X30219-Upper-Rack-Assembly.jpg",
    "name": "General Electric Dishwasher Upper Rack Assembly",
    "partselect_number": "PS16618975",
    "manufacturer_number": "WD28X30219",
    "description": "★★★★★\n★★★★★\n57 Reviews\nThis dishrack is for dishwashers. The dishrack holds the dishes in place during the dishwashing cycle. Follow the instructions in the manual when installing this part.",
    "price": "$93.70",
    "stock_status": "On Order",
    "rating": "4.53 out of 5",
    "reviews_count": 57
  },
  {
    "url": "https://www.partselect.com/PS11774412-GE-WD08X23476-Dishwasher-Tub-Gasket.htm?SourceCode=18",
    "image_url": "https://partselectcom-gtcdcddbene3cpes.z01.azurefd.net/11774412-1-N-GE-WD08X23476-Dishwasher-Tub-Gasket.jpg",
    "name": "General Electric Dishwasher Tub Gasket",
    "partselect_number": "PS11774412",
    "manufacturer_number": "WD08X23476",
    "description": "★★★★★\n★★★★★\n34 Reviews\nThe tub gasket, also known as the door gasket runs along the perimeter of your dishwasher basin and creates a seal that prevents water from leaking out when the tub is full. If you notice water on the floor after you run your dishwasher, it may be an indication that the gasket is loose or damaged. If your door gasket is damaged, it will need to be replaced. To replace the gasket, simply pull the old gasket out of the groove it rests in, and press the new gasket into place. This part is made of black rubber and is sold individually.",
    "price": "$29.05",
    "stock_status": "In Stock",
    "rating": "4.85 out of 5",
    "reviews_count": 34
  },
  {
    "url": "https://www.partselect.com/PS17873321-GE-WD01X35298-RACK-CARRIER-AND-ROLLER-KIT.htm?SourceCode=18",
    "image_url": "https://partselectcom-gtcdcddbene3cpes.z01.azurefd.net/assets/images/noimage_N.jpg",
    "name": "General Electric Dishwasher Rack Carrier And Roller Kit",
    "partselect_number": "PS17873321",
    "manufacturer_number": "WD01X35298",
    "description": "★★★★★\n★★★★★\n12 Reviews",
    "price": "$33.55",
    "stock_status": "In Stock",
    "rating": "4.33 out of 5",
    "reviews_count": 12
  },
  {
    "url": "https://www.partselect.com/PS16618974-GE-WD28X28918-Lower-Rack-SWB-Replacement-Kit.htm?SourceCode=18",
    "image_url": "https://partselectcom-gtcdcddbene3cpes.z01.azurefd.net/16618974-1-N-GE-WD28X28918-Lower-Rack-SWB-Replacement-Kit.jpg",
    "name": "General Electric Dishwasher Lower Rack & Swb Replacement Kit",
    "partselect_number": "PS16618974",
    "manufacturer_number": "WD28X28918",
    "description": "★★★★★\n★★★★★\n68 Reviews\nThis dish rack is for dishwashers. Dish rack holds the dishes in place during the dish washing cycle",
    "price": "$78.49",
    "stock_status": "In Stock",
    "rating": "4.57 out of 5",
    "reviews_count": 68
  },
  {
    "url": "https://www.partselect.com/PS17137080-GE-WD22X33498-MID-SPRAY-ARM.htm?SourceCode=18",
    "image_url": "https://partselectcom-gtcdcddbene3cpes.z01.azurefd.net/17137080-1-N-GE-WD22X33498-MID-SPRAY-ARM.jpg",
    "name": "General Electric Dishwasher Mid Spray Arm",
    "partselect_number": "PS17137080",
    "manufacturer_number": "WD22X33498",
    "description": "★★★★★\n★★★★★\n12 Reviews\nThis OEM mid spray or center wash arm assembly distributes water and detergent in your dishwasher during the wash cycle. It has small nozzles that spray water onto your dishes and is located between the lower and upper rack. A broken assembly will result in weak water flow and ineffective dishwashing. It may also display signs of damage such as cracks, breaks, or missing nozzles. Additionally, a malfunctioning assembly can cause imbalanced water flow, potentially leading to damage to other dishwasher components such as filters or pumps. Prompt replacement is necessary to ensure proper dishwashing performance and prevent further damage. To install this to your appliance, you will need to snap its mounting bracket onto the rack before attaching the arms onto it. This replacement part is sold individually.",
    "price": "$32.59",
    "stock_status": "In Stock",
    "rating": "4.92 out of 5",
    "reviews_count": 12
  },
  {
    "url": "https://www.partselect.com/PS6447681-GE-WD21X10490-Door-Latch.htm?SourceCode=18",
    "image_url": "https://partselectcom-gtcdcddbene3cpes.z01.azurefd.net/6447681-1-N-GE-WD21X10490-Door-Latch.jpg",
    "name": "General Electric Dishwasher Door Latch",
    "partselect_number": "PS6447681",
    "manufacturer_number": "WD21X10490",
    "description": "★★★★★\n★★★★★\n55 Reviews\nThis is replacement door latch for your dishwasher. The door latch is attached to the tub frame, and connects to the door strike to keep your dishwasher door closed during operation. If you have a broken or faulty door latch, your dishwasher door may not stay closed, and this can prevent the dishwasher from running. This item is sold individually, and if your door strike is also damaged, you will need to replace that part separately. This is an OEM part sourced directly from the manufacturer.",
    "price": "$44.11",
    "stock_status": "In Stock",
    "rating": "4.56 out of 5",
    "reviews_count": 55
  },
  {
    "url": "https://www.partselect.com/PS16729156-GE-WD05X30818-HEATING-ELEMENT.htm?SourceCode=18",
    "image_url": "https://partselectcom-gtcdcddbene3cpes.z01.azurefd.net/16729156-1-N-GE-WD05X30818-HEATING-ELEMENT.jpg",
    "name": "General Electric Dishwasher Heating Element",
    "partselect_number": "PS16729156",
    "manufacturer_number": "WD05X30818",
    "description": "★★★★★\n★★★★★\n29 Reviews\nThe element heating assembly is found at the bottom of the dishwasher tub, and helps to warm the water in the wash cycle, and dry the dishes afterward. If the water does not heat up during the wash cycle, or the dishes are not being dried properly, you may need to replace the element heating assembly in your dishwasher. This element heating assembly is horseshoe-shaped and is sold individually. To replace your heating assembly, first make sure it has cooled down, then simply slide the connecting tabs out. Replace with a new heating element and your problem should be solved.",
    "price": "$51.79",
    "stock_status": "In Stock",
    "rating": "4.07 out of 5",
    "reviews_count": 29
  },
  {
    "url": "https://www.partselect.com/PS17137102-GE-WD28X31819-LOWER-RACK.htm?SourceCode=18",
    "image_url": "https://partselectcom-gtcdcddbene3cpes.z01.azurefd.net/17137102-1-N-GE-WD28X31819-LOWER-RACK.jpg",
    "name": "General Electric Dishwasher Lower Rack",
    "partselect_number": "PS17137102",
    "manufacturer_number": "WD28X31819",
    "description": "★★★★★\n★★★★★\n80 Reviews\nThis part includes the wheels.",
    "price": "$130.14",
    "stock_status": "In Stock",
    "rating": "3.84 out of 5",
    "reviews_count": 80
  },
  {
    "url": "https://www.partselect.com/PS1481883-GE-WD12X10231-Dishwasher-Lower-Rack-Wheel-And-Stud.htm?SourceCode=18",
    "image_url": "https://partselectcom-gtcdcddbene3cpes.z01.azurefd.net/1481883-1-N-GE-WD12X10231-Dishwasher-Lower-Rack-Wheel-And-Stud.jpg",
    "name": "General Electric Dishwasher Lower Rack Wheel And Stud",
    "partselect_number": "PS1481883",
    "manufacturer_number": "WD12X10231",
    "description": "★★★★★\n★★★★★\n15 Reviews\nThis is a replacement wheel and stud for your lower dish rack. This part is sold individually. The wheels are easy to replace, you just need to snap them in place after removing the old one.",
    "price": "$13.53",
    "stock_status": "In Stock",
    "rating": "4.20 out of 5",
    "reviews_count": 15
  },
  {
    "url": "https://www.partselect.com/PS8746204-GE-WD28X10384-Dishwasher-Lower-Dishrack-w-Wheels-Gray.htm?SourceCode=18",
    "image_url": "https://partselectcom-gtcdcddbene3cpes.z01.azurefd.net/8746204-1-N-GE-WD28X10384-Dishwasher-Lower-Dishrack-w-Wheels-Gray.jpg",
    "name": "General Electric Dishwasher Lower Dishrack W/wheels Gray",
    "partselect_number": "PS8746204",
    "manufacturer_number": "WD28X10384",
    "description": "★★★★★\n★★★★★\n52 Reviews\nThis genuine OEM lower rack assembly is compatible with various dishwashers. It is located at the bottom of the dishwasher. Each rack has a series of tines and dividers designed to accommodate different sizes and shapes of dishes. The assembly includes 8 rollers/wheels to allow users to easily slide the rack in and out of the dishwasher cavity. The rack holds larger items such as plates and bowls and keeps them secure and stable while the dishwasher is running. If the rack or wheels are damaged, then you will need to replace the assembly to avoid damage to the interior of the dishwasher or to your dishes.",
    "price": "$198.50",
    "stock_status": "In Stock",
    "rating": "4.48 out of 5",
    "reviews_count": 52
  },
  {
    "url": "https://www.partselect.com/PS16219694-GE-WD15X27703-Water-Valve-Assembly.htm?SourceCode=18",
    "image_url": "https://partselectcom-gtcdcddbene3cpes.z01.azurefd.net/16219694-1-N-GE-WD15X27703-Water-Valve-Assembly.jpg",
    "name": "General Electric Dishwasher Water Valve Assembly",
    "partselect_number": "PS16219694",
    "manufacturer_number": "WD15X27703",
    "description": "★★★★★\n★★★★★\n1 Review",
    "price": "$32.93",
    "stock_status": "In Stock",
    "rating": "5.00 out of 5",
    "reviews_count": 1
  },
  {
    "url": "https://www.partselect.com/PS3486910-GE-WD12X10327-Dishwasher-Upper-Roller-And-Axle-Kit-Of-4.htm?SourceCode=18",
    "image_url": "https://partselectcom-gtcdcddbene3cpes.z01.azurefd.net/3486910-1-N-GE-WD12X10327-Dishwasher-Upper-Roller-And-Axle-Kit-Of-4.jpg",
    "name": "General Electric Dishwasher Upper Roller And Axle Kit Of 4",
    "partselect_number": "PS3486910",
    "manufacturer_number": "WD12X10327",
    "description": "★★★★★\n★★★★★\n93 Reviews\nThe dishwasher roller assembly attaches to the upper dishrack. It allows the dishrack to slide out easily. If the upper rack keeps falling off the track in dishwasher, the door will not close, the door makes noises, and/or dishes are not cleaning properly, it is best to replace it for more security. A flat-blade screwdriver is the only tool needed for this installation. Slide open the upper dishwasher rack and remove the retaining tabs from both ends of the rack and slide it out. Locate the older roll assembly, remove it, and replace the rollers. Remember to put back the tabs on each side before sliding it back in. Make sure the dishwasher is turned off before starting this repair.",
    "price": "$28.75",
    "stock_status": "In Stock",
    "rating": "4.87 out of 5",
    "reviews_count": 93
  },
  {
    "url": "https://www.partselect.com/PS12730507-GE-WD19X25461-DRAIN-PUMP.htm?SourceCode=18",
    "image_url": "https://partselectcom-gtcdcddbene3cpes.z01.azurefd.net/12730507-1-N-GE-WD19X25461-DRAIN-PUMP.jpg",
    "name": "General Electric Dishwasher Drain Pump",
    "partselect_number": "PS12730507",
    "manufacturer_number": "WD19X25461",
    "description": "★★★★★\n★★★★★\n4 Reviews\nThis is a drain pump assembly for dishwashers. The drain pump is what drains and removes the dirty and contaminated food waste and water from your dishwasher during and after the washing cycle. Over time and with increasing age, pumps can fail or simply stop working as efficiently, and if you suspect your drain pump assembly is broken or bad, it is worth inspecting and testing with a multimeter before replacing. Replacing a drain pump will require some disassembly of your dishwasher, and as such will require a screwdriver and wrench. This OEM drain pump assembly is sold individually and does not come with any other parts like hoses or wire harnesses.",
    "price": "$44.57",
    "stock_status": "In Stock",
    "rating": "5.00 out of 5",
    "reviews_count": 4
  },
  {
    "url": "https://www.partselect.com/PS3654179-GE-WD15X10014-Dishwasher-Inlet-Valve.htm?SourceCode=18",
    "image_url": "https://partselectcom-gtcdcddbene3cpes.z01.azurefd.net/3654179-1-N-GE-WD15X10014-Dishwasher-Inlet-Valve.jpg",
    "name": "General Electric Dishwasher Inlet Valve",
    "partselect_number": "PS3654179",
    "manufacturer_number": "WD15X10014",
    "description": "★★★★★\n★★★★★\n56 Reviews\nThis water inlet valve should be located behind the lower kickplate panel in either the right or left corner. The attaching solenoid on the valve open and close according to the desired amount of water needed.",
    "price": "$45.54",
    "stock_status": "In Stock",
    "rating": "4.73 out of 5",
    "reviews_count": 56
  },
  {
    "url": "https://www.partselect.com/PS11772005-GE-WD28X22867-Complete-Silverware-Basket-Assembly.htm?SourceCode=18",
    "image_url": "https://partselectcom-gtcdcddbene3cpes.z01.azurefd.net/11772005-1-N-GE-WD28X22867-Complete-Silverware-Basket-Assembly.jpg",
    "name": "General Electric Dishwasher Complete Silverware Basket Assembly",
    "partselect_number": "PS11772005",
    "manufacturer_number": "WD28X22867",
    "description": "★★★★★\n★★★★★\n9 Reviews\nThis is a silverware basket for various dishwashers. This basket assembly attaches to the dishrack within your dishwasher to hold your silverware so it can be cleaned and washed. If your current silverware basket is missing or unable to adequately hold your silverware, it should be replaced immediately. This basket assembly features the basket itself, which is made of dark gray ABS material, two red hooks that allow the basket to be secured to the lower dishrack, and three clamps for each of the respective baskets that allow you to stand your cutlery up. This OEM silverware basket is sold individually and does not come with any other parts for your dishwasher.",
    "price": "$48.40",
    "stock_status": "In Stock",
    "rating": "4.00 out of 5",
    "reviews_count": 9
  },
  {
    "url": "https://www.partselect.com/PS263964-GE-WD8X228-Dishwasher-Corner-Tub-Baffle-Lower-Left-Side.htm?SourceCode=18",
    "image_url": "https://partselectcom-gtcdcddbene3cpes.z01.azurefd.net/263964-1-N-GE-WD8X228-Dishwasher-Corner-Tub-Baffle-Lower-Left-Side.jpg",
    "name": "General Electric Dishwasher Corner Tub Baffle Lower (left Side)",
    "partselect_number": "PS263964",
    "manufacturer_number": "WD8X228",
    "description": "★★★★★\n★★★★★\n21 Reviews\nThe corner tub baffle may also be known as the door baffle and is a part used on your dishwasher. The left and right side baffle on your dishwasher should be installed and replaced at the same time. This specific part is for the lower left side of your appliance, the right-side is sold separately. The function of the tub corner baffle is to prevent water from leaking through your dishwasher door. The function of this specific one is to stop water from leaking through the bottom left hand side of your dishwasher door. You will not need any tools to make this installation.",
    "price": "$22.49",
    "stock_status": "In Stock",
    "rating": "4.76 out of 5",
    "reviews_count": 21
  },
  {
    "url": "https://www.partselect.com/PS958908-GE-WD08X10057-Dishwasher-Door-Gasket-White.htm?SourceCode=18",
    "image_url": "https://partselectcom-gtcdcddbene3cpes.z01.azurefd.net/958908-1-N-GE-WD08X10057-Dishwasher-Door-Gasket-White.jpg",
    "name": "General Electric Dishwasher Door Gasket (white)",
    "partselect_number": "PS958908",
    "manufacturer_number": "WD08X10057",
    "description": "★★★★★\n★★★★★\n19 Reviews\nThis one piece dishwasher door gasket provides a water tight seal to keep water from leaking out of your dishwasher.",
    "price": "$73.10",
    "stock_status": "In Stock",
    "rating": "4.95 out of 5",
    "reviews_count": 19
  },
  {
    "url": "https://www.partselect.com/PS16762497-GE-WD21X31898-CONFIGURED-UI-BOARD.htm?SourceCode=18",
    "image_url": "https://partselectcom-gtcdcddbene3cpes.z01.azurefd.net/16762497-1-N-GE-WD21X31898-CONFIGURED-UI-BOARD.jpg",
    "name": "General Electric Dishwasher Configured Ui Board",
    "partselect_number": "PS16762497",
    "manufacturer_number": "WD21X31898",
    "description": "★★★★★\n★★★★★\n5 Reviews",
    "price": "$73.10",
    "stock_status": "In Stock",
    "rating": "4.80 out of 5",
    "reviews_count": 5
  },
  {
    "url": "https://www.partselect.com/PS16762498-GE-WD21X31899-CONFIGURED-UI-BOARD.htm?SourceCode=18",
    "image_url": "https://partselectcom-gtcdcddbene3cpes.z01.azurefd.net/16762498-1-N-GE-WD21X31899-CONFIGURED-UI-BOARD.jpg",
    "name": "General Electric Dishwasher Configured Ui Board",
    "partselect_number": "PS16762498",
    "manufacturer_number": "WD21X31899",
    "description": "★★★★★\n★★★★★\n7 Reviews",
    "price": "$111.91",
    "stock_status": "In Stock",
    "rating": "4.57 out of 5",
    "reviews_count": 7
  },
  {
    "url": "https://www.partselect.com/PS8690622-GE-WD13X10071-Latch-Striker.htm?SourceCode=18",
    "image_url": "https://partselectcom-gtcdcddbene3cpes.z01.azurefd.net/8690622-1-N-GE-WD13X10071-Latch-Striker.jpg",
    "name": "General Electric Dishwasher Latch Striker",
    "partselect_number": "PS8690622",
    "manufacturer_number": "WD13X10071",
    "description": "★★★★★\n★★★★★\n3 Reviews\nThis dishwasher latch strike is a manufacturer-approved replacement part for your appliance. The latch strike is an important component in your dishwasher door assembly, and adds an extra layer of security in keeping the door closed. This part may become damaged if the door has been opened during a wash cycle. It can also wear out over time. It is fairly easy to replace, simply pop out the old door strike using a screwdriver for leverage, and insert the new one.",
    "price": "$13.53",
    "stock_status": "In Stock",
    "rating": "4.67 out of 5",
    "reviews_count": 3
  },
  {
    "url": "https://www.partselect.com/PS1481922-GE-WD21X10261-Dryer-Switch.htm?SourceCode=18",
    "image_url": "https://partselectcom-gtcdcddbene3cpes.z01.azurefd.net/1481922-1-N-GE-WD21X10261-Dryer-Switch.jpg",
    "name": "General Electric Dishwasher Dryer Switch",
    "partselect_number": "PS1481922",
    "manufacturer_number": "WD21X10261",
    "description": "★★★★★\n★★★★★\n18 Reviews\nThe interlock switch may also be referred to as a belt switch. This part is a simple on/off mechanism that prohibits the appliance from operating when the door is open. This is a part for your dryer. The interlock switch senses the door is shut and the dryer can begin. This part might need to be replaced if your dryer is not starting or is in process while the door is open. The black rectangular part of the switch is approximately 2 inches long and a 1/2-inch wide with two gold plates on either end. This is a genuine OEM part that is sourced right from the manufacturer.",
    "price": "$32.93",
    "stock_status": "In Stock",
    "rating": "4.61 out of 5",
    "reviews_count": 18
  },
  {
    "url": "https://www.partselect.com/PS12342852-GE-WD49X24057-Dishwasher-Ultra-Fine-Filter-Kit.htm?SourceCode=18",
    "image_url": "https://partselectcom-gtcdcddbene3cpes.z01.azurefd.net/12342852-1-N-GE-WD49X24057-Dishwasher-Ultra-Fine-Filter-Kit.jpg",
    "name": "General Electric Dishwasher Ultra Fine Filter Kit",
    "partselect_number": "PS12342852",
    "manufacturer_number": "WD49X24057",
    "description": "★★★★★\n★★★★★\n7 Reviews\nThis ultra-fine filter kit is compatible with various models of dishwasher and is a genuine part straight from the manufacturer. It is responsible for catching small food particles, debris, and other items that are washed off dishes during the cleaning process. The filter stops these particles from clogging the drain hose and other internal components thereby preventing damage to the dishwasher, maintaining a clear flow of water, and reducing unpleasant odors. The filter also prevents the debris from recirculating onto the clean dishes. You can find the dishwasher filter at the bottom of the dishwasher tub. It is recommended to clean the filter thoroughly every 3 to 6 months.",
    "price": "$31.63",
    "stock_status": "In Stock",
    "rating": "4.43 out of 5",
    "reviews_count": 7
  },
  {
    "url": "https://www.partselect.com/PS12582735-GE-WD22X24672-LOWER-SPRAY-ARM.htm?SourceCode=18",
    "image_url": "https://partselectcom-gtcdcddbene3cpes.z01.azurefd.net/12582735-1-N-GE-WD22X24672-LOWER-SPRAY-ARM.jpg",
    "name": "General Electric Dishwasher Lower Spray Arm",
    "partselect_number": "PS12582735",
    "manufacturer_number": "WD22X24672",
    "price": "$31.63",
    "stock_status": "In Stock"
  },
  {
    "url": "https://www.partselect.com/PS16219732-GE-WD27X27752-BLACK-TOE-KICK.htm?SourceCode=18",
    "image_url": "https://partselectcom-gtcdcddbene3cpes.z01.azurefd.net/16219732-1-N-GE-WD27X27752-BLACK-TOE-KICK.jpg",
    "name": "General Electric Dishwasher Black Toe Kick",
    "partselect_number": "PS16219732",
    "manufacturer_number": "WD27X27752",
    "description": "Manufacturer Part Number WD27X27752",
    "price": "$27.79",
    "stock_status": "In Stock"
  },
  {
    "url": "https://www.partselect.com/PS11766992-GE-WD34X21699-CONSOLE-CVR-GRAPHICS-Assembly.htm?SourceCode=18",
    "image_url": "https://partselectcom-gtcdcddbene3cpes.z01.azurefd.net/11766992-1-N-GE-WD34X21699-CONSOLE-CVR-GRAPHICS-Assembly.jpg",
    "name": "General Electric Dishwasher Console Cvr Graphics Assembly",
    "partselect_number": "PS11766992",
    "manufacturer_number": "WD34X21699",
    "description": "★★★★★\n★★★★★\n4 Reviews\nThis is the user interface cover, which goes over the user interface panel on compatible dishwashers, so you can easily select and adjust your dishwasher cycle settings. If this interface cover is physically broken and/or not allowing you to select and change cycles on your dishwasher, it should be replaced. Replacing it will require some disassembly of your dishwasher, so tools like a socket wrench and screwdriver will be needed. This cover panel is sold individually and does not come with the computerized control panel included.",
    "price": "$70.25",
    "stock_status": "In Stock",
    "rating": "3.50 out of 5",
    "reviews_count": 4
  },
  {
    "url": "https://www.partselect.com/PS12582697-GE-WD12X24648-Door-Striker-Assembly.htm?SourceCode=18",
    "image_url": "https://partselectcom-gtcdcddbene3cpes.z01.azurefd.net/12582697-1-N-GE-WD12X24648-Door-Striker-Assembly.jpg",
    "name": "General Electric Dishwasher Door Striker Assembly",
    "partselect_number": "PS12582697",
    "manufacturer_number": "WD12X24648",
    "description": "Manufacturer Part Number WD12X24648",
    "price": "$40.27",
    "stock_status": "In Stock"
  },
  {
    "url": "https://www.partselect.com/PS12743165-GE-WD19X25466-Diverter-Assembly.htm?SourceCode=18",
    "image_url": "https://partselectcom-gtcdcddbene3cpes.z01.azurefd.net/12743165-1-N-GE-WD19X25466-Diverter-Assembly.jpg",
    "name": "General Electric Dishwasher Diverter Assembly",
    "partselect_number": "PS12743165",
    "manufacturer_number": "WD19X25466",
    "price": "$19.35",
    "stock_status": "In Stock"
  },
  {
    "url": "https://www.partselect.com/PS260801-GE-WD26X10013-Dishwasher-Motor-And-Pump-Kit.htm?SourceCode=18",
    "image_url": "https://partselectcom-gtcdcddbene3cpes.z01.azurefd.net/260801-1-N-GE-WD26X10013-Dishwasher-Motor-And-Pump-Kit.jpg",
    "name": "General Electric Dishwasher Motor And Pump Kit",
    "partselect_number": "PS260801",
    "manufacturer_number": "WD26X10013",
    "description": "★★★★★\n★★★★★\n11 Reviews\nThis is a pump and motor kit for your dishwasher. This assembly replaces many old-style pump and motor kits that were manufactured since 1970. The instructions are included with this kit in to assist you. Take note that this is a completely redesigned kit by the manufacturer and now includes the drain solenoid. You may need to replace this part is if your appliance is leaking, not draining properly, noisy, or will not start or clean your dishes properly.",
    "price": "$183.95",
    "stock_status": "In Stock",
    "rating": "4.45 out of 5",
    "reviews_count": 11
  },
  {
    "url": "https://www.partselect.com/PS16542431-GE-WD15X28379-WATER-VALVE.htm?SourceCode=18",
    "image_url": "https://partselectcom-gtcdcddbene3cpes.z01.azurefd.net/16542431-1-N-GE-WD15X28379-WATER-VALVE.jpg",
    "name": "General Electric Dishwasher Water Valve",
    "partselect_number": "PS16542431",
    "manufacturer_number": "WD15X28379",
    "description": "★★★★★\n★★★★★\n3 Reviews",
    "price": "$28.08",
    "stock_status": "In Stock",
    "rating": "5.00 out of 5",
    "reviews_count": 3
  },
  {
    "url": "https://www.partselect.com/PS16618969-GE-WD24X29378-HIGH-LOOP-DRAIN-HOSE.htm?SourceCode=18",
    "image_url": "https://partselectcom-gtcdcddbene3cpes.z01.azurefd.net/16618969-1-N-GE-WD24X29378-HIGH-LOOP-DRAIN-HOSE.jpg",
    "name": "General Electric Dishwasher High Loop Drain Hose",
    "partselect_number": "PS16618969",
    "manufacturer_number": "WD24X29378",
    "description": "★★★★★\n★★★★★\n4 Reviews",
    "price": "$27.11",
    "stock_status": "In Stock",
    "rating": "4.00 out of 5",
    "reviews_count": 4
  },
  {
    "url": "https://www.partselect.com/PS17626226-GE-WD21X33640-TIMER.htm?SourceCode=18",
    "image_url": "https://partselectcom-gtcdcddbene3cpes.z01.azurefd.net/17626226-1-N-GE-WD21X33640-TIMER.jpg",
    "name": "General Electric Dishwasher Timer",
    "partselect_number": "PS17626226",
    "manufacturer_number": "WD21X33640",
    "description": "★★★★★\n★★★★★\n6 Reviews",
    "price": "$85.45",
    "stock_status": "In Stock",
    "rating": "4.33 out of 5",
    "reviews_count": 6
  },
  {
    "url": "https://www.partselect.com/PS958986-GE-WD12X10184-Dishwasher-Upper-Rack-End-Cap.htm?SourceCode=18",
    "image_url": "https://partselectcom-gtcdcddbene3cpes.z01.azurefd.net/958986-1-N-GE-WD12X10184-Dishwasher-Upper-Rack-End-Cap.jpg",
    "name": "General Electric Dishwasher Upper Rack End Cap",
    "partselect_number": "PS958986",
    "manufacturer_number": "WD12X10184",
    "description": "★★★★★\n★★★★★\n2 Reviews\nThis end cap is sold individually. It is the same end cap used on the right and left side, for both front and back. It attaches to the end of the upper rack slide rail, and prevents the rack from falling when being pulled out too far.",
    "price": "$13.53",
    "stock_status": "In Stock",
    "rating": "5.00 out of 5",
    "reviews_count": 2
  },
  {
    "url": "https://www.partselect.com/PS11729217-GE-WD35X20794-Dishwasher-Upper-Spray-Arm.htm?SourceCode=18",
    "image_url": "https://partselectcom-gtcdcddbene3cpes.z01.azurefd.net/11729217-1-N-GE-WD35X20794-Dishwasher-Upper-Spray-Arm.jpg",
    "name": "General Electric Dishwasher Upper Spray Arm",
    "partselect_number": "PS11729217",
    "manufacturer_number": "WD35X20794",
    "description": "★★★★★\n★★★★★\n12 Reviews\nThis part is the upper spray arm for your dishwasher. The spray arm is made of plastic and is approximately 10 inches wide. The upper spray arm is mounted to the top of the dishwasher tub, and rotates during the cycle to ensure that your dishes are washed evenly. If your spray arm is clogged or damaged, your dishes may not clean evenly, and you will need to replace the spray arm. To access the spray arm, you will need to remove the top dish rack, then simply unscrew the old arm. Screw the replacement arm in, replace the dish rack and your repair is complete.",
    "price": "$42.19",
    "stock_status": "In Stock",
    "rating": "4.92 out of 5",
    "reviews_count": 12
  },
  {
    "url": "https://www.partselect.com/PS16554615-GE-WD12X27578-Roller-Rack.htm?SourceCode=18",
    "image_url": "https://partselectcom-gtcdcddbene3cpes.z01.azurefd.net/16554615-1-N-GE-WD12X27578-Roller-Rack.jpg",
    "name": "General Electric Dishwasher Roller Rack",
    "partselect_number": "PS16554615",
    "manufacturer_number": "WD12X27578",
    "description": "★★★★★\n★★★★★\n2 Reviews\nManufacturer Part Number WD12X27578",
    "price": "$13.53",
    "stock_status": "In Stock",
    "rating": "5.00 out of 5",
    "reviews_count": 2
  },
  {
    "url": "https://www.partselect.com/PS7320283-GE-WD01X10569-Dishwasher-Door-Cable.htm?SourceCode=18",
    "image_url": "https://partselectcom-gtcdcddbene3cpes.z01.azurefd.net/7320283-1-N-GE-WD01X10569-Dishwasher-Door-Cable.jpg",
    "name": "General Electric Dishwasher Door Cable",
    "partselect_number": "PS7320283",
    "manufacturer_number": "WD01X10569",
    "description": "★★★★★\n★★★★★\n7 Reviews\nThis part is the replacement door hinge cable for your dishwasher. The door hinge cable connects the door spring to the door hinge, and allows the door to drop down slowly when it is opened. If you open your dishwasher and the door drops down quickly, your door hinge cable may need to be replaced. Be sure to disconnect the water and power sources from the dishwasher before you begin this repair. The door hinge cable is sold individually.",
    "price": "$14.50",
    "stock_status": "In Stock",
    "rating": "4.71 out of 5",
    "reviews_count": 7
  },
  {
    "url": "https://www.partselect.com/PS16226068-GE-WD19X27178-WASH-PUMP-SERVICE-KIT.htm?SourceCode=18",
    "image_url": "https://partselectcom-gtcdcddbene3cpes.z01.azurefd.net/16226068-1-N-GE-WD19X27178-WASH-PUMP-SERVICE-KIT.jpg",
    "name": "General Electric Dishwasher Wash Pump Service Kit",
    "partselect_number": "PS16226068",
    "manufacturer_number": "WD19X27178",
    "price": "$76.90",
    "stock_status": "In Stock"
  },
  {
    "url": "https://www.partselect.com/PS259293-GE-WD13X10003-Dishwasher-Door-Latch-Kit.htm?SourceCode=18",
    "image_url": "https://partselectcom-gtcdcddbene3cpes.z01.azurefd.net/259293-1-N-GE-WD13X10003-Dishwasher-Door-Latch-Kit.jpg",
    "name": "General Electric Dishwasher Door Latch Kit",
    "partselect_number": "PS259293",
    "manufacturer_number": "WD13X10003",
    "description": "★★★★★\n★★★★★\n10 Reviews\nThis door latch kit is used for dishwashers.",
    "price": "$43.15",
    "stock_status": "In Stock",
    "rating": "4.50 out of 5",
    "reviews_count": 10
  },
  {
    "url": "https://www.partselect.com/PS259460-GE-WD16X297-Detergent-Cup-Cover.htm?SourceCode=18",
    "image_url": "https://partselectcom-gtcdcddbene3cpes.z01.azurefd.net/259460-1-N-GE-WD16X297-Detergent-Cup-Cover.jpg",
    "name": "General Electric Dishwasher Detergent Cup Cover",
    "partselect_number": "PS259460",
    "manufacturer_number": "WD16X297",
    "description": "★★★★★\n★★★★★\n1 Review",
    "price": "$13.67",
    "stock_status": "In Stock",
    "rating": "5.00 out of 5",
    "reviews_count": 1
  },
  {
    "url": "https://www.partselect.com/PS2337860-GE-WD13X10045-Dishwasher-Door-Handle-Actuator.htm?SourceCode=18",
    "image_url": "https://partselectcom-gtcdcddbene3cpes.z01.azurefd.net/2337860-1-N-GE-WD13X10045-Dishwasher-Door-Handle-Actuator.jpg",
    "name": "General Electric Dishwasher Door Handle Actuator",
    "partselect_number": "PS2337860",
    "manufacturer_number": "WD13X10045",
    "description": "★★★★★\n★★★★★\n7 Reviews\nThis is a handle actuator for your dishwasher. It is made of black plastic, and is sold individually. The handle actuator is found in the control panel, and it releases the door latch when you lift the handle. If your current handle actuator is cracked or broken, you may not be able to open your dishwasher door, or the door will not close properly. The dishwasher also may not be able to start, and if this is the case, you will need to replace this part.",
    "price": "$47.48",
    "stock_status": "In Stock",
    "rating": "4.57 out of 5",
    "reviews_count": 7
  },
  {
    "url": "https://www.partselect.com/PS16729235-GE-WD49X30778-DOOR-BALANCE-SERVICE-KIT.htm?SourceCode=18",
    "image_url": "https://partselectcom-gtcdcddbene3cpes.z01.azurefd.net/16729235-1-N-GE-WD49X30778-DOOR-BALANCE-SERVICE-KIT.jpg",
    "name": "General Electric Dishwasher Door Balance Service Kit",
    "partselect_number": "PS16729235",
    "manufacturer_number": "WD49X30778",
    "description": "★★★★★\n★★★★★\n2 Reviews",
    "price": "$23.23",
    "stock_status": "In Stock",
    "rating": "5.00 out of 5",
    "reviews_count": 2
  },
  {
    "url": "https://www.partselect.com/PS16873735-GE-WD21X32163-CONFIGURED-SERVICE-MACHINE-CONTROL-BOARD.htm?SourceCode=18",
    "image_url": "https://partselectcom-gtcdcddbene3cpes.z01.azurefd.net/16873735-1-N-GE-WD21X32163-CONFIGURED-SERVICE-MACHINE-CONTROL-BOARD.jpg",
    "name": "General Electric Dishwasher Configured Service Machine Control Board",
    "partselect_number": "PS16873735",
    "manufacturer_number": "WD21X32163",
    "description": "★★★★★\n★★★★★\n3 Reviews",
    "price": "$125.65",
    "stock_status": "In Stock",
    "rating": "4.67 out of 5",
    "reviews_count": 3
  },
  {
    "url": "https://www.partselect.com/PS11762982-GE-WD21X22830-SENSOR-TURBIDITY-Assembly.htm?SourceCode=18",
    "image_url": "https://partselectcom-gtcdcddbene3cpes.z01.azurefd.net/11762982-1-N-GE-WD21X22830-SENSOR-TURBIDITY-Assembly.jpg",
    "name": "General Electric Dishwasher Sensor Turbidity Assembly",
    "partselect_number": "PS11762982",
    "manufacturer_number": "WD21X22830",
    "price": "$34.87",
    "stock_status": "In Stock"
  },
  {
    "url": "https://www.partselect.com/PS260690-GE-WD24X10018-Dishwasher-Piston-And-Nut-Assembly.htm?SourceCode=18",
    "image_url": "https://partselectcom-gtcdcddbene3cpes.z01.azurefd.net/260690-1-N-GE-WD24X10018-Dishwasher-Piston-And-Nut-Assembly.jpg",
    "name": "General Electric Dishwasher Piston And Nut Assembly",
    "partselect_number": "PS260690",
    "manufacturer_number": "WD24X10018",
    "description": "★★★★★\n★★★★★\n19 Reviews\nThis is used for the check valve.",
    "price": "$30.33",
    "stock_status": "In Stock",
    "rating": "4.68 out of 5",
    "reviews_count": 19
  },
  {
    "url": "https://www.partselect.com/PS11759027-GE-WD28X22621-Dishwasher-Silverware-Basket-Assembly.htm?SourceCode=18",
    "image_url": "https://partselectcom-gtcdcddbene3cpes.z01.azurefd.net/11759027-1-N-GE-WD28X22621-Dishwasher-Silverware-Basket-Assembly.jpg",
    "name": "General Electric Dishwasher Silverware Basket Assembly",
    "partselect_number": "PS11759027",
    "manufacturer_number": "WD28X22621",
    "description": "★★★★★\n★★★★★\n30 Reviews\nThis is a silverware basket for various dishwashers. This basket is designed to support and hold your silverware during the washing cycle, so it is properly cleaned and dried. This basket assembly features three chambers, two of which are larger, and one in the middle being slightly smaller, and each of which containing a retaining clamp at the top to secure cutlery inside. If your current dishwasher basket is damaged or missing, and unable to properly hold silverware, it needs to be replaced immediately. This OEM basket assembly is the larger of two total baskets for your dishwasher assembly, but is sold individually, so consider that before ordering.",
    "price": "$32.59",
    "stock_status": "In Stock",
    "rating": "4.90 out of 5",
    "reviews_count": 30
  },
  {
    "url": "https://www.partselect.com/PS12710109-GE-WD28X24747-SILVERWARE-BASKET-AND-LID.htm?SourceCode=18",
    "image_url": "https://partselectcom-gtcdcddbene3cpes.z01.azurefd.net/12710109-1-N-GE-WD28X24747-SILVERWARE-BASKET-AND-LID.jpg",
    "name": "General Electric Dishwasher Silverware Basket And Lid",
    "partselect_number": "PS12710109",
    "manufacturer_number": "WD28X24747",
    "description": "Manufacturer Part Number WD28X24747",
    "price": "$36.43",
    "stock_status": "In Stock"
  },
  {
    "url": "https://www.partselect.com/PS12726346-GE-WD01X25527-CASTER.htm?SourceCode=18",
    "image_url": "https://partselectcom-gtcdcddbene3cpes.z01.azurefd.net/12726346-1-N-GE-WD01X25527-CASTER.jpg",
    "name": "General Electric Dishwasher Caster",
    "partselect_number": "PS12726346",
    "manufacturer_number": "WD01X25527",
    "description": "Manufacturer Part Number WD01X25527",
    "price": "$32.93",
    "stock_status": "In Stock"
  },
  {
    "url": "https://www.partselect.com/PS8756365-GE-WD24X10057-VENT-FILTER.htm?SourceCode=18",
    "image_url": "https://partselectcom-gtcdcddbene3cpes.z01.azurefd.net/8756365-1-N-GE-WD24X10057-VENT-FILTER.jpg",
    "name": "General Electric Dishwasher Vent Filter",
    "partselect_number": "PS8756365",
    "manufacturer_number": "WD24X10057",
    "description": "★★★★★\n★★★★★\n1 Review",
    "price": "$12.69",
    "stock_status": "In Stock",
    "rating": "5.00 out of 5",
    "reviews_count": 1
  },
  {
    "url": "https://www.partselect.com/PS260117-GE-WD21X10060-Dishwasher-Drain-Solenoid-Kit.htm?SourceCode=18",
    "image_url": "https://partselectcom-gtcdcddbene3cpes.z01.azurefd.net/260117-1-N-GE-WD21X10060-Dishwasher-Drain-Solenoid-Kit.jpg",
    "name": "General Electric Dishwasher Drain Solenoid Kit",
    "partselect_number": "PS260117",
    "manufacturer_number": "WD21X10060",
    "description": "★★★★★\n★★★★★\n6 Reviews\nThis kit includes the armature and linkage assembly.",
    "price": "$57.90",
    "stock_status": "In Stock",
    "rating": "4.83 out of 5",
    "reviews_count": 6
  },
  {
    "url": "https://www.partselect.com/PS16762503-GE-WD21X31905-CONFIGURED-UI-BOARD.htm?SourceCode=18",
    "image_url": "https://partselectcom-gtcdcddbene3cpes.z01.azurefd.net/16762503-1-N-GE-WD21X31905-CONFIGURED-UI-BOARD.jpg",
    "name": "General Electric Dishwasher Configured Ui Board",
    "partselect_number": "PS16762503",
    "manufacturer_number": "WD21X31905",
    "price": "$74.83",
    "stock_status": "In Stock"
  },
  {
    "url": "https://www.partselect.com/PS16217047-GE-WD28X25803-TIERED-UPPER-RACK-TO-FLAT-RACK-CONVERSI.htm?SourceCode=18",
    "image_url": "https://partselectcom-gtcdcddbene3cpes.z01.azurefd.net/16217047-1-N-GE-WD28X25803-TIERED-UPPER-RACK-TO-FLAT-RACK-CONVERSI.jpg",
    "name": "General Electric Dishwasher Tiered Upper Rack To Flat Conversi",
    "partselect_number": "PS16217047",
    "manufacturer_number": "WD28X25803",
    "description": "★★★★★\n★★★★★\n2 Reviews",
    "price": "$51.79",
    "stock_status": "In Stock",
    "rating": "1.50 out of 5",
    "reviews_count": 2
  },
  {
    "url": "https://www.partselect.com/PS958926-GE-WD12X10116-Dishwasher-Tine-Retainer.htm?SourceCode=18",
    "image_url": "https://partselectcom-gtcdcddbene3cpes.z01.azurefd.net/958926-1-N-GE-WD12X10116-Dishwasher-Tine-Retainer.jpg",
    "name": "General Electric Dishwasher Tine Retainer",
    "partselect_number": "PS958926",
    "manufacturer_number": "WD12X10116",
    "description": "★★★★★\n★★★★★\n2 Reviews\nThis dishwasher retainer connects to the removable tine.",
    "price": "$7.79",
    "stock_status": "In Stock",
    "rating": "5.00 out of 5",
    "reviews_count": 2
  },
  {
    "url": "https://www.partselect.com/PS3487255-GE-WH01X10585-Rubber-Molded-Foot-Bolt.htm?SourceCode=18",
    "image_url": "https://partselectcom-gtcdcddbene3cpes.z01.azurefd.net/3487255-1-N-GE-WH01X10585-Rubber-Molded-Foot-Bolt.jpg",
    "name": "General Electric Dishwasher Rubber Molded Foot Bolt",
    "partselect_number": "PS3487255",
    "manufacturer_number": "WH01X10585",
    "description": "Manufacturer Part Number WH01X10585",
    "price": "$18.57",
    "stock_status": "In Stock"
  },
  {
    "url": "https://www.partselect.com/PS11736562-GE-WD09X21321-Dishwasher-Door-Handle.htm?SourceCode=18",
    "image_url": "https://partselectcom-gtcdcddbene3cpes.z01.azurefd.net/11736562-1-N-GE-WD09X21321-Dishwasher-Door-Handle.jpg",
    "name": "General Electric Dishwasher Door Handle",
    "partselect_number": "PS11736562",
    "manufacturer_number": "WD09X21321",
    "description": "★★★★★\n★★★★★\n7 Reviews\nScrews NOT included.",
    "price": "$74.05",
    "stock_status": "In Stock",
    "rating": "4.71 out of 5",
    "reviews_count": 7
  },
  {
    "url": "https://www.partselect.com/PS263965-GE-WD8X229-Dishwasher-Gasket.htm?SourceCode=18",
    "image_url": "https://partselectcom-gtcdcddbene3cpes.z01.azurefd.net/263965-1-N-GE-WD8X229-Dishwasher-Gasket.jpg",
    "name": "General Electric Dishwasher Gasket",
    "partselect_number": "PS263965",
    "manufacturer_number": "WD8X229",
    "description": "★★★★★\n★★★★★\n7 Reviews\nThis dishwasher door gasket is compatible with those models having a two ear housing and a square spacer. It's gray and it creates a water tight seal around your dishwasher's door.",
    "price": "$85.39",
    "stock_status": "In Stock",
    "rating": "5.00 out of 5",
    "reviews_count": 7
  },
  {
    "url": "https://www.partselect.com/PS11766684-GE-WH02X24106-LID-LOCK-STRIKER.htm?SourceCode=18",
    "image_url": "https://partselectcom-gtcdcddbene3cpes.z01.azurefd.net/11766684-1-N-GE-WH02X24106-LID-LOCK-STRIKER.jpg",
    "name": "General Electric Dishwasher Lid Lock Striker",
    "partselect_number": "PS11766684",
    "manufacturer_number": "WH02X24106",
    "description": "★★★★★\n★★★★★\n2 Reviews",
    "price": "$13.67",
    "stock_status": "In Stock",
    "rating": "4.00 out of 5",
    "reviews_count": 2
  },
  {
    "url": "https://www.partselect.com/PS16226060-GE-WD01X27538-HOSE-CLAMP.htm?SourceCode=18",
    "image_url": "https://partselectcom-gtcdcddbene3cpes.z01.azurefd.net/16226060-1-N-GE-WD01X27538-HOSE-CLAMP.jpg",
    "name": "General Electric Dishwasher Hose Clamp",
    "partselect_number": "PS16226060",
    "manufacturer_number": "WD01X27538",
    "price": "$14.65",
    "stock_status": "In Stock"
  },
  {
    "url": "https://www.partselect.com/PS1020205-GE-WD22X10047-Dishwasher-Lower-Spray-Arm-Gray.htm?SourceCode=18",
    "image_url": "https://partselectcom-gtcdcddbene3cpes.z01.azurefd.net/1020205-1-N-GE-WD22X10047-Dishwasher-Lower-Spray-Arm-Gray.jpg",
    "name": "General Electric Dishwasher Lower Spray Arm Gray",
    "partselect_number": "PS1020205",
    "manufacturer_number": "WD22X10047",
    "description": "★★★★★\n★★★★★\n14 Reviews\nThe lower spray arm is mounted to the bottom of your dishwasher tub, and it rotates and sprays water to clean the dishes in the lower dish rack. This spray arm is made of gray plastic, and is approximately 20 inches in width. The lower spray arm will not spin if it has become clogged with debris and hard water deposits from your dishwasher, if it has become jammed by silverware, causing it to melt, or if the bottom of the spray arm has become disconnected from the bottom of the tub. If the spray arm encounters any of these issues, it will need to be replaced. To replace the spray arm, remove the lower dish rack and simply unscrew the old arm. Screw the new spray arm in until it locks into place.",
    "price": "$99.59",
    "stock_status": "In Stock",
    "rating": "4.64 out of 5",
    "reviews_count": 14
  },
  {
    "url": "https://www.partselect.com/PS258656-GE-WD08X10018-Dishwasher-Tub-Gasket.htm?SourceCode=18",
    "image_url": "https://partselectcom-gtcdcddbene3cpes.z01.azurefd.net/258656-1-N-GE-WD08X10018-Dishwasher-Tub-Gasket.jpg",
    "name": "General Electric Dishwasher Tub Gasket",
    "partselect_number": "PS258656",
    "manufacturer_number": "WD08X10018",
    "description": "★★★★★\n★★★★★\n19 Reviews\nThis is the tub gasket replacement for your dishwasher. The tub gasket fits around the perimeter of the door and forms a seal that prevents the dishwasher from leaking when it is filled with water. If the tub gasket is loose or damaged, you may notice your dishwasher leaking. The tub gasket can wear over time, or become stretched. In either case it will need to be replaced to prevent a leak. The gasket is made of black rubber and is sold individually.",
    "price": "$47.48",
    "stock_status": "In Stock",
    "rating": "4.32 out of 5",
    "reviews_count": 19
  },
  {
    "url": "https://www.partselect.com/PS16742698-GE-WD01X31858-TUB-TRIMS-KIT.htm?SourceCode=18",
    "image_url": "https://partselectcom-gtcdcddbene3cpes.z01.azurefd.net/16742698-1-N-GE-WD01X31858-TUB-TRIMS-KIT.jpg",
    "name": "General Electric Dishwasher Tub Trims Kit",
    "partselect_number": "PS16742698",
    "manufacturer_number": "WD01X31858",
    "description": "★★★★★\n★★★★★\n3 Reviews\nThis part is the replacement tub trim for your dishwasher. It is approximately 26 inches long and 2 inches wide. The tub trim is found on the exterior of the dishwasher, and the main reason you would want to replace it is if it is cracked, worn, or damaged. This tub trim is sold individually and is an OEM part sourced directly from the manufacturer.",
    "price": "$35.47",
    "stock_status": "In Stock",
    "rating": "5.00 out of 5",
    "reviews_count": 3
  },
  {
    "url": "https://www.partselect.com/PS958932-GE-WD12X10122-Dishwasher-Rinse-Aid-Cap.htm?SourceCode=18",
    "image_url": "https://partselectcom-gtcdcddbene3cpes.z01.azurefd.net/958932-1-N-GE-WD12X10122-Dishwasher-Rinse-Aid-Cap.jpg",
    "name": "General Electric Dishwasher Rinse Aid Cap",
    "partselect_number": "PS958932",
    "manufacturer_number": "WD12X10122",
    "description": "★★★★★\n★★★★★\n23 Reviews\nThis part holds the rinse aid liquid in the dispenser until the timer activates the rinse cycle.",
    "price": "$15.63",
    "stock_status": "In Stock",
    "rating": "4.39 out of 5",
    "reviews_count": 23
  },
  {
    "url": "https://www.partselect.com/PS9493056-GE-WD03X20316-Door-Spring.htm?SourceCode=18",
    "image_url": "https://partselectcom-gtcdcddbene3cpes.z01.azurefd.net/9493056-1-N-GE-WD03X20316-Door-Spring.jpg",
    "name": "General Electric Dishwasher Door Spring",
    "partselect_number": "PS9493056",
    "manufacturer_number": "WD03X20316",
    "description": "★★★★★\n★★★★★\n1 Review\nManufacturer Part Number WD03X20316",
    "price": "$20.95",
    "stock_status": "In Stock",
    "rating": "5.00 out of 5",
    "reviews_count": 1
  },
  {
    "url": "https://www.partselect.com/PS11762952-GE-WD15X22948-Dishwasher-Water-Valve.htm?SourceCode=18",
    "image_url": "https://partselectcom-gtcdcddbene3cpes.z01.azurefd.net/11762952-1-N-GE-WD15X22948-Dishwasher-Water-Valve.jpg",
    "name": "General Electric Dishwasher Water Valve",
    "partselect_number": "PS11762952",
    "manufacturer_number": "WD15X22948",
    "description": "★★★★★\n★★★★★\n4 Reviews",
    "price": "$41.11",
    "stock_status": "In Stock",
    "rating": "5.00 out of 5",
    "reviews_count": 4
  },
  {
    "url": "https://www.partselect.com/PS11771967-GE-WD12X22852-HUB-SPRAY-ARM.htm?SourceCode=18",
    "image_url": "https://partselectcom-gtcdcddbene3cpes.z01.azurefd.net/11771967-1-N-GE-WD12X22852-HUB-SPRAY-ARM.jpg",
    "name": "General Electric Dishwasher Hub Spray Arm",
    "partselect_number": "PS11771967",
    "manufacturer_number": "WD12X22852",
    "description": "Manufacturer Part Number WD12X22852",
    "price": "$12.82",
    "stock_status": "In Stock"
  },
  {
    "url": "https://www.partselect.com/PS259530-GE-WD18X10010-Dishwasher-Pump-Connector.htm?SourceCode=18",
    "image_url": "https://partselectcom-gtcdcddbene3cpes.z01.azurefd.net/259530-1-N-GE-WD18X10010-Dishwasher-Pump-Connector.jpg",
    "name": "General Electric Dishwasher Pump Connector",
    "partselect_number": "PS259530",
    "manufacturer_number": "WD18X10010",
    "description": "★★★★★\n★★★★★\n11 Reviews\nThe circulation pump adapter, or pump adapter assembly connects the circulation pump to the tub of your dishwasher. If your dishwasher is leaking around this adapter, check the connection to ensure everything is fitted tightly. If there is a problem with the adapter, make sure to disconnect the water supply to your dishwasher before completing the repair.",
    "price": "$47.97",
    "stock_status": "In Stock",
    "rating": "5.00 out of 5",
    "reviews_count": 11
  },
  {
    "url": "https://www.partselect.com/PS11771994-GE-WD22X22857-ARM-SPRAY-LOWER-Assembly.htm?SourceCode=18",
    "image_url": "https://partselectcom-gtcdcddbene3cpes.z01.azurefd.net/11771994-1-N-GE-WD22X22857-ARM-SPRAY-LOWER-Assembly.jpg",
    "name": "General Electric Dishwasher Arm Spray Lower Assembly",
    "partselect_number": "PS11771994",
    "manufacturer_number": "WD22X22857",
    "description": "★★★★★\n★★★★★\n1 Review",
    "price": "$42.63",
    "stock_status": "In Stock",
    "rating": "5.00 out of 5",
    "reviews_count": 1
  },
  {
    "url": "https://www.partselect.com/PS16618959-GE-WD21X29604-CONFIGURED-MACHINE-CONTROL-BOARD.htm?SourceCode=18",
    "image_url": "https://partselectcom-gtcdcddbene3cpes.z01.azurefd.net/16618959-1-N-GE-WD21X29604-CONFIGURED-MACHINE-CONTROL-BOARD.jpg",
    "name": "General Electric Dishwasher Configured Machine Control Board",
    "partselect_number": "PS16618959",
    "manufacturer_number": "WD21X29604",
    "price": "$92.10",
    "stock_status": "In Stock"
  },
  {
    "url": "https://www.partselect.com/PS1015640-GE-WD22X10046-Dishwasher-Middle-Spray-Arm.htm?SourceCode=18",
    "image_url": "https://partselectcom-gtcdcddbene3cpes.z01.azurefd.net/1015640-1-N-GE-WD22X10046-Dishwasher-Middle-Spray-Arm.jpg",
    "name": "General Electric Dishwasher Middle Spray Arm",
    "partselect_number": "PS1015640",
    "manufacturer_number": "WD22X10046",
    "description": "★★★★★\n★★★★★\n3 Reviews\nYour dishwasher’s middle spray arm is connected to the top dish rack, and moves the water around to clean the dishes. If your dishwasher is noisy, or it is not cleaning the dishes properly, you may need to replace the middle spray arm. You should also replace the part if the holes on the spray arm are clogged, or the arm itself is cracked or broken. To replace the middle spray arm, simply unscrew the old spray arm and screw in the new one. This part is sold individually and is made of white plastic. It is approximately 20 inches in width.",
    "price": "$32.93",
    "stock_status": "In Stock",
    "rating": "5.00 out of 5",
    "reviews_count": 3
  },
  {
    "url": "https://www.partselect.com/PS3505446-GE-WD18X10049-Inlet-Sump.htm?SourceCode=18",
    "image_url": "https://partselectcom-gtcdcddbene3cpes.z01.azurefd.net/3505446-1-N-GE-WD18X10049-Inlet-Sump.jpg",
    "name": "General Electric Dishwasher Inlet Sump",
    "partselect_number": "PS3505446",
    "manufacturer_number": "WD18X10049",
    "price": "$36.58",
    "stock_status": "In Stock"
  },
  {
    "url": "https://www.partselect.com/PS16226069-GE-WD19X28199-SUMP-OVERMOLD-AND-GASKET-SERVICE-KIT.htm?SourceCode=18",
    "image_url": "https://partselectcom-gtcdcddbene3cpes.z01.azurefd.net/16226069-1-N-GE-WD19X28199-SUMP-OVERMOLD-AND-GASKET-SERVICE-KIT.jpg",
    "name": "General Electric Dishwasher Sump Overmold And Gasket Service Kit",
    "partselect_number": "PS16226069",
    "manufacturer_number": "WD19X28199",
    "description": "Manufacturer Part Number WD19X28199",
    "price": "$44.05",
    "stock_status": "In Stock"
  },
  {
    "url": "https://www.partselect.com/PS963132-GE-WR01X10380-SCR-8-18-AB-TSQ-5-8-Stainless-Steel.htm?SourceCode=18",
    "image_url": "https://partselectcom-gtcdcddbene3cpes.z01.azurefd.net/963132-1-N-GE-WR01X10380-SCR-8-18-AB-TSQ-5-8-Stainless-Steel.jpg",
    "name": "General Electric Dishwasher Scr 8-18 Ab Tsq 5/8 Stainless Steel",
    "partselect_number": "PS963132",
    "manufacturer_number": "WR01X10380",
    "price": "$13.67",
    "stock_status": "In Stock"
  },
  {
    "url": "https://www.partselect.com/PS11762947-GE-WD12X22802-Rack-Bracket-2-Wheels.htm?SourceCode=18",
    "image_url": "https://partselectcom-gtcdcddbene3cpes.z01.azurefd.net/11762947-1-N-GE-WD12X22802-Rack-Bracket-2-Wheels.jpg",
    "name": "General Electric Dishwasher Rack Bracket (2 Wheels)",
    "partselect_number": "PS11762947",
    "manufacturer_number": "WD12X22802",
    "price": "$27.39",
    "stock_status": "In Stock"
  },
  {
    "url": "https://www.partselect.com/PS11774434-GE-WD12X22503-HUB-UPPER-SPRAY-ARM.htm?SourceCode=18",
    "image_url": "https://partselectcom-gtcdcddbene3cpes.z01.azurefd.net/11774434-1-N-GE-WD12X22503-HUB-UPPER-SPRAY-ARM.jpg",
    "name": "General Electric Dishwasher Hub Upper Spray Arm",
    "partselect_number": "PS11774434",
    "manufacturer_number": "WD12X22503",
    "price": "$12.82",
    "stock_status": "In Stock"
  },
  {
    "url": "https://www.partselect.com/PS12743133-GE-WD05X26780-HEATING-ELEMENT-ASM.htm?SourceCode=18",
    "image_url": "https://partselectcom-gtcdcddbene3cpes.z01.azurefd.net/12743133-1-N-GE-WD05X26780-HEATING-ELEMENT-ASM.jpg",
    "name": "General Electric Dishwasher Heating Element Asm",
    "partselect_number": "PS12743133",
    "manufacturer_number": "WD05X26780",
    "description": "★★★★★\n★★★★★\n3 Reviews\nThis part is located at the bottom of the dishwasher and is not designed to heat the water that enters it. Rather, it's designed to maintain the heat of the water that enters the dishwasher.",
    "price": "$41.11",
    "stock_status": "In Stock",
    "rating": "5.00 out of 5",
    "reviews_count": 3
  },
  {
    "url": "https://www.partselect.com/PS16219733-GE-WD27X27840-WHITE-TOE-KICK.htm?SourceCode=18",
    "image_url": "https://partselectcom-gtcdcddbene3cpes.z01.azurefd.net/16219733-1-N-GE-WD27X27840-WHITE-TOE-KICK.jpg",
    "name": "General Electric Dishwasher White Toe Kick",
    "partselect_number": "PS16219733",
    "manufacturer_number": "WD27X27840",
    "description": "Manufacturer Part Number WD27X27840",
    "price": "$17.59",
    "stock_status": "In Stock"
  },
  {
    "url": "https://www.partselect.com/PS959485-GE-WD30X10020-Dishwasher-Roller-Bearing-Assembly.htm?SourceCode=18",
    "image_url": "https://partselectcom-gtcdcddbene3cpes.z01.azurefd.net/959485-1-N-GE-WD30X10020-Dishwasher-Roller-Bearing-Assembly.jpg",
    "name": "General Electric Dishwasher Roller Bearing Assembly",
    "partselect_number": "PS959485",
    "manufacturer_number": "WD30X10020",
    "description": "★★★★★\n★★★★★\n3 Reviews\nAides with movement or sliding of the dishrack.",
    "price": "$43.07",
    "stock_status": "In Stock",
    "rating": "4.67 out of 5",
    "reviews_count": 3
  },
  {
    "url": "https://www.partselect.com/PS12582743-GE-WD22X24742-Mid-Spray-Arm-Gasket-Assembly.htm?SourceCode=18",
    "image_url": "https://partselectcom-gtcdcddbene3cpes.z01.azurefd.net/12582743-1-N-GE-WD22X24742-Mid-Spray-Arm-Gasket-Assembly.jpg",
    "name": "General Electric Dishwasher Mid Spray Arm & Gasket Assembly",
    "partselect_number": "PS12582743",
    "manufacturer_number": "WD22X24742",
    "price": "$37.78",
    "stock_status": "In Stock"
  },
  {
    "url": "https://www.partselect.com/PS263918-GE-WD7X14-Dishwasher-Door-Cable-And-Eyelet.htm?SourceCode=18",
    "image_url": "https://partselectcom-gtcdcddbene3cpes.z01.azurefd.net/263918-1-N-GE-WD7X14-Dishwasher-Door-Cable-And-Eyelet.jpg",
    "name": "General Electric Dishwasher Door Cable And Eyelet",
    "partselect_number": "PS263918",
    "manufacturer_number": "WD7X14",
    "description": "★★★★★\n★★★★★\n15 Reviews\nThis part is sold individually. It is recommended that both sides are changed when replacing one.",
    "price": "$25.17",
    "stock_status": "In Stock",
    "rating": "4.67 out of 5",
    "reviews_count": 15
  },
  {
    "url": "https://www.partselect.com/PS8756258-GE-WD12X20118-DOCKING-PORT-Stainless-Steel.htm?SourceCode=18",
    "image_url": "https://partselectcom-gtcdcddbene3cpes.z01.azurefd.net/8756258-1-N-GE-WD12X20118-DOCKING-PORT-Stainless-Steel.jpg",
    "name": "General Electric Dishwasher Docking Port Stainless Steel",
    "partselect_number": "PS8756258",
    "manufacturer_number": "WD12X20118",
    "description": "Manufacturer Part Number WD12X20118",
    "price": "$11.71",
    "stock_status": "In Stock"
  },
  {
    "url": "https://www.partselect.com/PS11771968-GE-WD12X23316-SILICONE-LIGHT-PIPE.htm?SourceCode=18",
    "image_url": "https://partselectcom-gtcdcddbene3cpes.z01.azurefd.net/11771968-1-N-GE-WD12X23316-SILICONE-LIGHT-PIPE.jpg",
    "name": "General Electric Dishwasher Silicone Light Pipe",
    "partselect_number": "PS11771968",
    "manufacturer_number": "WD12X23316",
    "price": "$46.99",
    "stock_status": "In Stock"
  },
  {
    "url": "https://www.partselect.com/PS8756151-GE-WD08X10098-SEAL-CONDUIT.htm?SourceCode=18",
    "image_url": "https://partselectcom-gtcdcddbene3cpes.z01.azurefd.net/8756151-1-N-GE-WD08X10098-SEAL-CONDUIT.jpg",
    "name": "General Electric Dishwasher Seal Conduit",
    "partselect_number": "PS8756151",
    "manufacturer_number": "WD08X10098",
    "description": "★★★★★\n★★★★★\n1 Review",
    "price": "$13.95",
    "stock_status": "In Stock",
    "rating": "5.00 out of 5",
    "reviews_count": 1
  },
  {
    "url": "https://www.partselect.com/PS12743166-GE-WD19X25622-Variable-Speed-Drain-Pump-Assembly.htm?SourceCode=18",
    "image_url": "https://partselectcom-gtcdcddbene3cpes.z01.azurefd.net/12743166-1-N-GE-WD19X25622-Variable-Speed-Drain-Pump-Assembly.jpg",
    "name": "General Electric Dishwasher Variable Speed Drain Pump Assembly",
    "partselect_number": "PS12743166",
    "manufacturer_number": "WD19X25622",
    "price": "$66.59",
    "stock_status": "In Stock"
  },
  {
    "url": "https://www.partselect.com/PS11762959-GE-WD18X21754-DIVERTER-PASSIVE-Assembly.htm?SourceCode=18",
    "image_url": "https://partselectcom-gtcdcddbene3cpes.z01.azurefd.net/11762959-1-N-GE-WD18X21754-DIVERTER-PASSIVE-Assembly.jpg",
    "name": "General Electric Dishwasher Diverter Passive Assembly",
    "partselect_number": "PS11762959",
    "manufacturer_number": "WD18X21754",
    "description": "★★★★★\n★★★★★\n4 Reviews",
    "price": "$34.25",
    "stock_status": "In Stock",
    "rating": "4.50 out of 5",
    "reviews_count": 4
  },
  {
    "url": "https://www.partselect.com/PS6011663-GE-WD21X10475-Dishwasher-Timer.htm?SourceCode=18",
    "image_url": "https://partselectcom-gtcdcddbene3cpes.z01.azurefd.net/6011663-1-N-GE-WD21X10475-Dishwasher-Timer.jpg",
    "name": "General Electric Dishwasher Timer",
    "partselect_number": "PS6011663",
    "manufacturer_number": "WD21X10475",
    "description": "★★★★★\n★★★★★\n1 Review\nThe timer manages the various dishwasher functions such as filling, washing, draining and drying.",
    "price": "$83.37",
    "stock_status": "In Stock",
    "rating": "5.00 out of 5",
    "reviews_count": 1
  },
  {
    "url": "https://www.partselect.com/PS12722903-GE-WD22X25299-Mid-Spray-Arm-Assembly.htm?SourceCode=18",
    "image_url": "https://partselectcom-gtcdcddbene3cpes.z01.azurefd.net/12722903-1-N-GE-WD22X25299-Mid-Spray-Arm-Assembly.jpg",
    "name": "General Electric Dishwasher Mid Spray Arm Assembly",
    "partselect_number": "PS12722903",
    "manufacturer_number": "WD22X25299",
    "description": "Manufacturer Part Number WD22X25299",
    "price": "$38.17",
    "stock_status": "In Stock"
  },
  {
    "url": "https://www.partselect.com/PS10063220-GE-WD22X21034-Blaster-Assembly.htm?SourceCode=18",
    "image_url": "https://partselectcom-gtcdcddbene3cpes.z01.azurefd.net/10063220-1-N-GE-WD22X21034-Blaster-Assembly.jpg",
    "name": "General Electric Dishwasher Blaster Assembly",
    "partselect_number": "PS10063220",
    "manufacturer_number": "WD22X21034",
    "description": "Manufacturer Part Number WD22X21034",
    "price": "$33.27",
    "stock_status": "In Stock"
  },
  {
    "url": "https://www.partselect.com/PS12710072-GE-WD12X24415-HOUSING-UI-BOARD.htm?SourceCode=18",
    "image_url": "https://partselectcom-gtcdcddbene3cpes.z01.azurefd.net/12710072-1-N-GE-WD12X24415-HOUSING-UI-BOARD.jpg",
    "name": "General Electric Dishwasher Housing Ui Board",
    "partselect_number": "PS12710072",
    "manufacturer_number": "WD12X24415",
    "description": "Manufacturer Part Number WD12X24415",
    "price": "$15.95",
    "stock_status": "In Stock"
  },
  {
    "url": "https://www.partselect.com/PS11772017-GE-WD34X22882-Bezel-and-Console-Cover-Assembly.htm?SourceCode=18",
    "image_url": "https://partselectcom-gtcdcddbene3cpes.z01.azurefd.net/11772017-1-N-GE-WD34X22882-Bezel-and-Console-Cover-Assembly.jpg",
    "name": "General Electric Dishwasher Bezel And Console Cover Assembly",
    "partselect_number": "PS11772017",
    "manufacturer_number": "WD34X22882",
    "description": "Manufacturer Part Number WD34X22882",
    "price": "$88.27",
    "stock_status": "In Stock"
  },
  {
    "url": "https://www.partselect.com/PS958905-GE-WD08X10054-TRIM-GASKET.htm?SourceCode=18",
    "image_url": "https://partselectcom-gtcdcddbene3cpes.z01.azurefd.net/958905-1-N-GE-WD08X10054-TRIM-GASKET.jpg",
    "name": "General Electric Dishwasher Trim Gasket",
    "partselect_number": "PS958905",
    "manufacturer_number": "WD08X10054",
    "description": "★★★★★\n★★★★★\n1 Review",
    "price": "$20.74",
    "stock_status": "In Stock",
    "rating": "2.00 out of 5",
    "reviews_count": 1
  },
  {
    "url": "https://www.partselect.com/PS12743169-GE-WD19X25867-SUMP-OVERMOLD-SERVICE-KIT.htm?SourceCode=18",
    "image_url": "https://partselectcom-gtcdcddbene3cpes.z01.azurefd.net/12743169-1-N-GE-WD19X25867-SUMP-OVERMOLD-SERVICE-KIT.jpg",
    "name": "General Electric Dishwasher Sump Overmold Service Kit",
    "partselect_number": "PS12743169",
    "manufacturer_number": "WD19X25867",
    "description": "★★★★★\n★★★★★\n2 Reviews",
    "price": "$48.46",
    "stock_status": "In Stock",
    "rating": "5.00 out of 5",
    "reviews_count": 2
  },
  {
    "url": "https://www.partselect.com/PS2370510-GE-WD16X10012-Timer-Cam.htm?SourceCode=18",
    "image_url": "https://partselectcom-gtcdcddbene3cpes.z01.azurefd.net/2370510-1-N-GE-WD16X10012-Timer-Cam.jpg",
    "name": "General Electric Dishwasher Timer Cam",
    "partselect_number": "PS2370510",
    "manufacturer_number": "WD16X10012",
    "price": "$40.13",
    "stock_status": "In Stock"
  },
  {
    "url": "https://www.partselect.com/PS8756337-GE-WD21X10545-HARNESS-Assembly-DOOR.htm?SourceCode=18",
    "image_url": "https://partselectcom-gtcdcddbene3cpes.z01.azurefd.net/8756337-1-N-GE-WD21X10545-HARNESS-Assembly-DOOR.jpg",
    "name": "General Electric Dishwasher Harness Assembly Door",
    "partselect_number": "PS8756337",
    "manufacturer_number": "WD21X10545",
    "description": "★★★★★\n★★★★★\n1 Review",
    "price": "$39.55",
    "stock_status": "In Stock",
    "rating": "5.00 out of 5",
    "reviews_count": 1
  },
  {
    "url": "https://www.partselect.com/PS12113191-GE-WD49X23781-Dishwasher-Circulation-Pump-Assembly.htm?SourceCode=18",
    "image_url": "https://partselectcom-gtcdcddbene3cpes.z01.azurefd.net/12113191-1-N-GE-WD49X23781-Dishwasher-Circulation-Pump-Assembly.jpg",
    "name": "General Electric Dishwasher Circulation Pump Assembly",
    "partselect_number": "PS12113191",
    "manufacturer_number": "WD49X23781",
    "description": "★★★★★\n★★★★★\n5 Reviews\nThe circulation pump assembly delivers water to the spray arms to clean your dishes.",
    "price": "$124.40",
    "stock_status": "On Order",
    "rating": "4.80 out of 5",
    "reviews_count": 5
  },
  {
    "url": "https://www.partselect.com/PS3486901-GE-WD12X10315-Dishwasher-Cap-Guide-Railback.htm?SourceCode=18",
    "image_url": "https://partselectcom-gtcdcddbene3cpes.z01.azurefd.net/3486901-1-N-GE-WD12X10315-Dishwasher-Cap-Guide-Railback.jpg",
    "name": "General Electric Dishwasher Cap Guide Railback",
    "partselect_number": "PS3486901",
    "manufacturer_number": "WD12X10315",
    "price": "$13.95",
    "stock_status": "In Stock"
  },
  {
    "url": "https://www.partselect.com/PS17137026-GE-WD12X32799-DETERGENT-MODULE.htm?SourceCode=18",
    "image_url": "https://partselectcom-gtcdcddbene3cpes.z01.azurefd.net/17137026-1-N-GE-WD12X32799-DETERGENT-MODULE.jpg",
    "name": "General Electric Dishwasher Detergent Module",
    "partselect_number": "PS17137026",
    "manufacturer_number": "WD12X32799",
    "description": "★★★★★\n★★★★★\n2 Reviews",
    "price": "$46.99",
    "stock_status": "In Stock",
    "rating": "3.00 out of 5",
    "reviews_count": 2
  },
  {
    "url": "https://www.partselect.com/PS261627-GE-WD31X10025-Long-Front-Panel-White.htm?SourceCode=18",
    "image_url": "https://partselectcom-gtcdcddbene3cpes.z01.azurefd.net/261627-1-N-GE-WD31X10025-Long-Front-Panel-White.jpg",
    "name": "General Electric Dishwasher Long Front Panel - White",
    "partselect_number": "PS261627",
    "manufacturer_number": "WD31X10025",
    "description": "★★★★★\n★★★★★\n1 Review\nManufacturer Part Number WD31X10025",
    "price": "$69.53",
    "stock_status": "In Stock",
    "rating": "2.00 out of 5",
    "reviews_count": 1
  },
  {
    "url": "https://www.partselect.com/PS16742715-GE-WD21X30998-CONFIGURED-MACHINE-CONTROL-BOARD.htm?SourceCode=18",
    "image_url": "https://partselectcom-gtcdcddbene3cpes.z01.azurefd.net/16742715-1-N-GE-WD21X30998-CONFIGURED-MACHINE-CONTROL-BOARD.jpg",
    "name": "General Electric Dishwasher Configured Machine Control Board",
    "partselect_number": "PS16742715",
    "manufacturer_number": "WD21X30998",
    "description": "★★★★★\n★★★★★\n1 Review\nManufacturer Part Number WD21X30998",
    "price": "$128.20",
    "stock_status": "In Stock",
    "rating": "1.00 out of 5",
    "reviews_count": 1
  },
  {
    "url": "https://www.partselect.com/PS16762501-GE-WD21X31903-CONFIGURED-UI-BOARD.htm?SourceCode=18",
    "image_url": "https://partselectcom-gtcdcddbene3cpes.z01.azurefd.net/16762501-1-N-GE-WD21X31903-CONFIGURED-UI-BOARD.jpg",
    "name": "General Electric Dishwasher Configured Ui Board",
    "partselect_number": "PS16762501",
    "manufacturer_number": "WD21X31903",
    "price": "$68.55",
    "stock_status": "In Stock"
  },
  {
    "url": "https://www.partselect.com/PS259152-GE-WD12X324-Dispenser-Release-Timer-Lever.htm?SourceCode=18",
    "image_url": "https://partselectcom-gtcdcddbene3cpes.z01.azurefd.net/259152-1-N-GE-WD12X324-Dispenser-Release-Timer-Lever.jpg",
    "name": "General Electric Dishwasher Dispenser Release Timer Lever",
    "partselect_number": "PS259152",
    "manufacturer_number": "WD12X324",
    "price": "$26.41",
    "stock_status": "On Order"
  },
  {
    "url": "https://www.partselect.com/PS11700873-GE-WD16X21836-PULLEY-HINGE.htm?SourceCode=18",
    "image_url": "https://partselectcom-gtcdcddbene3cpes.z01.azurefd.net/11700873-1-N-GE-WD16X21836-PULLEY-HINGE.jpg",
    "name": "General Electric Dishwasher Pulley Hinge",
    "partselect_number": "PS11700873",
    "manufacturer_number": "WD16X21836",
    "price": "$13.81",
    "stock_status": "In Stock"
  },
  {
    "url": "https://www.partselect.com/PS12703046-GE-WD21X24820-CONFIGURED-UI-CONTROL.htm?SourceCode=18",
    "image_url": "https://partselectcom-gtcdcddbene3cpes.z01.azurefd.net/12703046-1-N-GE-WD21X24820-CONFIGURED-UI-CONTROL.jpg",
    "name": "General Electric Dishwasher Configured Ui Control",
    "partselect_number": "PS12703046",
    "manufacturer_number": "WD21X24820",
    "description": "Manufacturer Part Number WD21X24820",
    "price": "$41.53",
    "stock_status": "In Stock"
  },
  {
    "url": "https://www.partselect.com/PS8746200-GE-WD24X10066-Unicouple-Assembly.htm?SourceCode=18",
    "image_url": "https://partselectcom-gtcdcddbene3cpes.z01.azurefd.net/8746200-1-N-GE-WD24X10066-Unicouple-Assembly.jpg",
    "name": "General Electric Dishwasher Unicouple Assembly",
    "partselect_number": "PS8746200",
    "manufacturer_number": "WD24X10066",
    "description": "★★★★★\n★★★★★\n3 Reviews\nThis part is used to attach the drain & fill hose of your portable dishwasher to your faucet.",
    "price": "$97.95",
    "stock_status": "In Stock",
    "rating": "5.00 out of 5",
    "reviews_count": 3
  },
  {
    "url": "https://www.partselect.com/PS8756344-GE-WD21X20192-CONDUIT-TIERED-BLAST-Assembly.htm?SourceCode=18",
    "image_url": "https://partselectcom-gtcdcddbene3cpes.z01.azurefd.net/8756344-1-N-GE-WD21X20192-CONDUIT-TIERED-BLAST-Assembly.jpg",
    "name": "General Electric Dishwasher Conduit Tiered Blast Assembly",
    "partselect_number": "PS8756344",
    "manufacturer_number": "WD21X20192",
    "description": "★★★★★\n★★★★★\n2 Reviews\nManufacturer Part Number WD21X20192",
    "price": "$42.95",
    "stock_status": "In Stock",
    "rating": "5.00 out of 5",
    "reviews_count": 2
  },
  {
    "url": "https://www.partselect.com/PS12749232-GE-WD12X25419-Inlet-Blaster.htm?SourceCode=18",
    "image_url": "https://partselectcom-gtcdcddbene3cpes.z01.azurefd.net/12749232-1-N-GE-WD12X25419-Inlet-Blaster.jpg",
    "name": "General Electric Dishwasher Inlet Blaster",
    "partselect_number": "PS12749232",
    "manufacturer_number": "WD12X25419",
    "description": "Manufacturer Part Number WD12X25419",
    "price": "$13.95",
    "stock_status": "In Stock"
  },
  {
    "url": "https://www.partselect.com/PS8690633-GE-WD28X10410-Dishwasher-Upper-Dishrack-Kit.htm?SourceCode=18",
    "image_url": "https://partselectcom-gtcdcddbene3cpes.z01.azurefd.net/8690633-1-N-GE-WD28X10410-Dishwasher-Upper-Dishrack-Kit.jpg",
    "name": "General Electric Dishwasher Upper Dishrack Kit",
    "partselect_number": "PS8690633",
    "manufacturer_number": "WD28X10410",
    "description": "★★★★★\n★★★★★\n8 Reviews\nThis is the complete dishrack. Note: This part has been updated by the manufacturer. It may appear different but will still function the same as the original.",
    "price": "$281.32",
    "stock_status": "In Stock",
    "rating": "3.63 out of 5",
    "reviews_count": 8
  },
  {
    "url": "https://www.partselect.com/PS263840-GE-WD3X721-SPRING-SET.htm?SourceCode=18",
    "image_url": "https://partselectcom-gtcdcddbene3cpes.z01.azurefd.net/263840-1-N-GE-WD3X721-SPRING-SET.jpg",
    "name": "General Electric Dishwasher Spring Set",
    "partselect_number": "PS263840",
    "manufacturer_number": "WD3X721",
    "price": "$57.37",
    "stock_status": "In Stock"
  },
  {
    "url": "https://www.partselect.com/PS8756264-GE-WD12X20172-CONDUIT-MID-TIERED-Assembly.htm?SourceCode=18",
    "image_url": "https://partselectcom-gtcdcddbene3cpes.z01.azurefd.net/8756264-1-N-GE-WD12X20172-CONDUIT-MID-TIERED-Assembly.jpg",
    "name": "General Electric Dishwasher Conduit Mid Tiered Assembly",
    "partselect_number": "PS8756264",
    "manufacturer_number": "WD12X20172",
    "description": "★★★★★\n★★★★★\n3 Reviews\nManufacturer Part Number WD12X20172",
    "price": "$42.52",
    "stock_status": "In Stock",
    "rating": "5.00 out of 5",
    "reviews_count": 3
  },
  {
    "url": "https://www.partselect.com/PS8756367-GE-WD24X10064-HOSE-FILL.htm?SourceCode=18",
    "image_url": "https://partselectcom-gtcdcddbene3cpes.z01.azurefd.net/8756367-1-N-GE-WD24X10064-HOSE-FILL.jpg",
    "name": "General Electric Dishwasher Hose Fill",
    "partselect_number": "PS8756367",
    "manufacturer_number": "WD24X10064",
    "description": "★★★★★\n★★★★★\n2 Reviews\nManufacturer Part Number WD24X10064",
    "price": "$13.95",
    "stock_status": "In Stock",
    "rating": "5.00 out of 5",
    "reviews_count": 2
  },
  {
    "url": "https://www.partselect.com/PS1021347-GE-WD26X10025-Drain-Pump-Assembly.htm?SourceCode=18",
    "image_url": "https://partselectcom-gtcdcddbene3cpes.z01.azurefd.net/1021347-1-N-GE-WD26X10025-Drain-Pump-Assembly.jpg",
    "name": "General Electric Dishwasher Drain Pump Assembly",
    "partselect_number": "PS1021347",
    "manufacturer_number": "WD26X10025",
    "description": "★★★★★\n★★★★★\n1 Review\nThis part will drain water from the appliance in different cycles.",
    "price": "$78.35",
    "stock_status": "In Stock",
    "rating": "5.00 out of 5",
    "reviews_count": 1
  },
  {
    "url": "https://www.partselect.com/PS3486914-GE-WD14X10035-DOOR-HINGE-Assembly.htm?SourceCode=18",
    "image_url": "https://partselectcom-gtcdcddbene3cpes.z01.azurefd.net/3486914-1-N-GE-WD14X10035-DOOR-HINGE-Assembly.jpg",
    "name": "General Electric Dishwasher Door Hinge Assembly",
    "partselect_number": "PS3486914",
    "manufacturer_number": "WD14X10035",
    "price": "$13.95",
    "stock_status": "In Stock"
  },
  {
    "url": "https://www.partselect.com/PS11771956-GE-WD01X22836-Strip-Attachement.htm?SourceCode=18",
    "image_url": "https://partselectcom-gtcdcddbene3cpes.z01.azurefd.net/11771956-1-N-GE-WD01X22836-Strip-Attachement.jpg",
    "name": "General Electric Dishwasher Strip Attachement",
    "partselect_number": "PS11771956",
    "manufacturer_number": "WD01X22836",
    "price": "$13.95",
    "stock_status": "In Stock"
  },
  {
    "url": "https://www.partselect.com/PS260529-GE-WD22X10008-Lower-Spray-Arm-and-Support-Assembly.htm?SourceCode=18",
    "image_url": "https://partselectcom-gtcdcddbene3cpes.z01.azurefd.net/260529-1-N-GE-WD22X10008-Lower-Spray-Arm-and-Support-Assembly.jpg",
    "name": "General Electric Dishwasher Lower Spray Arm And Support Assembly",
    "partselect_number": "PS260529",
    "manufacturer_number": "WD22X10008",
    "description": "★★★★★\n★★★★★\n5 Reviews\nThis part comes with the telescopic tower.",
    "price": "$49.45",
    "stock_status": "In Stock",
    "rating": "5.00 out of 5",
    "reviews_count": 5
  },
  {
    "url": "https://www.partselect.com/PS11736598-GE-WD34X22265-Console-Cover-Graphic-Assembly.htm?SourceCode=18",
    "image_url": "https://partselectcom-gtcdcddbene3cpes.z01.azurefd.net/11736598-1-N-GE-WD34X22265-Console-Cover-Graphic-Assembly.jpg",
    "name": "General Electric Dishwasher Console Cover Graphic Assembly",
    "partselect_number": "PS11736598",
    "manufacturer_number": "WD34X22265",
    "description": "Manufacturer Part Number WD34X22265",
    "price": "$39.15",
    "stock_status": "In Stock"
  },
  {
    "url": "https://www.partselect.com/PS11766626-GE-WD01X21837-SCR-10-32-TT-CB-1-4-ZN.htm?SourceCode=18",
    "image_url": "https://partselectcom-gtcdcddbene3cpes.z01.azurefd.net/11766626-1-N-GE-WD01X21837-SCR-10-32-TT-CB-1-4-ZN.jpg",
    "name": "General Electric Dishwasher Scr 10-32 Tt Cb 1/4 Zn",
    "partselect_number": "PS11766626",
    "manufacturer_number": "WD01X21837",
    "description": "Manufacturer Part Number WD01X21837",
    "price": "$13.95",
    "stock_status": "In Stock"
  },
  {
    "url": "https://www.partselect.com/PS17137065-GE-WD21X32680-AC-HARNESS.htm?SourceCode=18",
    "image_url": "https://partselectcom-gtcdcddbene3cpes.z01.azurefd.net/17137065-1-N-GE-WD21X32680-AC-HARNESS.jpg",
    "name": "General Electric Dishwasher Ac Harness",
    "partselect_number": "PS17137065",
    "manufacturer_number": "WD21X32680",
    "description": "Manufacturer Part Number WD21X32680",
    "price": "$43.95",
    "stock_status": "In Stock"
  },
  {
    "url": "https://www.partselect.com/PS8767534-GE-WD34X20180-BEZEL-CVR-CONSOLE-Assembly.htm?SourceCode=18",
    "image_url": "https://partselectcom-gtcdcddbene3cpes.z01.azurefd.net/8767534-1-N-GE-WD34X20180-BEZEL-CVR-CONSOLE-Assembly.jpg",
    "name": "General Electric Dishwasher Bezel & Cvr Console Assembly",
    "partselect_number": "PS8767534",
    "manufacturer_number": "WD34X20180",
    "description": "Manufacturer Part Number WD34X20180",
    "price": "$172.36",
    "stock_status": "In Stock"
  },
  {
    "url": "https://www.partselect.com/PS16219717-GE-WD21X27402-AC-HARNESS-ASM.htm?SourceCode=18",
    "image_url": "https://partselectcom-gtcdcddbene3cpes.z01.azurefd.net/16219717-1-N-GE-WD21X27402-AC-HARNESS-ASM.jpg",
    "name": "General Electric Dishwasher Ac Harness Asm",
    "partselect_number": "PS16219717",
    "manufacturer_number": "WD21X27402",
    "description": "Manufacturer Part Number WD21X27402",
    "price": "$51.89",
    "stock_status": "In Stock"
  },
  {
    "url": "https://www.partselect.com/PS958980-GE-WD12X10178-Lower-Stud-Roller-Assembly.htm?SourceCode=18",
    "image_url": "https://partselectcom-gtcdcddbene3cpes.z01.azurefd.net/958980-1-N-GE-WD12X10178-Lower-Stud-Roller-Assembly.jpg",
    "name": "General Electric Dishwasher Lower Stud & Roller Assembly",
    "partselect_number": "PS958980",
    "manufacturer_number": "WD12X10178",
    "description": "★★★★★\n★★★★★\n1 Review\nManufacturer Part Number WD12X10178",
    "price": "$22.95",
    "stock_status": "Special Order",
    "rating": "5.00 out of 5",
    "reviews_count": 1
  },
  {
    "url": "https://www.partselect.com/PS12730500-GE-WD01X24381-CLIP-HEATER-TWIST-LOCK.htm?SourceCode=18",
    "image_url": "https://partselectcom-gtcdcddbene3cpes.z01.azurefd.net/12730500-1-N-GE-WD01X24381-CLIP-HEATER-TWIST-LOCK.jpg",
    "name": "General Electric Dishwasher Clip Heater Twist Lock",
    "partselect_number": "PS12730500",
    "manufacturer_number": "WD01X24381",
    "description": "Manufacturer Part Number WD01X24381",
    "price": "$13.95",
    "stock_status": "In Stock"
  },
  {
    "url": "https://www.partselect.com/PS16226057-GE-WD01X26418-Right-Hand-Door-Trim.htm?SourceCode=18",
    "image_url": "https://partselectcom-gtcdcddbene3cpes.z01.azurefd.net/16226057-1-N-GE-WD01X26418-Right-Hand-Door-Trim.jpg",
    "name": "General Electric Dishwasher Right Hand Door Trim",
    "partselect_number": "PS16226057",
    "manufacturer_number": "WD01X26418",
    "description": "Manufacturer Part Number WD01X26418",
    "price": "$13.95",
    "stock_status": "In Stock"
  },
  {
    "url": "https://www.partselect.com/PS16659465-GE-WD01X28338-SUMP-LATCH.htm?SourceCode=18",
    "image_url": "https://partselectcom-gtcdcddbene3cpes.z01.azurefd.net/16659465-1-N-GE-WD01X28338-SUMP-LATCH.jpg",
    "name": "General Electric Dishwasher Sump Latch",
    "partselect_number": "PS16659465",
    "manufacturer_number": "WD01X28338",
    "description": "Manufacturer Part Number WD01X28338",
    "price": "$13.95",
    "stock_status": "In Stock"
  },
  {
    "url": "https://www.partselect.com/PS16873724-GE-WD21X32122-CONFIGURED-TOP-UI-CONTROL-WITH-COVER.htm?SourceCode=18",
    "image_url": "https://partselectcom-gtcdcddbene3cpes.z01.azurefd.net/16873724-1-N-GE-WD21X32122-CONFIGURED-TOP-UI-CONTROL-WITH-COVER.jpg",
    "name": "General Electric Dishwasher Configured Top Ui Control With Cover",
    "partselect_number": "PS16873724",
    "manufacturer_number": "WD21X32122",
    "description": "Manufacturer Part Number WD21X32122",
    "price": "$145.30",
    "stock_status": "In Stock"
  },
  {
    "url": "https://www.partselect.com/PS12582776-GE-WD28X24653-FDT-CLIPS-FRONT.htm?SourceCode=18",
    "image_url": "https://partselectcom-gtcdcddbene3cpes.z01.azurefd.net/12582776-1-N-GE-WD28X24653-FDT-CLIPS-FRONT.jpg",
    "name": "General Electric Dishwasher Fdt Clips Front",
    "partselect_number": "PS12582776",
    "manufacturer_number": "WD28X24653",
    "price": "$13.95",
    "stock_status": "In Stock"
  },
  {
    "url": "https://www.partselect.com/PS12710131-GE-WD34X24506-Console-Cover-Graphic-Assembly.htm?SourceCode=18",
    "image_url": "https://partselectcom-gtcdcddbene3cpes.z01.azurefd.net/12710131-1-N-GE-WD34X24506-Console-Cover-Graphic-Assembly.jpg",
    "name": "General Electric Dishwasher Console Cover Graphic Assembly",
    "partselect_number": "PS12710131",
    "manufacturer_number": "WD34X24506",
    "price": "$94.04",
    "stock_status": "In Stock"
  },
  {
    "url": "https://www.partselect.com/PS12726455-GE-WD28X25802-Dishwasher-Upper-Dishrack-Assembly.htm?SourceCode=18",
    "image_url": "https://partselectcom-gtcdcddbene3cpes.z01.azurefd.net/12726455-1-N-GE-WD28X25802-Dishwasher-Upper-Dishrack-Assembly.jpg",
    "name": "General Electric Dishwasher Upper Dishrack Assembly",
    "partselect_number": "PS12726455",
    "manufacturer_number": "WD28X25802",
    "description": "Tiered upper rack to flat rack conversion",
    "price": "$185.86",
    "stock_status": "On Order"
  },
  {
    "url": "https://www.partselect.com/PS16219718-GE-WD21X27698-UI-Harness-Assembly.htm?SourceCode=18",
    "image_url": "https://partselectcom-gtcdcddbene3cpes.z01.azurefd.net/16219718-1-N-GE-WD21X27698-UI-Harness-Assembly.jpg",
    "name": "General Electric Dishwasher Ui Harness Assembly",
    "partselect_number": "PS16219718",
    "manufacturer_number": "WD21X27698",
    "price": "$41.53",
    "stock_status": "On Order"
  },
  {
    "url": "https://www.partselect.com/PS16219722-GE-WD22X28059-Mid-Spray-Arm-Gasket-Assembly.htm?SourceCode=18",
    "image_url": "https://partselectcom-gtcdcddbene3cpes.z01.azurefd.net/16219722-1-N-GE-WD22X28059-Mid-Spray-Arm-Gasket-Assembly.jpg",
    "name": "General Electric Dishwasher Mid Spray Arm & Gasket Assembly",
    "partselect_number": "PS16219722",
    "manufacturer_number": "WD22X28059",
    "description": "Manufacturer Part Number WD22X28059",
    "price": "$44.05",
    "stock_status": "In Stock"
  },
  {
    "url": "https://www.partselect.com/PS1517660-GE-WD24X10041-Dishwasher-Hose-Chamber.htm?SourceCode=18",
    "image_url": "https://partselectcom-gtcdcddbene3cpes.z01.azurefd.net/1517660-1-N-GE-WD24X10041-Dishwasher-Hose-Chamber.jpg",
    "name": "General Electric Dishwasher Hose Chamber",
    "partselect_number": "PS1517660",
    "manufacturer_number": "WD24X10041",
    "price": "$15.95",
    "stock_status": "In Stock"
  }
]