[
  {
    "url": "https://www.partselect.com/PS734936-Frigidaire-240534701-Door-Shelf-Retainer-Bar.htm?SourceCode=18",
    "image_url": "https://partselectcom-gtcdcddbene3cpes.z01.azurefd.net/734936-1-N-Frigidaire-240534701-Door-Shelf-Retainer-Bar.jpg",
    "name": "Gibson Refrigerator Door Shelf Retainer Bar",
    "partselect_number": "PS734936",
    "manufacturer_number": "240534701",
    "description": "★★★★★\n★★★★★\n108 Reviews\nThe Door Shelf Retainer Bar, also known as a refrigerator door rack, is a white, plastic part which can be easily installed onto your fridge door. It holds items in your fridge and will show physical damage if broken, at which time it should be replaced. Check your user manual and model number to see if this part is right for you. To install this part, you will need to remove the old one by unlocking the tabs, which can be slid with your fingers. To install the new shelf, line it up with the shelf cut-outs, over the tabs, and gently press it down to lock it into place. This part generally fits the middle door shelf of refrigerators. This is a part that frequently requires multiple parts per refrigerator. Because it is sold individually, you will need to purchase as many door racks as necessary to complete your repair.",
    "price": "$\n51.05",
    "stock_status": "In Stock",
    "rating": "4.8/5",
    "reviews_count": 108,
    "reviews": [],
    "repair_stories": [],
    "symptoms_fixed": "Door won’t open or close",
    "works_with": "Refrigerator.",
    "also_replaces": [
      "AP3214631",
      "948952",
      "240534701"
    ],
    "video_url": "https://www.youtube.com/watch?v=JGlCNEgLfM0"
  },
  {
    "url": "https://www.partselect.com/PS734935-Frigidaire-240534901-Door-Shelf-Retainer-Bar.htm?SourceCode=18",
    "image_url": "https://partselectcom-gtcdcddbene3cpes.z01.azurefd.net/734935-1-N-Frigidaire-240534901-Door-Shelf-Retainer-Bar.jpg",
    "name": "Gibson Refrigerator Door Shelf Retainer Bar",
    "partselect_number": "PS734935",
    "manufacturer_number": "240534901",
    "description": "★★★★★\n★★★★★\n215 Reviews\nThis door shelf retaining bar, also known as refrigerator door bar retainer or fridge door rack, is a genuine part sourced from the original manufacturer. It is a white This manufacturer-certified Door Shelf Retainer Bar, sometimes otherwise known as the door rack or bar retainer, is a white, plastic part which can be easily installed onto the inside of the refrigerator or freezer door to hold items on the door shelves. It holds items in your fridge and will show physical damage if broken or warped, at which time it should be replaced. Check your user manual and model number to see if this part is right for you. No tools are required for this installation, the part should simply snap into place. This part measures roughly 25 inches wide, 3 inches high, and 5 inches deep. This part is sold individually, and we recommend checking the other door shelf retaining bars on your refrigerator or freezer at the same time as ordering this part to ensure that no others need to be replaced, as they often wear or warp at similar speeds.",
    "price": "$\n47.36",
    "stock_status": "In Stock",
    "rating": "4.8/5",
    "reviews_count": 215,
    "reviews": [],
    "repair_stories": [],
    "symptoms_fixed": "Door won’t open or close | Leaking",
    "works_with": "Refrigerator.",
    "also_replaces": [
      "AP3214630",
      "948954",
      "240534901"
    ],
    "video_url": "https://www.youtube.com/watch?v=RBJ10wFvJ2M"
  },
  {
    "url": "https://www.partselect.com/PS429724-Frigidaire-240323001-Refrigerator-Door-Bin.htm?SourceCode=18",
    "image_url": "https://partselectcom-gtcdcddbene3cpes.z01.azurefd.net/429724-1-N-Frigidaire-240323001-Refrigerator-Door-Bin.jpg",
    "name": "Gibson Refrigerator Door Bin",
    "partselect_number": "PS429724",
    "manufacturer_number": "240323001",
    "description": "★★★★★\n★★★★★\n239 Reviews\nThis door bin (Bottom Door Bin, Refrigerator Door Bin, Door Shelf Bin, Refrigerator Door Bin) is a movable bin mounted on the inner door to hold food items, bottles, and jars. Over time, a cold refrigerator can cause plastic to become fragile and break down. This can lead to other issues in the refrigerator. When the door bin will not hold securely onto the inner door panel, it must be replaced. This door bin measures 5.75 inches high, 16 inches wide, by 4.25 inches deep and is made of white plastic. Sold individually.",
    "price": "$\n33.55",
    "stock_status": "In Stock",
    "rating": "4.7/5",
    "reviews_count": 239,
    "reviews": [],
    "repair_stories": [],
    "symptoms_fixed": "Ice maker not making ice | Door won’t open or close | Noisy | Ice maker won’t dispense ice",
    "works_with": "Refrigerator.",
    "also_replaces": [
      "AP2115741",
      "890954",
      "240323001",
      "240323001",
      "240323007"
    ],
    "video_url": ""
  },
  {
    "url": "https://www.partselect.com/PS2358880-Frigidaire-241993101-Front-Crisper-Cover-Support.htm?SourceCode=18",
    "image_url": "https://partselectcom-gtcdcddbene3cpes.z01.azurefd.net/2358880-1-N-Frigidaire-241993101-Front-Crisper-Cover-Support.jpg",
    "name": "Gibson Refrigerator Front Crisper Cover Support",
    "partselect_number": "PS2358880",
    "manufacturer_number": "241993101",
    "description": "★★★★★\n★★★★★\n82 Reviews\nThis crisper cover front support is used to keep the crisper shelf in place and may need replacing if the door will not open or close. This white, OEM part measures roughly 1 inch in diameter and can be used for the front and the rear support, as designed by the manufacturer, and mounts to the inside cabinet wall. Replacing this part is an easy repair, and will require a small flat blade screwdriver, a putty knife, and a soft hammer. Remove the crisper and shelf from the refrigerator before replacing the support. The crisper cover front support is held in place with a locking pin. To remove the old part, you will first need to push the pin into the interior of the cabinet using the screwdriver, and then you can pull the support out with a putty knife. If you cannot get the pin out you can use a flat-blade screwdriver to push it down and out of sight and it will not harm anything in your refrigerator After removing the pin and attaching the new support, simply use the soft hammer to lock the new pin in place.",
    "price": "$11.59",
    "stock_status": "In Stock",
    "rating": "4.79 out of 5",
    "reviews_count": 82
  },
  {
    "url": "https://www.partselect.com/PS429868-Frigidaire-240337901-Refrigerator-Door-Shelf-Retainer-Bin.htm?SourceCode=18",
    "image_url": "https://partselectcom-gtcdcddbene3cpes.z01.azurefd.net/429868-1-N-Frigidaire-240337901-Refrigerator-Door-Shelf-Retainer-Bin.jpg",
    "name": "Gibson Refrigerator Door Shelf Retainer Bin",
    "partselect_number": "PS429868",
    "manufacturer_number": "240337901",
    "description": "★★★★★\n★★★★★\n203 Reviews\nThis refrigerator door shelf attaches to the inside of the refrigerator door, typically holds jars and bottles, The manufacturer-approved Refrigerator Door Shelf Retainer Bar, sometimes known as the door rack or bar retainer, is a white, plastic part which can be easily installed onto your fridge door. Just snap the old part up and out of place, and push to snap the new part in its place. This part holds items in your fridge like jars and bottles and will show physical damage if broken, at which time it should be replaced. Check your user manual and model number to see if this part is right for you, as there are likely to be several different sizes and part numbers for the various different door racks in your fridge. You want to make sure you've selected the right one! This part is 24.25 inches wide and 3.75 inches deep and features open square latches. This part is sold individually.",
    "price": "$47.36",
    "stock_status": "In Stock",
    "rating": "4.88 out of 5",
    "reviews_count": 203
  },
  {
    "url": "https://www.partselect.com/PS429871-Frigidaire-240338001-Refrigerator-Door-Shelf-Bin.htm?SourceCode=18",
    "image_url": "https://partselectcom-gtcdcddbene3cpes.z01.azurefd.net/429871-1-N-Frigidaire-240338001-Refrigerator-Door-Shelf-Bin.jpg",
    "name": "Gibson Refrigerator Door Shelf Bin",
    "partselect_number": "PS429871",
    "manufacturer_number": "240338001",
    "description": "★★★★★\n★★★★★\n229 Reviews\nThis manufacturer-approved Refrigerator Door Shelf Bin is made of white plastic and is easy to install. It is used to hold heavier items in the fridge, and you'll be able to visually see if the part is broken. This particular shelf attaches to the fridge door and is designed for the UPPER shelf. You can check if this model is right for your appliance by checking your user manual and model number. This model is just over 26\" wide, just over 4\" tall and just over 7\" deep - front to back. This is a simple repair that requires only that you snap the old part out of place and snap the new one into place.",
    "price": "$50.84",
    "stock_status": "In Stock",
    "rating": "4.85 out of 5",
    "reviews_count": 229
  },
  {
    "url": "https://www.partselect.com/PS430917-Frigidaire-240530701-Drawer-Support-Rail-Right-Side.htm?SourceCode=18",
    "image_url": "https://partselectcom-gtcdcddbene3cpes.z01.azurefd.net/430917-1-N-Frigidaire-240530701-Drawer-Support-Rail-Right-Side.jpg",
    "name": "Gibson Refrigerator Drawer Support Rail (right Side)",
    "partselect_number": "PS430917",
    "manufacturer_number": "240530701",
    "description": "★★★★★\n★★★★★\n175 Reviews\nThis manufacturer-certified drawer support rail supports the right side of the sliding drawer. It is a track that helps the drawer slide open and closed with ease. If you are having trouble opening or closing your fresh food drawer, check the support rails for any blockage, or visible damage. If the rail is damaged, it should be replaced to ensure no further damage is done to the drawer itself. The repair is straightforward: unscrew and remove the existing support rail, then fasten the new rail in place. This genuine OEM replacement part is made of plastic and is white in color. NOTE: This part is sold separately from the left side drawer support rail. The part measures approximately 16 inches long by 1 inch high.",
    "price": "$48.40",
    "stock_status": "In Stock",
    "rating": "4.57 out of 5",
    "reviews_count": 175
  },
  {
    "url": "https://www.partselect.com/PS735091-Frigidaire-240535101-Door-Rack.htm?SourceCode=18",
    "image_url": "https://partselectcom-gtcdcddbene3cpes.z01.azurefd.net/735091-1-N-Frigidaire-240535101-Door-Rack.jpg",
    "name": "Gibson Refrigerator Door Rack",
    "partselect_number": "PS735091",
    "manufacturer_number": "240535101",
    "description": "★★★★★\n★★★★★\n89 Reviews\nThe Door Rack (also known as a retainer bar) is a 23\" white plastic part used to hold small items inside the fridge door. If broken, it should be replaced. Refer to your user manual and model number to determine if this part is correct for you. This is a simple part to repair and should not require any tools. Most customers found it to be very easy to simply snap the old rack out of place and snap the new one back in, making sure the locking tabs are secure. This part is sold individually and not as a part of a kit. It is certified by the original manufacturer.",
    "price": "$36.43",
    "stock_status": "In Stock",
    "rating": "4.62 out of 5",
    "reviews_count": 89
  },
  {
    "url": "https://www.partselect.com/PS7784018-Frigidaire-242252702-Refrigerator-Water-Inlet-Valve.htm?SourceCode=18",
    "image_url": "https://partselectcom-gtcdcddbene3cpes.z01.azurefd.net/7784018-1-N-Frigidaire-242252702-Refrigerator-Water-Inlet-Valve.jpg",
    "name": "Gibson Refrigerator Water Inlet Valve",
    "partselect_number": "PS7784018",
    "manufacturer_number": "242252702",
    "description": "★★★★★\n★★★★★\n122 Reviews\nThe function of the Refrigerator Water Inlet Valve (Triple Solenoid Water-Valve, Water Valve, Water Inlet Valve, Refrigerator Water Inlet Valve Assembly) is to release water from the supply line when activated, and send it through to your water dispenser or ice maker in your refrigerator. The water inlet valve is located at the back of the refrigerator, and connects to the water supply. The valve can break from material fatigue or normal use. If your water inlet valve is malfunctioning, you could be getting a lack of water to the inside of your refrigerator. Your ice maker may not produce cubes or your water dispenser may not work. The water inlet valve must be replaced if the solenoids no longer have continuity or the valve has internal blockage. This valve measures approximately 7 inches long and 4.5 inches wide, and is constructed of plastic and metal. It comes in blue, and includes the valve and mounting bracket.",
    "price": "$32.99",
    "stock_status": "In Stock",
    "rating": "4.62 out of 5",
    "reviews_count": 122
  },
  {
    "url": "https://www.partselect.com/PS11757048-Whirlpool-WPW10671238-Refrigerator-Center-Crisper-Rail-White.htm?SourceCode=18",
    "image_url": "https://partselectcom-gtcdcddbene3cpes.z01.azurefd.net/11757048-1-N-Whirlpool-WPW10671238-Refrigerator-Center-Crisper-Rail-White.jpg",
    "name": "Gibson Refrigerator Center Crisper Rail (white)",
    "partselect_number": "PS11757048",
    "manufacturer_number": "WPW10671238",
    "description": "★★★★★\n★★★★★\n203 Reviews\nThis is a center crisper rail for your refrigerator. This part acts as a support rail for the crisper drawer by holding the center of the crisper frame. You will need to replace this part is if your current drawer is not opening or closing properly. This crisper rail is white and it is made entirely of plastic. It is roughly 13.5 inches long, and 2.5 inches wide. This is an easy repair which requires no tools.",
    "price": "$59.06",
    "stock_status": "In Stock",
    "rating": "4.54 out of 5",
    "reviews_count": 203
  },
  {
    "url": "https://www.partselect.com/PS16660656-Frigidaire-242201805-Crisper-Pan-Cover.htm?SourceCode=18",
    "image_url": "https://partselectcom-gtcdcddbene3cpes.z01.azurefd.net/16660656-1-N-Frigidaire-242201805-Crisper-Pan-Cover.jpg",
    "name": "Gibson Refrigerator Crisper Pan Cover",
    "partselect_number": "PS16660656",
    "manufacturer_number": "242201805",
    "description": "★★★★★\n★★★★★\n33 Reviews",
    "price": "$67.89",
    "stock_status": "In Stock",
    "rating": "4.85 out of 5",
    "reviews_count": 33
  },
  {
    "url": "https://www.partselect.com/PS2581463-Frigidaire-240358926-Refrigerator-Shelf-Spill-Safe-White.htm?SourceCode=18",
    "image_url": "https://partselectcom-gtcdcddbene3cpes.z01.azurefd.net/2581463-1-N-Frigidaire-240358926-Refrigerator-Shelf-Spill-Safe-White.jpg",
    "name": "Gibson Refrigerator Shelf (spill Safe) (white)",
    "partselect_number": "PS2581463",
    "manufacturer_number": "240358926",
    "description": "★★★★★\n★★★★★\n24 Reviews",
    "price": "$62.99",
    "stock_status": "In Stock",
    "rating": "4.96 out of 5",
    "reviews_count": 24
  },
  {
    "url": "https://www.partselect.com/PS430126-Frigidaire-240356501-Meat-Drawer-Rail-Right-Side.htm?SourceCode=18",
    "image_url": "https://partselectcom-gtcdcddbene3cpes.z01.azurefd.net/430126-1-N-Frigidaire-240356501-Meat-Drawer-Rail-Right-Side.jpg",
    "name": "Gibson Refrigerator Meat Drawer Rail (right Side)",
    "partselect_number": "PS430126",
    "manufacturer_number": "240356501",
    "description": "★★★★★\n★★★★★\n57 Reviews\nAs you look into the fridge, this drawer support track is located on the right-hand side. This item is white in color and made of plastic. The drawer support track can wear out over time. The only tool required is a Phillips screwdriver. Empty out the drawer and remove it by sliding it forward. Lift out the shelf, remove the screw on the side of the shelf, remove the rail by pushing the rail forward and snapping out of place, insert new rail, and install the screw back in. Now the shelf can be put back into the refrigerator. The mounting screws are sold separately.",
    "price": "$53.15",
    "stock_status": "In Stock",
    "rating": "4.68 out of 5",
    "reviews_count": 57
  },
  {
    "url": "https://www.partselect.com/PS469522-Frigidaire-5303918214-Defrost-Thermostat-Kit.htm?SourceCode=18",
    "image_url": "https://partselectcom-gtcdcddbene3cpes.z01.azurefd.net/469522-1-N-Frigidaire-5303918214-Defrost-Thermostat-Kit.jpg",
    "name": "Gibson Refrigerator Defrost Thermostat Kit",
    "partselect_number": "PS469522",
    "manufacturer_number": "5303918214",
    "description": "★★★★★\n★★★★★\n27 Reviews\nIf you find that there is excessive frost in your freezer, or the freezer will not defrost, you may need to replace the defrost thermostat. The defrost thermostat kit comes with the clip, leads, and heat shrink. To access the defrost thermostat for this repair, you will need to remove your freezer shelves, as well as the back panel of your freezer. To complete this repair, you will need a 1/4-inch nut driver, a set of wire strippers and crimpers, and a heat gun or blow dryer. Before you begin this repair, be sure to disconnect the power source from the appliance.",
    "price": "$34.51",
    "stock_status": "In Stock",
    "rating": "4.30 out of 5",
    "reviews_count": 27
  },
  {
    "url": "https://www.partselect.com/PS8769007-Frigidaire-241537103-Cold-Control-Thermostat.htm?SourceCode=18",
    "image_url": "https://partselectcom-gtcdcddbene3cpes.z01.azurefd.net/8769007-1-N-Frigidaire-241537103-Cold-Control-Thermostat.jpg",
    "name": "Gibson Refrigerator Cold Control Thermostat",
    "partselect_number": "PS8769007",
    "manufacturer_number": "241537103",
    "description": "★★★★★\n★★★★★\n7 Reviews\nThis cold control thermostat cycles on and off regularly to keep your refrigerator cold.",
    "price": "$67.89",
    "stock_status": "In Stock",
    "rating": "4.86 out of 5",
    "reviews_count": 7
  },
  {
    "url": "https://www.partselect.com/PS429668-Frigidaire-240311502-Door-Shelf-Retainer-Bar-End-Cap-Right-Side.htm?SourceCode=18",
    "image_url": "https://partselectcom-gtcdcddbene3cpes.z01.azurefd.net/429668-1-N-Frigidaire-240311502-Door-Shelf-Retainer-Bar-End-Cap-Right-Side.jpg",
    "name": "Gibson Refrigerator Door Shelf Retainer Bar End Cap (right Side)",
    "partselect_number": "PS429668",
    "manufacturer_number": "240311502",
    "description": "★★★★★\n★★★★★\n38 Reviews\nThis replacement bar end cap can be used for a shelf in your freezer. The end cap is 4.25 inches long and 2.4 inches wide. You may need a flat blade screwdriver in order to pop out the existing end cap. Slide the new cap in place, making sure the locking tab is secure, and replace the bar.",
    "price": "$10.62",
    "stock_status": "In Stock",
    "rating": "4.87 out of 5",
    "reviews_count": 38
  },
  {
    "url": "https://www.partselect.com/PS3502361-Frigidaire-297309000-Evaporator-Fan-Motor-115v.htm?SourceCode=18",
    "image_url": "https://partselectcom-gtcdcddbene3cpes.z01.azurefd.net/3502361-1-N-Frigidaire-297309000-Evaporator-Fan-Motor-115v.jpg",
    "name": "Gibson Refrigerator Evaporator Fan Motor (115v)",
    "partselect_number": "PS3502361",
    "manufacturer_number": "297309000",
    "description": "★★★★★\n★★★★★\n10 Reviews\nThis evaporator fan motor is 115V. If you notice that your freezer is noisy or is too warm, you may need to replace the evaporator fan motor. This package comes with the evaporator fan motor itself, as well as a wire harness. The evaporator fan motor is in the back of the freezer, so you will need to remove your freezer shelves and the back panel before you can access it. The function of the evaporator fan motor is to circulate air over the coils. The coils convert the heat into cool air, which is then circulated. Be sure to remove the power source from the freezer before you begin this repair.",
    "price": "$54.67",
    "stock_status": "In Stock",
    "rating": "5.00 out of 5",
    "reviews_count": 10
  },
  {
    "url": "https://www.partselect.com/PS3495561-Frigidaire-297286803-Run-Capacitor-120v.htm?SourceCode=18",
    "image_url": "https://partselectcom-gtcdcddbene3cpes.z01.azurefd.net/3495561-1-N-Frigidaire-297286803-Run-Capacitor-120v.jpg",
    "name": "Gibson Refrigerator Run Capacitor (120v)",
    "partselect_number": "PS3495561",
    "manufacturer_number": "297286803",
    "description": "★★★★★\n★★★★★\n18 Reviews\nThis part helps the compressor kick on and off while maintaining a constant temperature to keep things frozen in your freezer. The run capacitor is attached to the compressor. This part is 120 volts and 15 mfd. The run capacitor helps the compressor kick on and off while maintaining a constant temperature to keep things frozen in your freezer. If your refrigerator is too warm, will not start, or your freezer section is too warm, you may need to replace this part. This is a genuine OEM part. Please remember to disconnect power to your refrigerator before starting your repair.",
    "price": "$19.95",
    "stock_status": "In Stock",
    "rating": "4.50 out of 5",
    "reviews_count": 18
  },
  {
    "url": "https://www.partselect.com/PS422444-Frigidaire-215267701-Door-Shelf-End-Cap-Left-Or-Right-Side.htm?SourceCode=18",
    "image_url": "https://partselectcom-gtcdcddbene3cpes.z01.azurefd.net/422444-1-N-Frigidaire-215267701-Door-Shelf-End-Cap-Left-Or-Right-Side.jpg",
    "name": "Gibson Refrigerator Door Shelf End Cap (left Or Right Side)",
    "partselect_number": "PS422444",
    "manufacturer_number": "215267701",
    "description": "★★★★★\n★★★★★\n11 Reviews\nThis end cap can be used for the right or left side of the refrigerator door shelf or the freezer door shelf. It is white in color, made of plastic material and measures about 2 inches high by 3 inches deep. This might need to be replaced if it has broken or worn over time. This repair requires no tools. You will need to open your fridge, pull upwards on the existing end cap, and pull outwards. There is a locking tab on either end so it does not matter if the top or bottom comes out first. Slide the new end cap onto the rail and it is installed.",
    "price": "$7.71",
    "stock_status": "In Stock",
    "rating": "5.00 out of 5",
    "reviews_count": 11
  },
  {
    "url": "https://www.partselect.com/PS12585793-Frigidaire-5304518034-DEFROST-TIMER.htm?SourceCode=18",
    "image_url": "https://partselectcom-gtcdcddbene3cpes.z01.azurefd.net/12585793-1-N-Frigidaire-5304518034-DEFROST-TIMER.jpg",
    "name": "Gibson Refrigerator Defrost Timer",
    "partselect_number": "PS12585793",
    "manufacturer_number": "5304518034",
    "description": "★★★★★\n★★★★★\n16 Reviews\nThis is a 120 volt defrost timer manufactured for refrigerators. The defrost timer manages the automatic defrost systemin the unit. It acts like a clock by switching between activating the cooling cycle and the defrost heater to maintain the set thermostat temperature, preventing the unit from being too warm or cold. The defrost timer may need to be replaced if the fridge will not maintain its temperature or has frost buildup. Depending on the model, it could be located on the rear panel or ceiling of the fresh food compartment. Be sure to disconnect power to the refrigerator before replacing this part.",
    "price": "$41.66",
    "stock_status": "In Stock",
    "rating": "4.63 out of 5",
    "reviews_count": 16
  },
  {
    "url": "https://www.partselect.com/PS395284-Whirlpool-833697-Refrigerator-Condenser-Fan-Motor-Kit.htm?SourceCode=18",
    "image_url": "https://partselectcom-gtcdcddbene3cpes.z01.azurefd.net/395284-1-N-Whirlpool-833697-Refrigerator-Condenser-Fan-Motor-Kit.jpg",
    "name": "Gibson Refrigerator Condenser Fan Motor Kit",
    "partselect_number": "PS395284",
    "manufacturer_number": "833697",
    "description": "★★★★★\n★★★★★\n50 Reviews\nThis condenser fan motor kit is designed for use with refrigerators. This fan draws air through the condenser coils and over the compressor. It does this with the goal of cooling the warm refrigerant before it enters the evaporator. When your fan or fan motor is not working your refrigerator will not cool properly. This is a 2-Watt, 115 Volt motor that rotates the fan in a counter clockwise direction. This kit includes the hardware needed for installation, and a set of instructions. Before you begin any repair work make sure to unplug your appliance.",
    "price": "$60.43",
    "stock_status": "In Stock",
    "rating": "4.80 out of 5",
    "reviews_count": 50
  },
  {
    "url": "https://www.partselect.com/PS473177-Frigidaire-5308000010-Evaporator-Fan-Blade.htm?SourceCode=18",
    "image_url": "https://partselectcom-gtcdcddbene3cpes.z01.azurefd.net/473177-1-N-Frigidaire-5308000010-Evaporator-Fan-Blade.jpg",
    "name": "Gibson Refrigerator Evaporator Fan Blade",
    "partselect_number": "PS473177",
    "manufacturer_number": "5308000010",
    "description": "★★★★★\n★★★★★\n5 Reviews\nThis evaporator fan blade is a genuine OEM part that is sourced directly from the manufacturer. The evaporator fan blade circulates air through the refrigerator to control the amount of cold air goes that goes to internal compartments of the unit. It may need to be replaced if the fridge is noisy or not cold enough. This part is made of plastic and is sold individually. It will be necessary to disconnect power to the refrigerator and empty the freezer compartment of the refrigerator. The tools needed to complete this repair are a 1/4 inch nut driver and a pair of needle nose pliers.",
    "price": "$46.51",
    "stock_status": "In Stock",
    "rating": "4.80 out of 5",
    "reviews_count": 5
  },
  {
    "url": "https://www.partselect.com/PS430245-Frigidaire-240365401-Meat-Drawer-Rail-Left-Side.htm?SourceCode=18",
    "image_url": "https://partselectcom-gtcdcddbene3cpes.z01.azurefd.net/430245-1-N-Frigidaire-240365401-Meat-Drawer-Rail-Left-Side.jpg",
    "name": "Gibson Refrigerator Meat Drawer Rail (left Side)",
    "partselect_number": "PS430245",
    "manufacturer_number": "240365401",
    "description": "★★★★★\n★★★★★\n25 Reviews\nThis drawer rail supports the left hand side of the sliding drawer. The mounting screws are sold separately.",
    "price": "$46.03",
    "stock_status": "In Stock",
    "rating": "4.80 out of 5",
    "reviews_count": 25
  },
  {
    "url": "https://www.partselect.com/PS1526412-Frigidaire-241685101-Ice-Dispenser-Drum.htm?SourceCode=18",
    "image_url": "https://partselectcom-gtcdcddbene3cpes.z01.azurefd.net/1526412-1-N-Frigidaire-241685101-Ice-Dispenser-Drum.jpg",
    "name": "Gibson Refrigerator Ice Dispenser Drum",
    "partselect_number": "PS1526412",
    "manufacturer_number": "241685101",
    "description": "★★★★★\n★★★★★\n18 Reviews\nThis part helps push the ice through the front plate to be crushed.",
    "price": "$48.40",
    "stock_status": "In Stock",
    "rating": "4.89 out of 5",
    "reviews_count": 18
  },
  {
    "url": "https://www.partselect.com/PS1991435-Frigidaire-241872503-Freezer-Door-Gasket.htm?SourceCode=18",
    "image_url": "https://partselectcom-gtcdcddbene3cpes.z01.azurefd.net/1991435-1-N-Frigidaire-241872503-Freezer-Door-Gasket.jpg",
    "name": "Gibson Refrigerator Freezer Door Gasket",
    "partselect_number": "PS1991435",
    "manufacturer_number": "241872503",
    "description": "★★★★★\n★★★★★\n7 Reviews\nThis white door gasket is used to seal the freezer door when closed.",
    "price": "$93.05",
    "stock_status": "In Stock",
    "rating": "5.00 out of 5",
    "reviews_count": 7
  },
  {
    "url": "https://www.partselect.com/PS11770608-Frigidaire-5304507146-Hinge-Bearing.htm?SourceCode=18",
    "image_url": "https://partselectcom-gtcdcddbene3cpes.z01.azurefd.net/11770608-1-N-Frigidaire-5304507146-Hinge-Bearing.jpg",
    "name": "Gibson Refrigerator Hinge Bearing",
    "partselect_number": "PS11770608",
    "manufacturer_number": "5304507146",
    "description": "★★★★★\n★★★★★\n4 Reviews\nThis is a replacement hinge bearing for your refrigerator. The hinge bearing is found on the door hinge, and reduces friction when the door opens and closes. If the bearing is damaged, you may not be able to open or close the door properly, and in this case, it will need to be replaced. It is made of white plastic and is approximately 2 inches long and 1 inch in diameter. This part is sold individually and is a genuine OEM part.",
    "price": "$11.59",
    "stock_status": "In Stock",
    "rating": "3.75 out of 5",
    "reviews_count": 4
  },
  {
    "url": "https://www.partselect.com/PS734937-Frigidaire-240534801-Freezer-Door-Shelf-Retainer-Bar.htm?SourceCode=18",
    "image_url": "https://partselectcom-gtcdcddbene3cpes.z01.azurefd.net/734937-1-N-Frigidaire-240534801-Freezer-Door-Shelf-Retainer-Bar.jpg",
    "name": "Gibson Refrigerator Freezer Door Shelf Retainer Bar",
    "partselect_number": "PS734937",
    "manufacturer_number": "240534801",
    "description": "★★★★★\n★★★★★\n10 Reviews\nThis is the replacement door shelf retainer bar for your refrigerator. This retainer part connects to the freezer door wall, and prevents items that are stored in the freezer door from falling out when the door opens and closes. The main reason you would want to replace the retainer bar is if the old bar is broken or missing. To replace the retainer bar, simply pop the old bar out of position and snap the new one into place. This retainer bar is approximately 24 inches long and 5 inches wide. It is made of white plastic and is sold individually.",
    "price": "$27.99",
    "stock_status": "In Stock",
    "rating": "4.00 out of 5",
    "reviews_count": 10
  },
  {
    "url": "https://www.partselect.com/PS3419839-Frigidaire-5303918549-Evaporator-Fan-Motor-Kit-120v-60hz.htm?SourceCode=18",
    "image_url": "https://partselectcom-gtcdcddbene3cpes.z01.azurefd.net/3419839-1-N-Frigidaire-5303918549-Evaporator-Fan-Motor-Kit-120v-60hz.jpg",
    "name": "Gibson Refrigerator Evaporator Fan Motor Kit (120v 60hz)",
    "partselect_number": "PS3419839",
    "manufacturer_number": "5303918549",
    "description": "★★★★★\n★★★★★\n28 Reviews\nThe evaporator fan motor (Motor Evaporator Fan, Evaporator Fan Motor Kit, Evaporator Fan Motor, Refrigerator Evaporator Fan Motor) circulates air through the food compartment for efficient cooling in refrigerators. The evaporator fan motor can squeal as its bearing dries out. The motor bearings can totally seize, preventing any movement. The motor coil can also burn out, preventing any fan movement. If this motor fails, the refrigerator compartment will warm up and eventually the freezer will reduce cooling as well. Excessive frost can build up on the evaporator coil due to lack of air movement. The motor can make a squealing noise when it is beginning to fail or will not operate at all when powered, and this is a sign it should be replaced. The evaporator is located in the rear of the freezer compartment. This part measures 2-1/2 inches wide by 3 inches tall by 1 inch thick, at its widest point. It is constructed of plastic and metal, and comes in black/silver. This kit includes the evaporator fan motor and harness.",
    "price": "$56.59",
    "stock_status": "In Stock",
    "rating": "4.29 out of 5",
    "reviews_count": 28
  },
  {
    "url": "https://www.partselect.com/PS429945-Frigidaire-240349701-Meat-Pan-Rail-Left-Side-White.htm?SourceCode=18",
    "image_url": "https://partselectcom-gtcdcddbene3cpes.z01.azurefd.net/429945-1-N-Frigidaire-240349701-Meat-Pan-Rail-Left-Side-White.jpg",
    "name": "Gibson Refrigerator Meat Pan Rail (left Side) (white)",
    "partselect_number": "PS429945",
    "manufacturer_number": "240349701",
    "description": "★★★★★\n★★★★★\n16 Reviews\nMounting screws NOT included.",
    "price": "$46.03",
    "stock_status": "In Stock",
    "rating": "4.94 out of 5",
    "reviews_count": 16
  },
  {
    "url": "https://www.partselect.com/PS429766-Frigidaire-240324501-Door-Shelf-Bin.htm?SourceCode=18",
    "image_url": "https://partselectcom-gtcdcddbene3cpes.z01.azurefd.net/429766-1-N-Frigidaire-240324501-Door-Shelf-Bin.jpg",
    "name": "Gibson Refrigerator Door Shelf Bin",
    "partselect_number": "PS429766",
    "manufacturer_number": "240324501",
    "description": "★★★★★\n★★★★★\n23 Reviews\nAlso known as gallon door bin.",
    "price": "$56.00",
    "stock_status": "In Stock",
    "rating": "4.74 out of 5",
    "reviews_count": 23
  },
  {
    "url": "https://www.partselect.com/PS3651282-Whirlpool-W10443315-Door-Gasket.htm?SourceCode=18",
    "image_url": "https://partselectcom-gtcdcddbene3cpes.z01.azurefd.net/3651282-1-N-Whirlpool-W10443315-Door-Gasket.jpg",
    "name": "Gibson Refrigerator Door Gasket",
    "partselect_number": "PS3651282",
    "manufacturer_number": "W10443315",
    "description": "★★★★★\n★★★★★\n15 Reviews\nThis white door gasket is used to seal the freezer door when closed to keep the cool air inside and the room air out.",
    "price": "$141.00",
    "stock_status": "In Stock",
    "rating": "4.73 out of 5",
    "reviews_count": 15
  },
  {
    "url": "https://www.partselect.com/PS429803-Frigidaire-240328201-Hinge-Bearing.htm?SourceCode=18",
    "image_url": "https://partselectcom-gtcdcddbene3cpes.z01.azurefd.net/429803-1-N-Frigidaire-240328201-Hinge-Bearing.jpg",
    "name": "Gibson Refrigerator Hinge Bearing",
    "partselect_number": "PS429803",
    "manufacturer_number": "240328201",
    "description": "★★★★★\n★★★★★\n29 Reviews\nSold individually. Also known as a short door closing cam.",
    "price": "$24.91",
    "stock_status": "In Stock",
    "rating": "4.90 out of 5",
    "reviews_count": 29
  },
  {
    "url": "https://www.partselect.com/PS8691994-Frigidaire-241675704-Refrigerator-Ice-Dispenser-Solenoid.htm?SourceCode=18",
    "image_url": "https://partselectcom-gtcdcddbene3cpes.z01.azurefd.net/8691994-1-N-Frigidaire-241675704-Refrigerator-Ice-Dispenser-Solenoid.jpg",
    "name": "Gibson Refrigerator Ice Dispenser Solenoid",
    "partselect_number": "PS8691994",
    "manufacturer_number": "241675704",
    "description": "★★★★★\n★★★★★\n5 Reviews\nThe cube solenoid allows cube or crushed ice to be dispensed on demand. 120V 60Hz",
    "price": "$62.65",
    "stock_status": "In Stock",
    "rating": "4.60 out of 5",
    "reviews_count": 5
  },
  {
    "url": "https://www.partselect.com/PS2203349-Frigidaire-241872505-Freezer-Door-Gasket-White.htm?SourceCode=18",
    "image_url": "https://partselectcom-gtcdcddbene3cpes.z01.azurefd.net/2203349-1-N-Frigidaire-241872505-Freezer-Door-Gasket-White.jpg",
    "name": "Gibson Refrigerator Freezer Door Gasket (white)",
    "partselect_number": "PS2203349",
    "manufacturer_number": "241872505",
    "description": "★★★★★\n★★★★★\n2 Reviews\nThis white door gasket is used to make an air-tight seal for the cabinet when the door is closed.",
    "price": "$108.05",
    "stock_status": "In Stock",
    "rating": "3.00 out of 5",
    "reviews_count": 2
  },
  {
    "url": "https://www.partselect.com/PS12724042-Frigidaire-241689106-Micro-Switch.htm?SourceCode=18",
    "image_url": "https://partselectcom-gtcdcddbene3cpes.z01.azurefd.net/12724042-1-N-Frigidaire-241689106-Micro-Switch.jpg",
    "name": "Gibson Refrigerator Micro Switch",
    "partselect_number": "PS12724042",
    "manufacturer_number": "241689106",
    "description": "★★★★★\n★★★★★\n5 Reviews",
    "price": "$13.81",
    "stock_status": "In Stock",
    "rating": "4.60 out of 5",
    "reviews_count": 5
  },
  {
    "url": "https://www.partselect.com/PS12728807-Frigidaire-241684503-DRIVE-BLADE.htm?SourceCode=18",
    "image_url": "https://partselectcom-gtcdcddbene3cpes.z01.azurefd.net/12728807-1-N-Frigidaire-241684503-DRIVE-BLADE.jpg",
    "name": "Gibson Refrigerator Drive Blade",
    "partselect_number": "PS12728807",
    "manufacturer_number": "241684503",
    "description": "★★★★★\n★★★★★\n5 Reviews\nThis drive blade is a little under five inches long. It is used for the icemaker of many refrigerators.",
    "price": "$23.23",
    "stock_status": "In Stock",
    "rating": "5.00 out of 5",
    "reviews_count": 5
  },
  {
    "url": "https://www.partselect.com/PS2331945-Frigidaire-241872504-Fresh-Food-Door-Gasket-White.htm?SourceCode=18",
    "image_url": "https://partselectcom-gtcdcddbene3cpes.z01.azurefd.net/2331945-1-N-Frigidaire-241872504-Fresh-Food-Door-Gasket-White.jpg",
    "name": "Gibson Refrigerator Fresh Food Door Gasket (white)",
    "partselect_number": "PS2331945",
    "manufacturer_number": "241872504",
    "description": "★★★★★\n★★★★★\n1 Review\nThis white door gasket is used to seal the refrigerator door when closed to keep the cool air inside and the room air out.",
    "price": "$120.36",
    "stock_status": "In Stock",
    "rating": "5.00 out of 5",
    "reviews_count": 1
  },
  {
    "url": "https://www.partselect.com/PS2331944-Frigidaire-241872502-Fresh-Food-Door-Gasket-White.htm?SourceCode=18",
    "image_url": "https://partselectcom-gtcdcddbene3cpes.z01.azurefd.net/2331944-1-N-Frigidaire-241872502-Fresh-Food-Door-Gasket-White.jpg",
    "name": "Gibson Refrigerator Fresh Food Door Gasket (white)",
    "partselect_number": "PS2331944",
    "manufacturer_number": "241872502",
    "description": "★★★★★\n★★★★★\n2 Reviews\nThis white door gasket is used to make an air-tight seal for the cabinet when the door is closed.",
    "price": "$100.53",
    "stock_status": "In Stock",
    "rating": "5.00 out of 5",
    "reviews_count": 2
  },
  {
    "url": "https://www.partselect.com/PS423802-Frigidaire-215846604-Defrost-Timer-120v-60hz.htm?SourceCode=18",
    "image_url": "https://partselectcom-gtcdcddbene3cpes.z01.azurefd.net/423802-1-N-Frigidaire-215846604-Defrost-Timer-120v-60hz.jpg",
    "name": "Gibson Refrigerator Defrost Timer (120v 60hz)",
    "partselect_number": "PS423802",
    "manufacturer_number": "215846604",
    "description": "★★★★★\n★★★★★\n12 Reviews\nThis defrost timer is designed for use in your refrigerator. The defrost timer acts as a clock, that switches the refrigerator from the freezing cycle to the defrost cycle and back. If your refrigerator is running non-stop, or is not running at all, you may need to check and replace the defrost timer. This is a 6 hour and 21 minute defrost timer. This part is made of white plastic, with 4 metal prongs protruding from one end. To complete this repair, you will need to access the old defrost timer which is located inside the console on the roof of your refrigerator. To complete this repair, you will need a 1/4-inch nut driver, a flat blade screwdriver, and a Phillips screwdriver. Be sure to disconnect power from your refrigerator before you begin this repair.",
    "price": "$32.93",
    "stock_status": "In Stock",
    "rating": "3.92 out of 5",
    "reviews_count": 12
  },
  {
    "url": "https://www.partselect.com/PS1526586-Frigidaire-241734001-Ice-Container-Bucket.htm?SourceCode=18",
    "image_url": "https://partselectcom-gtcdcddbene3cpes.z01.azurefd.net/1526586-1-N-Frigidaire-241734001-Ice-Container-Bucket.jpg",
    "name": "Gibson Refrigerator Ice Container/bucket",
    "partselect_number": "PS1526586",
    "manufacturer_number": "241734001",
    "description": "★★★★★\n★★★★★\n20 Reviews\nBucket only. All other parts sold separately.",
    "price": "$69.30",
    "stock_status": "In Stock",
    "rating": "5.00 out of 5",
    "reviews_count": 20
  },
  {
    "url": "https://www.partselect.com/PS648785-Frigidaire-240354602-Lower-Crisper-Cover-Frame-Only.htm?SourceCode=18",
    "image_url": "https://partselectcom-gtcdcddbene3cpes.z01.azurefd.net/648785-1-N-Frigidaire-240354602-Lower-Crisper-Cover-Frame-Only.jpg",
    "name": "Gibson Refrigerator Lower Crisper Cover - Frame Only",
    "partselect_number": "PS648785",
    "manufacturer_number": "240354602",
    "description": "★★★★★\n★★★★★\n10 Reviews\nGlass is NOT included.",
    "price": "$62.65",
    "stock_status": "In Stock",
    "rating": "4.30 out of 5",
    "reviews_count": 10
  },
  {
    "url": "https://www.partselect.com/PS3490416-Frigidaire-240313703-Upper-Hinge.htm?SourceCode=18",
    "image_url": "https://partselectcom-gtcdcddbene3cpes.z01.azurefd.net/3490416-1-N-Frigidaire-240313703-Upper-Hinge.jpg",
    "name": "Gibson Refrigerator Upper Hinge",
    "partselect_number": "PS3490416",
    "manufacturer_number": "240313703",
    "description": "★★★★★\n★★★★★\n2 Reviews\nThis is the top hinge.",
    "price": "$37.19",
    "stock_status": "In Stock",
    "rating": "5.00 out of 5",
    "reviews_count": 2
  },
  {
    "url": "https://www.partselect.com/PS3655096-Frigidaire-218906802-Light-Socket.htm?SourceCode=18",
    "image_url": "https://partselectcom-gtcdcddbene3cpes.z01.azurefd.net/3655096-1-N-Frigidaire-218906802-Light-Socket.jpg",
    "name": "Gibson Refrigerator Light Socket",
    "partselect_number": "PS3655096",
    "manufacturer_number": "218906802",
    "description": "★★★★★\n★★★★★\n10 Reviews\nThe light socket on your refrigerator houses the light bulb and connects it to the power source. If you notice that your refrigerator light does not come on when you open the door, you may need to replace the light socket. This light socket is made of white plastic with two metal prongs. The light socket is located inside the refrigerator. Many of our customers have rated this repair as easy. To complete this repair, simply pop the old socket out with a small flat blade screwdriver and disconnect the wires. Then simply reconnect the wires to the new socket, and snap it in place with the locking tab.",
    "price": "$25.17",
    "stock_status": "In Stock",
    "rating": "4.40 out of 5",
    "reviews_count": 10
  },
  {
    "url": "https://www.partselect.com/PS1148756-Frigidaire-241657502-Fixed-Freezer-Shelf.htm?SourceCode=18",
    "image_url": "https://partselectcom-gtcdcddbene3cpes.z01.azurefd.net/1148756-1-N-Frigidaire-241657502-Fixed-Freezer-Shelf.jpg",
    "name": "Gibson Refrigerator Fixed Freezer Shelf",
    "partselect_number": "PS1148756",
    "manufacturer_number": "241657502",
    "description": "★★★★★\n★★★★★\n5 Reviews",
    "price": "$60.43",
    "stock_status": "In Stock",
    "rating": "4.80 out of 5",
    "reviews_count": 5
  },
  {
    "url": "https://www.partselect.com/PS12749532-Whirlpool-W11447232-SOCKET.htm?SourceCode=18",
    "image_url": "https://partselectcom-gtcdcddbene3cpes.z01.azurefd.net/12749532-1-N-Whirlpool-W11447232-SOCKET.jpg",
    "name": "Gibson Refrigerator Socket",
    "partselect_number": "PS12749532",
    "manufacturer_number": "W11447232",
    "description": "★★★★★\n★★★★★\n1 Review",
    "price": "$11.71",
    "stock_status": "In Stock",
    "rating": "5.00 out of 5",
    "reviews_count": 1
  },
  {
    "url": "https://www.partselect.com/PS11766772-Frigidaire-5303918774-Refrigerator-Condenser-Fan-Motor-Kit.htm?SourceCode=18",
    "image_url": "https://partselectcom-gtcdcddbene3cpes.z01.azurefd.net/11766772-1-N-Frigidaire-5303918774-Refrigerator-Condenser-Fan-Motor-Kit.jpg",
    "name": "Gibson Refrigerator Condenser Fan Motor Kit",
    "partselect_number": "PS11766772",
    "manufacturer_number": "5303918774",
    "description": "★★★★★\n★★★★★\n16 Reviews\nThis is a replacement condenser fan motor kit for your refrigerator. This six-piece kit contains foam tape, 2 screws, the fan blade, the new motor mounting bracket, and the condenser fan motor. The condenser fan motor is found in the back of the refrigerator, and it moves air across the compressor and the condenser to keep them cool. If the motor has failed, the condenser and the compressor will run hot, and this can cause the refrigerator not to cool. This is an OEM part from the manufacturer.",
    "price": "$113.69",
    "stock_status": "In Stock",
    "rating": "4.31 out of 5",
    "reviews_count": 16
  },
  {
    "url": "https://www.partselect.com/PS1148319-Frigidaire-241649003-Dispenser-Grille.htm?SourceCode=18",
    "image_url": "https://partselectcom-gtcdcddbene3cpes.z01.azurefd.net/1148319-1-N-Frigidaire-241649003-Dispenser-Grille.jpg",
    "name": "Gibson Refrigerator Dispenser Grille",
    "partselect_number": "PS1148319",
    "manufacturer_number": "241649003",
    "description": "★★★★★\n★★★★★\n6 Reviews\nThis part is the replacement dispenser grille for your refrigerator. It is made of black plastic and is approximately 10 inches wide and 4 inches deep. The dispenser grill sits at the bottom of your ice dispenser assembly and catches any spills when your ice or water dispenser is running. If your dispenser grille/drip tray is missing or damaged, this is the part that replaces it. To replace the dispenser grille, simply remove it and insert the new one. This part is sold individually and is and authentic OEM part sourced directly from the manufacturer.",
    "price": "$37.99",
    "stock_status": "In Stock",
    "rating": "4.50 out of 5",
    "reviews_count": 6
  },
  {
    "url": "https://www.partselect.com/PS429917-Frigidaire-240343102-Basket-Hanger-Left-Side.htm?SourceCode=18",
    "image_url": "https://partselectcom-gtcdcddbene3cpes.z01.azurefd.net/429917-1-N-Frigidaire-240343102-Basket-Hanger-Left-Side.jpg",
    "name": "Gibson Refrigerator Basket Hanger - Left Side",
    "partselect_number": "PS429917",
    "manufacturer_number": "240343102",
    "description": "★★★★★\n★★★★★\n3 Reviews\nThis freezer basket hanger, also known as a drawer slide rail, is a genuine OEM replacement part for the freezer compartment of your refridgerator. This hanger is for the left side. Pull out the front trim, glass shelf, and basket. Use a 1/4 inch nut driver to unscrew to the basket hanger. Remove the hanger and put the new one on the mounting pegs, installing the rest of the parts in reverse order.",
    "price": "$51.79",
    "stock_status": "In Stock",
    "rating": "5.00 out of 5",
    "reviews_count": 3
  },
  {
    "url": "https://www.partselect.com/PS430258-Frigidaire-240367301-Upper-Freezer-Door-Bin-White.htm?SourceCode=18",
    "image_url": "https://partselectcom-gtcdcddbene3cpes.z01.azurefd.net/430258-1-N-Frigidaire-240367301-Upper-Freezer-Door-Bin-White.jpg",
    "name": "Gibson Refrigerator Upper Freezer Door Bin (white)",
    "partselect_number": "PS430258",
    "manufacturer_number": "240367301",
    "description": "★★★★★\n★★★★★\n2 Reviews\nSold individually.",
    "price": "$47.48",
    "stock_status": "In Stock",
    "rating": "5.00 out of 5",
    "reviews_count": 2
  },
  {
    "url": "https://www.partselect.com/PS426768-Frigidaire-216730700-Defrost-Heater.htm?SourceCode=18",
    "image_url": "https://partselectcom-gtcdcddbene3cpes.z01.azurefd.net/426768-1-N-Frigidaire-216730700-Defrost-Heater.jpg",
    "name": "Gibson Refrigerator Defrost Heater",
    "partselect_number": "PS426768",
    "manufacturer_number": "216730700",
    "description": "★★★★★\n★★★★★\n1 Review\nThis part is located at the bottom of the evaporator. The defrost heater heats the evaporator in the defrost mode of operation to keep the cooling coils from frosting over. The thermostat must be replaced when replacing the defrost heater.",
    "price": "$72.91",
    "stock_status": "In Stock",
    "rating": "5.00 out of 5",
    "reviews_count": 1
  },
  {
    "url": "https://www.partselect.com/PS9492364-Frigidaire-240360906-Wire-Shelf.htm?SourceCode=18",
    "image_url": "https://partselectcom-gtcdcddbene3cpes.z01.azurefd.net/9492364-1-N-Frigidaire-240360906-Wire-Shelf.jpg",
    "name": "Gibson Refrigerator Wire Shelf",
    "partselect_number": "PS9492364",
    "manufacturer_number": "240360906",
    "description": "★★★★★\n★★★★★\n3 Reviews\nSold individually.",
    "price": "$70.76",
    "stock_status": "In Stock",
    "rating": "5.00 out of 5",
    "reviews_count": 3
  },
  {
    "url": "https://www.partselect.com/PS1146890-Frigidaire-241613501-Humidity-Control.htm?SourceCode=18",
    "image_url": "https://partselectcom-gtcdcddbene3cpes.z01.azurefd.net/1146890-1-N-Frigidaire-241613501-Humidity-Control.jpg",
    "name": "Gibson Refrigerator Humidity Control",
    "partselect_number": "PS1146890",
    "manufacturer_number": "241613501",
    "price": "$19.75",
    "stock_status": "In Stock"
  },
  {
    "url": "https://www.partselect.com/PS3651281-Whirlpool-W10443313-Door-Gasket-White.htm?SourceCode=18",
    "image_url": "https://partselectcom-gtcdcddbene3cpes.z01.azurefd.net/3651281-1-N-Whirlpool-W10443313-Door-Gasket-White.jpg",
    "name": "Gibson Refrigerator Door Gasket - White",
    "partselect_number": "PS3651281",
    "manufacturer_number": "W10443313",
    "description": "★★★★★\n★★★★★\n2 Reviews\nThis white door gasket is used to make an air-tight seal for the cabinet when the door is closed.",
    "price": "$123.81",
    "stock_status": "In Stock",
    "rating": "3.00 out of 5",
    "reviews_count": 2
  },
  {
    "url": "https://www.partselect.com/PS447389-Frigidaire-3206165-Door-Shelf-End-Cap-Right-Side.htm?SourceCode=18",
    "image_url": "https://partselectcom-gtcdcddbene3cpes.z01.azurefd.net/447389-1-N-Frigidaire-3206165-Door-Shelf-End-Cap-Right-Side.jpg",
    "name": "Gibson Refrigerator Door Shelf End Cap - Right Side",
    "partselect_number": "PS447389",
    "manufacturer_number": "3206165",
    "description": "This is the door shelf end cap for your refrigerator. It connects to the refrigerator door and keeps the door bar in place. Your refrigerator will have two shelf end caps, one for the right side and one for the left. This part is the right side door shelf end cap. It is made of white plastic and is a little over one inch long. This is an OEM part from the manufacturer and is sold individually.",
    "price": "$12.69",
    "stock_status": "In Stock"
  },
  {
    "url": "https://www.partselect.com/PS1526350-Frigidaire-241678703-Dispenser-Cover.htm?SourceCode=18",
    "image_url": "https://partselectcom-gtcdcddbene3cpes.z01.azurefd.net/1526350-1-N-Frigidaire-241678703-Dispenser-Cover.jpg",
    "name": "Gibson Refrigerator Dispenser Cover",
    "partselect_number": "PS1526350",
    "manufacturer_number": "241678703",
    "description": "This is just the cover. Label module cover must be ordered separately.",
    "price": "$57.18",
    "stock_status": "In Stock"
  },
  {
    "url": "https://www.partselect.com/PS461313-Frigidaire-5303289501-Lower-Crisper-Drawer.htm?SourceCode=18",
    "image_url": "https://partselectcom-gtcdcddbene3cpes.z01.azurefd.net/461313-1-N-Frigidaire-5303289501-Lower-Crisper-Drawer.jpg",
    "name": "Gibson Refrigerator Lower Crisper Drawer",
    "partselect_number": "PS461313",
    "manufacturer_number": "5303289501",
    "description": "★★★★★\n★★★★★\n12 Reviews\nThis lower drawer does NOT come with the front cover.",
    "price": "$99.70",
    "stock_status": "On Order",
    "rating": "5.00 out of 5",
    "reviews_count": 12
  },
  {
    "url": "https://www.partselect.com/PS3651544-Frigidaire-242120501-Crisper-Pan-Cover.htm?SourceCode=18",
    "image_url": "https://partselectcom-gtcdcddbene3cpes.z01.azurefd.net/3651544-1-N-Frigidaire-242120501-Crisper-Pan-Cover.jpg",
    "name": "Gibson Refrigerator Crisper Pan Cover",
    "partselect_number": "PS3651544",
    "manufacturer_number": "242120501",
    "description": "★★★★★\n★★★★★\n1 Review\nManufacturer Part Number 242120501",
    "price": "$94.99",
    "stock_status": "In Stock",
    "rating": "5.00 out of 5",
    "reviews_count": 1
  },
  {
    "url": "https://www.partselect.com/PS2332280-Frigidaire-297243800-Door-Light-Switch.htm?SourceCode=18",
    "image_url": "https://partselectcom-gtcdcddbene3cpes.z01.azurefd.net/2332280-1-N-Frigidaire-297243800-Door-Light-Switch.jpg",
    "name": "Gibson Refrigerator Door Light Switch",
    "partselect_number": "PS2332280",
    "manufacturer_number": "297243800",
    "description": "★★★★★\n★★★★★\n8 Reviews\nThis is a switch for your refrigerator, but you may also know it as a door switch or a plunger light switch. This part turns your appliance light on and off as the door is opened and closed. If your current light does not turn on, it will need to be replaced. To make this repair you will need a Phillips head screwdriver, a putty knife, and a flat head screwdriver.",
    "price": "$27.39",
    "stock_status": "In Stock",
    "rating": "5.00 out of 5",
    "reviews_count": 8
  },
  {
    "url": "https://www.partselect.com/PS426380-Frigidaire-216594300-Compressor-Start-Relay.htm?SourceCode=18",
    "image_url": "https://partselectcom-gtcdcddbene3cpes.z01.azurefd.net/426380-1-N-Frigidaire-216594300-Compressor-Start-Relay.jpg",
    "name": "Gibson Refrigerator Compressor Start Relay",
    "partselect_number": "PS426380",
    "manufacturer_number": "216594300",
    "description": "The compressor start relay attaches to the compressor in your refrigerator. If your refrigerator will not start, one of the most common parts to fail is the compressor start relay. Sometimes called the controller, this device is used to boost the compressor until the unit is running. Other common symptoms connected to start relays include: refrigerator will not start, will not cool, is making a clicking, humming or buzzing sound, or the compressor itself is warm to the touch. You may also smell a burnt plastic odor if the relay has failed. Shake the relay and listen for any rattling, as this is a sign that it is faulty.",
    "price": "$39.55",
    "stock_status": "In Stock"
  },
  {
    "url": "https://www.partselect.com/PS425733-Frigidaire-216396900-Adjustable-Leveling-Foot-Black.htm?SourceCode=18",
    "image_url": "https://partselectcom-gtcdcddbene3cpes.z01.azurefd.net/425733-1-N-Frigidaire-216396900-Adjustable-Leveling-Foot-Black.jpg",
    "name": "Gibson Refrigerator Adjustable Leveling Foot - Black",
    "partselect_number": "PS425733",
    "manufacturer_number": "216396900",
    "description": "This part could be found underneath a fridge, dryer, or freezer. The original foot may be cracked, broken, or perhaps missing altogether. If you notice the appliance is uneven to the floor or wobbling, it may indicate that the levelling foot needs to be replaced. You will need pliers and a block of wood to perform this task. There will be one adjustable foot found in the package. Lift the dryer and place the wood to keep it propped up. You may need to use the pliers to remove the old foot. Screw the new foot into place using your hand. Once the new leveling foot is in place, lift the appliance and remove the block. Test the machine out to ensure it is now sitting level.",
    "price": "$32.29",
    "stock_status": "In Stock"
  },
  {
    "url": "https://www.partselect.com/PS422964-Frigidaire-215474201-Refrigerator-Evaporator-Fan-Shaft-Washer.htm?SourceCode=18",
    "image_url": "https://partselectcom-gtcdcddbene3cpes.z01.azurefd.net/422964-1-N-Frigidaire-215474201-Refrigerator-Evaporator-Fan-Shaft-Washer.jpg",
    "name": "Gibson Refrigerator Evaporator Fan Shaft Washer",
    "partselect_number": "PS422964",
    "manufacturer_number": "215474201",
    "price": "$26.41",
    "stock_status": "In Stock"
  },
  {
    "url": "https://www.partselect.com/PS817298-Frigidaire-218909912-Run-Capacitor.htm?SourceCode=18",
    "image_url": "https://partselectcom-gtcdcddbene3cpes.z01.azurefd.net/817298-1-N-Frigidaire-218909912-Run-Capacitor.jpg",
    "name": "Gibson Refrigerator Run Capacitor",
    "partselect_number": "PS817298",
    "manufacturer_number": "218909912",
    "description": "★★★★★\n★★★★★\n3 Reviews\nThis part helps the compressor kick on and off while maintaining a constant temperature to keep things frozen in your freezer.",
    "price": "$57.18",
    "stock_status": "In Stock",
    "rating": "4.33 out of 5",
    "reviews_count": 3
  },
  {
    "url": "https://www.partselect.com/PS11738235-Whirlpool-WP10450603-Refrigerator-Single-Roller.htm?SourceCode=18",
    "image_url": "https://partselectcom-gtcdcddbene3cpes.z01.azurefd.net/11738235-1-N-Whirlpool-WP10450603-Refrigerator-Single-Roller.jpg",
    "name": "Gibson Refrigerator Single Roller",
    "partselect_number": "PS11738235",
    "manufacturer_number": "WP10450603",
    "description": "★★★★★\n★★★★★\n2 Reviews\nThis wheel is sold individually. It is located on the bottom of the refrigerator.",
    "price": "$9.85",
    "stock_status": "In Stock",
    "rating": "2.50 out of 5",
    "reviews_count": 2
  },
  {
    "url": "https://www.partselect.com/PS11743449-Whirlpool-WP67001279-Refrigerator-Dairy-Tray.htm?SourceCode=18",
    "image_url": "https://partselectcom-gtcdcddbene3cpes.z01.azurefd.net/11743449-1-N-Whirlpool-WP67001279-Refrigerator-Dairy-Tray.jpg",
    "name": "Gibson Refrigerator Dairy Tray",
    "partselect_number": "PS11743449",
    "manufacturer_number": "WP67001279",
    "description": "Manufacturer Part Number WP67001279",
    "price": "$56.21",
    "stock_status": "In Stock"
  },
  {
    "url": "https://www.partselect.com/PS2003451-Whirlpool-12001937-Refrigerator-Defrost-Thermostat-Kit.htm?SourceCode=18",
    "image_url": "https://partselectcom-gtcdcddbene3cpes.z01.azurefd.net/2003451-1-N-Whirlpool-12001937-Refrigerator-Defrost-Thermostat-Kit.jpg",
    "name": "Gibson Refrigerator Defrost Thermostat Kit",
    "partselect_number": "PS2003451",
    "manufacturer_number": "12001937",
    "description": "★★★★★\n★★★★★\n5 Reviews\nThis part is snapped onto the top portion of the evaporator. The thermostat sends temperature information to the processor. The defrost heater must be replaced when replacing the thermostat.",
    "price": "$61.06",
    "stock_status": "In Stock",
    "rating": "4.80 out of 5",
    "reviews_count": 5
  },
  {
    "url": "https://www.partselect.com/PS1148755-Frigidaire-241657602-Wire-Shelf.htm?SourceCode=18",
    "image_url": "https://partselectcom-gtcdcddbene3cpes.z01.azurefd.net/1148755-1-N-Frigidaire-241657602-Wire-Shelf.jpg",
    "name": "Gibson Refrigerator Wire Shelf",
    "partselect_number": "PS1148755",
    "manufacturer_number": "241657602",
    "description": "Manufacturer Part Number 241657602",
    "price": "$62.03",
    "stock_status": "Special Order"
  },
  {
    "url": "https://www.partselect.com/PS1526378-Frigidaire-241681901-Ice-Actuator.htm?SourceCode=18",
    "image_url": "https://partselectcom-gtcdcddbene3cpes.z01.azurefd.net/1526378-1-N-Frigidaire-241681901-Ice-Actuator.jpg",
    "name": "Gibson Refrigerator Ice Actuator",
    "partselect_number": "PS1526378",
    "manufacturer_number": "241681901",
    "description": "★★★★★\n★★★★★\n2 Reviews",
    "price": "$62.03",
    "stock_status": "In Stock",
    "rating": "4.50 out of 5",
    "reviews_count": 2
  },
  {
    "url": "https://www.partselect.com/PS2008839-Whirlpool-12968202W-Door-Stop.htm?SourceCode=18",
    "image_url": "https://partselectcom-gtcdcddbene3cpes.z01.azurefd.net/2008839-1-N-Whirlpool-12968202W-Door-Stop.jpg",
    "name": "Gibson Refrigerator Door Stop",
    "partselect_number": "PS2008839",
    "manufacturer_number": "12968202W",
    "description": "★★★★★\n★★★★★\n1 Review\nThis part limits the door opening to prevent damaging the side of the cabinet.",
    "price": "$41.53",
    "stock_status": "On Order",
    "rating": "5.00 out of 5",
    "reviews_count": 1
  },
  {
    "url": "https://www.partselect.com/PS7783975-Frigidaire-241796405-Water-Tube.htm?SourceCode=18",
    "image_url": "https://partselectcom-gtcdcddbene3cpes.z01.azurefd.net/7783975-1-N-Frigidaire-241796405-Water-Tube.jpg",
    "name": "Gibson Refrigerator Water Tube",
    "partselect_number": "PS7783975",
    "manufacturer_number": "241796405",
    "description": "★★★★★\n★★★★★\n2 Reviews\nThis is a water fill tube which is used in refrigerators. It attaches to the water inlet valve and supplies water to the components in your appliance that need it, such as the icemaker and water dispenser. You will need to replace your fill tube if you notice it is leaking or damaged. This replacement tube is approximately 7 inches in length, and it is made entirely of plastic. The fill tube is sold individually. Before you begin repairing your refrigerator, make sure the water supply has been turned off and that the appliance has been unplugged.",
    "price": "$26.68",
    "stock_status": "In Stock",
    "rating": "4.50 out of 5",
    "reviews_count": 2
  },
  {
    "url": "https://www.partselect.com/PS474672-Frigidaire-5309918806-Door-Light-Switch.htm?SourceCode=18",
    "image_url": "https://partselectcom-gtcdcddbene3cpes.z01.azurefd.net/474672-1-N-Frigidaire-5309918806-Door-Light-Switch.jpg",
    "name": "Gibson Refrigerator Door/light Switch",
    "partselect_number": "PS474672",
    "manufacturer_number": "5309918806",
    "description": "★★★★★\n★★★★★\n3 Reviews\nThis is a door/light switch and it is a replacement part for your refrigerator. This part is activated as you open and close your refrigerator door. When the switch is activated and the door is open it will turn the light on inside your appliance, and when you close the door the switch will deactivate the light. Before purchasing this part, you may test it for continuity to determine if your current switch is defective and needs replacing. This model is white in color and measures to be roughly one inch thick, almost two inches high, and almost 1.5 inches deep, with a male end plug.",
    "price": "$30.95",
    "stock_status": "In Stock",
    "rating": "4.67 out of 5",
    "reviews_count": 3
  },
  {
    "url": "https://www.partselect.com/PS2361224-Frigidaire-240355527-Meat-Pan-Clear.htm?SourceCode=18",
    "image_url": "https://partselectcom-gtcdcddbene3cpes.z01.azurefd.net/2361224-1-N-Frigidaire-240355527-Meat-Pan-Clear.jpg",
    "name": "Gibson Refrigerator Meat Pan - Clear",
    "partselect_number": "PS2361224",
    "manufacturer_number": "240355527",
    "description": "★★★★★\n★★★★★\n3 Reviews\nThis deli drawer is for refrigerators. Deli drawer holds meats, vegetables and snacks in the fresh food compartment of the refrigerator.",
    "price": "$112.75",
    "stock_status": "In Stock",
    "rating": "3.67 out of 5",
    "reviews_count": 3
  },
  {
    "url": "https://www.partselect.com/PS2332282-Frigidaire-297244700-Evaporator-Mounting-Support.htm?SourceCode=18",
    "image_url": "https://partselectcom-gtcdcddbene3cpes.z01.azurefd.net/2332282-1-N-Frigidaire-297244700-Evaporator-Mounting-Support.jpg",
    "name": "Gibson Refrigerator Evaporator Mounting Support",
    "partselect_number": "PS2332282",
    "manufacturer_number": "297244700",
    "price": "$9.95",
    "stock_status": "Special Order"
  },
  {
    "url": "https://www.partselect.com/PS2368036-Frigidaire-240312414-DOOR-STOP.htm?SourceCode=18",
    "image_url": "https://partselectcom-gtcdcddbene3cpes.z01.azurefd.net/2368036-1-N-Frigidaire-240312414-DOOR-STOP.jpg",
    "name": "Gibson Refrigerator Door Stop",
    "partselect_number": "PS2368036",
    "manufacturer_number": "240312414",
    "description": "Manufacturer Part Number 240312414",
    "price": "$27.67",
    "stock_status": "In Stock"
  },
  {
    "url": "https://www.partselect.com/PS12731378-Frigidaire-216954235-Controller.htm?SourceCode=18",
    "image_url": "https://partselectcom-gtcdcddbene3cpes.z01.azurefd.net/12731378-1-N-Frigidaire-216954235-Controller.jpg",
    "name": "Gibson Refrigerator Controller",
    "partselect_number": "PS12731378",
    "manufacturer_number": "216954235",
    "description": "★★★★★\n★★★★★\n1 Review\nThe start relay briefly kick starts the compressor, and then shuts off as soon as the motor gets up to speed.",
    "price": "$63.31",
    "stock_status": "In Stock",
    "rating": "5.00 out of 5",
    "reviews_count": 1
  },
  {
    "url": "https://www.partselect.com/PS11743305-Whirlpool-WP627018-Refrigerator-Compression-Nut.htm?SourceCode=18",
    "image_url": "https://partselectcom-gtcdcddbene3cpes.z01.azurefd.net/11743305-1-N-Whirlpool-WP627018-Refrigerator-Compression-Nut.jpg",
    "name": "Gibson Refrigerator Compression Nut",
    "partselect_number": "PS11743305",
    "manufacturer_number": "WP627018",
    "description": "★★★★★\n★★★★★\n2 Reviews\nThe compression nut is used as a connection between the water supply line and other components in your refrigerator such as your ice maker and your water dispenser. Tools required for this repair include a pair of pliers and a socket set. Before installing this part you should take all perishable foods out of your refrigerator and store them somewhere cool, unplug the refrigerator from the power source, and shut off the water supply. This repair may require you to wear work gloves to protect your hands, and is considered an easy do-it-yourself fix.",
    "price": "$11.95",
    "stock_status": "In Stock",
    "rating": "5.00 out of 5",
    "reviews_count": 2
  },
  {
    "url": "https://www.partselect.com/PS12728804-Frigidaire-241684109-Crusher-Blade-3.htm?SourceCode=18",
    "image_url": "https://partselectcom-gtcdcddbene3cpes.z01.azurefd.net/12728804-1-N-Frigidaire-241684109-Crusher-Blade-3.jpg",
    "name": "Gibson Refrigerator Crusher Blade (#3)",
    "partselect_number": "PS12728804",
    "manufacturer_number": "241684109",
    "price": "$28.66",
    "stock_status": "In Stock"
  },
  {
    "url": "https://www.partselect.com/PS11743694-Whirlpool-WP67006506-Power-Cord.htm?SourceCode=18",
    "image_url": "https://partselectcom-gtcdcddbene3cpes.z01.azurefd.net/11743694-1-N-Whirlpool-WP67006506-Power-Cord.jpg",
    "name": "Gibson Refrigerator Power Cord",
    "partselect_number": "PS11743694",
    "manufacturer_number": "WP67006506",
    "description": "★★★★★\n★★★★★\n1 Review",
    "price": "$32.29",
    "stock_status": "In Stock",
    "rating": "5.00 out of 5",
    "reviews_count": 1
  },
  {
    "url": "https://www.partselect.com/PS12364226-Frigidaire-297036907-Freezer-Grille-Kickplate.htm?SourceCode=18",
    "image_url": "https://partselectcom-gtcdcddbene3cpes.z01.azurefd.net/12364226-1-N-Frigidaire-297036907-Freezer-Grille-Kickplate.jpg",
    "name": "Gibson Refrigerator Freezer Grille/kickplate",
    "partselect_number": "PS12364226",
    "manufacturer_number": "297036907",
    "description": "This is a genuine kickplate grille (black), which works with refrigerators and freezers.",
    "price": "$42.52",
    "stock_status": "In Stock"
  },
  {
    "url": "https://www.partselect.com/PS1146288-Frigidaire-297006800-Hinge-Bearing.htm?SourceCode=18",
    "image_url": "https://partselectcom-gtcdcddbene3cpes.z01.azurefd.net/1146288-1-N-Frigidaire-297006800-Hinge-Bearing.jpg",
    "name": "Gibson Refrigerator Hinge Bearing",
    "partselect_number": "PS1146288",
    "manufacturer_number": "297006800",
    "description": "★★★★★\n★★★★★\n1 Review",
    "price": "$19.75",
    "stock_status": "In Stock",
    "rating": "3.00 out of 5",
    "reviews_count": 1
  },
  {
    "url": "https://www.partselect.com/PS12728806-Frigidaire-241684303-Refrigerator-Ice-Crusher-Fixed-Blade.htm?SourceCode=18",
    "image_url": "https://partselectcom-gtcdcddbene3cpes.z01.azurefd.net/12728806-1-N-Frigidaire-241684303-Refrigerator-Ice-Crusher-Fixed-Blade.jpg",
    "name": "Gibson Refrigerator Ice Crusher Fixed Blade",
    "partselect_number": "PS12728806",
    "manufacturer_number": "241684303",
    "description": "The ice crusher blade grinds the ice cubes in the ice container to create crushed ice.",
    "price": "$23.95",
    "stock_status": "In Stock"
  },
  {
    "url": "https://www.partselect.com/PS1765304-Frigidaire-241806601-Water-Connector.htm?SourceCode=18",
    "image_url": "https://partselectcom-gtcdcddbene3cpes.z01.azurefd.net/1765304-1-N-Frigidaire-241806601-Water-Connector.jpg",
    "name": "Gibson Refrigerator Water Connector",
    "partselect_number": "PS1765304",
    "manufacturer_number": "241806601",
    "price": "$56.38",
    "stock_status": "In Stock"
  },
  {
    "url": "https://www.partselect.com/PS11743472-Whirlpool-WP67001794-Refrigerator-Defrost-Heater.htm?SourceCode=18",
    "image_url": "https://partselectcom-gtcdcddbene3cpes.z01.azurefd.net/11743472-1-N-Whirlpool-WP67001794-Refrigerator-Defrost-Heater.jpg",
    "name": "Gibson Refrigerator Defrost Heater",
    "partselect_number": "PS11743472",
    "manufacturer_number": "WP67001794",
    "description": "★★★★★\n★★★★★\n2 Reviews\nThe defrost heater is similar to the burners on an electric stove. It's located just beneath the cooling coils, which are concealed behind a panel in the freezer compartment. The heater gets hot. And, because it's close to the cooling coils, any ice or frost build-up melts.",
    "price": "$80.31",
    "stock_status": "In Stock",
    "rating": "3.50 out of 5",
    "reviews_count": 2
  },
  {
    "url": "https://www.partselect.com/PS12731381-Frigidaire-241684107-BLADE.htm?SourceCode=18",
    "image_url": "https://partselectcom-gtcdcddbene3cpes.z01.azurefd.net/12731381-1-N-Frigidaire-241684107-BLADE.jpg",
    "name": "Gibson Refrigerator Blade",
    "partselect_number": "PS12731381",
    "manufacturer_number": "241684107",
    "price": "$28.66",
    "stock_status": "In Stock"
  },
  {
    "url": "https://www.partselect.com/PS12731382-Frigidaire-241684108-BLADE.htm?SourceCode=18",
    "image_url": "https://partselectcom-gtcdcddbene3cpes.z01.azurefd.net/12731382-1-N-Frigidaire-241684108-BLADE.jpg",
    "name": "Gibson Refrigerator Blade",
    "partselect_number": "PS12731382",
    "manufacturer_number": "241684108",
    "price": "$28.66",
    "stock_status": "In Stock"
  },
  {
    "url": "https://www.partselect.com/PS430198-Frigidaire-240362201-Humidity-Control-Slide.htm?SourceCode=18",
    "image_url": "https://partselectcom-gtcdcddbene3cpes.z01.azurefd.net/430198-1-N-Frigidaire-240362201-Humidity-Control-Slide.jpg",
    "name": "Gibson Refrigerator Humidity Control Slide",
    "partselect_number": "PS430198",
    "manufacturer_number": "240362201",
    "description": "Manufacturer Part Number 240362201",
    "price": "$56.79",
    "stock_status": "In Stock"
  },
  {
    "url": "https://www.partselect.com/PS11745970-Whirlpool-WP841180A-Refrigerator-Tray.htm?SourceCode=18",
    "image_url": "https://partselectcom-gtcdcddbene3cpes.z01.azurefd.net/11745970-1-N-Whirlpool-WP841180A-Refrigerator-Tray.jpg",
    "name": "Gibson Refrigerator Tray",
    "partselect_number": "PS11745970",
    "manufacturer_number": "WP841180A",
    "description": "★★★★★\n★★★★★\n1 Review\nThis fourteen cube ice cube tray is eleven inches long. It is all white in color and is made entirely of plastic.",
    "price": "$9.95",
    "stock_status": "In Stock",
    "rating": "5.00 out of 5",
    "reviews_count": 1
  },
  {
    "url": "https://www.partselect.com/PS1526484-Frigidaire-241708002-Center-Hinge-Pin.htm?SourceCode=18",
    "image_url": "https://partselectcom-gtcdcddbene3cpes.z01.azurefd.net/1526484-1-N-Frigidaire-241708002-Center-Hinge-Pin.jpg",
    "name": "Gibson Refrigerator Center Hinge Pin",
    "partselect_number": "PS1526484",
    "manufacturer_number": "241708002",
    "price": "$29.65",
    "stock_status": "In Stock"
  },
  {
    "url": "https://www.partselect.com/PS430269-Frigidaire-240368301-Kickplate-Grille-White.htm?SourceCode=18",
    "image_url": "https://partselectcom-gtcdcddbene3cpes.z01.azurefd.net/430269-1-N-Frigidaire-240368301-Kickplate-Grille-White.jpg",
    "name": "Gibson Refrigerator Kickplate Grille (white)",
    "partselect_number": "PS430269",
    "manufacturer_number": "240368301",
    "description": "★★★★★\n★★★★★\n2 Reviews",
    "price": "$56.79",
    "stock_status": "Special Order",
    "rating": "4.50 out of 5",
    "reviews_count": 2
  },
  {
    "url": "https://www.partselect.com/PS2349843-Frigidaire-5304469403-Drive-Gear.htm?SourceCode=18",
    "image_url": "https://partselectcom-gtcdcddbene3cpes.z01.azurefd.net/2349843-1-N-Frigidaire-5304469403-Drive-Gear.jpg",
    "name": "Gibson Refrigerator Drive Gear",
    "partselect_number": "PS2349843",
    "manufacturer_number": "5304469403",
    "description": "★★★★★\n★★★★★\n9 Reviews\nThe ejector drive gear is a part for your refrigerator. This icemaker drive gear is for the ejector blades. The part rotates the cube ejector arm, which cycles the icemaker and pushes the cubes out and into the ice bucket, ready for the ice to be used. The outside diameter of this piece is almost two inches by two inches. The reason for needing to replace your gear is if the current one is broken/missing a tooth, or if your icemaker is not dispensing ice and is noisy.",
    "price": "$29.35",
    "stock_status": "In Stock",
    "rating": "4.89 out of 5",
    "reviews_count": 9
  },
  {
    "url": "https://www.partselect.com/PS8747037-Frigidaire-5304492617-Humidity-Control-Damper.htm?SourceCode=18",
    "image_url": "https://partselectcom-gtcdcddbene3cpes.z01.azurefd.net/8747037-1-N-Frigidaire-5304492617-Humidity-Control-Damper.jpg",
    "name": "Gibson Refrigerator Humidity Control Damper",
    "partselect_number": "PS8747037",
    "manufacturer_number": "5304492617",
    "description": "★★★★★\n★★★★★\n1 Review\nThis part is found on the side of some crisper pan covers. It will allow you to adjust the humidity within the crisper pan.",
    "price": "$11.95",
    "stock_status": "In Stock",
    "rating": "5.00 out of 5",
    "reviews_count": 1
  },
  {
    "url": "https://www.partselect.com/PS649294-Frigidaire-240507202-Ice-Container-Deflector-Cover.htm?SourceCode=18",
    "image_url": "https://partselectcom-gtcdcddbene3cpes.z01.azurefd.net/649294-1-N-Frigidaire-240507202-Ice-Container-Deflector-Cover.jpg",
    "name": "Gibson Refrigerator Ice Container Deflector Cover",
    "partselect_number": "PS649294",
    "manufacturer_number": "240507202",
    "description": "★★★★★\n★★★★★\n1 Review\nManufacturer Part Number 240507202",
    "price": "$50.91",
    "stock_status": "Special Order",
    "rating": "5.00 out of 5",
    "reviews_count": 1
  },
  {
    "url": "https://www.partselect.com/PS469516-Frigidaire-5303918208-Refrigerator-Defrost-Heater-Kit.htm?SourceCode=18",
    "image_url": "https://partselectcom-gtcdcddbene3cpes.z01.azurefd.net/469516-1-N-Frigidaire-5303918208-Refrigerator-Defrost-Heater-Kit.jpg",
    "name": "Gibson Refrigerator Defrost Heater Kit",
    "partselect_number": "PS469516",
    "manufacturer_number": "5303918208",
    "description": "★★★★★\n★★★★★\n2 Reviews\nThe defrost heater keeps the cooling coils from frosting over.",
    "price": "$74.43",
    "stock_status": "In Stock",
    "rating": "5.00 out of 5",
    "reviews_count": 2
  },
  {
    "url": "https://www.partselect.com/PS472003-Frigidaire-5304414035-Touch-Up-Paint-Bisque.htm?SourceCode=18",
    "image_url": "https://partselectcom-gtcdcddbene3cpes.z01.azurefd.net/472003-1-N-Frigidaire-5304414035-Touch-Up-Paint-Bisque.jpg",
    "name": "Gibson Refrigerator Touch Up Paint (bisque)",
    "partselect_number": "PS472003",
    "manufacturer_number": "5304414035",
    "description": "★★★★★\n★★★★★\n1 Review\nThis Bisque Touch Up Paint is the convenient way to cover nicks and scratches that happen with use over time. The paint is an exact match to the type and color of your appliance. Consult your user's manual or model number of the appliance for the correct color.",
    "price": "$22.95",
    "stock_status": "In Stock",
    "rating": "5.00 out of 5",
    "reviews_count": 1
  },
  {
    "url": "https://www.partselect.com/PS993036-Whirlpool-8003RP-Refrigerator-Water-Line-Installation-Kit.htm?SourceCode=18",
    "image_url": "https://partselectcom-gtcdcddbene3cpes.z01.azurefd.net/993036-1-N-Whirlpool-8003RP-Refrigerator-Water-Line-Installation-Kit.jpg",
    "name": "Gibson Refrigerator Water Line Installation Kit",
    "partselect_number": "PS993036",
    "manufacturer_number": "8003RP",
    "description": "★★★★★\n★★★★★\n1 Review\nThis Refrigerator Ice Maker Installation Kit connects the house water supply, to the refrigerator for ice maker and water dispenser operation. This kit includes 15-ft of copper tubing, (1) saddle valve, tape, and (1) tubing connector.",
    "price": "$37.95",
    "stock_status": "In Stock",
    "rating": "5.00 out of 5",
    "reviews_count": 1
  },
  {
    "url": "https://www.partselect.com/PS11747920-Whirlpool-WPM0274057-Refrigerator-Nonmetal-Shim.htm?SourceCode=18",
    "image_url": "https://partselectcom-gtcdcddbene3cpes.z01.azurefd.net/11747920-1-N-Whirlpool-WPM0274057-Refrigerator-Nonmetal-Shim.jpg",
    "name": "Gibson Refrigerator Nonmetal Shim",
    "partselect_number": "PS11747920",
    "manufacturer_number": "WPM0274057",
    "description": "Manufacturer Part Number WPM0274057",
    "price": "$7.95",
    "stock_status": "In Stock"
  },
  {
    "url": "https://www.partselect.com/PS976290-Frigidaire-216951600-Freezer-Door-Rack.htm?SourceCode=18",
    "image_url": "https://partselectcom-gtcdcddbene3cpes.z01.azurefd.net/976290-1-N-Frigidaire-216951600-Freezer-Door-Rack.jpg",
    "name": "Gibson Refrigerator Freezer Door Rack",
    "partselect_number": "PS976290",
    "manufacturer_number": "216951600",
    "description": "★★★★★\n★★★★★\n3 Reviews\nManufacturer Part Number 216951600",
    "price": "$55.81",
    "stock_status": "In Stock",
    "rating": "4.67 out of 5",
    "reviews_count": 3
  },
  {
    "url": "https://www.partselect.com/PS1991244-Frigidaire-241726501-Drive-Bar.htm?SourceCode=18",
    "image_url": "https://partselectcom-gtcdcddbene3cpes.z01.azurefd.net/1991244-1-N-Frigidaire-241726501-Drive-Bar.jpg",
    "name": "Gibson Refrigerator Drive Bar",
    "partselect_number": "PS1991244",
    "manufacturer_number": "241726501",
    "description": "★★★★★\n★★★★★\n1 Review\nManufacturer Part Number 241726501",
    "price": "$48.46",
    "stock_status": "In Stock",
    "rating": "4.00 out of 5",
    "reviews_count": 1
  },
  {
    "url": "https://www.partselect.com/PS2373818-Frigidaire-5304475102-Compressor.htm?SourceCode=18",
    "image_url": "https://partselectcom-gtcdcddbene3cpes.z01.azurefd.net/2373818-1-N-Frigidaire-5304475102-Compressor.jpg",
    "name": "Gibson Refrigerator Compressor",
    "partselect_number": "PS2373818",
    "manufacturer_number": "5304475102",
    "description": "★★★★★\n★★★★★\n2 Reviews\nThis is the mechanics (motor/engine) of the cooling system. It kicks in whenever the thermostat demands cooling. ***NOTE: This part needs to be installed by a trained professional in appliance repair. It requires special tools and knowledge to do so.",
    "price": "$325.95",
    "stock_status": "In Stock",
    "rating": "4.50 out of 5",
    "reviews_count": 2
  },
  {
    "url": "https://www.partselect.com/PS428513-Frigidaire-218710300-Water-Filter-Wrench.htm?SourceCode=18",
    "image_url": "https://partselectcom-gtcdcddbene3cpes.z01.azurefd.net/428513-1-N-Frigidaire-218710300-Water-Filter-Wrench.jpg",
    "name": "Gibson Refrigerator Water Filter Wrench",
    "partselect_number": "PS428513",
    "manufacturer_number": "218710300",
    "description": "★★★★★\n★★★★★\n3 Reviews\nThis part is only necessary if the filter housing is stuck.",
    "price": "$9.85",
    "stock_status": "In Stock",
    "rating": "3.67 out of 5",
    "reviews_count": 3
  },
  {
    "url": "https://www.partselect.com/PS473733-Frigidaire-5308009754-Defrost-Heater.htm?SourceCode=18",
    "image_url": "https://partselectcom-gtcdcddbene3cpes.z01.azurefd.net/473733-1-N-Frigidaire-5308009754-Defrost-Heater.jpg",
    "name": "Gibson Refrigerator Defrost Heater",
    "partselect_number": "PS473733",
    "manufacturer_number": "5308009754",
    "description": "Manufacturer Part Number 5308009754",
    "price": "$96.97",
    "stock_status": "Special Order"
  },
  {
    "url": "https://www.partselect.com/PS1526439-Frigidaire-241690201-E-Ring.htm?SourceCode=18",
    "image_url": "https://partselectcom-gtcdcddbene3cpes.z01.azurefd.net/1526439-1-N-Frigidaire-241690201-E-Ring.jpg",
    "name": "Gibson Refrigerator E-ring",
    "partselect_number": "PS1526439",
    "manufacturer_number": "241690201",
    "description": "Manufacturer Part Number 241690201",
    "price": "$27.95",
    "stock_status": "In Stock"
  },
  {
    "url": "https://www.partselect.com/PS2332236-Frigidaire-297217900-HEAT-EXCHANGER.htm?SourceCode=18",
    "image_url": "https://partselectcom-gtcdcddbene3cpes.z01.azurefd.net/2332236-1-N-Frigidaire-297217900-HEAT-EXCHANGER.jpg",
    "name": "Gibson Refrigerator Heat Exchanger",
    "partselect_number": "PS2332236",
    "manufacturer_number": "297217900",
    "description": "★★★★★\n★★★★★\n1 Review",
    "price": "$58.75",
    "stock_status": "In Stock",
    "rating": "5.00 out of 5",
    "reviews_count": 1
  },
  {
    "url": "https://www.partselect.com/PS12364109-Frigidaire-216937701-TRIVET.htm?SourceCode=18",
    "image_url": "https://partselectcom-gtcdcddbene3cpes.z01.azurefd.net/12364109-1-N-Frigidaire-216937701-TRIVET.jpg",
    "name": "Gibson Refrigerator Trivet",
    "partselect_number": "PS12364109",
    "manufacturer_number": "216937701",
    "price": "$76.18",
    "stock_status": "Special Order"
  },
  {
    "url": "https://www.partselect.com/PS16745516-Frigidaire-5304532464-S-A-Shelf-Trim-Freezer.htm?SourceCode=18",
    "image_url": "https://partselectcom-gtcdcddbene3cpes.z01.azurefd.net/16745516-1-N-Frigidaire-5304532464-S-A-Shelf-Trim-Freezer.jpg",
    "name": "Gibson Refrigerator S/a Shelf & Trim/freezer",
    "partselect_number": "PS16745516",
    "manufacturer_number": "5304532464",
    "description": "★★★★★\n★★★★★\n1 Review\nWire Shelf",
    "price": "$49.42",
    "stock_status": "In Stock",
    "rating": "5.00 out of 5",
    "reviews_count": 1
  },
  {
    "url": "https://www.partselect.com/PS429432-Frigidaire-218976903-Water-Tube-Inlet.htm?SourceCode=18",
    "image_url": "https://partselectcom-gtcdcddbene3cpes.z01.azurefd.net/429432-1-N-Frigidaire-218976903-Water-Tube-Inlet.jpg",
    "name": "Gibson Refrigerator Water Tube Inlet",
    "partselect_number": "PS429432",
    "manufacturer_number": "218976903",
    "description": "★★★★★\n★★★★★\n1 Review",
    "price": "$57.95",
    "stock_status": "Special Order",
    "rating": "5.00 out of 5",
    "reviews_count": 1
  },
  {
    "url": "https://www.partselect.com/PS430474-Frigidaire-240409302-Condenser-Tube-Spacer.htm?SourceCode=18",
    "image_url": "https://partselectcom-gtcdcddbene3cpes.z01.azurefd.net/430474-1-N-Frigidaire-240409302-Condenser-Tube-Spacer.jpg",
    "name": "Gibson Refrigerator Condenser Tube Spacer",
    "partselect_number": "PS430474",
    "manufacturer_number": "240409302",
    "description": "Manufacturer Part Number 240409302",
    "price": "$52.42",
    "stock_status": "Special Order"
  },
  {
    "url": "https://www.partselect.com/PS817706-Frigidaire-240548901-SOCKET.htm?SourceCode=18",
    "image_url": "https://partselectcom-gtcdcddbene3cpes.z01.azurefd.net/817706-1-N-Frigidaire-240548901-SOCKET.jpg",
    "name": "Gibson Refrigerator Socket",
    "partselect_number": "PS817706",
    "manufacturer_number": "240548901",
    "description": "★★★★★\n★★★★★\n1 Review\nManufacturer Part Number 240548901",
    "price": "$49.95",
    "stock_status": "Special Order",
    "rating": "5.00 out of 5",
    "reviews_count": 1
  },
  {
    "url": "https://www.partselect.com/PS11738487-Whirlpool-WP12246608-Refrigerator-Button-Pl.htm?SourceCode=18",
    "image_url": "https://partselectcom-gtcdcddbene3cpes.z01.azurefd.net/11738487-1-N-Whirlpool-WP12246608-Refrigerator-Button-Pl.jpg",
    "name": "Gibson Refrigerator Button Pl",
    "partselect_number": "PS11738487",
    "manufacturer_number": "WP12246608",
    "description": "Manufacturer Part Number WP12246608",
    "price": "$9.95",
    "stock_status": "In Stock"
  },
  {
    "url": "https://www.partselect.com/PS11743445-Whirlpool-WP67001130-Refrigerator-Button-Plug.htm?SourceCode=18",
    "image_url": "https://partselectcom-gtcdcddbene3cpes.z01.azurefd.net/11743445-1-N-Whirlpool-WP67001130-Refrigerator-Button-Plug.jpg",
    "name": "Gibson Refrigerator Button Plug",
    "partselect_number": "PS11743445",
    "manufacturer_number": "WP67001130",
    "description": "★★★★★\n★★★★★\n1 Review\nSold individually. White in color.",
    "price": "$9.95",
    "stock_status": "In Stock",
    "rating": "4.00 out of 5",
    "reviews_count": 1
  },
  {
    "url": "https://www.partselect.com/PS430273-Frigidaire-240369501-Control-Box-Cover.htm?SourceCode=18",
    "image_url": "https://partselectcom-gtcdcddbene3cpes.z01.azurefd.net/430273-1-N-Frigidaire-240369501-Control-Box-Cover.jpg",
    "name": "Gibson Refrigerator Control Box Cover",
    "partselect_number": "PS430273",
    "manufacturer_number": "240369501",
    "price": "$57.95",
    "stock_status": "Special Order"
  }
]