[
  {
    "url": "https://www.partselect.com/PS16554876-GE-WR23X37285-LIGHT-SWITCH.htm?SourceCode=18",
    "image_url": "https://partselectcom-gtcdcddbene3cpes.z01.azurefd.net/16554876-1-N-GE-WR23X37285-LIGHT-SWITCH.jpg",
    "name": "Haier Refrigerator Light Switch",
    "partselect_number": "PS16554876",
    "manufacturer_number": "WR23X37285",
    "description": "★★★★★\n★★★★★\n65 Reviews",
    "price": "$\n32.93",
    "stock_status": "In Stock",
    "rating": "4.8/5",
    "reviews_count": 65,
    "reviews": [
      {
        "rating": "5.0/5",
        "reviewer": "Albert W",
        "date": "March 20, 2018",
        "title": "Albert W",
        "content": "Easy repair, everything working again"
      },
      {
        "rating": "5.0/5",
        "reviewer": "Thomas M",
        "date": "May 11, 2022",
        "title": "Thomas M",
        "content": "Easy to replace perfect fit"
      },
      {
        "rating": "5.0/5",
        "reviewer": "Lyle H",
        "date": "May 22, 2020",
        "title": "Lyle H",
        "content": "Part was just what was needed. Works great !"
      },
      {
        "rating": "5.0/5",
        "reviewer": "Marc S",
        "date": "May 19, 2022",
        "title": "Marc S",
        "content": "The part was exactly what was needed. Thank you."
      },
      {
        "rating": "5.0/5",
        "reviewer": "Tom T",
        "date": "April 2, 2018",
        "title": "Tom T",
        "content": "Just what I needed...no more flickering lights in my refers or freezer...Thanks!"
      },
      {
        "rating": "5.0/5",
        "reviewer": "Patrick B",
        "date": "April 10, 2018",
        "title": "Patrick B",
        "content": "I wish I had watched the video on this website before I destroyed the old one ripping it out with a pair of pliers. It was probably not bad. Once I removed the old switch and jumpered the connector the flickering continued. The problem was corrosion in the lampholder. I cleaned the lampholder, put in an LED bulb, taped up the jumpered switch connector and stuffed it in the hole. The light stayed on 'till the new part arrived. I put it in and was all set."
      },
      {
        "rating": "5.0/5",
        "reviewer": "Ciro B",
        "date": "September 1, 2020",
        "title": "Ciro B",
        "content": "Part was shipped quickly. Arrived on time. It was the requested part."
      },
      {
        "rating": "5.0/5",
        "reviewer": "Tom S",
        "date": "February 25, 2024",
        "title": "Tom S",
        "content": "repair wasn't as ez as you tube video showed but got it figured out and working good"
      },
      {
        "rating": "5.0/5",
        "reviewer": "JOHN M",
        "date": "July 21, 2018",
        "title": "JOHN M",
        "content": "Part arrived promptly and installed easily"
      },
      {
        "rating": "5.0/5",
        "reviewer": "Brian K",
        "date": "May 15, 2020",
        "title": "Brian K",
        "content": "Even though the shipping was a bit much, i did receive it within 2 days even amidst the covid-19 outbreak. It was a 5 minute install. The only tool I needed was a plastic spudger to remove the old one. i'm sure a putty knife or similar tool can be used. Removal and installation was very similar to the video posted on the site, however my refrigerator was a top/bottom model vs the side by side shown in the video. The removal/installation process was simple and took 5. min. Great experience!"
      }
    ],
    "repair_stories": [],
    "symptoms_fixed": "",
    "works_with": "",
    "also_replaces": [],
    "video_url": ""
  },
  {
    "url": "https://www.partselect.com/PS11764031-GE-WR55X24064-Refrigerator-Run-Capacitor.htm?SourceCode=18",
    "image_url": "https://partselectcom-gtcdcddbene3cpes.z01.azurefd.net/11764031-1-N-GE-WR55X24064-Refrigerator-Run-Capacitor.jpg",
    "name": "Haier Refrigerator Run Capacitor",
    "partselect_number": "PS11764031",
    "manufacturer_number": "WR55X24064",
    "description": "★★★★★\n★★★★★\n7 Reviews\nThis part helps the compressor kick on and off while maintaining a constant temperature to keep things frozen in your freezer. This part has been updated by the manufacturer and may appear different than the original, but should function the same.",
    "price": "$\n57.99",
    "stock_status": "In Stock",
    "rating": "4.3/5",
    "reviews_count": 7,
    "reviews": [],
    "repair_stories": [],
    "symptoms_fixed": "Will Not Start | Fridge too warm | Freezer section too warm | Fridge and Freezer are too warm",
    "works_with": "Refrigerator, Freezer, Range.",
    "also_replaces": [
      "AP6031641",
      "RF-1400-022",
      "RF-1400-07",
      "RF-1400-17",
      "WB38X10104",
      "WB38X10106",
      "WR55X20800",
      "WR55X23731",
      "WR55X30629",
      "WR62X10018",
      "WR62X10022",
      "WR62X10040",
      "WR62X10048",
      "WR62X20693",
      "WR62X79",
      "WR87X27279"
    ],
    "video_url": "https://www.youtube.com/watch?v=lJVvik0Rs_I"
  },
  {
    "url": "https://www.partselect.com/PS16226582-GE-WR71X36524-Refrigerator-Door-Bin-Left.htm?SourceCode=18",
    "image_url": "https://partselectcom-gtcdcddbene3cpes.z01.azurefd.net/16226582-1-N-GE-WR71X36524-Refrigerator-Door-Bin-Left.jpg",
    "name": "Haier Refrigerator Door Bin (left)",
    "partselect_number": "PS16226582",
    "manufacturer_number": "WR71X36524",
    "description": "Manufacturer Part Number WR71X36524",
    "price": "$\n20.32",
    "stock_status": "On Order",
    "rating": "",
    "reviews_count": 0,
    "reviews": [],
    "repair_stories": [],
    "symptoms_fixed": "Refrigerator.",
    "works_with": "Refrigerator.",
    "also_replaces": [],
    "video_url": ""
  },
  {
    "url": "https://www.partselect.com/PS12710385-GE-WR14X31072-FRESH-FOOD-DOOR-GASKET-WHITE.htm?SourceCode=18",
    "image_url": "https://partselectcom-gtcdcddbene3cpes.z01.azurefd.net/12710385-1-N-GE-WR14X31072-FRESH-FOOD-DOOR-GASKET-WHITE.jpg",
    "name": "Haier Refrigerator Fresh Food Door Gasket White",
    "partselect_number": "PS12710385",
    "manufacturer_number": "WR14X31072",
    "description": "★★★★★\n★★★★★\n2 Reviews",
    "price": "$60.09",
    "stock_status": "In Stock",
    "rating": "3.00 out of 5",
    "reviews_count": 2
  },
  {
    "url": "https://www.partselect.com/PS12744136-GE-WR57X32213-WATER-VALVE.htm?SourceCode=18",
    "image_url": "https://partselectcom-gtcdcddbene3cpes.z01.azurefd.net/12744136-1-N-GE-WR57X32213-WATER-VALVE.jpg",
    "name": "Haier Refrigerator Water Valve",
    "partselect_number": "PS12744136",
    "manufacturer_number": "WR57X32213",
    "description": "Manufacturer Part Number WR57X32213",
    "price": "$33.27",
    "stock_status": "In Stock"
  },
  {
    "url": "https://www.partselect.com/PS12344714-GE-WR01X29937-MULLION-SPRING.htm?SourceCode=18",
    "image_url": "https://partselectcom-gtcdcddbene3cpes.z01.azurefd.net/12344714-1-N-GE-WR01X29937-MULLION-SPRING.jpg",
    "name": "Haier Refrigerator Mullion Spring",
    "partselect_number": "PS12344714",
    "manufacturer_number": "WR01X29937",
    "description": "Manufacturer Part Number WR01X29937",
    "price": "$16.78",
    "stock_status": "In Stock"
  },
  {
    "url": "https://www.partselect.com/PS12345266-GE-WR71X29264-FRESH-FOOD-DOOR-RAIL-BIN.htm?SourceCode=18",
    "image_url": "https://partselectcom-gtcdcddbene3cpes.z01.azurefd.net/12345266-1-N-GE-WR71X29264-FRESH-FOOD-DOOR-RAIL-BIN.jpg",
    "name": "Haier Refrigerator Fresh Food Door Rail Bin",
    "partselect_number": "PS12345266",
    "manufacturer_number": "WR71X29264",
    "description": "★★★★★\n★★★★★\n1 Review\nManufacturer Part Number WR71X29264",
    "price": "$57.55",
    "stock_status": "In Stock",
    "rating": "5.00 out of 5",
    "reviews_count": 1
  },
  {
    "url": "https://www.partselect.com/PS12710434-GE-WR71X30982-VEGETABLE-PAN.htm?SourceCode=18",
    "image_url": "https://partselectcom-gtcdcddbene3cpes.z01.azurefd.net/12710434-1-N-GE-WR71X30982-VEGETABLE-PAN.jpg",
    "name": "Haier Refrigerator Vegetable Pan",
    "partselect_number": "PS12710434",
    "manufacturer_number": "WR71X30982",
    "description": "★★★★★\n★★★★★\n1 Review\nManufacturer Part Number WR71X30982",
    "price": "$47.48",
    "stock_status": "In Stock",
    "rating": "5.00 out of 5",
    "reviews_count": 1
  },
  {
    "url": "https://www.partselect.com/PS12727331-GE-WR30X30972-Ice-Maker-Assembly-Kit.htm?SourceCode=18",
    "image_url": "https://partselectcom-gtcdcddbene3cpes.z01.azurefd.net/12727331-1-N-GE-WR30X30972-Ice-Maker-Assembly-Kit.jpg",
    "name": "Haier Refrigerator Ice Maker Assembly Kit",
    "partselect_number": "PS12727331",
    "manufacturer_number": "WR30X30972",
    "description": "★★★★★\n★★★★★\n2 Reviews\nManufacturer Part Number WR30X30972",
    "price": "$174.95",
    "stock_status": "In Stock",
    "rating": "5.00 out of 5",
    "reviews_count": 2
  },
  {
    "url": "https://www.partselect.com/PS12710383-GE-WR14X31069-FRESH-FOOD-DOOR-GASKET-DORIAN-GRAY.htm?SourceCode=18",
    "image_url": "https://partselectcom-gtcdcddbene3cpes.z01.azurefd.net/12710383-1-N-GE-WR14X31069-FRESH-FOOD-DOOR-GASKET-DORIAN-GRAY.jpg",
    "name": "Haier Refrigerator Fresh Food Door Gasket Dorian Gray",
    "partselect_number": "PS12710383",
    "manufacturer_number": "WR14X31069",
    "description": "★★★★★\n★★★★★\n1 Review\nManufacturer Part Number WR14X31069",
    "price": "$58.15",
    "stock_status": "In Stock",
    "rating": "5.00 out of 5",
    "reviews_count": 1
  },
  {
    "url": "https://www.partselect.com/PS12345202-GE-WR71X27797-SHELF-FIXED-HALF-FF-LOWER.htm?SourceCode=18",
    "image_url": "https://partselectcom-gtcdcddbene3cpes.z01.azurefd.net/12345202-1-N-GE-WR71X27797-SHELF-FIXED-HALF-FF-LOWER.jpg",
    "name": "Haier Refrigerator Shelf Fixed Half Ff Lower",
    "partselect_number": "PS12345202",
    "manufacturer_number": "WR71X27797",
    "description": "★★★★★\n★★★★★\n1 Review\nManufacturer Part Number WR71X27797",
    "price": "$26.68",
    "stock_status": "Special Order",
    "rating": "5.00 out of 5",
    "reviews_count": 1
  },
  {
    "url": "https://www.partselect.com/PS12344792-GE-WR09X29252-REFRIGERATOR-ELECTRONIC-DEFROST-TIMER.htm?SourceCode=18",
    "image_url": "https://partselectcom-gtcdcddbene3cpes.z01.azurefd.net/12344792-1-N-GE-WR09X29252-REFRIGERATOR-ELECTRONIC-DEFROST-TIMER.jpg",
    "name": "Haier Refrigerator Electronic Defrost Timer",
    "partselect_number": "PS12344792",
    "manufacturer_number": "WR09X29252",
    "description": "Manufacturer Part Number WR09X29252",
    "price": "$102.77",
    "stock_status": "On Order"
  },
  {
    "url": "https://www.partselect.com/PS12710380-GE-WR14X30984-FREEZER-DOOR-GASKET-WHITE.htm?SourceCode=18",
    "image_url": "https://partselectcom-gtcdcddbene3cpes.z01.azurefd.net/12710380-1-N-GE-WR14X30984-FREEZER-DOOR-GASKET-WHITE.jpg",
    "name": "Haier Refrigerator Freezer Door Gasket White",
    "partselect_number": "PS12710380",
    "manufacturer_number": "WR14X30984",
    "description": "Manufacturer Part Number WR14X30984",
    "price": "$50.44",
    "stock_status": "In Stock"
  },
  {
    "url": "https://www.partselect.com/PS12723385-GE-WR12X31693-Door-Handle.htm?SourceCode=18",
    "image_url": "https://partselectcom-gtcdcddbene3cpes.z01.azurefd.net/12723385-1-N-GE-WR12X31693-Door-Handle.jpg",
    "name": "Haier Refrigerator Door Handle",
    "partselect_number": "PS12723385",
    "manufacturer_number": "WR12X31693",
    "description": "★★★★★\n★★★★★\n15 Reviews\nManufacturer Part Number WR12X31693",
    "price": "$147.82",
    "stock_status": "In Stock",
    "rating": "4.00 out of 5",
    "reviews_count": 15
  },
  {
    "url": "https://www.partselect.com/PS11701221-GE-WR02X21195-PLUG-DOOR-RVSBL.htm?SourceCode=18",
    "image_url": "https://partselectcom-gtcdcddbene3cpes.z01.azurefd.net/11701221-1-N-GE-WR02X21195-PLUG-DOOR-RVSBL.jpg",
    "name": "Haier Refrigerator Plug Door Rvsbl",
    "partselect_number": "PS11701221",
    "manufacturer_number": "WR02X21195",
    "description": "Manufacturer Part Number WR02X21195",
    "price": "$13.81",
    "stock_status": "In Stock"
  },
  {
    "url": "https://www.partselect.com/PS12172363-GE-WR01X27355-THIMBLE-DOOR-WW.htm?SourceCode=18",
    "image_url": "https://partselectcom-gtcdcddbene3cpes.z01.azurefd.net/12172363-1-N-GE-WR01X27355-THIMBLE-DOOR-WW.jpg",
    "name": "Haier Refrigerator Thimble Door Ww",
    "partselect_number": "PS12172363",
    "manufacturer_number": "WR01X27355",
    "description": "Manufacturer Part Number WR01X27355",
    "price": "$13.95",
    "stock_status": "In Stock"
  },
  {
    "url": "https://www.partselect.com/PS16659821-GE-WR01X39795-DOOR-STOP.htm?SourceCode=18",
    "image_url": "https://partselectcom-gtcdcddbene3cpes.z01.azurefd.net/16659821-1-N-GE-WR01X39795-DOOR-STOP.jpg",
    "name": "Haier Refrigerator Door Stop",
    "partselect_number": "PS16659821",
    "manufacturer_number": "WR01X39795",
    "description": "Manufacturer Part Number WR01X39795",
    "price": "$12.95",
    "stock_status": "In Stock"
  },
  {
    "url": "https://www.partselect.com/PS12172530-GE-WR02X27280-CAP-DOOR-Left-Hand-WW.htm?SourceCode=18",
    "image_url": "https://partselectcom-gtcdcddbene3cpes.z01.azurefd.net/12172530-1-N-GE-WR02X27280-CAP-DOOR-Left-Hand-WW.jpg",
    "name": "Haier Refrigerator Cap Door Left Hand Ww",
    "partselect_number": "PS12172530",
    "manufacturer_number": "WR02X27280",
    "price": "$12.95",
    "stock_status": "In Stock"
  },
  {
    "url": "https://www.partselect.com/PS12727537-GE-WR86X25269-R134-DRIER.htm?SourceCode=18",
    "image_url": "https://partselectcom-gtcdcddbene3cpes.z01.azurefd.net/12727537-1-N-GE-WR86X25269-R134-DRIER.jpg",
    "name": "Haier Refrigerator R134 Drier",
    "partselect_number": "PS12727537",
    "manufacturer_number": "WR86X25269",
    "description": "The filter dryer filters refrigerant that travels through the sealed system of the refrigerator.",
    "price": "$57.37",
    "stock_status": "In Stock"
  },
  {
    "url": "https://www.partselect.com/PS16619580-GE-WR60X38345-EVAPORATOR-FAN-MOTOR.htm?SourceCode=18",
    "image_url": "https://partselectcom-gtcdcddbene3cpes.z01.azurefd.net/16619580-1-N-GE-WR60X38345-EVAPORATOR-FAN-MOTOR.jpg",
    "name": "Haier Refrigerator Evaporator Fan Motor",
    "partselect_number": "PS16619580",
    "manufacturer_number": "WR60X38345",
    "description": "Manufacturer Part Number WR60X38345",
    "price": "$60.95",
    "stock_status": "In Stock"
  },
  {
    "url": "https://www.partselect.com/PS12344637-GE-WR01X28443-MULLION-STRIKER.htm?SourceCode=18",
    "image_url": "https://partselectcom-gtcdcddbene3cpes.z01.azurefd.net/12344637-1-N-GE-WR01X28443-MULLION-STRIKER.jpg",
    "name": "Haier Refrigerator Mullion Striker",
    "partselect_number": "PS12344637",
    "manufacturer_number": "WR01X28443",
    "description": "Manufacturer Part Number WR01X28443",
    "price": "$31.95",
    "stock_status": "Special Order"
  },
  {
    "url": "https://www.partselect.com/PS12344969-GE-WR14X29284-Refrigerator-Fresh-Food-Door-Gasket-White.htm?SourceCode=18",
    "image_url": "https://partselectcom-gtcdcddbene3cpes.z01.azurefd.net/12344969-1-N-GE-WR14X29284-Refrigerator-Fresh-Food-Door-Gasket-White.jpg",
    "name": "Haier Refrigerator Fresh Food Door Gasket (white)",
    "partselect_number": "PS12344969",
    "manufacturer_number": "WR14X29284",
    "description": "Manufacturer Part Number WR14X29284",
    "price": "$151.63",
    "stock_status": "On Order"
  },
  {
    "url": "https://www.partselect.com/PS16660047-GE-WR55X40165-MAIN-CONTROL-BOARD-WITH-POWER-BOARD-BRACKET.htm?SourceCode=18",
    "image_url": "https://partselectcom-gtcdcddbene3cpes.z01.azurefd.net/16660047-1-N-GE-WR55X40165-MAIN-CONTROL-BOARD-WITH-POWER-BOARD-BRACKET.jpg",
    "name": "Haier Refrigerator Main Control Board With Power & Bracket",
    "partselect_number": "PS16660047",
    "manufacturer_number": "WR55X40165",
    "description": "Manufacturer Part Number WR55X40165",
    "price": "$165.93",
    "stock_status": "Special Order"
  },
  {
    "url": "https://www.partselect.com/PS12344667-GE-WR01X29273-Right-Leveling-Leg.htm?SourceCode=18",
    "image_url": "https://partselectcom-gtcdcddbene3cpes.z01.azurefd.net/12344667-1-N-GE-WR01X29273-Right-Leveling-Leg.jpg",
    "name": "Haier Refrigerator Right Leveling Leg",
    "partselect_number": "PS12344667",
    "manufacturer_number": "WR01X29273",
    "description": "Manufacturer Part Number WR01X29273",
    "price": "$13.95",
    "stock_status": "In Stock"
  },
  {
    "url": "https://www.partselect.com/PS12703464-GE-WR09X30949-THERMOSTAT.htm?SourceCode=18",
    "image_url": "https://partselectcom-gtcdcddbene3cpes.z01.azurefd.net/12703464-1-N-GE-WR09X30949-THERMOSTAT.jpg",
    "name": "Haier Refrigerator Thermostat",
    "partselect_number": "PS12703464",
    "manufacturer_number": "WR09X30949",
    "description": "Manufacturer Part Number WR09X30949",
    "price": "$72.22",
    "stock_status": "In Stock"
  },
  {
    "url": "https://www.partselect.com/PS17139729-GE-WR14X29858-GASKET-FREEZER-WHITE.htm?SourceCode=18",
    "image_url": "https://partselectcom-gtcdcddbene3cpes.z01.azurefd.net/17139729-1-N-GE-WR14X29858-GASKET-FREEZER-WHITE.jpg",
    "name": "Haier Refrigerator Gasket-freezer White",
    "partselect_number": "PS17139729",
    "manufacturer_number": "WR14X29858",
    "description": "Manufacturer Part Number WR14X29858",
    "price": "$35.95",
    "stock_status": "In Stock"
  },
  {
    "url": "https://www.partselect.com/PS12343004-GE-WE19X27356-DRYER-CONTROL-BOARD.htm?SourceCode=18",
    "image_url": "https://partselectcom-gtcdcddbene3cpes.z01.azurefd.net/12343004-1-N-GE-WE19X27356-DRYER-CONTROL-BOARD.jpg",
    "name": "Haier Refrigerator Dryer Control Board",
    "partselect_number": "PS12343004",
    "manufacturer_number": "WE19X27356",
    "description": "★★★★★\n★★★★★\n1 Review\nManufacturer Part Number WE19X27356",
    "price": "$105.79",
    "stock_status": "On Order",
    "rating": "5.00 out of 5",
    "reviews_count": 1
  },
  {
    "url": "https://www.partselect.com/PS12345247-GE-WR71X28446-FREEZER-DRAWER-LOWER.htm?SourceCode=18",
    "image_url": "https://partselectcom-gtcdcddbene3cpes.z01.azurefd.net/12345247-1-N-GE-WR71X28446-FREEZER-DRAWER-LOWER.jpg",
    "name": "Haier Refrigerator Freezer Drawer Lower",
    "partselect_number": "PS12345247",
    "manufacturer_number": "WR71X28446",
    "description": "Manufacturer Part Number WR71X28446",
    "price": "$95.01",
    "stock_status": "In Stock"
  },
  {
    "url": "https://www.partselect.com/PS12723515-GE-WR98X60-R600A-CHARGE-CAN-60-GRAMS.htm?SourceCode=18",
    "image_url": "https://partselectcom-gtcdcddbene3cpes.z01.azurefd.net/12723515-1-N-GE-WR98X60-R600A-CHARGE-CAN-60-GRAMS.jpg",
    "name": "Haier Refrigerator R600a Charge Can 60 Grams",
    "partselect_number": "PS12723515",
    "manufacturer_number": "WR98X60",
    "description": "Manufacturer Part Number WR98X60",
    "price": "$53.41",
    "stock_status": "In Stock"
  },
  {
    "url": "https://www.partselect.com/PS16591864-GE-WR87X34926-Condenser-fan-bracket-asm.htm?SourceCode=18",
    "image_url": "https://partselectcom-gtcdcddbene3cpes.z01.azurefd.net/16591864-1-N-GE-WR87X34926-Condenser-fan-bracket-asm.jpg",
    "name": "Haier Refrigerator Condenser Fan & Bracket Asm",
    "partselect_number": "PS16591864",
    "manufacturer_number": "WR87X34926",
    "price": "$69.95",
    "stock_status": "In Stock"
  }
]