[
  {
    "url": "https://www.partselect.com/PS17137081-GE-WD22X33499-LOWER-SPRAY-ARM.htm?SourceCode=18",
    "image_url": "https://partselectcom-gtcdcddbene3cpes.z01.azurefd.net/17137081-1-N-GE-WD22X33499-LOWER-SPRAY-ARM.jpg",
    "name": "Haier Dishwasher Lower Spray Arm",
    "partselect_number": "PS17137081",
    "manufacturer_number": "WD22X33499",
    "description": "★★★★★\n★★★★★\n35 Reviews\nThis lower spray arm assembly in your dishwasher distributes water and detergent during the washing cycle by spinning around and spraying water in different directions. You can usually find it attached to a support or hub at the bottom of the dishwasher. If this part is broken, you might notice some signs. You might hear a knocking or banging sound coming from the dishwasher. The spray arm may not rotate properly or might seem wobbly. It is important to replace a damaged arm assembly as your dishes will not get cleaned properly, and they will still have dirt on them even after a wash cycle. It can also cause the dishwasher to have a bad smell because of leftover food residue. To remove your existing arm assembly, you will need to release its locking mechanism before lifting it out of your appliance. Please be informed that this OEM-verified part is sold individually.",
    "price": "$\n24.91",
    "stock_status": "In Stock",
    "rating": "4.8/5",
    "reviews_count": 35,
    "reviews": [],
    "repair_stories": [],
    "symptoms_fixed": "Not cleaning dishes properly | Noisy | Leaking | Not draining",
    "works_with": "Dishwasher.",
    "also_replaces": [
      "WD22X10091",
      "WD22X25962",
      "WD22X26621",
      "WD22X27724"
    ],
    "video_url": ""
  },
  {
    "url": "https://www.partselect.com/PS16217024-GE-WD12X26146-Dishwasher-Lower-Rack-Roller.htm?SourceCode=18",
    "image_url": "https://partselectcom-gtcdcddbene3cpes.z01.azurefd.net/16217024-1-N-GE-WD12X26146-Dishwasher-Lower-Rack-Roller.jpg",
    "name": "Haier Dishwasher Lower Rack Roller",
    "partselect_number": "PS16217024",
    "manufacturer_number": "WD12X26146",
    "description": "★★★★★\n★★★★★\n23 Reviews\nThe lower rack roller supports the smooth sliding of your dishwasher’s bottom rack. Measuring 1.5 inches in diameter and charcoal-colored, this OEM replacement part is sold individually. Replace all four rollers at once for consistent performance. Wear gloves during installation.",
    "price": "$\n12.56",
    "stock_status": "In Stock",
    "rating": "4.7/5",
    "reviews_count": 23,
    "reviews": [],
    "repair_stories": [],
    "symptoms_fixed": "Dishwasher.",
    "works_with": "Dishwasher.",
    "also_replaces": [
      "WD12X10435"
    ],
    "video_url": "https://www.youtube.com/watch?v=qJbNy0AvfBs"
  },
  {
    "url": "https://www.partselect.com/PS16618975-GE-WD28X30219-Upper-Rack-Assembly.htm?SourceCode=18",
    "image_url": "https://partselectcom-gtcdcddbene3cpes.z01.azurefd.net/16618975-1-N-GE-WD28X30219-Upper-Rack-Assembly.jpg",
    "name": "Haier Dishwasher Upper Rack Assembly",
    "partselect_number": "PS16618975",
    "manufacturer_number": "WD28X30219",
    "description": "★★★★★\n★★★★★\n57 Reviews\nThis dishrack is for dishwashers. The dishrack holds the dishes in place during the dishwashing cycle. Follow the instructions in the manual when installing this part.",
    "price": "$\n93.70",
    "stock_status": "On Order",
    "rating": "4.5/5",
    "reviews_count": 57,
    "reviews": [],
    "repair_stories": [],
    "symptoms_fixed": "Not cleaning dishes properly",
    "works_with": "Dishwasher.",
    "also_replaces": [
      "WD28X10347",
      "WD28X10348",
      "WD28X10352",
      "WD28X22626",
      "WD28X22676",
      "WD28X23156",
      "WD28X24397",
      "WD28X24421",
      "WD28X25018",
      "WD28X25189",
      "WD28X25190",
      "WD28X25491",
      "WD28X25656",
      "WD28X26098",
      "WD28X26104",
      "WD28X27738",
      "WD28X27739",
      "WD28X27898",
      "WD28X27978"
    ],
    "video_url": "https://www.youtube.com/watch?v=OKPFZ1zxedc"
  },
  {
    "url": "https://www.partselect.com/PS17873321-GE-WD01X35298-RACK-CARRIER-AND-ROLLER-KIT.htm?SourceCode=18",
    "image_url": "https://partselectcom-gtcdcddbene3cpes.z01.azurefd.net/assets/images/noimage_N.jpg",
    "name": "Haier Dishwasher Rack Carrier And Roller Kit",
    "partselect_number": "PS17873321",
    "manufacturer_number": "WD01X35298",
    "description": "★★★★★\n★★★★★\n12 Reviews",
    "price": "$33.55",
    "stock_status": "In Stock",
    "rating": "4.33 out of 5",
    "reviews_count": 12
  },
  {
    "url": "https://www.partselect.com/PS17137080-GE-WD22X33498-MID-SPRAY-ARM.htm?SourceCode=18",
    "image_url": "https://partselectcom-gtcdcddbene3cpes.z01.azurefd.net/17137080-1-N-GE-WD22X33498-MID-SPRAY-ARM.jpg",
    "name": "Haier Dishwasher Mid Spray Arm",
    "partselect_number": "PS17137080",
    "manufacturer_number": "WD22X33498",
    "description": "★★★★★\n★★★★★\n12 Reviews\nThis OEM mid spray or center wash arm assembly distributes water and detergent in your dishwasher during the wash cycle. It has small nozzles that spray water onto your dishes and is located between the lower and upper rack. A broken assembly will result in weak water flow and ineffective dishwashing. It may also display signs of damage such as cracks, breaks, or missing nozzles. Additionally, a malfunctioning assembly can cause imbalanced water flow, potentially leading to damage to other dishwasher components such as filters or pumps. Prompt replacement is necessary to ensure proper dishwashing performance and prevent further damage. To install this to your appliance, you will need to snap its mounting bracket onto the rack before attaching the arms onto it. This replacement part is sold individually.",
    "price": "$32.59",
    "stock_status": "In Stock",
    "rating": "4.92 out of 5",
    "reviews_count": 12
  },
  {
    "url": "https://www.partselect.com/PS6447681-GE-WD21X10490-Door-Latch.htm?SourceCode=18",
    "image_url": "https://partselectcom-gtcdcddbene3cpes.z01.azurefd.net/6447681-1-N-GE-WD21X10490-Door-Latch.jpg",
    "name": "Haier Dishwasher Door Latch",
    "partselect_number": "PS6447681",
    "manufacturer_number": "WD21X10490",
    "description": "★★★★★\n★★★★★\n55 Reviews\nThis is replacement door latch for your dishwasher. The door latch is attached to the tub frame, and connects to the door strike to keep your dishwasher door closed during operation. If you have a broken or faulty door latch, your dishwasher door may not stay closed, and this can prevent the dishwasher from running. This item is sold individually, and if your door strike is also damaged, you will need to replace that part separately. This is an OEM part sourced directly from the manufacturer.",
    "price": "$44.11",
    "stock_status": "In Stock",
    "rating": "4.56 out of 5",
    "reviews_count": 55
  },
  {
    "url": "https://www.partselect.com/PS12703061-GE-WD28X24469-Dishwasher-Basket-Assembly-Silverware.htm?SourceCode=18",
    "image_url": "https://partselectcom-gtcdcddbene3cpes.z01.azurefd.net/12703061-1-N-GE-WD28X24469-Dishwasher-Basket-Assembly-Silverware.jpg",
    "name": "Haier Dishwasher Basket Assembly Silverware",
    "partselect_number": "PS12703061",
    "manufacturer_number": "WD28X24469",
    "description": "★★★★★\n★★★★★\n77 Reviews\nThis basket is part of a silverware basket that has 3 sections. This is the middle section of the basket.",
    "price": "$36.43",
    "stock_status": "In Stock",
    "rating": "4.55 out of 5",
    "reviews_count": 77
  },
  {
    "url": "https://www.partselect.com/PS12741258-GE-WD21X25468-PRESSURE-SENSOR-ASM.htm?SourceCode=18",
    "image_url": "https://partselectcom-gtcdcddbene3cpes.z01.azurefd.net/12741258-1-N-GE-WD21X25468-PRESSURE-SENSOR-ASM.jpg",
    "name": "Haier Dishwasher Pressure Sensor Asm",
    "partselect_number": "PS12741258",
    "manufacturer_number": "WD21X25468",
    "description": "★★★★★\n★★★★★\n2 Reviews\nThis is a manufacturer-built pressure sensor for dishwashers. This pressure sensor, also known as a pressure switch, is designed to monitor the water pressure, communicate with the control board of the dishwasher, and accurately calculate the necessary amount of water for the washing cycle. If this pressure sensor is bad or not working properly, it will cause over and underfilling of your dishwasher, as well as excessive noise while in operation. To replace this pressure sensor, you will need a screwdriver and wrench to gain access and remove this part, and further disassembly of your dishwasher may be required. This sensor is sold individually and does not come with any other parts.",
    "price": "$33.90",
    "stock_status": "In Stock",
    "rating": "5.00 out of 5",
    "reviews_count": 2
  },
  {
    "url": "https://www.partselect.com/PS11721490-GE-WD08X22095-Tub-Gasket-Stainless-Steel.htm?SourceCode=18",
    "image_url": "https://partselectcom-gtcdcddbene3cpes.z01.azurefd.net/11721490-1-N-GE-WD08X22095-Tub-Gasket-Stainless-Steel.jpg",
    "name": "Haier Dishwasher Tub Gasket (stainless Steel)",
    "partselect_number": "PS11721490",
    "manufacturer_number": "WD08X22095",
    "description": "★★★★★\n★★★★★\n9 Reviews",
    "price": "$26.14",
    "stock_status": "In Stock",
    "rating": "4.67 out of 5",
    "reviews_count": 9
  },
  {
    "url": "https://www.partselect.com/PS16219735-GE-WD28X27241-Rack-Carrier-Kit-Right-or-Left-side.htm?SourceCode=18",
    "image_url": "https://partselectcom-gtcdcddbene3cpes.z01.azurefd.net/16219735-1-N-GE-WD28X27241-Rack-Carrier-Kit-Right-or-Left-side.jpg",
    "name": "Haier Dishwasher Rack Carrier Kit - Right Or Left Side",
    "partselect_number": "PS16219735",
    "manufacturer_number": "WD28X27241",
    "description": "★★★★★\n★★★★★\n6 Reviews\nThis part is the replacement carrier roller for your dishwasher. It is also known as the wheel support. It is made of gray plastic and is approximately 5 inches by 2 inches. The carrier roller supports the wheels on your upper dish rack so it can slide in and out of the dishwasher efficiently. This part has been redesigned by the manufacturer. This part can now be used on the right or left side of the rack. Because it is made of plastic, the roller can occasionally crack and break, and when this occurs, it will need to be replaced. If you notice that your dish rack is having difficulty sliding in and out, you should check to see if the roller is damaged. This is an OEM part from the manufacturer and it is sold individually. The roller itself, is replacement part number WD12X26146. The cover is no longer needed when replacing the rack carrier kit.",
    "price": "$12.56",
    "stock_status": "In Stock",
    "rating": "4.50 out of 5",
    "reviews_count": 6
  },
  {
    "url": "https://www.partselect.com/PS16729235-GE-WD49X30778-DOOR-BALANCE-SERVICE-KIT.htm?SourceCode=18",
    "image_url": "https://partselectcom-gtcdcddbene3cpes.z01.azurefd.net/16729235-1-N-GE-WD49X30778-DOOR-BALANCE-SERVICE-KIT.jpg",
    "name": "Haier Dishwasher Door Balance Service Kit",
    "partselect_number": "PS16729235",
    "manufacturer_number": "WD49X30778",
    "description": "★★★★★\n★★★★★\n2 Reviews",
    "price": "$23.23",
    "stock_status": "In Stock",
    "rating": "5.00 out of 5",
    "reviews_count": 2
  },
  {
    "url": "https://www.partselect.com/PS16742696-GE-WD01X31618-TUB-TRIMS-KIT.htm?SourceCode=18",
    "image_url": "https://partselectcom-gtcdcddbene3cpes.z01.azurefd.net/16742696-1-N-GE-WD01X31618-TUB-TRIMS-KIT.jpg",
    "name": "Haier Dishwasher Tub Trims Kit",
    "partselect_number": "PS16742696",
    "manufacturer_number": "WD01X31618",
    "description": "★★★★★\n★★★★★\n2 Reviews",
    "price": "$24.91",
    "stock_status": "In Stock",
    "rating": "4.00 out of 5",
    "reviews_count": 2
  },
  {
    "url": "https://www.partselect.com/PS11700869-GE-WD03X20445-SPRING-DOOR.htm?SourceCode=18",
    "image_url": "https://partselectcom-gtcdcddbene3cpes.z01.azurefd.net/11700869-1-N-GE-WD03X20445-SPRING-DOOR.jpg",
    "name": "Haier Dishwasher Spring Door",
    "partselect_number": "PS11700869",
    "manufacturer_number": "WD03X20445",
    "description": "Manufacturer Part Number WD03X20445",
    "price": "$16.78",
    "stock_status": "In Stock"
  },
  {
    "url": "https://www.partselect.com/PS12743288-GE-WD49X25081-FILL-FUNNEL-SERVICE-KIT.htm?SourceCode=18",
    "image_url": "https://partselectcom-gtcdcddbene3cpes.z01.azurefd.net/12743288-1-N-GE-WD49X25081-FILL-FUNNEL-SERVICE-KIT.jpg",
    "name": "Haier Dishwasher Fill Funnel Service Kit",
    "partselect_number": "PS12743288",
    "manufacturer_number": "WD49X25081",
    "description": "★★★★★\n★★★★★\n3 Reviews",
    "price": "$33.55",
    "stock_status": "In Stock",
    "rating": "3.67 out of 5",
    "reviews_count": 3
  },
  {
    "url": "https://www.partselect.com/PS16226060-GE-WD01X27538-HOSE-CLAMP.htm?SourceCode=18",
    "image_url": "https://partselectcom-gtcdcddbene3cpes.z01.azurefd.net/16226060-1-N-GE-WD01X27538-HOSE-CLAMP.jpg",
    "name": "Haier Dishwasher Hose Clamp",
    "partselect_number": "PS16226060",
    "manufacturer_number": "WD01X27538",
    "price": "$14.65",
    "stock_status": "In Stock"
  },
  {
    "url": "https://www.partselect.com/PS12741243-GE-WD12X25476-VALVE-CHECK.htm?SourceCode=18",
    "image_url": "https://partselectcom-gtcdcddbene3cpes.z01.azurefd.net/12741243-1-N-GE-WD12X25476-VALVE-CHECK.jpg",
    "name": "Haier Dishwasher Valve Check",
    "partselect_number": "PS12741243",
    "manufacturer_number": "WD12X25476",
    "description": "Manufacturer Part Number WD12X25476",
    "price": "$13.81",
    "stock_status": "In Stock"
  },
  {
    "url": "https://www.partselect.com/PS12170953-GE-WD21X23559-HARNESS-Assembly-JUMPER.htm?SourceCode=18",
    "image_url": "https://partselectcom-gtcdcddbene3cpes.z01.azurefd.net/12170953-1-N-GE-WD21X23559-HARNESS-Assembly-JUMPER.jpg",
    "name": "Haier Dishwasher Harness Assembly Jumper",
    "partselect_number": "PS12170953",
    "manufacturer_number": "WD21X23559",
    "description": "★★★★★\n★★★★★\n1 Review",
    "price": "$48.95",
    "stock_status": "In Stock",
    "rating": "5.00 out of 5",
    "reviews_count": 1
  },
  {
    "url": "https://www.partselect.com/PS11762946-GE-WD12X22801-RACK-BRACKET-3-WHEELS.htm?SourceCode=18",
    "image_url": "https://partselectcom-gtcdcddbene3cpes.z01.azurefd.net/11762946-1-N-GE-WD12X22801-RACK-BRACKET-3-WHEELS.jpg",
    "name": "Haier Dishwasher Rack Bracket - 3 Wheels",
    "partselect_number": "PS11762946",
    "manufacturer_number": "WD12X22801",
    "description": "Manufacturer Part Number WD12X22801",
    "price": "$31.96",
    "stock_status": "In Stock"
  },
  {
    "url": "https://www.partselect.com/PS258094-GE-WD01X10070-Tower-Nut.htm?SourceCode=18",
    "image_url": "https://partselectcom-gtcdcddbene3cpes.z01.azurefd.net/258094-1-N-GE-WD01X10070-Tower-Nut.jpg",
    "name": "Haier Dishwasher Tower Nut",
    "partselect_number": "PS258094",
    "manufacturer_number": "WD01X10070",
    "description": "★★★★★\n★★★★★\n1 Review",
    "price": "$13.67",
    "stock_status": "In Stock",
    "rating": "5.00 out of 5",
    "reviews_count": 1
  },
  {
    "url": "https://www.partselect.com/PS4704215-GE-WD12X10408-Dishwasher-Ball-Filterorange.htm?SourceCode=18",
    "image_url": "https://partselectcom-gtcdcddbene3cpes.z01.azurefd.net/4704215-1-N-GE-WD12X10408-Dishwasher-Ball-Filterorange.jpg",
    "name": "Haier Dishwasher Ball Filterorange",
    "partselect_number": "PS4704215",
    "manufacturer_number": "WD12X10408",
    "price": "$25.17",
    "stock_status": "In Stock"
  },
  {
    "url": "https://www.partselect.com/PS11771956-GE-WD01X22836-Strip-Attachement.htm?SourceCode=18",
    "image_url": "https://partselectcom-gtcdcddbene3cpes.z01.azurefd.net/11771956-1-N-GE-WD01X22836-Strip-Attachement.jpg",
    "name": "Haier Dishwasher Strip Attachement",
    "partselect_number": "PS11771956",
    "manufacturer_number": "WD01X22836",
    "price": "$13.95",
    "stock_status": "In Stock"
  },
  {
    "url": "https://www.partselect.com/PS16219717-GE-WD21X27402-AC-HARNESS-ASM.htm?SourceCode=18",
    "image_url": "https://partselectcom-gtcdcddbene3cpes.z01.azurefd.net/16219717-1-N-GE-WD21X27402-AC-HARNESS-ASM.jpg",
    "name": "Haier Dishwasher Ac Harness Asm",
    "partselect_number": "PS16219717",
    "manufacturer_number": "WD21X27402",
    "description": "Manufacturer Part Number WD21X27402",
    "price": "$51.89",
    "stock_status": "In Stock"
  },
  {
    "url": "https://www.partselect.com/PS8768362-GE-WD01X20593-FRICTION-WASHER.htm?SourceCode=18",
    "image_url": "https://partselectcom-gtcdcddbene3cpes.z01.azurefd.net/8768362-1-N-GE-WD01X20593-FRICTION-WASHER.jpg",
    "name": "Haier Dishwasher Friction Washer",
    "partselect_number": "PS8768362",
    "manufacturer_number": "WD01X20593",
    "description": "Manufacturer Part Number WD01X20593",
    "price": "$25.69",
    "stock_status": "In Stock"
  },
  {
    "url": "https://www.partselect.com/PS16226058-GE-WD01X26419-DOOR-TRIM-LH.htm?SourceCode=18",
    "image_url": "https://partselectcom-gtcdcddbene3cpes.z01.azurefd.net/16226058-1-N-GE-WD01X26419-DOOR-TRIM-LH.jpg",
    "name": "Haier Dishwasher Door Trim Lh",
    "partselect_number": "PS16226058",
    "manufacturer_number": "WD01X26419",
    "description": "Manufacturer Part Number WD01X26419",
    "price": "$38.95",
    "stock_status": "Special Order"
  },
  {
    "url": "https://www.partselect.com/PS6447673-GE-WD12X10412-Junction-Box-Cover.htm?SourceCode=18",
    "image_url": "https://partselectcom-gtcdcddbene3cpes.z01.azurefd.net/6447673-1-N-GE-WD12X10412-Junction-Box-Cover.jpg",
    "name": "Haier Dishwasher Junction Box Cover",
    "partselect_number": "PS6447673",
    "manufacturer_number": "WD12X10412",
    "description": "Manufacturer Part Number WD12X10412",
    "price": "$35.59",
    "stock_status": "In Stock"
  },
  {
    "url": "https://www.partselect.com/PS16226057-GE-WD01X26418-Right-Hand-Door-Trim.htm?SourceCode=18",
    "image_url": "https://partselectcom-gtcdcddbene3cpes.z01.azurefd.net/16226057-1-N-GE-WD01X26418-Right-Hand-Door-Trim.jpg",
    "name": "Haier Dishwasher Right Hand Door Trim",
    "partselect_number": "PS16226057",
    "manufacturer_number": "WD01X26418",
    "description": "Manufacturer Part Number WD01X26418",
    "price": "$13.95",
    "stock_status": "In Stock"
  },
  {
    "url": "https://www.partselect.com/PS16659465-GE-WD01X28338-SUMP-LATCH.htm?SourceCode=18",
    "image_url": "https://partselectcom-gtcdcddbene3cpes.z01.azurefd.net/16659465-1-N-GE-WD01X28338-SUMP-LATCH.jpg",
    "name": "Haier Dishwasher Sump Latch",
    "partselect_number": "PS16659465",
    "manufacturer_number": "WD01X28338",
    "description": "Manufacturer Part Number WD01X28338",
    "price": "$13.95",
    "stock_status": "In Stock"
  },
  {
    "url": "https://www.partselect.com/PS8756245-GE-WD12X10462-PLATE-DETERGENT.htm?SourceCode=18",
    "image_url": "https://partselectcom-gtcdcddbene3cpes.z01.azurefd.net/8756245-1-N-GE-WD12X10462-PLATE-DETERGENT.jpg",
    "name": "Haier Dishwasher Plate Detergent",
    "partselect_number": "PS8756245",
    "manufacturer_number": "WD12X10462",
    "description": "Manufacturer Part Number WD12X10462",
    "price": "$13.95",
    "stock_status": "In Stock"
  },
  {
    "url": "https://www.partselect.com/PS11721488-GE-WD08X20719-TRIM-TUB.htm?SourceCode=18",
    "image_url": "https://partselectcom-gtcdcddbene3cpes.z01.azurefd.net/11721488-1-N-GE-WD08X20719-TRIM-TUB.jpg",
    "name": "Haier Dishwasher Trim Tub",
    "partselect_number": "PS11721488",
    "manufacturer_number": "WD08X20719",
    "description": "Manufacturer Part Number WD08X20719",
    "price": "$25.69",
    "stock_status": "In Stock"
  },
  {
    "url": "https://www.partselect.com/PS8756250-GE-WD12X10472-VENT-DARK-Gray.htm?SourceCode=18",
    "image_url": "https://partselectcom-gtcdcddbene3cpes.z01.azurefd.net/8756250-1-N-GE-WD12X10472-VENT-DARK-Gray.jpg",
    "name": "Haier Dishwasher Vent - Dark Gray",
    "partselect_number": "PS8756250",
    "manufacturer_number": "WD12X10472",
    "description": "Manufacturer Part Number WD12X10472",
    "price": "$25.95",
    "stock_status": "In Stock"
  }
]