[
  {
    "url": "https://www.partselect.com/PS884734-Whirlpool-8009-Refrigerator-Light-Bulb-40w.htm?SourceCode=18",
    "image_url": "https://partselectcom-gtcdcddbene3cpes.z01.azurefd.net/884734-1-N-Whirlpool-8009-Refrigerator-Light-Bulb-40w.jpg",
    "name": "Hoover Refrigerator Light Bulb (40w)",
    "partselect_number": "PS884734",
    "manufacturer_number": "8009",
    "description": "★★★★★\n★★★★★\n78 Reviews\nThis an authentic OEM 40-Watt replacement light bulb, used in a number of household appliances. It is specially designed to withstand extreme temperatures, which is why these replacement bulbs are most often used to light the inside of refrigerators and ranges. It features a standard socket base, which means you simply unscrew the burnt-out bulb and screw in the replacement. Depending on the appliance you may require a screwdriver or nut driver to access the light bulb. We recommend you wear work gloves while handling this replacement part. It is constructed of glass and metal and is sold individually. Depending on the appliance and location of the bulb within it, you may want to consider disconnecting power and using a flashlight for easier access to unscrewing and re-screwing in your bulb during this repair.",
    "price": "$\n16.44",
    "stock_status": "In Stock",
    "rating": "4.7/5",
    "reviews_count": 78,
    "reviews": [],
    "repair_stories": [],
    "symptoms_fixed": "Refrigerator, Range, Wall Oven, Dryer.",
    "works_with": "Refrigerator, Range, Wall Oven, Dryer.",
    "also_replaces": [
      "AP3607217",
      "1958",
      "8009",
      "0020478",
      "0020571",
      "0042175",
      "0047146",
      "0053950",
      "0056713",
      "0057030",
      "0057035",
      "0088673",
      "0089290",
      "03055001",
      "0311700",
      "040672-02",
      "05600070",
      "0B00300199",
      "0B00300299",
      "0B00300399 ... Show more"
    ],
    "video_url": "https://www.youtube.com/watch?v=kSohIGunxBw"
  },
  {
    "url": "https://www.partselect.com/PS2121513-Whirlpool-D7824706Q-Replacement-Ice-Maker.htm?SourceCode=18",
    "image_url": "https://partselectcom-gtcdcddbene3cpes.z01.azurefd.net/2121513-1-N-Whirlpool-D7824706Q-Replacement-Ice-Maker.jpg",
    "name": "Hoover Refrigerator Replacement Ice Maker",
    "partselect_number": "PS2121513",
    "manufacturer_number": "D7824706Q",
    "description": "★★★★★\n★★★★★\n183 Reviews\nThis ice maker (Ice Maker Assembly, Refrigerator Ice Maker) produces ice cubes that are ejected into the storage bucket. It is located in the freezer section of your appliance, mounted on the freezer wall. The ice maker can break from normal wear and accidental damage. If this happens, your refrigerator may no longer make ice cubes, or may not make enough cubes, and the part should be replaced. This model measures approximately 11 inches long and 5 inches wide. It’s constructed of plastic and metal, and comes in black/white/silver. This assembly includes the ice mold and the control device.",
    "price": "$\n115.96",
    "stock_status": "In Stock",
    "rating": "4.8/5",
    "reviews_count": 183,
    "reviews": [],
    "repair_stories": [],
    "symptoms_fixed": "Ice maker not making ice | Leaking | Ice maker won’t dispense ice | Ice maker dispenses too little ice",
    "works_with": "Refrigerator, Ice Maker.",
    "also_replaces": [
      "AP4135008",
      "915772",
      "D7824706Q",
      "0056504",
      "0056599",
      "0056605",
      "0056606",
      "0311155",
      "0312578",
      "0312738",
      "0312739",
      "0312740",
      "10549201",
      "10563707",
      "10563708",
      "14211407",
      "61005508",
      "61005508A",
      "67001263",
      "68111-1 ... Show more"
    ],
    "video_url": "https://www.youtube.com/watch?v=_6xfzzeEWyw"
  },
  {
    "url": "https://www.partselect.com/PS11757023-Whirlpool-WPW10662129-Refrigerator-Capacitor.htm?SourceCode=18",
    "image_url": "https://partselectcom-gtcdcddbene3cpes.z01.azurefd.net/11757023-1-N-Whirlpool-WPW10662129-Refrigerator-Capacitor.jpg",
    "name": "Hoover Refrigerator Capacitor",
    "partselect_number": "PS11757023",
    "manufacturer_number": "WPW10662129",
    "description": "★★★★★\n★★★★★\n43 Reviews\nThis capacitor (Refrigerator and Freezer Compressor Run Capacitor, Run Capacitor) provides the voltage or energy current required to start the compressor and keep it running. It allows the compressor in your appliance to easily cycle on and off. This capacitor mounts directly onto the compressor starting relay. If the capacitor is faulty the compressor may get unusually hot and draw excessive amperage. It the compressor overheats, it may fail to run until it cools down again. The compressor may also get noisy from overheating. If this part is totally electrically open, it is defective (often due to overheating) and needs to be replaced. The part measures 1 inch by 1-1/2 inches, and is constructed of plastic with two metal wire terminals. This item includes 1 capacitor, sold individually. This part comes in black.",
    "price": "$\n41.66",
    "stock_status": "In Stock",
    "rating": "4.3/5",
    "reviews_count": 43,
    "reviews": [],
    "repair_stories": [],
    "symptoms_fixed": "Fridge too warm | Will Not Start | Fridge and Freezer are too warm | Freezer section too warm",
    "works_with": "Refrigerator, Freezer.",
    "also_replaces": [
      "AP6023677",
      "09100136",
      "09100156",
      "09100173",
      "1100804",
      "1114291",
      "1118576",
      "1118581",
      "14201635",
      "14224144",
      "2169136",
      "2169373",
      "2169383",
      "2188516",
      "2264017",
      "4312484",
      "4356442",
      "4356601",
      "4356995",
      "4357055 ... Show more"
    ],
    "video_url": "https://www.youtube.com/watch?v=rU2i9x9FXdQ"
  },
  {
    "url": "https://www.partselect.com/PS12728638-Whirlpool-W11384469-Refrigerator-Door-Switch.htm?SourceCode=18",
    "image_url": "https://partselectcom-gtcdcddbene3cpes.z01.azurefd.net/12728638-1-N-Whirlpool-W11384469-Refrigerator-Door-Switch.jpg",
    "name": "Hoover Refrigerator Door Switch",
    "partselect_number": "PS12728638",
    "manufacturer_number": "W11384469",
    "description": "★★★★★\n★★★★★\n94 Reviews\nDoor switch turns the light off when you close the door.",
    "price": "$27.11",
    "stock_status": "In Stock",
    "rating": "4.63 out of 5",
    "reviews_count": 94
  },
  {
    "url": "https://www.partselect.com/PS12731166-Whirlpool-W11396033-Door-Switch.htm?SourceCode=18",
    "image_url": "https://partselectcom-gtcdcddbene3cpes.z01.azurefd.net/12731166-1-N-Whirlpool-W11396033-Door-Switch.jpg",
    "name": "Hoover Refrigerator Door Switch",
    "partselect_number": "PS12731166",
    "manufacturer_number": "W11396033",
    "description": "★★★★★\n★★★★★\n36 Reviews\nThis light switch may also be known as a refrigerator door switch or a light switch kit, and is compatible with your refrigerator. The function of the refrigerator door switch is to turn on the light when your fridge door is open, and to make sure it is off when your refrigerator door is closed. The reason you would need to replace this part is if your light is not turning on when your door is open. For this repair, you will need a putty knife, and a small flat-blade screwdriver.",
    "price": "$27.11",
    "stock_status": "In Stock",
    "rating": "4.83 out of 5",
    "reviews_count": 36
  },
  {
    "url": "https://www.partselect.com/PS11743131-Whirlpool-WP61002112-Shelf-Retainer-Bar-End-Cap.htm?SourceCode=18",
    "image_url": "https://partselectcom-gtcdcddbene3cpes.z01.azurefd.net/11743131-1-N-Whirlpool-WP61002112-Shelf-Retainer-Bar-End-Cap.jpg",
    "name": "Hoover Refrigerator Shelf Retainer Bar End Cap",
    "partselect_number": "PS11743131",
    "manufacturer_number": "WP61002112",
    "description": "★★★★★\n★★★★★\n9 Reviews\nThe shelf retainer bar end cap is used to keep the retainer bar in place, and can be used on either the right or left hand side of the bar. This white, OEM end cap is approximately 2 inches long, and made entirely of plastic. The shelf bar and cap snap into place on the door to attach the door shelf bar to the inner door liner. This part is also known as a rail end cap. If the door bar is not properly attached to the inner door liner, your items will not be secure on the shelf, and are likely to fall.",
    "price": "$16.44",
    "stock_status": "In Stock",
    "rating": "4.67 out of 5",
    "reviews_count": 9
  },
  {
    "url": "https://www.partselect.com/PS395284-Whirlpool-833697-Refrigerator-Condenser-Fan-Motor-Kit.htm?SourceCode=18",
    "image_url": "https://partselectcom-gtcdcddbene3cpes.z01.azurefd.net/395284-1-N-Whirlpool-833697-Refrigerator-Condenser-Fan-Motor-Kit.jpg",
    "name": "Hoover Refrigerator Condenser Fan Motor Kit",
    "partselect_number": "PS395284",
    "manufacturer_number": "833697",
    "description": "★★★★★\n★★★★★\n50 Reviews\nThis condenser fan motor kit is designed for use with refrigerators. This fan draws air through the condenser coils and over the compressor. It does this with the goal of cooling the warm refrigerant before it enters the evaporator. When your fan or fan motor is not working your refrigerator will not cool properly. This is a 2-Watt, 115 Volt motor that rotates the fan in a counter clockwise direction. This kit includes the hardware needed for installation, and a set of instructions. Before you begin any repair work make sure to unplug your appliance.",
    "price": "$60.43",
    "stock_status": "In Stock",
    "rating": "4.80 out of 5",
    "reviews_count": 50
  },
  {
    "url": "https://www.partselect.com/PS11742474-Whirlpool-WP4387503-Refrigerator-Bimetal-Defrost-Thermostat.htm?SourceCode=18",
    "image_url": "https://partselectcom-gtcdcddbene3cpes.z01.azurefd.net/11742474-1-N-Whirlpool-WP4387503-Refrigerator-Bimetal-Defrost-Thermostat.jpg",
    "name": "Hoover Refrigerator Bimetal Defrost Thermostat",
    "partselect_number": "PS11742474",
    "manufacturer_number": "WP4387503",
    "description": "★★★★★\n★★★★★\n17 Reviews\nThis is a bimetal defrost thermostat for your refrigerator. It stops the fridge from overheating during the defrost cycle by protecting the evaporator. This clip-on thermostat will sense the temperature increase in the evaporator during the defrost process, and will cycle the defrost heater off after the ice or frost is melted. The most common reasons for needing to replace this part are if your unit is leaking, has inconsistent temperatures (too hot or too cold), you are seeing buildup of ice, or your appliance is running too long.",
    "price": "$30.67",
    "stock_status": "In Stock",
    "rating": "4.76 out of 5",
    "reviews_count": 17
  },
  {
    "url": "https://www.partselect.com/PS11775297-Whirlpool-W11045462-Door-Shelf-Retainer-Bar.htm?SourceCode=18",
    "image_url": "https://partselectcom-gtcdcddbene3cpes.z01.azurefd.net/11775297-1-N-Whirlpool-W11045462-Door-Shelf-Retainer-Bar.jpg",
    "name": "Hoover Refrigerator Door Shelf Retainer Bar",
    "partselect_number": "PS11775297",
    "manufacturer_number": "W11045462",
    "description": "★★★★★\n★★★★★\n6 Reviews\nThis refrigerator door shelf trim is approximately 28 inches long. It is all white in color, and it is made entirely of metal. NOTE: The image may not be of the exact product but will function properly.",
    "price": "$46.03",
    "stock_status": "In Stock",
    "rating": "4.17 out of 5",
    "reviews_count": 6
  },
  {
    "url": "https://www.partselect.com/PS11743008-Whirlpool-WP596669-Washer-Hose-Clamp.htm?SourceCode=18",
    "image_url": "https://partselectcom-gtcdcddbene3cpes.z01.azurefd.net/11743008-1-N-Whirlpool-WP596669-Washer-Hose-Clamp.jpg",
    "name": "Hoover Refrigerator Washer Hose Clamp",
    "partselect_number": "PS11743008",
    "manufacturer_number": "WP596669",
    "description": "★★★★★\n★★★★★\n1 Review\nThis hose clamp is used in a wide variety of household appliances. Most often it is found in washers, dishwashers, refrigerators, freezers, dehumidifiers, garbage disposals, or air conditioners. This clamp is used to securely attach a hose to another part of your appliance, which helps prevent leaks from those connections. Depending on the appliance, it can attach hoses to drain pumps, water inlet valves, pressure switches, and injector nozzles. We recommend you refer to model-specific diagrams for appropriate uses and exact placement. This hose clamp is made of metal, and is sold individually. To access and replace this part you will need a nut driver, pliers, and screwdrivers. Before you begin any repair work, make sure you have unplugged your appliance, and shut off the water supply if applicable.",
    "price": "$7.71",
    "stock_status": "In Stock",
    "rating": "5.00 out of 5",
    "reviews_count": 1
  },
  {
    "url": "https://www.partselect.com/PS11743212-Whirlpool-WP61004881-Ice-Bucket-Housing.htm?SourceCode=18",
    "image_url": "https://partselectcom-gtcdcddbene3cpes.z01.azurefd.net/11743212-1-N-Whirlpool-WP61004881-Ice-Bucket-Housing.jpg",
    "name": "Hoover Refrigerator Ice Bucket Housing",
    "partselect_number": "PS11743212",
    "manufacturer_number": "WP61004881",
    "description": "★★★★★\n★★★★★\n4 Reviews\nThis is the tray that holds the ice dispenser.",
    "price": "$126.30",
    "stock_status": "On Order",
    "rating": "5.00 out of 5",
    "reviews_count": 4
  },
  {
    "url": "https://www.partselect.com/PS11743318-Whirlpool-WP628356-Refrigerator-Water-Fill-Cup-Bearing.htm?SourceCode=18",
    "image_url": "https://partselectcom-gtcdcddbene3cpes.z01.azurefd.net/11743318-1-N-Whirlpool-WP628356-Refrigerator-Water-Fill-Cup-Bearing.jpg",
    "name": "Hoover Refrigerator Water Fill Cup & Bearing",
    "partselect_number": "PS11743318",
    "manufacturer_number": "WP628356",
    "description": "★★★★★\n★★★★★\n10 Reviews\nThis refrigerator ice maker fill cup dispenses the water into the ice cube mold during the fill cycle. Replacing the water fill cup is a possible solution if you notice that the ice maker is leaking, or not making/dispensing ice. If you notice the fill cup has been damaged or cracked; replace the part straight away. This water fill cup is a genuine OEM part and will fit most refrigerators, but check the list of compatible brands to make sure yours is included before purchasing.",
    "price": "$30.33",
    "stock_status": "In Stock",
    "rating": "4.50 out of 5",
    "reviews_count": 10
  },
  {
    "url": "https://www.partselect.com/PS11743181-Whirlpool-WP61003997-Fresh-Food-Door-Gasket.htm?SourceCode=18",
    "image_url": "https://partselectcom-gtcdcddbene3cpes.z01.azurefd.net/11743181-1-N-Whirlpool-WP61003997-Fresh-Food-Door-Gasket.jpg",
    "name": "Hoover Refrigerator Fresh Food Door Gasket",
    "partselect_number": "PS11743181",
    "manufacturer_number": "WP61003997",
    "description": "★★★★★\n★★★★★\n1 Review\nThis white door gasket is used to seal the refrigerator door when closed to keep the cool air inside and the room air out.",
    "price": "$146.25",
    "stock_status": "On Order",
    "rating": "5.00 out of 5",
    "reviews_count": 1
  },
  {
    "url": "https://www.partselect.com/PS11745970-Whirlpool-WP841180A-Refrigerator-Tray.htm?SourceCode=18",
    "image_url": "https://partselectcom-gtcdcddbene3cpes.z01.azurefd.net/11745970-1-N-Whirlpool-WP841180A-Refrigerator-Tray.jpg",
    "name": "Hoover Refrigerator Tray",
    "partselect_number": "PS11745970",
    "manufacturer_number": "WP841180A",
    "description": "★★★★★\n★★★★★\n1 Review\nThis fourteen cube ice cube tray is eleven inches long. It is all white in color and is made entirely of plastic.",
    "price": "$9.95",
    "stock_status": "In Stock",
    "rating": "5.00 out of 5",
    "reviews_count": 1
  },
  {
    "url": "https://www.partselect.com/PS11743130-Whirlpool-WP61002104-Wheel-Pin.htm?SourceCode=18",
    "image_url": "https://partselectcom-gtcdcddbene3cpes.z01.azurefd.net/11743130-1-N-Whirlpool-WP61002104-Wheel-Pin.jpg",
    "name": "Hoover Refrigerator Wheel Pin",
    "partselect_number": "PS11743130",
    "manufacturer_number": "WP61002104",
    "price": "$6.95",
    "stock_status": "Special Order"
  },
  {
    "url": "https://www.partselect.com/PS11738202-Whirlpool-WP10097202-Compressor-Start-Relay.htm?SourceCode=18",
    "image_url": "https://partselectcom-gtcdcddbene3cpes.z01.azurefd.net/11738202-1-N-Whirlpool-WP10097202-Compressor-Start-Relay.jpg",
    "name": "Hoover Refrigerator Compressor Start Relay",
    "partselect_number": "PS11738202",
    "manufacturer_number": "WP10097202",
    "description": "The compressor start relay attaches to the compressor and helps start the compressor motor. Also knows as a start device combination relay.",
    "price": "$57.37",
    "stock_status": "In Stock"
  },
  {
    "url": "https://www.partselect.com/PS11743190-Whirlpool-WP61004010-Fresh-Food-Door-Gasket.htm?SourceCode=18",
    "image_url": "https://partselectcom-gtcdcddbene3cpes.z01.azurefd.net/11743190-1-N-Whirlpool-WP61004010-Fresh-Food-Door-Gasket.jpg",
    "name": "Hoover Refrigerator Fresh Food Door Gasket",
    "partselect_number": "PS11743190",
    "manufacturer_number": "WP61004010",
    "description": "★★★★★\n★★★★★\n3 Reviews\nThis white gasket is used to seal the door when closed to keep the cool air inside and the room air out.",
    "price": "$148.15",
    "stock_status": "In Stock",
    "rating": "4.67 out of 5",
    "reviews_count": 3
  },
  {
    "url": "https://www.partselect.com/PS11765660-Whirlpool-W10887190-Refrigerator-Light-Bulb.htm?SourceCode=18",
    "image_url": "https://partselectcom-gtcdcddbene3cpes.z01.azurefd.net/11765660-1-N-Whirlpool-W10887190-Refrigerator-Light-Bulb.jpg",
    "name": "Hoover Refrigerator Light Bulb",
    "partselect_number": "PS11765660",
    "manufacturer_number": "W10887190",
    "description": "★★★★★\n★★★★★\n1 Review\nThis appliance light bulb is used for many Maytag brand refrigerators. This 40W light bulb is frosted. Sold individually.",
    "price": "$16.95",
    "stock_status": "In Stock",
    "rating": "5.00 out of 5",
    "reviews_count": 1
  },
  {
    "url": "https://www.partselect.com/PS11749031-Whirlpool-WPW10143759-Refrigerator-Drier-Service.htm?SourceCode=18",
    "image_url": "https://partselectcom-gtcdcddbene3cpes.z01.azurefd.net/11749031-1-N-Whirlpool-WPW10143759-Refrigerator-Drier-Service.jpg",
    "name": "Hoover Refrigerator Drier (service)",
    "partselect_number": "PS11749031",
    "manufacturer_number": "WPW10143759",
    "description": "This drier may also be known as a refrigerator ultra-violet dye drier or a filter drier and is meant to be used with your fridge. This piece is a filter for the refrigerant that moves through the refrigerators sealed-system. The most common reason you will need to replace the filter is if your fridge/freezer is not starting. You should consider having this piece installed by an appliance repair technician that is trained and licensed. Installing this part requires specialized knowledge and tools. The installation will require the service technician to recover and recharge the refrigerant in the refrigerators sealed-system.",
    "price": "$26.68",
    "stock_status": "In Stock"
  },
  {
    "url": "https://www.partselect.com/PS11743447-Whirlpool-WP67001255-Ice-Bucket.htm?SourceCode=18",
    "image_url": "https://partselectcom-gtcdcddbene3cpes.z01.azurefd.net/11743447-1-N-Whirlpool-WP67001255-Ice-Bucket.jpg",
    "name": "Hoover Refrigerator Ice Bucket",
    "partselect_number": "PS11743447",
    "manufacturer_number": "WP67001255",
    "description": "★★★★★\n★★★★★\n4 Reviews\nThe ice bucket in your freezer catches and holds the ice when it is released by the icemaker. If your ice bucket is cracked or damaged, you may need to replace it to prevent a potential leak. This part is made of white plastic and is sold individually. This ice bucket is approximately 15 inches long by 12 inches wide. Many of our customers have rated this repair as very easy. To complete this repair, simply remove the old ice bucket and replace it with the new one. Be sure to remove any broken pieces of the old ice bucket before replacing it.",
    "price": "$87.31",
    "stock_status": "In Stock",
    "rating": "4.75 out of 5",
    "reviews_count": 4
  },
  {
    "url": "https://www.partselect.com/PS11743216-Whirlpool-WP61005028-Ice-Maker-Support.htm?SourceCode=18",
    "image_url": "https://partselectcom-gtcdcddbene3cpes.z01.azurefd.net/11743216-1-N-Whirlpool-WP61005028-Ice-Maker-Support.jpg",
    "name": "Hoover Refrigerator Ice Maker Support",
    "partselect_number": "PS11743216",
    "manufacturer_number": "WP61005028",
    "description": "Sold individually.",
    "price": "$43.95",
    "stock_status": "In Stock"
  },
  {
    "url": "https://www.partselect.com/PS372271-Whirlpool-4388953-OVERLOAD.htm?SourceCode=18",
    "image_url": "https://partselectcom-gtcdcddbene3cpes.z01.azurefd.net/372271-1-N-Whirlpool-4388953-OVERLOAD.jpg",
    "name": "Hoover Refrigerator Overload",
    "partselect_number": "PS372271",
    "manufacturer_number": "4388953",
    "description": "Manufacturer Part Number 4388953",
    "price": "$77.37",
    "stock_status": "Special Order"
  },
  {
    "url": "https://www.partselect.com/PS11743751-Whirlpool-WP68601-6-Cold-Control-Thermostat.htm?SourceCode=18",
    "image_url": "https://partselectcom-gtcdcddbene3cpes.z01.azurefd.net/11743751-1-N-Whirlpool-WP68601-6-Cold-Control-Thermostat.jpg",
    "name": "Hoover Refrigerator Cold Control Thermostat",
    "partselect_number": "PS11743751",
    "manufacturer_number": "WP68601-6",
    "description": "The cold control thermostat works with both room air conditioner units and refrigerators. It cycles on and off regularly to keep your appliance cold. You should replace your thermostat is if your appliance is not able to regulate temperature internally. To make this repair you will need a screwdriver set and a wrench set. Wiring is included.",
    "price": "$120.91",
    "stock_status": "In Stock"
  },
  {
    "url": "https://www.partselect.com/PS11743221-Whirlpool-WP61005254-Clip-On-Defrost-Thermostat.htm?SourceCode=18",
    "image_url": "https://partselectcom-gtcdcddbene3cpes.z01.azurefd.net/11743221-1-N-Whirlpool-WP61005254-Clip-On-Defrost-Thermostat.jpg",
    "name": "Hoover Refrigerator Clip -on Defrost Thermostat",
    "partselect_number": "PS11743221",
    "manufacturer_number": "WP61005254",
    "description": "This thermostat cuts out at 38 degrees Fahrenheit. The thermostat will sense the temperature increase in the evaporator during the defrost cycle and will cycle the defrost heater off after the ice or frost is melted.",
    "price": "$62.32",
    "stock_status": "In Stock"
  },
  {
    "url": "https://www.partselect.com/PS11742794-Whirlpool-WP52085-28-Defrost-Thermostat-With-Wire-and-Clip.htm?SourceCode=18",
    "image_url": "https://partselectcom-gtcdcddbene3cpes.z01.azurefd.net/11742794-1-N-Whirlpool-WP52085-28-Defrost-Thermostat-With-Wire-and-Clip.jpg",
    "name": "Hoover Refrigerator Defrost Thermostat - With Wire And Clip",
    "partselect_number": "PS11742794",
    "manufacturer_number": "WP52085-28",
    "description": "This refrigerator defrost thermostat will cut out at 80 degrees Fahrenheit and kick back when the temperature drops to 15 degrees Fahrenheit.",
    "price": "$64.63",
    "stock_status": "In Stock"
  }
]