[
  {
    "url": "https://www.partselect.com/PS17137081-GE-WD22X33499-LOWER-SPRAY-ARM.htm?SourceCode=18",
    "image_url": "https://partselectcom-gtcdcddbene3cpes.z01.azurefd.net/17137081-1-N-GE-WD22X33499-LOWER-SPRAY-ARM.jpg",
    "name": "Hotpoint Dishwasher Lower Spray Arm",
    "partselect_number": "PS17137081",
    "manufacturer_number": "WD22X33499",
    "description": "★★★★★\n★★★★★\n35 Reviews\nThis lower spray arm assembly in your dishwasher distributes water and detergent during the washing cycle by spinning around and spraying water in different directions. You can usually find it attached to a support or hub at the bottom of the dishwasher. If this part is broken, you might notice some signs. You might hear a knocking or banging sound coming from the dishwasher. The spray arm may not rotate properly or might seem wobbly. It is important to replace a damaged arm assembly as your dishes will not get cleaned properly, and they will still have dirt on them even after a wash cycle. It can also cause the dishwasher to have a bad smell because of leftover food residue. To remove your existing arm assembly, you will need to release its locking mechanism before lifting it out of your appliance. Please be informed that this OEM-verified part is sold individually.",
    "price": "$\n24.91",
    "stock_status": "In Stock",
    "rating": "4.8/5",
    "reviews_count": 35,
    "reviews": [
      {
        "rating": "5.0/5",
        "reviewer": "LOYD D",
        "date": "February 23, 2025",
        "title": "LOYD D",
        "content": "This was a real fast and easy repair. The great thing about replacing the spray arms was that it quieted down the dishwasher like it was when it was new."
      },
      {
        "rating": "5.0/5",
        "reviewer": "Logan N",
        "date": "February 23, 2025",
        "title": "Logan N",
        "content": "Part was easy to find, easy to replace, and fixed the problem quickly. I love an easy fix and a company that makes finding the part simple"
      },
      {
        "rating": "5.0/5",
        "reviewer": "William S",
        "date": "May 22, 2024",
        "title": "William S",
        "content": "as expected, the apray arm was the exact replacement for the original"
      },
      {
        "rating": "5.0/5",
        "reviewer": "Jennifer K",
        "date": "November 5, 2019",
        "title": "Jennifer K",
        "content": "Easy to install"
      },
      {
        "rating": "5.0/5",
        "reviewer": "Daniel R",
        "date": "September 2, 2021",
        "title": "Daniel R",
        "content": "My dishwasher made a repetitive banging sound. Sounds like the spray arm hitting a dish. But it is actually the arm being worn out. This went in in 10 seconds, and the dishwasher is quiet again."
      },
      {
        "rating": "5.0/5",
        "reviewer": "Linda J",
        "date": "November 13, 2021",
        "title": "Linda J",
        "content": "The website was so easy to find my part and get it order. I was so pleased. Everything on my dishwasher is working great now. The part is made stronger than the original part."
      },
      {
        "rating": "5.0/5",
        "reviewer": "Petra H",
        "date": "April 14, 2021",
        "title": "Petra H",
        "content": "Part came fast.Easy to switch.Lower Spray Arm was worn out and hitting the basket.Dishwasher is running nice and quiet again."
      },
      {
        "rating": "5.0/5",
        "reviewer": "Steve B",
        "date": "July 17, 2021",
        "title": "Steve B",
        "content": "the part was correct as ordered. Staff at distribution center was great to make sure we got the right part needed."
      },
      {
        "rating": "5.0/5",
        "reviewer": "Michael M",
        "date": "March 24, 2022",
        "title": "Michael M",
        "content": "Original part sent was damaged in shipping. Replacement sent out quickly."
      },
      {
        "rating": "5.0/5",
        "reviewer": "Mark C",
        "date": "April 10, 2021",
        "title": "Mark C",
        "content": "This part fit perfect, it was a original part, easy to install."
      }
    ],
    "repair_stories": [],
    "symptoms_fixed": "",
    "works_with": "",
    "also_replaces": [],
    "video_url": ""
  },
  {
    "url": "https://www.partselect.com/PS16217024-GE-WD12X26146-Dishwasher-Lower-Rack-Roller.htm?SourceCode=18",
    "image_url": "https://partselectcom-gtcdcddbene3cpes.z01.azurefd.net/16217024-1-N-GE-WD12X26146-Dishwasher-Lower-Rack-Roller.jpg",
    "name": "Hotpoint Dishwasher Lower Rack Roller",
    "partselect_number": "PS16217024",
    "manufacturer_number": "WD12X26146",
    "description": "★★★★★\n★★★★★\n23 Reviews\nThe lower rack roller supports the smooth sliding of your dishwasher’s bottom rack. Measuring 1.5 inches in diameter and charcoal-colored, this OEM replacement part is sold individually. Replace all four rollers at once for consistent performance. Wear gloves during installation.",
    "price": "$\n12.56",
    "stock_status": "In Stock",
    "rating": "4.7/5",
    "reviews_count": 23,
    "reviews": [],
    "repair_stories": [],
    "symptoms_fixed": "Dishwasher.",
    "works_with": "Dishwasher.",
    "also_replaces": [
      "WD12X10435"
    ],
    "video_url": "https://www.youtube.com/watch?v=qJbNy0AvfBs"
  },
  {
    "url": "https://www.partselect.com/PS11700870-GE-WD08X21894-Gasket.htm?SourceCode=18",
    "image_url": "https://partselectcom-gtcdcddbene3cpes.z01.azurefd.net/11700870-1-N-GE-WD08X21894-Gasket.jpg",
    "name": "Hotpoint Dishwasher Gasket",
    "partselect_number": "PS11700870",
    "manufacturer_number": "WD08X21894",
    "description": "★★★★★\n★★★★★\n36 Reviews\nThis part is a replacement gasket for your dishwasher. The gasket creates a seal at the bottom of the dishwasher tub, so water does not leak out while the dishwasher is running. If you notice water leaking out onto the floor, you should inspect the gasket for damages and replace as necessary. The gasket is gray in color and is approximately 22 inches long. It is made of plastic and is sold individually. This is a genuine OEM part sourced directly from the manufacturer.",
    "price": "$\n30.02",
    "stock_status": "In Stock",
    "rating": "4.5/5",
    "reviews_count": 36,
    "reviews": [],
    "repair_stories": [],
    "symptoms_fixed": "",
    "works_with": "",
    "also_replaces": [],
    "video_url": "https://www.youtube.com/watch?v=7NfdyJp1zKA"
  },
  {
    "url": "https://www.partselect.com/PS16618975-GE-WD28X30219-Upper-Rack-Assembly.htm?SourceCode=18",
    "image_url": "https://partselectcom-gtcdcddbene3cpes.z01.azurefd.net/16618975-1-N-GE-WD28X30219-Upper-Rack-Assembly.jpg",
    "name": "Hotpoint Dishwasher Upper Rack Assembly",
    "partselect_number": "PS16618975",
    "manufacturer_number": "WD28X30219",
    "description": "★★★★★\n★★★★★\n57 Reviews\nThis dishrack is for dishwashers. The dishrack holds the dishes in place during the dishwashing cycle. Follow the instructions in the manual when installing this part.",
    "price": "$93.70",
    "stock_status": "On Order",
    "rating": "4.53 out of 5",
    "reviews_count": 57
  },
  {
    "url": "https://www.partselect.com/PS11774412-GE-WD08X23476-Dishwasher-Tub-Gasket.htm?SourceCode=18",
    "image_url": "https://partselectcom-gtcdcddbene3cpes.z01.azurefd.net/11774412-1-N-GE-WD08X23476-Dishwasher-Tub-Gasket.jpg",
    "name": "Hotpoint Dishwasher Tub Gasket",
    "partselect_number": "PS11774412",
    "manufacturer_number": "WD08X23476",
    "description": "★★★★★\n★★★★★\n34 Reviews\nThe tub gasket, also known as the door gasket runs along the perimeter of your dishwasher basin and creates a seal that prevents water from leaking out when the tub is full. If you notice water on the floor after you run your dishwasher, it may be an indication that the gasket is loose or damaged. If your door gasket is damaged, it will need to be replaced. To replace the gasket, simply pull the old gasket out of the groove it rests in, and press the new gasket into place. This part is made of black rubber and is sold individually.",
    "price": "$29.05",
    "stock_status": "In Stock",
    "rating": "4.85 out of 5",
    "reviews_count": 34
  },
  {
    "url": "https://www.partselect.com/PS17137080-GE-WD22X33498-MID-SPRAY-ARM.htm?SourceCode=18",
    "image_url": "https://partselectcom-gtcdcddbene3cpes.z01.azurefd.net/17137080-1-N-GE-WD22X33498-MID-SPRAY-ARM.jpg",
    "name": "Hotpoint Dishwasher Mid Spray Arm",
    "partselect_number": "PS17137080",
    "manufacturer_number": "WD22X33498",
    "description": "★★★★★\n★★★★★\n12 Reviews\nThis OEM mid spray or center wash arm assembly distributes water and detergent in your dishwasher during the wash cycle. It has small nozzles that spray water onto your dishes and is located between the lower and upper rack. A broken assembly will result in weak water flow and ineffective dishwashing. It may also display signs of damage such as cracks, breaks, or missing nozzles. Additionally, a malfunctioning assembly can cause imbalanced water flow, potentially leading to damage to other dishwasher components such as filters or pumps. Prompt replacement is necessary to ensure proper dishwashing performance and prevent further damage. To install this to your appliance, you will need to snap its mounting bracket onto the rack before attaching the arms onto it. This replacement part is sold individually.",
    "price": "$32.59",
    "stock_status": "In Stock",
    "rating": "4.92 out of 5",
    "reviews_count": 12
  },
  {
    "url": "https://www.partselect.com/PS16618942-GE-WD12X27747-Lower-Rack-Roller-Stud-Assembly.htm?SourceCode=18",
    "image_url": "https://partselectcom-gtcdcddbene3cpes.z01.azurefd.net/16618942-1-N-GE-WD12X27747-Lower-Rack-Roller-Stud-Assembly.jpg",
    "name": "Hotpoint Dishwasher Lower Rack Roller & Stud Assembly",
    "partselect_number": "PS16618942",
    "manufacturer_number": "WD12X27747",
    "description": "Manufacturer Part Number WD12X27747",
    "price": "$12.56",
    "stock_status": "In Stock"
  },
  {
    "url": "https://www.partselect.com/PS12741258-GE-WD21X25468-PRESSURE-SENSOR-ASM.htm?SourceCode=18",
    "image_url": "https://partselectcom-gtcdcddbene3cpes.z01.azurefd.net/12741258-1-N-GE-WD21X25468-PRESSURE-SENSOR-ASM.jpg",
    "name": "Hotpoint Dishwasher Pressure Sensor Asm",
    "partselect_number": "PS12741258",
    "manufacturer_number": "WD21X25468",
    "description": "★★★★★\n★★★★★\n2 Reviews\nThis is a manufacturer-built pressure sensor for dishwashers. This pressure sensor, also known as a pressure switch, is designed to monitor the water pressure, communicate with the control board of the dishwasher, and accurately calculate the necessary amount of water for the washing cycle. If this pressure sensor is bad or not working properly, it will cause over and underfilling of your dishwasher, as well as excessive noise while in operation. To replace this pressure sensor, you will need a screwdriver and wrench to gain access and remove this part, and further disassembly of your dishwasher may be required. This sensor is sold individually and does not come with any other parts.",
    "price": "$33.90",
    "stock_status": "In Stock",
    "rating": "5.00 out of 5",
    "reviews_count": 2
  },
  {
    "url": "https://www.partselect.com/PS2370502-GE-WD12X10304-Dishwasher-Rack-Slide-End-Cap.htm?SourceCode=18",
    "image_url": "https://partselectcom-gtcdcddbene3cpes.z01.azurefd.net/2370502-1-N-GE-WD12X10304-Dishwasher-Rack-Slide-End-Cap.jpg",
    "name": "Hotpoint Dishwasher Rack Slide End Cap",
    "partselect_number": "PS2370502",
    "manufacturer_number": "WD12X10304",
    "description": "★★★★★\n★★★★★\n58 Reviews\nThe Rack Slide End Cap is a white one-inch plastic part which replaces the end cap for your dishwasher rack, preventing your rack from sliding too far. If you find the dish rack is causing the door to not close properly, it may be due to the part being worn out or damaged. All you need to complete this repair is a small flat blade screw driver. Simply pop out the cap with a smaller flat-blade screwdriver and snap the new one into place. If the rear cap needs to be replaced you will need to remove both front caps and slide the rack completely off for full access. It is important to note that this part is sold individually, and more than one may be required, depending on your repair. An inexpensive part, it can be a good idea to purchase several at a time to have on-hand when needed.",
    "price": "$20.32",
    "stock_status": "In Stock",
    "rating": "4.71 out of 5",
    "reviews_count": 58
  },
  {
    "url": "https://www.partselect.com/PS16659468-GE-WD01X29878-DOOR-LATCH.htm?SourceCode=18",
    "image_url": "https://partselectcom-gtcdcddbene3cpes.z01.azurefd.net/16659468-1-N-GE-WD01X29878-DOOR-LATCH.jpg",
    "name": "Hotpoint Dishwasher Door Latch",
    "partselect_number": "PS16659468",
    "manufacturer_number": "WD01X29878",
    "description": "★★★★★\n★★★★★\n5 Reviews",
    "price": "$30.67",
    "stock_status": "In Stock",
    "rating": "5.00 out of 5",
    "reviews_count": 5
  },
  {
    "url": "https://www.partselect.com/PS12743165-GE-WD19X25466-Diverter-Assembly.htm?SourceCode=18",
    "image_url": "https://partselectcom-gtcdcddbene3cpes.z01.azurefd.net/12743165-1-N-GE-WD19X25466-Diverter-Assembly.jpg",
    "name": "Hotpoint Dishwasher Diverter Assembly",
    "partselect_number": "PS12743165",
    "manufacturer_number": "WD19X25466",
    "price": "$19.35",
    "stock_status": "In Stock"
  },
  {
    "url": "https://www.partselect.com/PS259336-GE-WD14X10009-Dishwasher-Hinge-Arm-Link.htm?SourceCode=18",
    "image_url": "https://partselectcom-gtcdcddbene3cpes.z01.azurefd.net/259336-1-N-GE-WD14X10009-Dishwasher-Hinge-Arm-Link.jpg",
    "name": "Hotpoint Dishwasher Hinge Arm Link",
    "partselect_number": "PS259336",
    "manufacturer_number": "WD14X10009",
    "description": "★★★★★\n★★★★★\n9 Reviews\nThe hinge link on your dishwasher connects the spring to the dishwasher door hinge. If the hinge link becomes cracked or damaged, you may not be able to shut or lock your dishwasher door properly. In this case, you will need to replace the hinge link. Pull out your dishwasher to inspect the hinge and spring, if the link is broken, it may be disconnected and on the ground already. If not, you can remove the hinge arm link by simply disconnecting it from the hinge and spring, then replacing it with the new part. The hinge arm link is a small piece of white plastic about an inch and a half long. It is sold individually, and is an OEM part from the manufacturer.",
    "price": "$13.53",
    "stock_status": "In Stock",
    "rating": "4.67 out of 5",
    "reviews_count": 9
  },
  {
    "url": "https://www.partselect.com/PS17626228-GE-WD21X33641-TIMER.htm?SourceCode=18",
    "image_url": "https://partselectcom-gtcdcddbene3cpes.z01.azurefd.net/17626228-1-N-GE-WD21X33641-TIMER.jpg",
    "name": "Hotpoint Dishwasher Timer",
    "partselect_number": "PS17626228",
    "manufacturer_number": "WD21X33641",
    "description": "★★★★★\n★★★★★\n8 Reviews\nThis is a timer for use in dishwashers. The timer is responsible for ensuring the various parts of the dishwasher cycle activate at the correct time. If the timer is in any way broken or faulty, it will cause your dishwasher to not start, take longer than normal or finish too early, and will need to be replaced as soon as possible. This timer features a mostly metal construction and features a wire terminal on its top side. Replacing this timer will require a few tools, like a screwdriver or socket wrench, and some disassembly of your dishwasher will be necessary. This timer is an individual OEM part, so it does not come with any accessories.",
    "price": "$77.85",
    "stock_status": "In Stock",
    "rating": "4.88 out of 5",
    "reviews_count": 8
  },
  {
    "url": "https://www.partselect.com/PS17137103-GE-WD28X31820-UPPER-RACK.htm?SourceCode=18",
    "image_url": "https://partselectcom-gtcdcddbene3cpes.z01.azurefd.net/17137103-1-N-GE-WD28X31820-UPPER-RACK.jpg",
    "name": "Hotpoint Dishwasher Upper Rack",
    "partselect_number": "PS17137103",
    "manufacturer_number": "WD28X31820",
    "description": "★★★★★\n★★★★★\n6 Reviews\nThis upper dishrack and roller assembly is twenty inches long.",
    "price": "$124.65",
    "stock_status": "In Stock",
    "rating": "4.83 out of 5",
    "reviews_count": 6
  },
  {
    "url": "https://www.partselect.com/PS16217023-GE-WD12X25995-User-Cleanable-Fine-Filter-And-Basket-Assembly.htm?SourceCode=18",
    "image_url": "https://partselectcom-gtcdcddbene3cpes.z01.azurefd.net/16217023-1-N-GE-WD12X25995-User-Cleanable-Fine-Filter-And-Basket-Assembly.jpg",
    "name": "Hotpoint Dishwasher User Cleanable Fine Filter And Basket Assembly",
    "partselect_number": "PS16217023",
    "manufacturer_number": "WD12X25995",
    "description": "Manufacturer Part Number WD12X25995",
    "price": "$30.67",
    "stock_status": "In Stock"
  },
  {
    "url": "https://www.partselect.com/PS2351824-GE-WD12X10284-Dishwasher-Rinse-Aid-Fill-Cap.htm?SourceCode=18",
    "image_url": "https://partselectcom-gtcdcddbene3cpes.z01.azurefd.net/2351824-1-N-GE-WD12X10284-Dishwasher-Rinse-Aid-Fill-Cap.jpg",
    "name": "Hotpoint Dishwasher Rinse Aid Fill Cap",
    "partselect_number": "PS2351824",
    "manufacturer_number": "WD12X10284",
    "description": "★★★★★\n★★★★★\n14 Reviews\nThis part helps keep the rinse aid the dispenser until its needed.",
    "price": "$31.63",
    "stock_status": "In Stock",
    "rating": "4.36 out of 5",
    "reviews_count": 14
  },
  {
    "url": "https://www.partselect.com/PS258653-GE-WD08X10015-Dishwasher-Gasket-Insert.htm?SourceCode=18",
    "image_url": "https://partselectcom-gtcdcddbene3cpes.z01.azurefd.net/258653-1-N-GE-WD08X10015-Dishwasher-Gasket-Insert.jpg",
    "name": "Hotpoint Dishwasher Gasket Insert",
    "partselect_number": "PS258653",
    "manufacturer_number": "WD08X10015",
    "description": "★★★★★\n★★★★★\n15 Reviews\nThe gasket insert is connected to the gasket in the bottom of your dishwasher door. It is a small piece of white plastic that measures approximately 4 inches by 1 inch, and is sold individually. The gasket insert helps the gasket create a seal on the door, so water doesn’t leak out when the dishwasher is running. If your dishwasher is leaking, check to see if the gasket insert is damaged. If the insert is damaged, you will need to replace it. The problem may be with the gasket itself, in which case you may need to replace that part as well.",
    "price": "$28.08",
    "stock_status": "In Stock",
    "rating": "4.20 out of 5",
    "reviews_count": 15
  },
  {
    "url": "https://www.partselect.com/PS12741267-GE-WD22X25465-PLASTIC-COURSE-FILTER.htm?SourceCode=18",
    "image_url": "https://partselectcom-gtcdcddbene3cpes.z01.azurefd.net/12741267-1-N-GE-WD22X25465-PLASTIC-COURSE-FILTER.jpg",
    "name": "Hotpoint Dishwasher Plastic Course Filter",
    "partselect_number": "PS12741267",
    "manufacturer_number": "WD22X25465",
    "price": "$13.53",
    "stock_status": "In Stock"
  },
  {
    "url": "https://www.partselect.com/PS16542431-GE-WD15X28379-WATER-VALVE.htm?SourceCode=18",
    "image_url": "https://partselectcom-gtcdcddbene3cpes.z01.azurefd.net/16542431-1-N-GE-WD15X28379-WATER-VALVE.jpg",
    "name": "Hotpoint Dishwasher Water Valve",
    "partselect_number": "PS16542431",
    "manufacturer_number": "WD15X28379",
    "description": "★★★★★\n★★★★★\n3 Reviews",
    "price": "$28.08",
    "stock_status": "In Stock",
    "rating": "5.00 out of 5",
    "reviews_count": 3
  },
  {
    "url": "https://www.partselect.com/PS260801-GE-WD26X10013-Dishwasher-Motor-And-Pump-Kit.htm?SourceCode=18",
    "image_url": "https://partselectcom-gtcdcddbene3cpes.z01.azurefd.net/260801-1-N-GE-WD26X10013-Dishwasher-Motor-And-Pump-Kit.jpg",
    "name": "Hotpoint Dishwasher Motor And Pump Kit",
    "partselect_number": "PS260801",
    "manufacturer_number": "WD26X10013",
    "description": "★★★★★\n★★★★★\n11 Reviews\nThis is a pump and motor kit for your dishwasher. This assembly replaces many old-style pump and motor kits that were manufactured since 1970. The instructions are included with this kit in to assist you. Take note that this is a completely redesigned kit by the manufacturer and now includes the drain solenoid. You may need to replace this part is if your appliance is leaking, not draining properly, noisy, or will not start or clean your dishes properly.",
    "price": "$183.95",
    "stock_status": "In Stock",
    "rating": "4.45 out of 5",
    "reviews_count": 11
  },
  {
    "url": "https://www.partselect.com/PS1020205-GE-WD22X10047-Dishwasher-Lower-Spray-Arm-Gray.htm?SourceCode=18",
    "image_url": "https://partselectcom-gtcdcddbene3cpes.z01.azurefd.net/1020205-1-N-GE-WD22X10047-Dishwasher-Lower-Spray-Arm-Gray.jpg",
    "name": "Hotpoint Dishwasher Lower Spray Arm Gray",
    "partselect_number": "PS1020205",
    "manufacturer_number": "WD22X10047",
    "description": "★★★★★\n★★★★★\n14 Reviews\nThe lower spray arm is mounted to the bottom of your dishwasher tub, and it rotates and sprays water to clean the dishes in the lower dish rack. This spray arm is made of gray plastic, and is approximately 20 inches in width. The lower spray arm will not spin if it has become clogged with debris and hard water deposits from your dishwasher, if it has become jammed by silverware, causing it to melt, or if the bottom of the spray arm has become disconnected from the bottom of the tub. If the spray arm encounters any of these issues, it will need to be replaced. To replace the spray arm, remove the lower dish rack and simply unscrew the old arm. Screw the new spray arm in until it locks into place.",
    "price": "$99.59",
    "stock_status": "In Stock",
    "rating": "4.64 out of 5",
    "reviews_count": 14
  },
  {
    "url": "https://www.partselect.com/PS16226060-GE-WD01X27538-HOSE-CLAMP.htm?SourceCode=18",
    "image_url": "https://partselectcom-gtcdcddbene3cpes.z01.azurefd.net/16226060-1-N-GE-WD01X27538-HOSE-CLAMP.jpg",
    "name": "Hotpoint Dishwasher Hose Clamp",
    "partselect_number": "PS16226060",
    "manufacturer_number": "WD01X27538",
    "price": "$14.65",
    "stock_status": "In Stock"
  },
  {
    "url": "https://www.partselect.com/PS263965-GE-WD8X229-Dishwasher-Gasket.htm?SourceCode=18",
    "image_url": "https://partselectcom-gtcdcddbene3cpes.z01.azurefd.net/263965-1-N-GE-WD8X229-Dishwasher-Gasket.jpg",
    "name": "Hotpoint Dishwasher Gasket",
    "partselect_number": "PS263965",
    "manufacturer_number": "WD8X229",
    "description": "★★★★★\n★★★★★\n7 Reviews\nThis dishwasher door gasket is compatible with those models having a two ear housing and a square spacer. It's gray and it creates a water tight seal around your dishwasher's door.",
    "price": "$85.39",
    "stock_status": "In Stock",
    "rating": "5.00 out of 5",
    "reviews_count": 7
  },
  {
    "url": "https://www.partselect.com/PS3486941-GE-WD26X10051-Dishwasher-Pump-And-Motor-Assembly.htm?SourceCode=18",
    "image_url": "https://partselectcom-gtcdcddbene3cpes.z01.azurefd.net/3486941-1-N-GE-WD26X10051-Dishwasher-Pump-And-Motor-Assembly.jpg",
    "name": "Hotpoint Dishwasher Pump And Motor Assembly",
    "partselect_number": "PS3486941",
    "manufacturer_number": "WD26X10051",
    "description": "★★★★★\n★★★★★\n5 Reviews\nThe pump ejects the water from the unit.",
    "price": "$158.85",
    "stock_status": "In Stock",
    "rating": "5.00 out of 5",
    "reviews_count": 5
  },
  {
    "url": "https://www.partselect.com/PS17137101-GE-WD28X31818-UPPER-DISHRACK.htm?SourceCode=18",
    "image_url": "https://partselectcom-gtcdcddbene3cpes.z01.azurefd.net/17137101-1-N-GE-WD28X31818-UPPER-DISHRACK.jpg",
    "name": "Hotpoint Dishwasher Upper Dishrack",
    "partselect_number": "PS17137101",
    "manufacturer_number": "WD28X31818",
    "description": "★★★★★\n★★★★★\n15 Reviews\nThis dish rack includes the wheels. This dishrack is for dishwashers. Dishrack holds the dishes in place during the dishwashing cycle",
    "price": "$125.04",
    "stock_status": "In Stock",
    "rating": "4.60 out of 5",
    "reviews_count": 15
  },
  {
    "url": "https://www.partselect.com/PS1765980-GE-WD16X10011-Dishwasher-Detergent-Cup-Release-Arm.htm?SourceCode=18",
    "image_url": "https://partselectcom-gtcdcddbene3cpes.z01.azurefd.net/1765980-1-N-GE-WD16X10011-Dishwasher-Detergent-Cup-Release-Arm.jpg",
    "name": "Hotpoint Dishwasher Detergent Cup Release Arm",
    "partselect_number": "PS1765980",
    "manufacturer_number": "WD16X10011",
    "description": "This is the replacement detergent cup release arm for your dishwasher. It is made of black plastic and is sold individually. The detergent cup release arm is found on the inside of the dishwasher door, and it is the part that releases both the detergent and the rinse-aid. If the rinse-aid and detergent are not being released during the dishwasher cycle, or you notice that the release arm is cracked or damaged, then you will need to replace it. A damaged detergent cup release arm can also lead to a door latch failure on your dishwasher, and it may cause the dishwasher not to start. This is an OEM part sourced directly from the manufacturer.",
    "price": "$26.14",
    "stock_status": "In Stock"
  },
  {
    "url": "https://www.partselect.com/PS259474-GE-WD16X313-Detergent-Cup-Shaft-and-Lever.htm?SourceCode=18",
    "image_url": "https://partselectcom-gtcdcddbene3cpes.z01.azurefd.net/259474-1-N-GE-WD16X313-Detergent-Cup-Shaft-and-Lever.jpg",
    "name": "Hotpoint Dishwasher Detergent Cup Shaft And Lever",
    "partselect_number": "PS259474",
    "manufacturer_number": "WD16X313",
    "description": "★★★★★\n★★★★★\n2 Reviews\nCover is not included. Must order cover separately.",
    "price": "$31.96",
    "stock_status": "In Stock",
    "rating": "5.00 out of 5",
    "reviews_count": 2
  },
  {
    "url": "https://www.partselect.com/PS1517648-GE-WD01X10342-Dishwasher-Pump-Filter-Coupler.htm?SourceCode=18",
    "image_url": "https://partselectcom-gtcdcddbene3cpes.z01.azurefd.net/1517648-1-N-GE-WD01X10342-Dishwasher-Pump-Filter-Coupler.jpg",
    "name": "Hotpoint Dishwasher Pump Filter Coupler",
    "partselect_number": "PS1517648",
    "manufacturer_number": "WD01X10342",
    "description": "★★★★★\n★★★★★\n3 Reviews\nThis coupler, also known as a hose connector, is made of white plastic and is about one inch in height, and just over one inch in length. Replacing the coupler is a fairly easy repair. The hardest part of the repair is accessing the spray arm and filter to remove them, in order to replace the coupler. In order to complete this repair, you will need a flat head screwdriver and a 4-inch nut driver.",
    "price": "$13.81",
    "stock_status": "In Stock",
    "rating": "4.00 out of 5",
    "reviews_count": 3
  },
  {
    "url": "https://www.partselect.com/PS260235-GE-WD21X479-Float-Switch.htm?SourceCode=18",
    "image_url": "https://partselectcom-gtcdcddbene3cpes.z01.azurefd.net/260235-1-N-GE-WD21X479-Float-Switch.jpg",
    "name": "Hotpoint Dishwasher Float Switch",
    "partselect_number": "PS260235",
    "manufacturer_number": "WD21X479",
    "description": "Water that fills your dishwasher lifts this float, and when it reaches a certain level, it acts as a trigger for the float switch. The float triggers the float switch to shut off, thereby shutting off the flow of water into the dishwasher.",
    "price": "$18.76",
    "stock_status": "In Stock"
  },
  {
    "url": "https://www.partselect.com/PS958919-GE-WD12X10109-Dishwasher-Fine-Filter.htm?SourceCode=18",
    "image_url": "https://partselectcom-gtcdcddbene3cpes.z01.azurefd.net/958919-1-N-GE-WD12X10109-Dishwasher-Fine-Filter.jpg",
    "name": "Hotpoint Dishwasher Fine Filter",
    "partselect_number": "PS958919",
    "manufacturer_number": "WD12X10109",
    "description": "★★★★★\n★★★★★\n6 Reviews\nThis filter sits at the bottom of the dishwasher.",
    "price": "$41.66",
    "stock_status": "In Stock",
    "rating": "4.83 out of 5",
    "reviews_count": 6
  },
  {
    "url": "https://www.partselect.com/PS2339994-GE-WD24X10045-Dishwasher-Drain-Tube-Kit.htm?SourceCode=18",
    "image_url": "https://partselectcom-gtcdcddbene3cpes.z01.azurefd.net/2339994-1-N-GE-WD24X10045-Dishwasher-Drain-Tube-Kit.jpg",
    "name": "Hotpoint Dishwasher Drain Tube Kit",
    "partselect_number": "PS2339994",
    "manufacturer_number": "WD24X10045",
    "description": "★★★★★\n★★★★★\n8 Reviews\nThis kit includes the drain hose with black rubber end fittings and a clamp.",
    "price": "$39.15",
    "stock_status": "In Stock",
    "rating": "4.88 out of 5",
    "reviews_count": 8
  },
  {
    "url": "https://www.partselect.com/PS263918-GE-WD7X14-Dishwasher-Door-Cable-And-Eyelet.htm?SourceCode=18",
    "image_url": "https://partselectcom-gtcdcddbene3cpes.z01.azurefd.net/263918-1-N-GE-WD7X14-Dishwasher-Door-Cable-And-Eyelet.jpg",
    "name": "Hotpoint Dishwasher Door Cable And Eyelet",
    "partselect_number": "PS263918",
    "manufacturer_number": "WD7X14",
    "description": "★★★★★\n★★★★★\n15 Reviews\nThis part is sold individually. It is recommended that both sides are changed when replacing one.",
    "price": "$25.17",
    "stock_status": "In Stock",
    "rating": "4.67 out of 5",
    "reviews_count": 15
  },
  {
    "url": "https://www.partselect.com/PS16542456-GE-WD21X27139-CONFIGURED-SERVICE-UI-CONTROL-BOARD.htm?SourceCode=18",
    "image_url": "https://partselectcom-gtcdcddbene3cpes.z01.azurefd.net/16542456-1-N-GE-WD21X27139-CONFIGURED-SERVICE-UI-CONTROL-BOARD.jpg",
    "name": "Hotpoint Dishwasher Configured Service Ui Control Board",
    "partselect_number": "PS16542456",
    "manufacturer_number": "WD21X27139",
    "description": "Manufacturer Part Number WD21X27139",
    "price": "$32.62",
    "stock_status": "In Stock"
  },
  {
    "url": "https://www.partselect.com/PS1765984-GE-WD22X10055-Lower-Spray-Arm.htm?SourceCode=18",
    "image_url": "https://partselectcom-gtcdcddbene3cpes.z01.azurefd.net/1765984-1-N-GE-WD22X10055-Lower-Spray-Arm.jpg",
    "name": "Hotpoint Dishwasher Lower Spray Arm",
    "partselect_number": "PS1765984",
    "manufacturer_number": "WD22X10055",
    "description": "★★★★★\n★★★★★\n11 Reviews\nThis is a replacement lower wash arm assembly for your dishwasher. The lower spray arm is mounted to the bottom of your dishwasher tub and will rotate and spray water during the wash cycle. The spray arm has small holes that spray the water, and these can become clogged with debris and hard water buildup inside your dishwasher. The spray arm can also become jammed if silverware falls into the main tub during the cycle. These problems can cause the spray arm to malfunction, which will result in your dishes coming out of the dishwasher unclean. This part is made of white plastic and is sold individually.",
    "price": "$154.33",
    "stock_status": "In Stock",
    "rating": "4.82 out of 5",
    "reviews_count": 11
  },
  {
    "url": "https://www.partselect.com/PS16554639-GE-WD21X28978-DC-HARNESS.htm?SourceCode=18",
    "image_url": "https://partselectcom-gtcdcddbene3cpes.z01.azurefd.net/16554639-1-N-GE-WD21X28978-DC-HARNESS.jpg",
    "name": "Hotpoint Dishwasher Dc Harness",
    "partselect_number": "PS16554639",
    "manufacturer_number": "WD21X28978",
    "price": "$32.62",
    "stock_status": "In Stock"
  },
  {
    "url": "https://www.partselect.com/PS11736583-GE-WD22X20689-IMPELLER.htm?SourceCode=18",
    "image_url": "https://partselectcom-gtcdcddbene3cpes.z01.azurefd.net/11736583-1-N-GE-WD22X20689-IMPELLER.jpg",
    "name": "Hotpoint Dishwasher Impeller",
    "partselect_number": "PS11736583",
    "manufacturer_number": "WD22X20689",
    "description": "Manufacturer Part Number WD22X20689",
    "price": "$15.95",
    "stock_status": "In Stock"
  },
  {
    "url": "https://www.partselect.com/PS1019466-GE-WD12X10206-Dishwasher-Rinse-Cap-Assembly.htm?SourceCode=18",
    "image_url": "https://partselectcom-gtcdcddbene3cpes.z01.azurefd.net/1019466-1-N-GE-WD12X10206-Dishwasher-Rinse-Cap-Assembly.jpg",
    "name": "Hotpoint Dishwasher Rinse Cap Assembly",
    "partselect_number": "PS1019466",
    "manufacturer_number": "WD12X10206",
    "description": "★★★★★\n★★★★★\n14 Reviews\nThis is the replacement rinse cap assembly for your dishwasher. It is made of gray plastic and is approximately 1 ½ inches in diameter. This rinse cap screws into the rinse aid assembly and prevents leaks. Sometimes the cap can become loose and fall out, which can cause it to be melted by the heater. If your cap is damaged or missing, this is the part you will need to replace it. This rinse cap is an authentic OEM part sourced directly from the manufacturer and is sold individually.",
    "price": "$12.82",
    "stock_status": "In Stock",
    "rating": "4.71 out of 5",
    "reviews_count": 14
  },
  {
    "url": "https://www.partselect.com/PS2370522-GE-WD22X10077-Dishwasher-Sump-Filter-And-Cover.htm?SourceCode=18",
    "image_url": "https://partselectcom-gtcdcddbene3cpes.z01.azurefd.net/2370522-1-N-GE-WD22X10077-Dishwasher-Sump-Filter-And-Cover.jpg",
    "name": "Hotpoint Dishwasher Sump Filter And Cover",
    "partselect_number": "PS2370522",
    "manufacturer_number": "WD22X10077",
    "description": "This works in conjunction with the pump and filtration system. It is used to filter the drainage for disposal.",
    "price": "$51.89",
    "stock_status": "In Stock"
  },
  {
    "url": "https://www.partselect.com/PS6011663-GE-WD21X10475-Dishwasher-Timer.htm?SourceCode=18",
    "image_url": "https://partselectcom-gtcdcddbene3cpes.z01.azurefd.net/6011663-1-N-GE-WD21X10475-Dishwasher-Timer.jpg",
    "name": "Hotpoint Dishwasher Timer",
    "partselect_number": "PS6011663",
    "manufacturer_number": "WD21X10475",
    "description": "★★★★★\n★★★★★\n1 Review\nThe timer manages the various dishwasher functions such as filling, washing, draining and drying.",
    "price": "$83.37",
    "stock_status": "In Stock",
    "rating": "5.00 out of 5",
    "reviews_count": 1
  },
  {
    "url": "https://www.partselect.com/PS258821-GE-WD09X10025-Timer-Knob.htm?SourceCode=18",
    "image_url": "https://partselectcom-gtcdcddbene3cpes.z01.azurefd.net/258821-1-N-GE-WD09X10025-Timer-Knob.jpg",
    "name": "Hotpoint Dishwasher Timer Knob",
    "partselect_number": "PS258821",
    "manufacturer_number": "WD09X10025",
    "description": "★★★★★\n★★★★★\n8 Reviews\nThis part is the replacement timer knob for your dishwasher. It is made of white plastic with a gray indicator line, and it is approximately 2 inches long and 1 inch wide. The timer knob turns on the shaft and allows you to choose the correct setting for your dishwasher. The main reason you would be replacing this knob, is if the old one is broken or stripped, and it will not turn the shaft. To replace this knob, carefully remove it from the shaft, and replace it with the new one. This part is sold individually and is an OEM part sourced directly from the manufacturer.",
    "price": "$12.82",
    "stock_status": "In Stock",
    "rating": "4.88 out of 5",
    "reviews_count": 8
  },
  {
    "url": "https://www.partselect.com/PS17137022-GE-WD12X32039-CONDUIT-DOCKING-PORT.htm?SourceCode=18",
    "image_url": "https://partselectcom-gtcdcddbene3cpes.z01.azurefd.net/17137022-1-N-GE-WD12X32039-CONDUIT-DOCKING-PORT.jpg",
    "name": "Hotpoint Dishwasher Conduit Docking Port",
    "partselect_number": "PS17137022",
    "manufacturer_number": "WD12X32039",
    "description": "Manufacturer Part Number WD12X32039",
    "price": "$11.83",
    "stock_status": "In Stock"
  },
  {
    "url": "https://www.partselect.com/PS16219702-GE-WD21X26318-JUMPER-HARNESS.htm?SourceCode=18",
    "image_url": "https://partselectcom-gtcdcddbene3cpes.z01.azurefd.net/16219702-1-N-GE-WD21X26318-JUMPER-HARNESS.jpg",
    "name": "Hotpoint Dishwasher Jumper Harness",
    "partselect_number": "PS16219702",
    "manufacturer_number": "WD21X26318",
    "description": "Manufacturer Part Number WD21X26318",
    "price": "$18.95",
    "stock_status": "In Stock"
  },
  {
    "url": "https://www.partselect.com/PS3652479-GE-WD26X10053-Mechanism-Assembly.htm?SourceCode=18",
    "image_url": "https://partselectcom-gtcdcddbene3cpes.z01.azurefd.net/3652479-1-N-GE-WD26X10053-Mechanism-Assembly.jpg",
    "name": "Hotpoint Dishwasher Mechanism Assembly",
    "partselect_number": "PS3652479",
    "manufacturer_number": "WD26X10053",
    "description": "★★★★★\n★★★★★\n3 Reviews",
    "price": "$192.77",
    "stock_status": "In Stock",
    "rating": "4.33 out of 5",
    "reviews_count": 3
  },
  {
    "url": "https://www.partselect.com/PS1021347-GE-WD26X10025-Drain-Pump-Assembly.htm?SourceCode=18",
    "image_url": "https://partselectcom-gtcdcddbene3cpes.z01.azurefd.net/1021347-1-N-GE-WD26X10025-Drain-Pump-Assembly.jpg",
    "name": "Hotpoint Dishwasher Drain Pump Assembly",
    "partselect_number": "PS1021347",
    "manufacturer_number": "WD26X10025",
    "description": "★★★★★\n★★★★★\n1 Review\nThis part will drain water from the appliance in different cycles.",
    "price": "$78.35",
    "stock_status": "In Stock",
    "rating": "5.00 out of 5",
    "reviews_count": 1
  },
  {
    "url": "https://www.partselect.com/PS260529-GE-WD22X10008-Lower-Spray-Arm-and-Support-Assembly.htm?SourceCode=18",
    "image_url": "https://partselectcom-gtcdcddbene3cpes.z01.azurefd.net/260529-1-N-GE-WD22X10008-Lower-Spray-Arm-and-Support-Assembly.jpg",
    "name": "Hotpoint Dishwasher Lower Spray Arm And Support Assembly",
    "partselect_number": "PS260529",
    "manufacturer_number": "WD22X10008",
    "description": "★★★★★\n★★★★★\n5 Reviews\nThis part comes with the telescopic tower.",
    "price": "$49.45",
    "stock_status": "In Stock",
    "rating": "5.00 out of 5",
    "reviews_count": 5
  },
  {
    "url": "https://www.partselect.com/PS11766626-GE-WD01X21837-SCR-10-32-TT-CB-1-4-ZN.htm?SourceCode=18",
    "image_url": "https://partselectcom-gtcdcddbene3cpes.z01.azurefd.net/11766626-1-N-GE-WD01X21837-SCR-10-32-TT-CB-1-4-ZN.jpg",
    "name": "Hotpoint Dishwasher Scr 10-32 Tt Cb 1/4 Zn",
    "partselect_number": "PS11766626",
    "manufacturer_number": "WD01X21837",
    "price": "$13.95",
    "stock_status": "In Stock"
  },
  {
    "url": "https://www.partselect.com/PS1481947-GE-WD27X10225-Finished-Access-Panel.htm?SourceCode=18",
    "image_url": "https://partselectcom-gtcdcddbene3cpes.z01.azurefd.net/1481947-1-N-GE-WD27X10225-Finished-Access-Panel.jpg",
    "name": "Hotpoint Dishwasher Finished Access Panel",
    "partselect_number": "PS1481947",
    "manufacturer_number": "WD27X10225",
    "price": "$46.48",
    "stock_status": "In Stock"
  },
  {
    "url": "https://www.partselect.com/PS8768362-GE-WD01X20593-FRICTION-WASHER.htm?SourceCode=18",
    "image_url": "https://partselectcom-gtcdcddbene3cpes.z01.azurefd.net/8768362-1-N-GE-WD01X20593-FRICTION-WASHER.jpg",
    "name": "Hotpoint Dishwasher Friction Washer",
    "partselect_number": "PS8768362",
    "manufacturer_number": "WD01X20593",
    "price": "$25.69",
    "stock_status": "In Stock"
  },
  {
    "url": "https://www.partselect.com/PS8756223-GE-WD12X10420-PLATE-DETERGENT.htm?SourceCode=18",
    "image_url": "https://partselectcom-gtcdcddbene3cpes.z01.azurefd.net/8756223-1-N-GE-WD12X10420-PLATE-DETERGENT.jpg",
    "name": "Hotpoint Dishwasher Plate Detergent",
    "partselect_number": "PS8756223",
    "manufacturer_number": "WD12X10420",
    "description": "Manufacturer Part Number WD12X10420",
    "price": "$12.95",
    "stock_status": "In Stock"
  },
  {
    "url": "https://www.partselect.com/PS1018856-GE-WD18X10034-Inlet-Sump.htm?SourceCode=18",
    "image_url": "https://partselectcom-gtcdcddbene3cpes.z01.azurefd.net/1018856-1-N-GE-WD18X10034-Inlet-Sump.jpg",
    "name": "Hotpoint Dishwasher Inlet Sump",
    "partselect_number": "PS1018856",
    "manufacturer_number": "WD18X10034",
    "description": "★★★★★\n★★★★★\n3 Reviews",
    "price": "$39.95",
    "stock_status": "In Stock",
    "rating": "5.00 out of 5",
    "reviews_count": 3
  },
  {
    "url": "https://www.partselect.com/PS8690630-GE-WD28X10367-Upper-Rack-Tower.htm?SourceCode=18",
    "image_url": "https://partselectcom-gtcdcddbene3cpes.z01.azurefd.net/8690630-1-N-GE-WD28X10367-Upper-Rack-Tower.jpg",
    "name": "Hotpoint Dishwasher Upper Rack Tower",
    "partselect_number": "PS8690630",
    "manufacturer_number": "WD28X10367",
    "description": "Manufacturer Part Number WD28X10367",
    "price": "$19.95",
    "stock_status": "In Stock"
  },
  {
    "url": "https://www.partselect.com/PS259225-GE-WD12X417-Sump-Cover.htm?SourceCode=18",
    "image_url": "https://partselectcom-gtcdcddbene3cpes.z01.azurefd.net/259225-1-N-GE-WD12X417-Sump-Cover.jpg",
    "name": "Hotpoint Dishwasher Sump Cover",
    "partselect_number": "PS259225",
    "manufacturer_number": "WD12X417",
    "price": "$41.53",
    "stock_status": "In Stock"
  },
  {
    "url": "https://www.partselect.com/PS259065-GE-WD12X10047-Dishwasher-Float.htm?SourceCode=18",
    "image_url": "https://partselectcom-gtcdcddbene3cpes.z01.azurefd.net/259065-1-N-GE-WD12X10047-Dishwasher-Float.jpg",
    "name": "Hotpoint Dishwasher Float",
    "partselect_number": "PS259065",
    "manufacturer_number": "WD12X10047",
    "price": "$13.95",
    "stock_status": "In Stock"
  },
  {
    "url": "https://www.partselect.com/PS259226-GE-WD12X418-Sump-Strainer-Cap.htm?SourceCode=18",
    "image_url": "https://partselectcom-gtcdcddbene3cpes.z01.azurefd.net/259226-1-N-GE-WD12X418-Sump-Strainer-Cap.jpg",
    "name": "Hotpoint Dishwasher Sump Strainer Cap",
    "partselect_number": "PS259226",
    "manufacturer_number": "WD12X418",
    "description": "★★★★★\n★★★★★\n1 Review\nManufacturer Part Number WD12X418",
    "price": "$35.95",
    "stock_status": "In Stock",
    "rating": "5.00 out of 5",
    "reviews_count": 1
  },
  {
    "url": "https://www.partselect.com/PS12710522-GE-WX10X10209-Finish-Dishwasher-Cleaner.htm?SourceCode=18",
    "image_url": "https://partselectcom-gtcdcddbene3cpes.z01.azurefd.net/12710522-1-N-GE-WX10X10209-Finish-Dishwasher-Cleaner.jpg",
    "name": "Hotpoint Dishwasher Finish Cleaner",
    "partselect_number": "PS12710522",
    "manufacturer_number": "WX10X10209",
    "description": "This dishwasher cleaner cleans, freshens, and helps maintain your dishwasher. It hygienically cleans hidden grease and lime scale from filters, spray-arms and pipes. It is safe for septic systems and contains no phosphorus.",
    "price": "$34.95",
    "stock_status": "In Stock"
  },
  {
    "url": "https://www.partselect.com/PS16542403-GE-WD01X27721-DOOR-HINGE-ASSEMBLY-LEFT.htm?SourceCode=18",
    "image_url": "https://partselectcom-gtcdcddbene3cpes.z01.azurefd.net/16542403-1-N-GE-WD01X27721-DOOR-HINGE-ASSEMBLY-LEFT.jpg",
    "name": "Hotpoint Dishwasher Door Hinge Assembly Left",
    "partselect_number": "PS16542403",
    "manufacturer_number": "WD01X27721",
    "description": "Manufacturer Part Number WD01X27721",
    "price": "$40.54",
    "stock_status": "In Stock"
  },
  {
    "url": "https://www.partselect.com/PS259159-GE-WD12X334-Dishwasher-Float.htm?SourceCode=18",
    "image_url": "https://partselectcom-gtcdcddbene3cpes.z01.azurefd.net/259159-1-N-GE-WD12X334-Dishwasher-Float.jpg",
    "name": "Hotpoint Dishwasher Float",
    "partselect_number": "PS259159",
    "manufacturer_number": "WD12X334",
    "price": "$21.95",
    "stock_status": "In Stock"
  },
  {
    "url": "https://www.partselect.com/PS16542402-GE-WD01X27720-DOOR-HINGE-ASSEMBLY-RIGHT.htm?SourceCode=18",
    "image_url": "https://partselectcom-gtcdcddbene3cpes.z01.azurefd.net/16542402-1-N-GE-WD01X27720-DOOR-HINGE-ASSEMBLY-RIGHT.jpg",
    "name": "Hotpoint Dishwasher Door Hinge Assembly Right",
    "partselect_number": "PS16542402",
    "manufacturer_number": "WD01X27720",
    "description": "Manufacturer Part Number WD01X27720",
    "price": "$40.95",
    "stock_status": "In Stock"
  },
  {
    "url": "https://www.partselect.com/PS263930-GE-WD8X181-Dishwasher-Drain-Valve-Shaft-Seal.htm?SourceCode=18",
    "image_url": "https://partselectcom-gtcdcddbene3cpes.z01.azurefd.net/263930-1-N-GE-WD8X181-Dishwasher-Drain-Valve-Shaft-Seal.jpg",
    "name": "Hotpoint Dishwasher Drain Valve Shaft Seal",
    "partselect_number": "PS263930",
    "manufacturer_number": "WD8X181",
    "description": "★★★★★\n★★★★★\n14 Reviews\nThe drain valve shaft seal is a part for your dishwasher drain pump valve. This seal creates a watertight closure around the flapper valve shaft. This part can be accessed through the access panel at the front for a built-in. For a portable dishwasher, consider disconnecting and unplugging the taps and lay on a blanket to access the bottom of the machine. This will need to be replaced if you notice leaking coming from the pump. This part measures approximately 3/8 inches in diameter and is black in color. This is a genuine OEM part that comes right from the manufacturer.",
    "price": "$39.95",
    "stock_status": "In Stock",
    "rating": "4.71 out of 5",
    "reviews_count": 14
  },
  {
    "url": "https://www.partselect.com/PS12730505-GE-WD12X25680-MAIN-CONDUIT.htm?SourceCode=18",
    "image_url": "https://partselectcom-gtcdcddbene3cpes.z01.azurefd.net/12730505-1-N-GE-WD12X25680-MAIN-CONDUIT.jpg",
    "name": "Hotpoint Dishwasher Main Conduit",
    "partselect_number": "PS12730505",
    "manufacturer_number": "WD12X25680",
    "description": "Manufacturer Part Number WD12X25680",
    "price": "$49.95",
    "stock_status": "In Stock"
  },
  {
    "url": "https://www.partselect.com/PS259697-GE-WD1X1392-Dishwasher-Clamp-Sump.htm?SourceCode=18",
    "image_url": "https://partselectcom-gtcdcddbene3cpes.z01.azurefd.net/259697-1-N-GE-WD1X1392-Dishwasher-Clamp-Sump.jpg",
    "name": "Hotpoint Dishwasher Clamp Sump",
    "partselect_number": "PS259697",
    "manufacturer_number": "WD1X1392",
    "description": "★★★★★\n★★★★★\n1 Review",
    "price": "$13.95",
    "stock_status": "In Stock",
    "rating": "5.00 out of 5",
    "reviews_count": 1
  },
  {
    "url": "https://www.partselect.com/PS259045-GE-WD12X10026-Door-Vent-White.htm?SourceCode=18",
    "image_url": "https://partselectcom-gtcdcddbene3cpes.z01.azurefd.net/259045-1-N-GE-WD12X10026-Door-Vent-White.jpg",
    "name": "Hotpoint Dishwasher Door Vent - White",
    "partselect_number": "PS259045",
    "manufacturer_number": "WD12X10026",
    "price": "$18.95",
    "stock_status": "In Stock"
  },
  {
    "url": "https://www.partselect.com/PS1016616-GE-WD01X10279-CLAMP.htm?SourceCode=18",
    "image_url": "https://partselectcom-gtcdcddbene3cpes.z01.azurefd.net/1016616-1-N-GE-WD01X10279-CLAMP.jpg",
    "name": "Hotpoint Dishwasher Clamp",
    "partselect_number": "PS1016616",
    "manufacturer_number": "WD01X10279",
    "description": "Manufacturer Part Number WD01X10279",
    "price": "$14.95",
    "stock_status": "Special Order"
  },
  {
    "url": "https://www.partselect.com/PS1481902-GE-WD14X10030-Arm-Hinge-Right-Hand.htm?SourceCode=18",
    "image_url": "https://partselectcom-gtcdcddbene3cpes.z01.azurefd.net/1481902-1-N-GE-WD14X10030-Arm-Hinge-Right-Hand.jpg",
    "name": "Hotpoint Dishwasher Arm Hinge Right Hand",
    "partselect_number": "PS1481902",
    "manufacturer_number": "WD14X10030",
    "description": "Manufacturer Part Number WD14X10030",
    "price": "$28.95",
    "stock_status": "In Stock"
  },
  {
    "url": "https://www.partselect.com/PS1481945-GE-WD27X10223-Finished-Access-Panel.htm?SourceCode=18",
    "image_url": "https://partselectcom-gtcdcddbene3cpes.z01.azurefd.net/1481945-1-N-GE-WD27X10223-Finished-Access-Panel.jpg",
    "name": "Hotpoint Dishwasher Finished Access Panel",
    "partselect_number": "PS1481945",
    "manufacturer_number": "WD27X10223",
    "description": "★★★★★\n★★★★★\n1 Review",
    "price": "$24.95",
    "stock_status": "In Stock",
    "rating": "5.00 out of 5",
    "reviews_count": 1
  },
  {
    "url": "https://www.partselect.com/PS263800-GE-WD3X487D-RETNR-PKG-12.htm?SourceCode=18",
    "image_url": "https://partselectcom-gtcdcddbene3cpes.z01.azurefd.net/263800-1-N-GE-WD3X487D-RETNR-PKG-12.jpg",
    "name": "Hotpoint Dishwasher Retnr-pkg 12",
    "partselect_number": "PS263800",
    "manufacturer_number": "WD3X487D",
    "description": "Manufacturer Part Number WD3X487D",
    "price": "$35.95",
    "stock_status": "In Stock"
  },
  {
    "url": "https://www.partselect.com/PS17626230-GE-WD21X33643-TIMER.htm?SourceCode=18",
    "image_url": "https://partselectcom-gtcdcddbene3cpes.z01.azurefd.net/17626230-1-N-GE-WD21X33643-TIMER.jpg",
    "name": "Hotpoint Dishwasher Timer",
    "partselect_number": "PS17626230",
    "manufacturer_number": "WD21X33643",
    "description": "Manufacturer Part Number WD21X33643",
    "price": "$46.95",
    "stock_status": "In Stock"
  },
  {
    "url": "https://www.partselect.com/PS259308-GE-WD13X67-LATCH-KEEPER.htm?SourceCode=18",
    "image_url": "https://partselectcom-gtcdcddbene3cpes.z01.azurefd.net/259308-1-N-GE-WD13X67-LATCH-KEEPER.jpg",
    "name": "Hotpoint Dishwasher Latch Keeper",
    "partselect_number": "PS259308",
    "manufacturer_number": "WD13X67",
    "price": "$17.95",
    "stock_status": "In Stock"
  },
  {
    "url": "https://www.partselect.com/PS958849-GE-WD01X10269-GROMMET.htm?SourceCode=18",
    "image_url": "https://partselectcom-gtcdcddbene3cpes.z01.azurefd.net/958849-1-N-GE-WD01X10269-GROMMET.jpg",
    "name": "Hotpoint Dishwasher Grommet",
    "partselect_number": "PS958849",
    "manufacturer_number": "WD01X10269",
    "description": "Manufacturer Part Number WD01X10269",
    "price": "$13.95",
    "stock_status": "In Stock"
  },
  {
    "url": "https://www.partselect.com/PS11762901-GE-WD01X22786-CLAMP-HOSE.htm?SourceCode=18",
    "image_url": "https://partselectcom-gtcdcddbene3cpes.z01.azurefd.net/11762901-1-N-GE-WD01X22786-CLAMP-HOSE.jpg",
    "name": "Hotpoint Dishwasher Clamp Hose",
    "partselect_number": "PS11762901",
    "manufacturer_number": "WD01X22786",
    "description": "Manufacturer Part Number WD01X22786",
    "price": "$13.95",
    "stock_status": "In Stock"
  }
]