[
  {
    "url": "https://www.partselect.com/PS11752778-Whirlpool-WPW10321304-Refrigerator-Door-Bin.htm?SourceCode=18",
    "image_url": "https://partselectcom-gtcdcddbene3cpes.z01.azurefd.net/11752778-1-N-Whirlpool-WPW10321304-Refrigerator-Door-Bin.jpg",
    "name": "Inglis Refrigerator Door Bin",
    "partselect_number": "PS11752778",
    "manufacturer_number": "WPW10321304",
    "description": "★★★★★\n★★★★★\n347 Reviews\nThis refrigerator door bin is a genuine OEM replacement designed to fit many side-by-side refrigerator models. Compatible with brands like KitchenAid, Maytag, and Amana, it attaches to the interior door, providing storage for jars and bottles. Featuring a clear design with white trim, this bin is both durable and functional. Installation is tool-free—simply align and snap into place. Verify your refrigerator’s model number before ordering to ensure compatibility, as dimensions may vary slightly. Restore your refrigerator's storage capacity and organization with this high-quality replacement door bin.",
    "price": "$\n41.23",
    "stock_status": "In Stock",
    "rating": "4.8/5",
    "reviews_count": 347,
    "reviews": [],
    "repair_stories": [],
    "symptoms_fixed": "Door won’t open or close | Ice maker won’t dispense ice | Leaking",
    "works_with": "Refrigerator.",
    "also_replaces": [
      "AP6019471",
      "2171046",
      "2171047",
      "2179574",
      "2179575",
      "2179607",
      "2179607K",
      "2198449",
      "2198449K",
      "2304235",
      "2304235K",
      "W10321302",
      "W10321303",
      "W10321304",
      "W10549739",
      "WPW10321304VP"
    ],
    "video_url": "https://www.youtube.com/watch?v=zSCNN6KpDE8"
  },
  {
    "url": "https://www.partselect.com/PS11739119-Whirlpool-WP2188656-Refrigerator-Crisper-Drawer-w-Humidity-Control.htm?SourceCode=18",
    "image_url": "https://partselectcom-gtcdcddbene3cpes.z01.azurefd.net/11739119-1-N-Whirlpool-WP2188656-Refrigerator-Crisper-Drawer-w-Humidity-Control.jpg",
    "name": "Inglis Refrigerator Crisper Drawer W/humidity Control",
    "partselect_number": "PS11739119",
    "manufacturer_number": "WP2188656",
    "description": "★★★★★\n★★★★★\n486 Reviews\nThe crisper drawer (Crisper Pan, Refrigerator Crisper Drawer) with humidity control is meant to keep your vegetables and fruit as fresh as possible by allowing you to regulate the humidity levels within the drawer. It attaches on the inside of your refrigerator to the bottom of the crisper shelf. This drawer can break from misuse or accidental damage. It is also subject to material fatigue over time. If broken or damaged, it may be difficult to slide the drawer in and out, and it should be replaced. This plastic drawer measures 14.92 inches long, 7.6 inches high, and 16.5 inches wide and comes in white/clear.",
    "price": "$\n73.27",
    "stock_status": "In Stock",
    "rating": "4.8/5",
    "reviews_count": 486,
    "reviews": [],
    "repair_stories": [],
    "symptoms_fixed": "Door won’t open or close | Ice maker not making ice | Leaking | Ice maker won’t dispense ice",
    "works_with": "Refrigerator.",
    "also_replaces": [
      "AP6006055",
      "2173384",
      "2173386",
      "2173694",
      "2173714",
      "2173715",
      "2174109",
      "2174416",
      "2175075",
      "2179281",
      "2179347",
      "2188652",
      "2188656",
      "2189529",
      "2189629",
      "2194072",
      "2194078",
      "2194081",
      "2194087",
      "2194904 ... Show more"
    ],
    "video_url": "https://www.youtube.com/watch?v=yqWpzesAc6U"
  },
  {
    "url": "https://www.partselect.com/PS11739091-Whirlpool-WP2187172-Refrigerator-Door-Bin.htm?SourceCode=18",
    "image_url": "https://partselectcom-gtcdcddbene3cpes.z01.azurefd.net/11739091-1-N-Whirlpool-WP2187172-Refrigerator-Door-Bin.jpg",
    "name": "Inglis Refrigerator Door Bin",
    "partselect_number": "PS11739091",
    "manufacturer_number": "WP2187172",
    "description": "★★★★★\n★★★★★\n255 Reviews\nThe white refrigerator door bin is an essential component for maximizing the storage capacity of your appliance. Measuring approximately 16.25\" wide, 3.25\" high, and 6.25\" deep, it securely holds jars, bottles, and other items in an accessible location on the refrigerator door. This bin is made from sturdy materials to withstand daily use and is designed to fit seamlessly into compatible refrigerator models. Installation is straightforward—simply follow the instructions provided in your owner’s manual. Confirm compatibility by matching the bin’s dimensions to your appliance before purchasing.",
    "price": "$\n39.86",
    "stock_status": "In Stock",
    "rating": "5.0/5",
    "reviews_count": 255,
    "reviews": [],
    "repair_stories": [],
    "symptoms_fixed": "",
    "works_with": "",
    "also_replaces": [],
    "video_url": ""
  },
  {
    "url": "https://www.partselect.com/PS11739122-Whirlpool-WP2188664-Refrigerator-Meat-Vegetable-Drawer-w-Handle.htm?SourceCode=18",
    "image_url": "https://partselectcom-gtcdcddbene3cpes.z01.azurefd.net/11739122-1-N-Whirlpool-WP2188664-Refrigerator-Meat-Vegetable-Drawer-w-Handle.jpg",
    "name": "Inglis Refrigerator Meat/vegetable Drawer W/handle",
    "partselect_number": "PS11739122",
    "manufacturer_number": "WP2188664",
    "description": "★★★★★\n★★★★★\n154 Reviews\nThis OEM, clear convertible meat drawer can be used to store meats or vegetables and is designed for the lower portion of your refrigerator, generally. It has its own cold air duct to allow cold air from the freezer to flow into the drawer. You could have a broken or faulty drawer if you find that the food is kept within is spoiling or drying out quickly. The drawer should slide open and closed with ease. If your drawer will not easily slide open or closed, check the tracks that the drawer slides on. If the tracks are not damaged, the drawer itself could be at fault and should be replaced. Inspect it for visible damage like cracking or warping, which should be obvious. This part measures approximately 16 7/16 inches wide x 14 5/16 inches deep x 7 5/8 inches high and is a genuine OEM replacement part. It is sold individually. Note that there are several different types and options for the lower vegetable and meat drawers for your refrigerator, and you should check your user manual carefully to ensure that this is the drawer you are looking for.",
    "price": "$61.97",
    "stock_status": "In Stock",
    "rating": "4.81 out of 5",
    "reviews_count": 154
  },
  {
    "url": "https://www.partselect.com/PS11757048-Whirlpool-WPW10671238-Refrigerator-Center-Crisper-Rail-White.htm?SourceCode=18",
    "image_url": "https://partselectcom-gtcdcddbene3cpes.z01.azurefd.net/11757048-1-N-Whirlpool-WPW10671238-Refrigerator-Center-Crisper-Rail-White.jpg",
    "name": "Inglis Refrigerator Center Crisper Rail (white)",
    "partselect_number": "PS11757048",
    "manufacturer_number": "WPW10671238",
    "description": "★★★★★\n★★★★★\n203 Reviews\nThis is a center crisper rail for your refrigerator. This part acts as a support rail for the crisper drawer by holding the center of the crisper frame. You will need to replace this part is if your current drawer is not opening or closing properly. This crisper rail is white and it is made entirely of plastic. It is roughly 13.5 inches long, and 2.5 inches wide. This is an easy repair which requires no tools.",
    "price": "$59.06",
    "stock_status": "In Stock",
    "rating": "4.54 out of 5",
    "reviews_count": 203
  },
  {
    "url": "https://www.partselect.com/PS11722128-Whirlpool-EDR3RXD1-Refrigerator-Single-Water-Filter.htm?SourceCode=18",
    "image_url": "https://partselectcom-gtcdcddbene3cpes.z01.azurefd.net/11722128-1-N-Whirlpool-EDR3RXD1-Refrigerator-Single-Water-Filter.jpg",
    "name": "Inglis Refrigerator Single Water Filter",
    "partselect_number": "PS11722128",
    "manufacturer_number": "EDR3RXD1",
    "description": "★★★★★\n★★★★★\n114 Reviews\nThis EveryDrop Filter3 is certified to reduce the most contaminants with Triple Filtration Technology. Now, you and your family can enjoy the enriching benefits of cleaner, freshly filtered ice & water. Not just in beverages, but for preparing meals, too. This advanced generation of ice and water refrigerator filters from EveryDrop Filters are certified to reduce more contaminants with Triple Filtration Technology. Filter 5 reduces 16 contaminants, so you can feel reassured that you and your family are getting the most out of your water. Remember to replace your refrigerator filter every 6 months to maximize contaminant reduction.",
    "price": "$81.59",
    "stock_status": "In Stock",
    "rating": "4.72 out of 5",
    "reviews_count": 114
  },
  {
    "url": "https://www.partselect.com/PS884734-Whirlpool-8009-Refrigerator-Light-Bulb-40w.htm?SourceCode=18",
    "image_url": "https://partselectcom-gtcdcddbene3cpes.z01.azurefd.net/884734-1-N-Whirlpool-8009-Refrigerator-Light-Bulb-40w.jpg",
    "name": "Inglis Refrigerator Light Bulb (40w)",
    "partselect_number": "PS884734",
    "manufacturer_number": "8009",
    "description": "★★★★★\n★★★★★\n78 Reviews\nThis an authentic OEM 40-Watt replacement light bulb, used in a number of household appliances. It is specially designed to withstand extreme temperatures, which is why these replacement bulbs are most often used to light the inside of refrigerators and ranges. It features a standard socket base, which means you simply unscrew the burnt-out bulb and screw in the replacement. Depending on the appliance you may require a screwdriver or nut driver to access the light bulb. We recommend you wear work gloves while handling this replacement part. It is constructed of glass and metal and is sold individually. Depending on the appliance and location of the bulb within it, you may want to consider disconnecting power and using a flashlight for easier access to unscrewing and re-screwing in your bulb during this repair.",
    "price": "$16.44",
    "stock_status": "In Stock",
    "rating": "4.64 out of 5",
    "reviews_count": 78
  },
  {
    "url": "https://www.partselect.com/PS11739042-Whirlpool-WP2182179-Refrigerator-Lower-Door-Closing-Cam.htm?SourceCode=18",
    "image_url": "https://partselectcom-gtcdcddbene3cpes.z01.azurefd.net/11739042-1-N-Whirlpool-WP2182179-Refrigerator-Lower-Door-Closing-Cam.jpg",
    "name": "Inglis Refrigerator Lower Door Closing Cam",
    "partselect_number": "PS11739042",
    "manufacturer_number": "WP2182179",
    "description": "★★★★★\n★★★★★\n94 Reviews\nThe lower door closing cam is used in refrigerator doors, it can be located on the fresh food side or the freezer side. It helps hold the door open. This cam is made out of plastic, so it might crack or wear down over time. If your door will not open and close properly you may need to replace the door closing cam. To successfully install this part, you will need a 5/16 nut driver and a small flat blade screwdriver. Before you begin, unplug your appliance and disconnect the water supply. Lubricating this part may help with installation. This replacement part is sold individually. This part will fit both the left and right side of your refrigerator door. To make the repair, remove the top hinge cover, then the top hinge support. Lift the door from the bottom support and remove the old door cams. Replace the cams, using a little lubricant if necessary, and place the door back on the lower hinge support. Replace the top hinge support and your repair is complete!",
    "price": "$9.65",
    "stock_status": "In Stock",
    "rating": "4.56 out of 5",
    "reviews_count": 94
  },
  {
    "url": "https://www.partselect.com/PS358591-Whirlpool-4317943-Replacement-Ice-Maker.htm?SourceCode=18",
    "image_url": "https://partselectcom-gtcdcddbene3cpes.z01.azurefd.net/358591-1-N-Whirlpool-4317943-Replacement-Ice-Maker.jpg",
    "name": "Inglis Refrigerator Replacement Ice Maker",
    "partselect_number": "PS358591",
    "manufacturer_number": "4317943",
    "description": "★★★★★\n★★★★★\n249 Reviews\nThis ice maker (Complete Icemaker Assembly, Whirlpool Icemaker Kit, Ice Maker Assembly, Refrigerator Ice Maker, Icemaker) receives water from the water inlet valve, freezes it, and dispenses it into the ice bucket until the bucket is full. Ice makers will need to be replaced every 3-10 years depending on the frequency of usage, and water quality. You can perform a voltage test with a multimeter or perform an inlet valve test. If you’re unable to make ice, or notice leaks then it may be a sign your ice maker is damaged and could be in need of a replacement. This model measures approximately 11x5 inches, is constructed of plastic and metal, and comes in black/silver. This ice maker is a complete assembly; the whole assembly attaches to the wall of your freezer. ***NOTE: Ice maker does NOT come with the bail or shut off arm. You must order them separately if required. It does come complete with flat and round plug wiring harness, the mounting hardware, and the instructions. The harness can be reused. The ice maker will not fit refrigerators that have the ice auger mounted on the door.",
    "price": "$131.03",
    "stock_status": "In Stock",
    "rating": "4.76 out of 5",
    "reviews_count": 249
  },
  {
    "url": "https://www.partselect.com/PS11757023-Whirlpool-WPW10662129-Refrigerator-Capacitor.htm?SourceCode=18",
    "image_url": "https://partselectcom-gtcdcddbene3cpes.z01.azurefd.net/11757023-1-N-Whirlpool-WPW10662129-Refrigerator-Capacitor.jpg",
    "name": "Inglis Refrigerator Capacitor",
    "partselect_number": "PS11757023",
    "manufacturer_number": "WPW10662129",
    "description": "★★★★★\n★★★★★\n43 Reviews\nThis capacitor (Refrigerator and Freezer Compressor Run Capacitor, Run Capacitor) provides the voltage or energy current required to start the compressor and keep it running. It allows the compressor in your appliance to easily cycle on and off. This capacitor mounts directly onto the compressor starting relay. If the capacitor is faulty the compressor may get unusually hot and draw excessive amperage. It the compressor overheats, it may fail to run until it cools down again. The compressor may also get noisy from overheating. If this part is totally electrically open, it is defective (often due to overheating) and needs to be replaced. The part measures 1 inch by 1-1/2 inches, and is constructed of plastic with two metal wire terminals. This item includes 1 capacitor, sold individually. This part comes in black.",
    "price": "$41.66",
    "stock_status": "In Stock",
    "rating": "4.28 out of 5",
    "reviews_count": 43
  },
  {
    "url": "https://www.partselect.com/PS11739026-Whirlpool-WP2180224-Refrigerator-Ice-Guide.htm?SourceCode=18",
    "image_url": "https://partselectcom-gtcdcddbene3cpes.z01.azurefd.net/11739026-1-N-Whirlpool-WP2180224-Refrigerator-Ice-Guide.jpg",
    "name": "Inglis Refrigerator Ice Guide",
    "partselect_number": "PS11739026",
    "manufacturer_number": "WP2180224",
    "description": "★★★★★\n★★★★★\n62 Reviews\nThis is a refrigerator ice guide that is made entirely of clear plastic. This ice guide is located in the freezer door. Turn your refrigerator ice dispenser off before replacing the part. This is a simple repair, and the only tool you will need is a small flat blade screwdriver to push on the pivot tab on the bottom of the ice guide. Do not worry about breaking the side or pivot tabs on your existing ice guide because it will be discarded anyway. This is a genuine manufacturer replacement part.",
    "price": "$16.44",
    "stock_status": "In Stock",
    "rating": "4.74 out of 5",
    "reviews_count": 62
  },
  {
    "url": "https://www.partselect.com/PS11726308-Whirlpool-W10833528-Refrigerator-Crisper-Drawer-Clear.htm?SourceCode=18",
    "image_url": "https://partselectcom-gtcdcddbene3cpes.z01.azurefd.net/11726308-1-N-Whirlpool-W10833528-Refrigerator-Crisper-Drawer-Clear.jpg",
    "name": "Inglis Refrigerator Crisper Drawer (clear)",
    "partselect_number": "PS11726308",
    "manufacturer_number": "W10833528",
    "description": "★★★★★\n★★★★★\n16 Reviews\nSold individually. This crisper drawer is for refrigerators. Crisper drawer stores fruits and vegetables at a humidity level that helps keep them fresh longer.",
    "price": "$85.49",
    "stock_status": "In Stock",
    "rating": "4.88 out of 5",
    "reviews_count": 16
  },
  {
    "url": "https://www.partselect.com/PS11740306-Whirlpool-WP2309941-Door-Shelf.htm?SourceCode=18",
    "image_url": "https://partselectcom-gtcdcddbene3cpes.z01.azurefd.net/11740306-1-N-Whirlpool-WP2309941-Door-Shelf.jpg",
    "name": "Inglis Refrigerator Door Shelf",
    "partselect_number": "PS11740306",
    "manufacturer_number": "WP2309941",
    "description": "★★★★★\n★★★★★\n22 Reviews\nThis authentic Whirlpool refrigerator part is a door shelf rail. It snaps into your refrigerator door and prevents items from sliding or falling out when your open the door. It is made of plastic and is approximately 17 inches in length by 5 inches in width. To replace this part, simply snap out the old door shelf rail and install the new one.",
    "price": "$52.20",
    "stock_status": "In Stock",
    "rating": "4.41 out of 5",
    "reviews_count": 22
  },
  {
    "url": "https://www.partselect.com/PS11723171-Whirlpool-W10822278-Refrigerator-Defrost-Timer.htm?SourceCode=18",
    "image_url": "https://partselectcom-gtcdcddbene3cpes.z01.azurefd.net/11723171-1-N-Whirlpool-W10822278-Refrigerator-Defrost-Timer.jpg",
    "name": "Inglis Refrigerator Defrost Timer",
    "partselect_number": "PS11723171",
    "manufacturer_number": "W10822278",
    "description": "★★★★★\n★★★★★\n40 Reviews\nThe Defrost Timer (Defrost control) acts like a clock by switching on the defrost heater circuit after a predetermined amount of compressor run time. This allows the defrost circuit to clear the evaporator of ice or frost to maintain proper airflow. If this part is not working, it can lead to temperature increases in your refrigerator. If the compressor circuit fails, no cooling will take place; if the defrost circuit isn't activated, ice will quickly build up on the evaporator coils and reduce airflow and efficiency. If the timer doesn't advance or if the contacts have no continuity, the timer will need to be replaced. This part is located inside of the control housing on most models, and is approximately 3 inches long and 2.5 inches wide. This part is constructed of plastic and metal, and comes in white. It features 1 defrost timer, along with all necessary mounting hardware and installation instructions",
    "price": "$32.93",
    "stock_status": "In Stock",
    "rating": "4.20 out of 5",
    "reviews_count": 40
  },
  {
    "url": "https://www.partselect.com/PS11749920-Whirlpool-WPW10190965-Ice-Maker.htm?SourceCode=18",
    "image_url": "https://partselectcom-gtcdcddbene3cpes.z01.azurefd.net/11749920-1-N-Whirlpool-WPW10190965-Ice-Maker.jpg",
    "name": "Inglis Refrigerator Ice Maker",
    "partselect_number": "PS11749920",
    "manufacturer_number": "WPW10190965",
    "description": "★★★★★\n★★★★★\n53 Reviews\nThis is an icemaker for your refrigerator/freezer. Take note that this part does not include the front cover, the wire harness, or the shut-off arm. These must be ordered separately or recycled from your old unit. This unit as a whole will allow your appliance to produce ice. This model makes eight radius ice cubes.If your ice maker is no longer making ice, dispensing ice, or if it is leaking, it will need to be replaced.",
    "price": "$105.92",
    "stock_status": "In Stock",
    "rating": "4.70 out of 5",
    "reviews_count": 53
  },
  {
    "url": "https://www.partselect.com/PS11739923-Whirlpool-WP2256101-Refrigerator-Dairy-Compartment-Door.htm?SourceCode=18",
    "image_url": "https://partselectcom-gtcdcddbene3cpes.z01.azurefd.net/11739923-1-N-Whirlpool-WP2256101-Refrigerator-Dairy-Compartment-Door.jpg",
    "name": "Inglis Refrigerator Dairy Compartment Door",
    "partselect_number": "PS11739923",
    "manufacturer_number": "WP2256101",
    "description": "★★★★★\n★★★★★\n13 Reviews\nThis is a replacement dairy compartment door for your refrigerator. The dairy compartment door opens and closes to allow access to the dairy items stored in the refrigerator door. Because it is made of clear plastic, the door can occasionally become cracked and broken. When the door is cracked, it will need to be replaced. The door measures approximately 15 inches in length and 6 inches in width. To replace the door, carefully remove the old door and insert the new door, lipped edge down. This product is sold individually and is OEM part from the manufacturer.",
    "price": "$61.70",
    "stock_status": "In Stock",
    "rating": "4.46 out of 5",
    "reviews_count": 13
  },
  {
    "url": "https://www.partselect.com/PS11738931-Whirlpool-WP2156022-Refrigerator-Door-Shelf.htm?SourceCode=18",
    "image_url": "https://partselectcom-gtcdcddbene3cpes.z01.azurefd.net/11738931-1-N-Whirlpool-WP2156022-Refrigerator-Door-Shelf.jpg",
    "name": "Inglis Refrigerator Door Shelf",
    "partselect_number": "PS11738931",
    "manufacturer_number": "WP2156022",
    "description": "★★★★★\n★★★★★\n28 Reviews\nThis bin can be moved according to space needed. It holds items on the door of your refrigerator. They are sometimes called Cantilever Shelves.",
    "price": "$51.25",
    "stock_status": "In Stock",
    "rating": "4.71 out of 5",
    "reviews_count": 28
  },
  {
    "url": "https://www.partselect.com/PS323895-Whirlpool-2159061-Refrigerator-Door-Gasket-Beige.htm?SourceCode=18",
    "image_url": "https://partselectcom-gtcdcddbene3cpes.z01.azurefd.net/323895-1-N-Whirlpool-2159061-Refrigerator-Door-Gasket-Beige.jpg",
    "name": "Inglis Refrigerator Door Gasket - Beige",
    "partselect_number": "PS323895",
    "manufacturer_number": "2159061",
    "description": "★★★★★\n★★★★★\n9 Reviews\nThis misty beige door gasket is used to seal the refrigerator door when closed to keep the cool air inside and the room air out.",
    "price": "$97.71",
    "stock_status": "In Stock",
    "rating": "4.33 out of 5",
    "reviews_count": 9
  },
  {
    "url": "https://www.partselect.com/PS4082908-Whirlpool-W10508993-Refrigerator-Crisper-Cover-w-Glass.htm?SourceCode=18",
    "image_url": "https://partselectcom-gtcdcddbene3cpes.z01.azurefd.net/4082908-1-N-Whirlpool-W10508993-Refrigerator-Crisper-Cover-w-Glass.jpg",
    "name": "Inglis Refrigerator Crisper Cover W/glass",
    "partselect_number": "PS4082908",
    "manufacturer_number": "W10508993",
    "description": "★★★★★\n★★★★★\n23 Reviews\nThis part is also known as a shelf frame. This drawer cover is for refrigerators. Drawer cover has rail brackets under the cover that hold the drawer and allow the drawer to slide in and out on the rails. Follow the instructions in the owner's manual or installation guide when installing this part. This comes with glass.",
    "price": "$114.34",
    "stock_status": "In Stock",
    "rating": "4.35 out of 5",
    "reviews_count": 23
  },
  {
    "url": "https://www.partselect.com/PS11748615-Whirlpool-WPW10121138-Water-Filter-Housing.htm?SourceCode=18",
    "image_url": "https://partselectcom-gtcdcddbene3cpes.z01.azurefd.net/11748615-1-N-Whirlpool-WPW10121138-Water-Filter-Housing.jpg",
    "name": "Inglis Refrigerator Water Filter Housing",
    "partselect_number": "PS11748615",
    "manufacturer_number": "WPW10121138",
    "description": "★★★★★\n★★★★★\n29 Reviews\nThis part does NOT include the water filter. The water filter is sold separately. The water filter housing holds the water filter and connects the water lines to the water filter.",
    "price": "$109.89",
    "stock_status": "In Stock",
    "rating": "4.93 out of 5",
    "reviews_count": 29
  },
  {
    "url": "https://www.partselect.com/PS16744711-Whirlpool-W11595196-COVER.htm?SourceCode=18",
    "image_url": "https://partselectcom-gtcdcddbene3cpes.z01.azurefd.net/16744711-1-N-Whirlpool-W11595196-COVER.jpg",
    "name": "Inglis Refrigerator Cover",
    "partselect_number": "PS16744711",
    "manufacturer_number": "W11595196",
    "description": "★★★★★\n★★★★★\n3 Reviews",
    "price": "$49.35",
    "stock_status": "Special Order",
    "rating": "4.33 out of 5",
    "reviews_count": 3
  },
  {
    "url": "https://www.partselect.com/PS11742705-Whirlpool-WP487576-Refrigerator-Door-Hinge-Nylon-Washer.htm?SourceCode=18",
    "image_url": "https://partselectcom-gtcdcddbene3cpes.z01.azurefd.net/11742705-1-N-Whirlpool-WP487576-Refrigerator-Door-Hinge-Nylon-Washer.jpg",
    "name": "Inglis Refrigerator Door Hinge Nylon Washer",
    "partselect_number": "PS11742705",
    "manufacturer_number": "WP487576",
    "price": "$11.59",
    "stock_status": "In Stock"
  },
  {
    "url": "https://www.partselect.com/PS8746522-Whirlpool-W10613606-Refrigerator-Compressor-Start-Device-And-Capacitor.htm?SourceCode=18",
    "image_url": "https://partselectcom-gtcdcddbene3cpes.z01.azurefd.net/8746522-1-N-Whirlpool-W10613606-Refrigerator-Compressor-Start-Device-And-Capacitor.jpg",
    "name": "Inglis Refrigerator Compressor Start Device And Capacitor",
    "partselect_number": "PS8746522",
    "manufacturer_number": "W10613606",
    "description": "★★★★★\n★★★★★\n31 Reviews\nThis includes both the run capacitor and the start relay. The capacitor helps the compressor kick on and off while maintaining a constant temperature to keep things frozen in your freezer. The start relay boosts the compressor, and then shuts off as soon as the motor gets up to speed and the overload provides extra protection against excessive temperatures.",
    "price": "$51.79",
    "stock_status": "In Stock",
    "rating": "4.35 out of 5",
    "reviews_count": 31
  },
  {
    "url": "https://www.partselect.com/PS11739084-Whirlpool-WP2186494B-Refrigerator-Water-Filter-Cap.htm?SourceCode=18",
    "image_url": "https://partselectcom-gtcdcddbene3cpes.z01.azurefd.net/11739084-1-N-Whirlpool-WP2186494B-Refrigerator-Water-Filter-Cap.jpg",
    "name": "Inglis Refrigerator Water Filter Cap",
    "partselect_number": "PS11739084",
    "manufacturer_number": "WP2186494B",
    "description": "★★★★★\n★★★★★\n20 Reviews\nThis black water filter cap is located near the bottom kickplate.",
    "price": "$41.23",
    "stock_status": "In Stock",
    "rating": "4.70 out of 5",
    "reviews_count": 20
  },
  {
    "url": "https://www.partselect.com/PS11739972-Whirlpool-WP2260518W-Refrigerator-Cap-Water-Filter-White.htm?SourceCode=18",
    "image_url": "https://partselectcom-gtcdcddbene3cpes.z01.azurefd.net/11739972-1-N-Whirlpool-WP2260518W-Refrigerator-Cap-Water-Filter-White.jpg",
    "name": "Inglis Refrigerator Cap Water Filter (white)",
    "partselect_number": "PS11739972",
    "manufacturer_number": "WP2260518W",
    "description": "★★★★★\n★★★★★\n27 Reviews\nThis filter cap is white in color.",
    "price": "$30.67",
    "stock_status": "In Stock",
    "rating": "4.56 out of 5",
    "reviews_count": 27
  },
  {
    "url": "https://www.partselect.com/PS11740009-Whirlpool-WP2266727-Refrigerator-Door-Shelf-Trim.htm?SourceCode=18",
    "image_url": "https://partselectcom-gtcdcddbene3cpes.z01.azurefd.net/11740009-1-N-Whirlpool-WP2266727-Refrigerator-Door-Shelf-Trim.jpg",
    "name": "Inglis Refrigerator Door Shelf Trim",
    "partselect_number": "PS11740009",
    "manufacturer_number": "WP2266727",
    "description": "★★★★★\n★★★★★\n6 Reviews\nThis door shelf trim snaps into place on the door to hold items on the door shelf. This genuine OEM door shelf trim is approximately 22 inches long and made of white plastic.",
    "price": "$48.40",
    "stock_status": "In Stock",
    "rating": "4.50 out of 5",
    "reviews_count": 6
  },
  {
    "url": "https://www.partselect.com/PS11739623-Whirlpool-WP2206670B-Refrigerator-Grille-Overflow-Black.htm?SourceCode=18",
    "image_url": "https://partselectcom-gtcdcddbene3cpes.z01.azurefd.net/11739623-1-N-Whirlpool-WP2206670B-Refrigerator-Grille-Overflow-Black.jpg",
    "name": "Inglis Refrigerator Grille Overflow (black)",
    "partselect_number": "PS11739623",
    "manufacturer_number": "WP2206670B",
    "description": "★★★★★\n★★★★★\n25 Reviews\nThis grille is located on the bottom of the ice/water dispenser to catch the overflow. (Black)",
    "price": "$33.55",
    "stock_status": "In Stock",
    "rating": "4.96 out of 5",
    "reviews_count": 25
  },
  {
    "url": "https://www.partselect.com/PS11754563-Whirlpool-WPW10421486-Refrigerator-Door-Shelf-Retainer-Bar.htm?SourceCode=18",
    "image_url": "https://partselectcom-gtcdcddbene3cpes.z01.azurefd.net/11754563-1-N-Whirlpool-WPW10421486-Refrigerator-Door-Shelf-Retainer-Bar.jpg",
    "name": "Inglis Refrigerator Door Shelf Retainer Bar",
    "partselect_number": "PS11754563",
    "manufacturer_number": "WPW10421486",
    "description": "★★★★★\n★★★★★\n19 Reviews\nEnd caps are sold separately.",
    "price": "$48.40",
    "stock_status": "In Stock",
    "rating": "4.32 out of 5",
    "reviews_count": 19
  },
  {
    "url": "https://www.partselect.com/PS16221212-Whirlpool-W11497323-Snack-Pan.htm?SourceCode=18",
    "image_url": "https://partselectcom-gtcdcddbene3cpes.z01.azurefd.net/16221212-1-N-Whirlpool-W11497323-Snack-Pan.jpg",
    "name": "Inglis Refrigerator Snack Pan",
    "partselect_number": "PS16221212",
    "manufacturer_number": "W11497323",
    "description": "★★★★★\n★★★★★\n25 Reviews\nThis drawer does not include the white handle trim any longer.",
    "price": "$113.41",
    "stock_status": "In Stock",
    "rating": "4.96 out of 5",
    "reviews_count": 25
  },
  {
    "url": "https://www.partselect.com/PS12578346-Whirlpool-W11223328-Shelf-Support.htm?SourceCode=18",
    "image_url": "https://partselectcom-gtcdcddbene3cpes.z01.azurefd.net/12578346-1-N-Whirlpool-W11223328-Shelf-Support.jpg",
    "name": "Inglis Refrigerator Shelf Support",
    "partselect_number": "PS12578346",
    "manufacturer_number": "W11223328",
    "description": "★★★★★\n★★★★★\n3 Reviews\nSold individually.",
    "price": "$20.32",
    "stock_status": "In Stock",
    "rating": "5.00 out of 5",
    "reviews_count": 3
  },
  {
    "url": "https://www.partselect.com/PS11743364-Whirlpool-WP65889-4-Refrigerator-Run-Capacitor.htm?SourceCode=18",
    "image_url": "https://partselectcom-gtcdcddbene3cpes.z01.azurefd.net/11743364-1-N-Whirlpool-WP65889-4-Refrigerator-Run-Capacitor.jpg",
    "name": "Inglis Refrigerator Run Capacitor",
    "partselect_number": "PS11743364",
    "manufacturer_number": "WP65889-4",
    "description": "★★★★★\n★★★★★\n5 Reviews\nThis part helps the compressor kick on and off while maintaining a constant temperature to keep things frozen in your freezer. If you are noticing temperature issues with your refrigerator or freezer, the run capacitor may need replacing. This repair is fairly easy to complete, and the only tools you will require are a 1/4 inch nut driver, and a 1/4 inch socket with a small ratchet. The run capacitor is located in the back of the fridge, so you will need to make sure you have room to work on this repair. Make sure to unplug the fridge prior to beginning the repair.",
    "price": "$47.48",
    "stock_status": "In Stock",
    "rating": "3.20 out of 5",
    "reviews_count": 5
  },
  {
    "url": "https://www.partselect.com/PS886401-Whirlpool-8201597-Filter-Inlet-Water-Tube.htm?SourceCode=18",
    "image_url": "https://partselectcom-gtcdcddbene3cpes.z01.azurefd.net/886401-1-N-Whirlpool-8201597-Filter-Inlet-Water-Tube.jpg",
    "name": "Inglis Refrigerator Filter Inlet Water Tube",
    "partselect_number": "PS886401",
    "manufacturer_number": "8201597",
    "description": "★★★★★\n★★★★★\n18 Reviews\nAs per the manufacturer, this part starts out as 1/4\" tubing but ends up at 5/16\".",
    "price": "$41.66",
    "stock_status": "In Stock",
    "rating": "4.83 out of 5",
    "reviews_count": 18
  },
  {
    "url": "https://www.partselect.com/PS11739222-Whirlpool-WP2196157-Ice-Maker-Water-Fill-Tube-Kit.htm?SourceCode=18",
    "image_url": "https://partselectcom-gtcdcddbene3cpes.z01.azurefd.net/11739222-1-N-Whirlpool-WP2196157-Ice-Maker-Water-Fill-Tube-Kit.jpg",
    "name": "Inglis Refrigerator Ice Maker Water Fill Tube Kit",
    "partselect_number": "PS11739222",
    "manufacturer_number": "WP2196157",
    "description": "★★★★★\n★★★★★\n27 Reviews\nThe icemaker water fill tube provides water to the icemaker so it can produce ice and dispense water. If you notice that your ice maker is not making or dispensing ice, or is leaking, you may need to replace the water fill tube. This water fill tube kit comes with a fill tube and a compression nut. This part is made of white plastic and is approximately 10 inches in length. The ice maker water fill tube is in the rear of the fridge. To complete this repair, you will need a 1/4 inch nut driver and a utility knife. Before beginning this repair, you may want to disconnect the water and power supply to the refrigerator.",
    "price": "$11.71",
    "stock_status": "In Stock",
    "rating": "4.63 out of 5",
    "reviews_count": 27
  },
  {
    "url": "https://www.partselect.com/PS11748697-Whirlpool-WPW10128551-Freezer-Evaporator-Fan-Motor-115v-60hz.htm?SourceCode=18",
    "image_url": "https://partselectcom-gtcdcddbene3cpes.z01.azurefd.net/11748697-1-N-Whirlpool-WPW10128551-Freezer-Evaporator-Fan-Motor-115v-60hz.jpg",
    "name": "Inglis Refrigerator Freezer Evaporator Fan Motor 115v 60hz",
    "partselect_number": "PS11748697",
    "manufacturer_number": "WPW10128551",
    "description": "★★★★★\n★★★★★\n8 Reviews\nThis is an evaporator fan motor, it is 115 volts and 60 hertz and it is for your refrigerator/freezer. You will need to replace this part if your appliance is too warm or getting noisy. This evaporator fan motor is located in the back of the freezer. This part circulates air over the refrigerator coils. These coils will convert the heat into cool air, which is then circulated throughout your appliance. To replace this part you will need a 1/4-inch nut driver and a pair of needle nose pliers.",
    "price": "$52.75",
    "stock_status": "In Stock",
    "rating": "4.63 out of 5",
    "reviews_count": 8
  },
  {
    "url": "https://www.partselect.com/PS12114490-Whirlpool-W11129820-Door-Trim.htm?SourceCode=18",
    "image_url": "https://partselectcom-gtcdcddbene3cpes.z01.azurefd.net/12114490-1-N-Whirlpool-W11129820-Door-Trim.jpg",
    "name": "Inglis Refrigerator Door Trim",
    "partselect_number": "PS12114490",
    "manufacturer_number": "W11129820",
    "description": "★★★★★\n★★★★★\n1 Review\nManufacturer Part Number W11129820",
    "price": "$56.59",
    "stock_status": "In Stock",
    "rating": "1.00 out of 5",
    "reviews_count": 1
  },
  {
    "url": "https://www.partselect.com/PS328691-Whirlpool-2188448A-Refrigerator-Fresh-Food-Door-Gasket.htm?SourceCode=18",
    "image_url": "https://partselectcom-gtcdcddbene3cpes.z01.azurefd.net/328691-1-N-Whirlpool-2188448A-Refrigerator-Fresh-Food-Door-Gasket.jpg",
    "name": "Inglis Refrigerator Fresh Food Door Gasket",
    "partselect_number": "PS328691",
    "manufacturer_number": "2188448A",
    "description": "This white door gasket is used to seal the fridge door when closed.",
    "price": "$83.55",
    "stock_status": "In Stock"
  },
  {
    "url": "https://www.partselect.com/PS11739219-Whirlpool-WP2196089-Refrigerator-Ice-Container.htm?SourceCode=18",
    "image_url": "https://partselectcom-gtcdcddbene3cpes.z01.azurefd.net/11739219-1-N-Whirlpool-WP2196089-Refrigerator-Ice-Container.jpg",
    "name": "Inglis Refrigerator Ice Container",
    "partselect_number": "PS11739219",
    "manufacturer_number": "WP2196089",
    "description": "★★★★★\n★★★★★\n14 Reviews\nThis is an ice bin for the ice dispenser in your refrigerator/freezer. The ice bin collects the cubes dropped from the icemaker. Take note that the auger is not included with this container. If your current model is broken or damaged, it will need to be replaced. To make this repair you will need a 1/4-inch nut driver. This bin is white and made entirely of plastic. It is around 18 inches long and 12 inches wide.",
    "price": "$78.80",
    "stock_status": "On Order",
    "rating": "4.79 out of 5",
    "reviews_count": 14
  },
  {
    "url": "https://www.partselect.com/PS11742752-Whirlpool-WP489467-Refrigerator-Insert.htm?SourceCode=18",
    "image_url": "https://partselectcom-gtcdcddbene3cpes.z01.azurefd.net/11742752-1-N-Whirlpool-WP489467-Refrigerator-Insert.jpg",
    "name": "Inglis Refrigerator Insert",
    "partselect_number": "PS11742752",
    "manufacturer_number": "WP489467",
    "description": "★★★★★\n★★★★★\n1 Review",
    "price": "$11.71",
    "stock_status": "In Stock",
    "rating": "5.00 out of 5",
    "reviews_count": 1
  },
  {
    "url": "https://www.partselect.com/PS11757049-Whirlpool-WPW10671240-Refrigerator-Frame.htm?SourceCode=18",
    "image_url": "https://partselectcom-gtcdcddbene3cpes.z01.azurefd.net/11757049-1-N-Whirlpool-WPW10671240-Refrigerator-Frame.jpg",
    "name": "Inglis Refrigerator Frame",
    "partselect_number": "PS11757049",
    "manufacturer_number": "WPW10671240",
    "description": "★★★★★\n★★★★★\n11 Reviews\nGlass NOT included. This is the frame only. This crisper drawer cover frame is for refrigerators. Crisper drawer cover frame supports the crisper drawer and holds the shelf that covers the crisper drawer. Order the shelf insert separately if needed. Wear work gloves to protect your hands when installing this part.",
    "price": "$78.80",
    "stock_status": "In Stock",
    "rating": "4.82 out of 5",
    "reviews_count": 11
  },
  {
    "url": "https://www.partselect.com/PS11739140-Whirlpool-WP2188874-Condenser-Fan-Motor.htm?SourceCode=18",
    "image_url": "https://partselectcom-gtcdcddbene3cpes.z01.azurefd.net/11739140-1-N-Whirlpool-WP2188874-Condenser-Fan-Motor.jpg",
    "name": "Inglis Refrigerator Condenser Fan Motor",
    "partselect_number": "PS11739140",
    "manufacturer_number": "WP2188874",
    "description": "★★★★★\n★★★★★\n5 Reviews\nThis fan motor circulates the air through the refrigerator grille and cools the compressor and condenser coils. It also helps to evaporate extra water in the drain pan. Please note: If the original fan motor has 3 terminals please order part number W10204250, otherwise order this part (WP2188874).",
    "price": "$73.10",
    "stock_status": "In Stock",
    "rating": "4.60 out of 5",
    "reviews_count": 5
  },
  {
    "url": "https://www.partselect.com/PS11740459-Whirlpool-WP2323198-Refrigerator-Heater-Defrost.htm?SourceCode=18",
    "image_url": "https://partselectcom-gtcdcddbene3cpes.z01.azurefd.net/11740459-1-N-Whirlpool-WP2323198-Refrigerator-Heater-Defrost.jpg",
    "name": "Inglis Refrigerator Heater Defrost",
    "partselect_number": "PS11740459",
    "manufacturer_number": "WP2323198",
    "description": "★★★★★\n★★★★★\n4 Reviews\nThe heater is located at the bottom of the evaporator. The defrost heater heats the evaporator in the defrost mode of operation. The thermostat must be replaced when replacing the defrost heater.",
    "price": "$46.01",
    "stock_status": "In Stock",
    "rating": "5.00 out of 5",
    "reviews_count": 4
  },
  {
    "url": "https://www.partselect.com/PS11739216-Whirlpool-WP2196003-Refrigerator-Thermostat-Sensor-Barrier.htm?SourceCode=18",
    "image_url": "https://partselectcom-gtcdcddbene3cpes.z01.azurefd.net/11739216-1-N-Whirlpool-WP2196003-Refrigerator-Thermostat-Sensor-Barrier.jpg",
    "name": "Inglis Refrigerator Thermostat Sensor Barrier",
    "partselect_number": "PS11739216",
    "manufacturer_number": "WP2196003",
    "description": "The thermostat sensor barrier covers and insulates the temperature control thermostat capillary tube.",
    "price": "$9.85",
    "stock_status": "In Stock"
  },
  {
    "url": "https://www.partselect.com/PS2065632-Whirlpool-67001139-Door-Shelf-Trim.htm?SourceCode=18",
    "image_url": "https://partselectcom-gtcdcddbene3cpes.z01.azurefd.net/2065632-1-N-Whirlpool-67001139-Door-Shelf-Trim.jpg",
    "name": "Inglis Refrigerator Door Shelf Trim",
    "partselect_number": "PS2065632",
    "manufacturer_number": "67001139",
    "price": "$64.27",
    "stock_status": "In Stock"
  },
  {
    "url": "https://www.partselect.com/PS323906-Whirlpool-2159083-Refrigerator-Fresh-Food-Door-Gasket-Black.htm?SourceCode=18",
    "image_url": "https://partselectcom-gtcdcddbene3cpes.z01.azurefd.net/323906-1-N-Whirlpool-2159083-Refrigerator-Fresh-Food-Door-Gasket-Black.jpg",
    "name": "Inglis Refrigerator Fresh Food Door Gasket (black)",
    "partselect_number": "PS323906",
    "manufacturer_number": "2159083",
    "description": "★★★★★\n★★★★★\n5 Reviews\nThis door gasket is used to seal the refrigerator door when closed to keep the cool air inside and the room air out.",
    "price": "$127.41",
    "stock_status": "In Stock",
    "rating": "5.00 out of 5",
    "reviews_count": 5
  },
  {
    "url": "https://www.partselect.com/PS11750106-Whirlpool-WPW10196393-Refrigerator-Damper-Control-Assembly.htm?SourceCode=18",
    "image_url": "https://partselectcom-gtcdcddbene3cpes.z01.azurefd.net/11750106-1-N-Whirlpool-WPW10196393-Refrigerator-Damper-Control-Assembly.jpg",
    "name": "Inglis Refrigerator Damper Control Assembly",
    "partselect_number": "PS11750106",
    "manufacturer_number": "WPW10196393",
    "description": "★★★★★\n★★★★★\n7 Reviews\nThis part allows the cold air from the freezer section to be aired into the fresh food section and it is controlled by the thermostat.",
    "price": "$91.15",
    "stock_status": "In Stock",
    "rating": "4.71 out of 5",
    "reviews_count": 7
  },
  {
    "url": "https://www.partselect.com/PS11770133-Whirlpool-W10920279-Refrigerator-Start-Relay.htm?SourceCode=18",
    "image_url": "https://partselectcom-gtcdcddbene3cpes.z01.azurefd.net/11770133-1-N-Whirlpool-W10920279-Refrigerator-Start-Relay.jpg",
    "name": "Inglis Refrigerator Start Relay",
    "partselect_number": "PS11770133",
    "manufacturer_number": "W10920279",
    "description": "★★★★★\n★★★★★\n7 Reviews\nThis is a push-on start relay for your refrigerator. It attaches to the compressor and starts it by briefly boosting it. It will then shut off as soon as the motor is up to the required speed. You may need a new relay if your appliance is too warm or will not start. The tools you will need to make this repair include a flat-blade screwdriver and a pair of needle-nose pliers. This start relay measures to be just over one square inch.",
    "price": "$49.42",
    "stock_status": "On Order",
    "rating": "4.43 out of 5",
    "reviews_count": 7
  },
  {
    "url": "https://www.partselect.com/PS11738992-Whirlpool-WP2174267-Refrigerator-Wire-Shelf.htm?SourceCode=18",
    "image_url": "https://partselectcom-gtcdcddbene3cpes.z01.azurefd.net/11738992-1-N-Whirlpool-WP2174267-Refrigerator-Wire-Shelf.jpg",
    "name": "Inglis Refrigerator Wire Shelf",
    "partselect_number": "PS11738992",
    "manufacturer_number": "WP2174267",
    "description": "★★★★★\n★★★★★\n2 Reviews\nSold individually.",
    "price": "$56.59",
    "stock_status": "In Stock",
    "rating": "5.00 out of 5",
    "reviews_count": 2
  },
  {
    "url": "https://www.partselect.com/PS11731255-Whirlpool-W10853654-Water-Inlet-Valve-120V.htm?SourceCode=18",
    "image_url": "https://partselectcom-gtcdcddbene3cpes.z01.azurefd.net/11731255-1-N-Whirlpool-W10853654-Water-Inlet-Valve-120V.jpg",
    "name": "Inglis Refrigerator Water Inlet Valve - 120v",
    "partselect_number": "PS11731255",
    "manufacturer_number": "W10853654",
    "description": "★★★★★\n★★★★★\n15 Reviews\nThis water inlet valve is for the ice maker and water dispenser in the refrigerator. To remove outlet tubing, depress ring that the tube slides into. Please remember to disconnect the power and water supply to the refrigerator before starting the repair.",
    "price": "$96.85",
    "stock_status": "In Stock",
    "rating": "4.73 out of 5",
    "reviews_count": 15
  },
  {
    "url": "https://www.partselect.com/PS11738978-Whirlpool-WP2169921-Refrigerator-Glass-Shelf.htm?SourceCode=18",
    "image_url": "https://partselectcom-gtcdcddbene3cpes.z01.azurefd.net/11738978-1-N-Whirlpool-WP2169921-Refrigerator-Glass-Shelf.jpg",
    "name": "Inglis Refrigerator Glass Shelf",
    "partselect_number": "PS11738978",
    "manufacturer_number": "WP2169921",
    "description": "★★★★★\n★★★★★\n9 Reviews\nGlass Only. Frame not included.",
    "price": "$116.80",
    "stock_status": "In Stock",
    "rating": "4.89 out of 5",
    "reviews_count": 9
  },
  {
    "url": "https://www.partselect.com/PS11739547-Whirlpool-WP2201061-Refrigerator-Door-Shelf-Trim.htm?SourceCode=18",
    "image_url": "https://partselectcom-gtcdcddbene3cpes.z01.azurefd.net/11739547-1-N-Whirlpool-WP2201061-Refrigerator-Door-Shelf-Trim.jpg",
    "name": "Inglis Refrigerator Door Shelf Trim",
    "partselect_number": "PS11739547",
    "manufacturer_number": "WP2201061",
    "description": "★★★★★\n★★★★★\n6 Reviews\nAlso known as door retainer bar. End caps are not included. White in color. Part needs to be cut to proper length.",
    "price": "$47.97",
    "stock_status": "In Stock",
    "rating": "4.00 out of 5",
    "reviews_count": 6
  },
  {
    "url": "https://www.partselect.com/PS11740395-Whirlpool-WP2319263W-Door-Gasket.htm?SourceCode=18",
    "image_url": "https://partselectcom-gtcdcddbene3cpes.z01.azurefd.net/11740395-1-N-Whirlpool-WP2319263W-Door-Gasket.jpg",
    "name": "Inglis Refrigerator Door Gasket",
    "partselect_number": "PS11740395",
    "manufacturer_number": "WP2319263W",
    "description": "Manufacturer Part Number WP2319263W",
    "price": "$103.63",
    "stock_status": "In Stock"
  },
  {
    "url": "https://www.partselect.com/PS17216014-Whirlpool-W11671282-MOTOR-ASSY-ICE-CRUSHER.htm?SourceCode=18",
    "image_url": "https://partselectcom-gtcdcddbene3cpes.z01.azurefd.net/17216014-1-N-Whirlpool-W11671282-MOTOR-ASSY-ICE-CRUSHER.jpg",
    "name": "Inglis Refrigerator Motor Assy-ice Crusher",
    "partselect_number": "PS17216014",
    "manufacturer_number": "W11671282",
    "description": "★★★★★\n★★★★★\n3 Reviews",
    "price": "$70.76",
    "stock_status": "In Stock",
    "rating": "4.33 out of 5",
    "reviews_count": 3
  },
  {
    "url": "https://www.partselect.com/PS11740357-Whirlpool-WP2315530-Refrigerator-Defrost-Heater.htm?SourceCode=18",
    "image_url": "https://partselectcom-gtcdcddbene3cpes.z01.azurefd.net/11740357-1-N-Whirlpool-WP2315530-Refrigerator-Defrost-Heater.jpg",
    "name": "Inglis Refrigerator Defrost Heater",
    "partselect_number": "PS11740357",
    "manufacturer_number": "WP2315530",
    "description": "★★★★★\n★★★★★\n1 Review\nThe defrost heater keeps the cooling coils from frosting over.",
    "price": "$70.51",
    "stock_status": "In Stock",
    "rating": "5.00 out of 5",
    "reviews_count": 1
  },
  {
    "url": "https://www.partselect.com/PS11754806-Whirlpool-WPW10443311-Refrigerator-Door-Gasket.htm?SourceCode=18",
    "image_url": "https://partselectcom-gtcdcddbene3cpes.z01.azurefd.net/11754806-1-N-Whirlpool-WPW10443311-Refrigerator-Door-Gasket.jpg",
    "name": "Inglis Refrigerator Door Gasket",
    "partselect_number": "PS11754806",
    "manufacturer_number": "WPW10443311",
    "description": "★★★★★\n★★★★★\n3 Reviews\nThis door gasket is for refrigerators. The door gasket is on the inner door panel and creates a seal around the door to prevent warm air from entering the refrigerator. Safely store any food that could deteriorate while the door is open for this repair.",
    "price": "$132.13",
    "stock_status": "In Stock",
    "rating": "4.67 out of 5",
    "reviews_count": 3
  },
  {
    "url": "https://www.partselect.com/PS11738623-Whirlpool-WP12825803-Fan-Blade.htm?SourceCode=18",
    "image_url": "https://partselectcom-gtcdcddbene3cpes.z01.azurefd.net/11738623-1-N-Whirlpool-WP12825803-Fan-Blade.jpg",
    "name": "Inglis Refrigerator Fan Blade",
    "partselect_number": "PS11738623",
    "manufacturer_number": "WP12825803",
    "description": "★★★★★\n★★★★★\n5 Reviews",
    "price": "$51.89",
    "stock_status": "In Stock",
    "rating": "4.40 out of 5",
    "reviews_count": 5
  },
  {
    "url": "https://www.partselect.com/PS11749101-Whirlpool-WPW10152858-Water-Dispenser-Lever-White.htm?SourceCode=18",
    "image_url": "https://partselectcom-gtcdcddbene3cpes.z01.azurefd.net/11749101-1-N-Whirlpool-WPW10152858-Water-Dispenser-Lever-White.jpg",
    "name": "Inglis Refrigerator Water Dispenser Lever - White",
    "partselect_number": "PS11749101",
    "manufacturer_number": "WPW10152858",
    "description": "★★★★★\n★★★★★\n3 Reviews\nOnce a glass is pressed against the actuator pad it will cause the dispenser to deliver water when activated.",
    "price": "$50.39",
    "stock_status": "In Stock",
    "rating": "3.00 out of 5",
    "reviews_count": 3
  },
  {
    "url": "https://www.partselect.com/PS11740396-Whirlpool-WP2319264B-Door-Gasket.htm?SourceCode=18",
    "image_url": "https://partselectcom-gtcdcddbene3cpes.z01.azurefd.net/11740396-1-N-Whirlpool-WP2319264B-Door-Gasket.jpg",
    "name": "Inglis Refrigerator Door Gasket",
    "partselect_number": "PS11740396",
    "manufacturer_number": "WP2319264B",
    "description": "Manufacturer Part Number WP2319264B",
    "price": "$145.03",
    "stock_status": "In Stock"
  },
  {
    "url": "https://www.partselect.com/PS11749612-Whirlpool-WPW10175909-Refrigerator-Grille-Shroud.htm?SourceCode=18",
    "image_url": "https://partselectcom-gtcdcddbene3cpes.z01.azurefd.net/11749612-1-N-Whirlpool-WPW10175909-Refrigerator-Grille-Shroud.jpg",
    "name": "Inglis Refrigerator Grille Shroud",
    "partselect_number": "PS11749612",
    "manufacturer_number": "WPW10175909",
    "description": "★★★★★\n★★★★★\n5 Reviews",
    "price": "$43.07",
    "stock_status": "In Stock",
    "rating": "5.00 out of 5",
    "reviews_count": 5
  },
  {
    "url": "https://www.partselect.com/PS11739622-Whirlpool-WP2206629B-Refrigerator-Bracket-Door-Stop.htm?SourceCode=18",
    "image_url": "https://partselectcom-gtcdcddbene3cpes.z01.azurefd.net/11739622-1-N-Whirlpool-WP2206629B-Refrigerator-Bracket-Door-Stop.jpg",
    "name": "Inglis Refrigerator Bracket Door Stop",
    "partselect_number": "PS11739622",
    "manufacturer_number": "WP2206629B",
    "description": "★★★★★\n★★★★★\n2 Reviews",
    "price": "$26.41",
    "stock_status": "In Stock",
    "rating": "5.00 out of 5",
    "reviews_count": 2
  },
  {
    "url": "https://www.partselect.com/PS11743717-Whirlpool-WP67006877-Refrigerator-Glass-Shelf.htm?SourceCode=18",
    "image_url": "https://partselectcom-gtcdcddbene3cpes.z01.azurefd.net/11743717-1-N-Whirlpool-WP67006877-Refrigerator-Glass-Shelf.jpg",
    "name": "Inglis Refrigerator Glass Shelf",
    "partselect_number": "PS11743717",
    "manufacturer_number": "WP67006877",
    "description": "★★★★★\n★★★★★\n9 Reviews\nShelf only. Frame not including.",
    "price": "$117.13",
    "stock_status": "In Stock",
    "rating": "5.00 out of 5",
    "reviews_count": 9
  },
  {
    "url": "https://www.partselect.com/PS11756058-Whirlpool-WPW10534166-Kickplate-Grille-White.htm?SourceCode=18",
    "image_url": "https://partselectcom-gtcdcddbene3cpes.z01.azurefd.net/assets/images/noimage_N.jpg",
    "name": "Inglis Refrigerator Kickplate Grille - White",
    "partselect_number": "PS11756058",
    "manufacturer_number": "WPW10534166",
    "description": "★★★★★\n★★★★★\n1 Review\nThis kickplate grille is attached to the bottom of the refrigerator.",
    "price": "$46.01",
    "stock_status": "In Stock",
    "rating": "5.00 out of 5",
    "reviews_count": 1
  },
  {
    "url": "https://www.partselect.com/PS12578774-Whirlpool-W11239891-Light-Lens.htm?SourceCode=18",
    "image_url": "https://partselectcom-gtcdcddbene3cpes.z01.azurefd.net/12578774-1-N-Whirlpool-W11239891-Light-Lens.jpg",
    "name": "Inglis Refrigerator Light Lens",
    "partselect_number": "PS12578774",
    "manufacturer_number": "W11239891",
    "description": "★★★★★\n★★★★★\n1 Review",
    "price": "$53.85",
    "stock_status": "In Stock",
    "rating": "5.00 out of 5",
    "reviews_count": 1
  },
  {
    "url": "https://www.partselect.com/PS2008839-Whirlpool-12968202W-Door-Stop.htm?SourceCode=18",
    "image_url": "https://partselectcom-gtcdcddbene3cpes.z01.azurefd.net/2008839-1-N-Whirlpool-12968202W-Door-Stop.jpg",
    "name": "Inglis Refrigerator Door Stop",
    "partselect_number": "PS2008839",
    "manufacturer_number": "12968202W",
    "description": "★★★★★\n★★★★★\n1 Review\nThis part limits the door opening to prevent damaging the side of the cabinet.",
    "price": "$41.53",
    "stock_status": "On Order",
    "rating": "5.00 out of 5",
    "reviews_count": 1
  },
  {
    "url": "https://www.partselect.com/PS11738298-Whirlpool-WP1119018-Refrigerator-Nut-Bearing.htm?SourceCode=18",
    "image_url": "https://partselectcom-gtcdcddbene3cpes.z01.azurefd.net/11738298-1-N-Whirlpool-WP1119018-Refrigerator-Nut-Bearing.jpg",
    "name": "Inglis Refrigerator Nut Bearing",
    "partselect_number": "PS11738298",
    "manufacturer_number": "WP1119018",
    "description": "★★★★★\n★★★★★\n1 Review",
    "price": "$9.95",
    "stock_status": "In Stock",
    "rating": "4.00 out of 5",
    "reviews_count": 1
  },
  {
    "url": "https://www.partselect.com/PS11739628-Whirlpool-WP2206671W-Refrigerator-Overflow-Grille.htm?SourceCode=18",
    "image_url": "https://partselectcom-gtcdcddbene3cpes.z01.azurefd.net/11739628-1-N-Whirlpool-WP2206671W-Refrigerator-Overflow-Grille.jpg",
    "name": "Inglis Refrigerator Overflow Grille",
    "partselect_number": "PS11739628",
    "manufacturer_number": "WP2206671W",
    "description": "★★★★★\n★★★★★\n4 Reviews\nThis part is located at the base of the dispenser bay catches small spills and allows them to evaporate. The drip tray is removable for easy cleaning.",
    "price": "$47.97",
    "stock_status": "On Order",
    "rating": "5.00 out of 5",
    "reviews_count": 4
  },
  {
    "url": "https://www.partselect.com/PS328705-Whirlpool-2188462A-Freezer-Door-Gasket.htm?SourceCode=18",
    "image_url": "https://partselectcom-gtcdcddbene3cpes.z01.azurefd.net/328705-1-N-Whirlpool-2188462A-Freezer-Door-Gasket.jpg",
    "name": "Inglis Refrigerator Freezer Door Gasket",
    "partselect_number": "PS328705",
    "manufacturer_number": "2188462A",
    "description": "★★★★★\n★★★★★\n1 Review\nThis door gasket is used to seal the freezer door when closed.",
    "price": "$61.06",
    "stock_status": "In Stock",
    "rating": "1.00 out of 5",
    "reviews_count": 1
  },
  {
    "url": "https://www.partselect.com/PS993073-Whirlpool-8201786-Compressor-Start-Device-Kit.htm?SourceCode=18",
    "image_url": "https://partselectcom-gtcdcddbene3cpes.z01.azurefd.net/993073-1-N-Whirlpool-8201786-Compressor-Start-Device-Kit.jpg",
    "name": "Inglis Refrigerator Compressor Start Device Kit",
    "partselect_number": "PS993073",
    "manufacturer_number": "8201786",
    "description": "★★★★★\n★★★★★\n6 Reviews\nThis kit has been redesigned and the wiring may be different than the original. It will possibly need to be installed by an appliance repair person.",
    "price": "$55.81",
    "stock_status": "In Stock",
    "rating": "3.83 out of 5",
    "reviews_count": 6
  },
  {
    "url": "https://www.partselect.com/PS12584385-Whirlpool-W11260592-Wire-Harness.htm?SourceCode=18",
    "image_url": "https://partselectcom-gtcdcddbene3cpes.z01.azurefd.net/12584385-1-N-Whirlpool-W11260592-Wire-Harness.jpg",
    "name": "Inglis Refrigerator Wire Harness",
    "partselect_number": "PS12584385",
    "manufacturer_number": "W11260592",
    "description": "★★★★★\n★★★★★\n2 Reviews",
    "price": "$46.48",
    "stock_status": "In Stock",
    "rating": "5.00 out of 5",
    "reviews_count": 2
  },
  {
    "url": "https://www.partselect.com/PS11751112-Whirlpool-WPW10250570-Refrigerator-Rear-Roller.htm?SourceCode=18",
    "image_url": "https://partselectcom-gtcdcddbene3cpes.z01.azurefd.net/11751112-1-N-Whirlpool-WPW10250570-Refrigerator-Rear-Roller.jpg",
    "name": "Inglis Refrigerator Rear Roller",
    "partselect_number": "PS11751112",
    "manufacturer_number": "WPW10250570",
    "description": "Sold Individually.",
    "price": "$27.39",
    "stock_status": "In Stock"
  },
  {
    "url": "https://www.partselect.com/PS11752097-Whirlpool-WPW10289690-Ice-Maker-Front-Cover.htm?SourceCode=18",
    "image_url": "https://partselectcom-gtcdcddbene3cpes.z01.azurefd.net/11752097-1-N-Whirlpool-WPW10289690-Ice-Maker-Front-Cover.jpg",
    "name": "Inglis Refrigerator Ice Maker Front Cover",
    "partselect_number": "PS11752097",
    "manufacturer_number": "WPW10289690",
    "description": "★★★★★\n★★★★★\n3 Reviews",
    "price": "$7.87",
    "stock_status": "In Stock",
    "rating": "3.67 out of 5",
    "reviews_count": 3
  },
  {
    "url": "https://www.partselect.com/PS323904-Whirlpool-2159081-Door-Gasket.htm?SourceCode=18",
    "image_url": "https://partselectcom-gtcdcddbene3cpes.z01.azurefd.net/323904-1-N-Whirlpool-2159081-Door-Gasket.jpg",
    "name": "Inglis Refrigerator Door Gasket",
    "partselect_number": "PS323904",
    "manufacturer_number": "2159081",
    "description": "★★★★★\n★★★★★\n1 Review\nThis is a FIP gasket meaning Foamed in Place.",
    "price": "$150.35",
    "stock_status": "In Stock",
    "rating": "2.00 out of 5",
    "reviews_count": 1
  },
  {
    "url": "https://www.partselect.com/PS371538-Whirlpool-4387913-Compressor-Relay-and-Overload.htm?SourceCode=18",
    "image_url": "https://partselectcom-gtcdcddbene3cpes.z01.azurefd.net/371538-1-N-Whirlpool-4387913-Compressor-Relay-and-Overload.jpg",
    "name": "Inglis Refrigerator Compressor Relay And Overload",
    "partselect_number": "PS371538",
    "manufacturer_number": "4387913",
    "description": "May differ in appearance, but functions same as original. The overload protects a motor from overheating and the relay boosts the compressor.",
    "price": "$50.44",
    "stock_status": "In Stock"
  },
  {
    "url": "https://www.partselect.com/PS11739903-Whirlpool-WP2255432B-Lever-Water-Dispenser.htm?SourceCode=18",
    "image_url": "https://partselectcom-gtcdcddbene3cpes.z01.azurefd.net/11739903-1-N-Whirlpool-WP2255432B-Lever-Water-Dispenser.jpg",
    "name": "Inglis Refrigerator Lever Water Dispenser",
    "partselect_number": "PS11739903",
    "manufacturer_number": "WP2255432B",
    "description": "When you press your glass against this part it will dispense ice or water.",
    "price": "$52.87",
    "stock_status": "In Stock"
  },
  {
    "url": "https://www.partselect.com/PS11739924-Whirlpool-WP2256126-Refrigerator-Water-Dispenser-Reservoir-Tubing.htm?SourceCode=18",
    "image_url": "https://partselectcom-gtcdcddbene3cpes.z01.azurefd.net/11739924-1-N-Whirlpool-WP2256126-Refrigerator-Water-Dispenser-Reservoir-Tubing.jpg",
    "name": "Inglis Refrigerator Water Dispenser Reservoir Tubing",
    "partselect_number": "PS11739924",
    "manufacturer_number": "WP2256126",
    "description": "★★★★★\n★★★★★\n1 Review\nThis kit no longer includes the connectors. It is only the tubing/water reservoir. Note: This tubing requires an adapter coupler (PS369735) to take the tubing from 1/4 inch to 5/16 inch.",
    "price": "$84.23",
    "stock_status": "In Stock",
    "rating": "5.00 out of 5",
    "reviews_count": 1
  },
  {
    "url": "https://www.partselect.com/PS11743518-Whirlpool-WP67003000-Freezer-Temperature-Control.htm?SourceCode=18",
    "image_url": "https://partselectcom-gtcdcddbene3cpes.z01.azurefd.net/11743518-1-N-Whirlpool-WP67003000-Freezer-Temperature-Control.jpg",
    "name": "Inglis Refrigerator Freezer Temperature Control",
    "partselect_number": "PS11743518",
    "manufacturer_number": "WP67003000",
    "description": "★★★★★\n★★★★★\n1 Review\nA thermostat that keeps a constant temperature in the freezer section of your appliance.",
    "price": "$118.99",
    "stock_status": "In Stock",
    "rating": "5.00 out of 5",
    "reviews_count": 1
  },
  {
    "url": "https://www.partselect.com/PS2067826-Whirlpool-67003900-Damper-Cover-Insert.htm?SourceCode=18",
    "image_url": "https://partselectcom-gtcdcddbene3cpes.z01.azurefd.net/2067826-1-N-Whirlpool-67003900-Damper-Cover-Insert.jpg",
    "name": "Inglis Refrigerator Damper Cover Insert",
    "partselect_number": "PS2067826",
    "manufacturer_number": "67003900",
    "price": "$9.85",
    "stock_status": "In Stock"
  },
  {
    "url": "https://www.partselect.com/PS11742707-Whirlpool-WP487802-Refrigerator-Hinge-Washer.htm?SourceCode=18",
    "image_url": "https://partselectcom-gtcdcddbene3cpes.z01.azurefd.net/11742707-1-N-Whirlpool-WP487802-Refrigerator-Hinge-Washer.jpg",
    "name": "Inglis Refrigerator Hinge Washer",
    "partselect_number": "PS11742707",
    "manufacturer_number": "WP487802",
    "price": "$7.95",
    "stock_status": "In Stock"
  },
  {
    "url": "https://www.partselect.com/PS12348096-Whirlpool-W11169703-SHIM.htm?SourceCode=18",
    "image_url": "https://partselectcom-gtcdcddbene3cpes.z01.azurefd.net/12348096-1-N-Whirlpool-W11169703-SHIM.jpg",
    "name": "Inglis Refrigerator Shim",
    "partselect_number": "PS12348096",
    "manufacturer_number": "W11169703",
    "price": "$14.95",
    "stock_status": "In Stock"
  },
  {
    "url": "https://www.partselect.com/PS16730893-Whirlpool-W11594405-AXLE.htm?SourceCode=18",
    "image_url": "https://partselectcom-gtcdcddbene3cpes.z01.azurefd.net/16730893-1-N-Whirlpool-W11594405-AXLE.jpg",
    "name": "Inglis Refrigerator Axle",
    "partselect_number": "PS16730893",
    "manufacturer_number": "W11594405",
    "description": "★★★★★\n★★★★★\n1 Review\nSold individually.",
    "price": "$16.95",
    "stock_status": "In Stock",
    "rating": "2.00 out of 5",
    "reviews_count": 1
  },
  {
    "url": "https://www.partselect.com/PS11739841-Whirlpool-WP2225929-Start-Device.htm?SourceCode=18",
    "image_url": "https://partselectcom-gtcdcddbene3cpes.z01.azurefd.net/11739841-1-N-Whirlpool-WP2225929-Start-Device.jpg",
    "name": "Inglis Refrigerator Start Device",
    "partselect_number": "PS11739841",
    "manufacturer_number": "WP2225929",
    "description": "★★★★★\n★★★★★\n2 Reviews\nThis part is both the start relay and the overload. The start relay boosts the compressor, and then shuts off as soon as the motor gets up to speed and the overload provides extra protection against excessive temperatures.",
    "price": "$64.63",
    "stock_status": "In Stock",
    "rating": "5.00 out of 5",
    "reviews_count": 2
  },
  {
    "url": "https://www.partselect.com/PS11752444-Whirlpool-WPW10304660-Cab-Roller.htm?SourceCode=18",
    "image_url": "https://partselectcom-gtcdcddbene3cpes.z01.azurefd.net/11752444-1-N-Whirlpool-WPW10304660-Cab-Roller.jpg",
    "name": "Inglis Refrigerator Cab Roller",
    "partselect_number": "PS11752444",
    "manufacturer_number": "WPW10304660",
    "description": "Manufacturer Part Number WPW10304660",
    "price": "$52.33",
    "stock_status": "In Stock"
  },
  {
    "url": "https://www.partselect.com/PS11743305-Whirlpool-WP627018-Refrigerator-Compression-Nut.htm?SourceCode=18",
    "image_url": "https://partselectcom-gtcdcddbene3cpes.z01.azurefd.net/11743305-1-N-Whirlpool-WP627018-Refrigerator-Compression-Nut.jpg",
    "name": "Inglis Refrigerator Compression Nut",
    "partselect_number": "PS11743305",
    "manufacturer_number": "WP627018",
    "description": "★★★★★\n★★★★★\n2 Reviews\nThe compression nut is used as a connection between the water supply line and other components in your refrigerator such as your ice maker and your water dispenser. Tools required for this repair include a pair of pliers and a socket set. Before installing this part you should take all perishable foods out of your refrigerator and store them somewhere cool, unplug the refrigerator from the power source, and shut off the water supply. This repair may require you to wear work gloves to protect your hands, and is considered an easy do-it-yourself fix.",
    "price": "$11.95",
    "stock_status": "In Stock",
    "rating": "5.00 out of 5",
    "reviews_count": 2
  },
  {
    "url": "https://www.partselect.com/PS11752583-Whirlpool-WPW10312300-Refrigerator-Ice-Container-And-Auger-Assembly.htm?SourceCode=18",
    "image_url": "https://partselectcom-gtcdcddbene3cpes.z01.azurefd.net/11752583-1-N-Whirlpool-WPW10312300-Refrigerator-Ice-Container-And-Auger-Assembly.jpg",
    "name": "Inglis Refrigerator Ice Container And Auger Assembly",
    "partselect_number": "PS11752583",
    "manufacturer_number": "WPW10312300",
    "description": "★★★★★\n★★★★★\n16 Reviews\nThis part may come with a plastic or metal auger depending on the factory. It will work with your appliance if found with the model number. (Make sure you install properly at back of ice container, because it must be engaged for the crushed ice feature to work).",
    "price": "$293.61",
    "stock_status": "In Stock",
    "rating": "4.56 out of 5",
    "reviews_count": 16
  },
  {
    "url": "https://www.partselect.com/PS2362701-Whirlpool-W10136387A-Refrigerator-Egg-Container.htm?SourceCode=18",
    "image_url": "https://partselectcom-gtcdcddbene3cpes.z01.azurefd.net/2362701-1-N-Whirlpool-W10136387A-Refrigerator-Egg-Container.jpg",
    "name": "Inglis Refrigerator Egg Container",
    "partselect_number": "PS2362701",
    "manufacturer_number": "W10136387A",
    "description": "★★★★★\n★★★★★\n3 Reviews\nThis part is used to hold eggs.",
    "price": "$14.95",
    "stock_status": "In Stock",
    "rating": "4.33 out of 5",
    "reviews_count": 3
  },
  {
    "url": "https://www.partselect.com/PS11740417-Whirlpool-WP2320150-Relay-Combo.htm?SourceCode=18",
    "image_url": "https://partselectcom-gtcdcddbene3cpes.z01.azurefd.net/11740417-1-N-Whirlpool-WP2320150-Relay-Combo.jpg",
    "name": "Inglis Refrigerator Relay Combo",
    "partselect_number": "PS11740417",
    "manufacturer_number": "WP2320150",
    "description": "Manufacturer Part Number WP2320150",
    "price": "$70.76",
    "stock_status": "In Stock"
  },
  {
    "url": "https://www.partselect.com/PS16730924-Whirlpool-W11596045-Arm-Control.htm?SourceCode=18",
    "image_url": "https://partselectcom-gtcdcddbene3cpes.z01.azurefd.net/16730924-1-N-Whirlpool-W11596045-Arm-Control.jpg",
    "name": "Inglis Refrigerator Arm Control",
    "partselect_number": "PS16730924",
    "manufacturer_number": "W11596045",
    "price": "$25.69",
    "stock_status": "In Stock"
  },
  {
    "url": "https://www.partselect.com/PS11739748-Whirlpool-WP2218109-Refrigerator-Door-Compartment.htm?SourceCode=18",
    "image_url": "https://partselectcom-gtcdcddbene3cpes.z01.azurefd.net/11739748-1-N-Whirlpool-WP2218109-Refrigerator-Door-Compartment.jpg",
    "name": "Inglis Refrigerator Door Compartment",
    "partselect_number": "PS11739748",
    "manufacturer_number": "WP2218109",
    "description": "★★★★★\n★★★★★\n1 Review\nManufacturer Part Number WP2218109",
    "price": "$52.87",
    "stock_status": "In Stock",
    "rating": "5.00 out of 5",
    "reviews_count": 1
  },
  {
    "url": "https://www.partselect.com/PS11752735-Whirlpool-WPW10318947-Wire-Shelf.htm?SourceCode=18",
    "image_url": "https://partselectcom-gtcdcddbene3cpes.z01.azurefd.net/11752735-1-N-Whirlpool-WPW10318947-Wire-Shelf.jpg",
    "name": "Inglis Refrigerator Wire Shelf",
    "partselect_number": "PS11752735",
    "manufacturer_number": "WPW10318947",
    "description": "★★★★★\n★★★★★\n3 Reviews\nManufacturer Part Number WPW10318947",
    "price": "$58.51",
    "stock_status": "In Stock",
    "rating": "3.67 out of 5",
    "reviews_count": 3
  },
  {
    "url": "https://www.partselect.com/PS11754263-Whirlpool-WPW10401596-Refrigerator-Wire-Shelf.htm?SourceCode=18",
    "image_url": "https://partselectcom-gtcdcddbene3cpes.z01.azurefd.net/11754263-1-N-Whirlpool-WPW10401596-Refrigerator-Wire-Shelf.jpg",
    "name": "Inglis Refrigerator Wire Shelf",
    "partselect_number": "PS11754263",
    "manufacturer_number": "WPW10401596",
    "description": "★★★★★\n★★★★★\n2 Reviews\nSold individually.",
    "price": "$48.95",
    "stock_status": "In Stock",
    "rating": "2.50 out of 5",
    "reviews_count": 2
  },
  {
    "url": "https://www.partselect.com/PS11753381-Whirlpool-WPW10348339-Refrigerator-Cover.htm?SourceCode=18",
    "image_url": "https://partselectcom-gtcdcddbene3cpes.z01.azurefd.net/11753381-1-N-Whirlpool-WPW10348339-Refrigerator-Cover.jpg",
    "name": "Inglis Refrigerator Cover",
    "partselect_number": "PS11753381",
    "manufacturer_number": "WPW10348339",
    "description": "★★★★★\n★★★★★\n1 Review",
    "price": "$110.35",
    "stock_status": "On Order",
    "rating": "2.00 out of 5",
    "reviews_count": 1
  },
  {
    "url": "https://www.partselect.com/PS11738984-Whirlpool-WP2172748-Refrigerator-Crisper-Drawer-Support-Cut-to-Fit.htm?SourceCode=18",
    "image_url": "https://partselectcom-gtcdcddbene3cpes.z01.azurefd.net/11738984-1-N-Whirlpool-WP2172748-Refrigerator-Crisper-Drawer-Support-Cut-to-Fit.jpg",
    "name": "Inglis Refrigerator Crisper Drawer Support Cut To Fit",
    "partselect_number": "PS11738984",
    "manufacturer_number": "WP2172748",
    "description": "★★★★★\n★★★★★\n1 Review\nThis part may be longer than the original - it might need to be cut to the correct size for your appliance.",
    "price": "$61.69",
    "stock_status": "In Stock",
    "rating": "4.00 out of 5",
    "reviews_count": 1
  },
  {
    "url": "https://www.partselect.com/PS11739160-Whirlpool-WP2192514-Wire-Shelf.htm?SourceCode=18",
    "image_url": "https://partselectcom-gtcdcddbene3cpes.z01.azurefd.net/11739160-1-N-Whirlpool-WP2192514-Wire-Shelf.jpg",
    "name": "Inglis Refrigerator Wire Shelf",
    "partselect_number": "PS11739160",
    "manufacturer_number": "WP2192514",
    "price": "$68.55",
    "stock_status": "On Order"
  },
  {
    "url": "https://www.partselect.com/PS11739707-Whirlpool-WP2212648-Refrigerator-Hinge-Sleeve-Hole-Plug.htm?SourceCode=18",
    "image_url": "https://partselectcom-gtcdcddbene3cpes.z01.azurefd.net/11739707-1-N-Whirlpool-WP2212648-Refrigerator-Hinge-Sleeve-Hole-Plug.jpg",
    "name": "Inglis Refrigerator Hinge Sleeve Hole Plug",
    "partselect_number": "PS11739707",
    "manufacturer_number": "WP2212648",
    "description": "Sold individually.",
    "price": "$9.85",
    "stock_status": "In Stock"
  },
  {
    "url": "https://www.partselect.com/PS11739980-Whirlpool-WP2261963-Upper-Door-Hinge.htm?SourceCode=18",
    "image_url": "https://partselectcom-gtcdcddbene3cpes.z01.azurefd.net/11739980-1-N-Whirlpool-WP2261963-Upper-Door-Hinge.jpg",
    "name": "Inglis Refrigerator Upper Door Hinge",
    "partselect_number": "PS11739980",
    "manufacturer_number": "WP2261963",
    "description": "★★★★★\n★★★★★\n1 Review\nThis hinge is located on the top of the refrigerator.",
    "price": "$50.91",
    "stock_status": "In Stock",
    "rating": "5.00 out of 5",
    "reviews_count": 1
  },
  {
    "url": "https://www.partselect.com/PS11752737-Whirlpool-WPW10318949-3-SHELF-FC-WIRE-22.htm?SourceCode=18",
    "image_url": "https://partselectcom-gtcdcddbene3cpes.z01.azurefd.net/11752737-1-N-Whirlpool-WPW10318949-3-SHELF-FC-WIRE-22.jpg",
    "name": "Inglis Refrigerator 3 Shelf-fc Wire 22",
    "partselect_number": "PS11752737",
    "manufacturer_number": "WPW10318949",
    "description": "★★★★★\n★★★★★\n3 Reviews",
    "price": "$55.81",
    "stock_status": "On Order",
    "rating": "4.67 out of 5",
    "reviews_count": 3
  },
  {
    "url": "https://www.partselect.com/PS11738901-Whirlpool-WP2149959-Refrigerator-Compressor-Overload-Protector.htm?SourceCode=18",
    "image_url": "https://partselectcom-gtcdcddbene3cpes.z01.azurefd.net/11738901-1-N-Whirlpool-WP2149959-Refrigerator-Compressor-Overload-Protector.jpg",
    "name": "Inglis Refrigerator Compressor Overload Protector",
    "partselect_number": "PS11738901",
    "manufacturer_number": "WP2149959",
    "description": "Relay is NOT included. Must be ordered separately.",
    "price": "$50.44",
    "stock_status": "In Stock"
  },
  {
    "url": "https://www.partselect.com/PS11739582-Whirlpool-WP2203407B-Refrigerator-Hinge-Cover.htm?SourceCode=18",
    "image_url": "https://partselectcom-gtcdcddbene3cpes.z01.azurefd.net/11739582-1-N-Whirlpool-WP2203407B-Refrigerator-Hinge-Cover.jpg",
    "name": "Inglis Refrigerator Hinge Cover",
    "partselect_number": "PS11739582",
    "manufacturer_number": "WP2203407B",
    "description": "Sold individually.",
    "price": "$26.95",
    "stock_status": "In Stock"
  },
  {
    "url": "https://www.partselect.com/PS11738483-Whirlpool-WP12227302WD-Refrigerator-Support.htm?SourceCode=18",
    "image_url": "https://partselectcom-gtcdcddbene3cpes.z01.azurefd.net/11738483-1-N-Whirlpool-WP12227302WD-Refrigerator-Support.jpg",
    "name": "Inglis Refrigerator Support",
    "partselect_number": "PS11738483",
    "manufacturer_number": "WP12227302WD",
    "description": "Manufacturer Part Number WP12227302WD",
    "price": "$50.91",
    "stock_status": "Special Order"
  },
  {
    "url": "https://www.partselect.com/PS11743941-Whirlpool-WP72107-Refrigerator-Touch-Up-Paint.htm?SourceCode=18",
    "image_url": "https://partselectcom-gtcdcddbene3cpes.z01.azurefd.net/11743941-1-N-Whirlpool-WP72107-Refrigerator-Touch-Up-Paint.jpg",
    "name": "Inglis Refrigerator Touch Up Paint",
    "partselect_number": "PS11743941",
    "manufacturer_number": "WP72107",
    "price": "$14.95",
    "stock_status": "In Stock"
  },
  {
    "url": "https://www.partselect.com/PS16227056-Whirlpool-W11505385-CHUTE.htm?SourceCode=18",
    "image_url": "https://partselectcom-gtcdcddbene3cpes.z01.azurefd.net/16227056-1-N-Whirlpool-W11505385-CHUTE.jpg",
    "name": "Inglis Refrigerator Chute",
    "partselect_number": "PS16227056",
    "manufacturer_number": "W11505385",
    "price": "$24.95",
    "stock_status": "In Stock"
  },
  {
    "url": "https://www.partselect.com/PS11701463-Whirlpool-2319266W-Form-In-Place-Gasket.htm?SourceCode=18",
    "image_url": "https://partselectcom-gtcdcddbene3cpes.z01.azurefd.net/11701463-1-N-Whirlpool-2319266W-Form-In-Place-Gasket.jpg",
    "name": "Inglis Refrigerator Form-in-place Gasket",
    "partselect_number": "PS11701463",
    "manufacturer_number": "2319266W",
    "price": "$124.11",
    "stock_status": "In Stock"
  },
  {
    "url": "https://www.partselect.com/PS373131-Whirlpool-4392899-Refrigerator-Touch-Up-Paint.htm?SourceCode=18",
    "image_url": "https://partselectcom-gtcdcddbene3cpes.z01.azurefd.net/373131-1-N-Whirlpool-4392899-Refrigerator-Touch-Up-Paint.jpg",
    "name": "Inglis Refrigerator Touch Up Paint",
    "partselect_number": "PS373131",
    "manufacturer_number": "4392899",
    "description": "★★★★★\n★★★★★\n1 Review",
    "price": "$16.95",
    "stock_status": "In Stock",
    "rating": "5.00 out of 5",
    "reviews_count": 1
  },
  {
    "url": "https://www.partselect.com/PS987266-Whirlpool-2313199-Door-Trim.htm?SourceCode=18",
    "image_url": "https://partselectcom-gtcdcddbene3cpes.z01.azurefd.net/987266-1-N-Whirlpool-2313199-Door-Trim.jpg",
    "name": "Inglis Refrigerator Door Trim",
    "partselect_number": "PS987266",
    "manufacturer_number": "2313199",
    "description": "Sold Individually. End caps sold separately.",
    "price": "$49.45",
    "stock_status": "In Stock"
  },
  {
    "url": "https://www.partselect.com/PS1817576-Whirlpool-4210463RW-Cleaning-Brush.htm?SourceCode=18",
    "image_url": "https://partselectcom-gtcdcddbene3cpes.z01.azurefd.net/1817576-1-N-Whirlpool-4210463RW-Cleaning-Brush.jpg",
    "name": "Inglis Refrigerator Cleaning Brush",
    "partselect_number": "PS1817576",
    "manufacturer_number": "4210463RW",
    "description": "Cleaning brush for coils on refrigerator and freezers, dryer lint filter housings, and more.",
    "price": "$26.68",
    "stock_status": "In Stock"
  },
  {
    "url": "https://www.partselect.com/PS11722946-Whirlpool-W10805623-Start-Device.htm?SourceCode=18",
    "image_url": "https://partselectcom-gtcdcddbene3cpes.z01.azurefd.net/11722946-1-N-Whirlpool-W10805623-Start-Device.jpg",
    "name": "Inglis Refrigerator Start Device",
    "partselect_number": "PS11722946",
    "manufacturer_number": "W10805623",
    "description": "Manufacturer Part Number W10805623",
    "price": "$57.77",
    "stock_status": "In Stock"
  },
  {
    "url": "https://www.partselect.com/PS11739952-Whirlpool-WP2258681W-Door-Stop-Shim.htm?SourceCode=18",
    "image_url": "https://partselectcom-gtcdcddbene3cpes.z01.azurefd.net/11739952-1-N-Whirlpool-WP2258681W-Door-Stop-Shim.jpg",
    "name": "Inglis Refrigerator Door Stop Shim",
    "partselect_number": "PS11739952",
    "manufacturer_number": "WP2258681W",
    "description": "Manufacturer Part Number WP2258681W",
    "price": "$9.95",
    "stock_status": "Special Order"
  },
  {
    "url": "https://www.partselect.com/PS11739023-Whirlpool-WP2179342-Humidity-Control-Slide-Clear.htm?SourceCode=18",
    "image_url": "https://partselectcom-gtcdcddbene3cpes.z01.azurefd.net/11739023-1-N-Whirlpool-WP2179342-Humidity-Control-Slide-Clear.jpg",
    "name": "Inglis Refrigerator Humidity Control Slide - Clear",
    "partselect_number": "PS11739023",
    "manufacturer_number": "WP2179342",
    "description": "The humidity control allows you to adjust the humidity within the crisper. This can extend the life of the vegetables/fruit.",
    "price": "$21.95",
    "stock_status": "In Stock"
  },
  {
    "url": "https://www.partselect.com/PS11740346-Whirlpool-WP2314156-Refrigerator-Timer-Defrost.htm?SourceCode=18",
    "image_url": "https://partselectcom-gtcdcddbene3cpes.z01.azurefd.net/11740346-1-N-Whirlpool-WP2314156-Refrigerator-Timer-Defrost.jpg",
    "name": "Inglis Refrigerator Timer Defrost",
    "partselect_number": "PS11740346",
    "manufacturer_number": "WP2314156",
    "description": "★★★★★\n★★★★★\n2 Reviews\nThis device acts like a clock. It continually advances and alternates between activating the cooling cycle and the defrost heater.",
    "price": "$112.47",
    "stock_status": "In Stock",
    "rating": "5.00 out of 5",
    "reviews_count": 2
  },
  {
    "url": "https://www.partselect.com/PS11740348-Whirlpool-WP2314293-Thimble.htm?SourceCode=18",
    "image_url": "https://partselectcom-gtcdcddbene3cpes.z01.azurefd.net/11740348-1-N-Whirlpool-WP2314293-Thimble.jpg",
    "name": "Inglis Refrigerator Thimble",
    "partselect_number": "PS11740348",
    "manufacturer_number": "WP2314293",
    "description": "Manufacturer Part Number WP2314293",
    "price": "$9.95",
    "stock_status": "On Order"
  },
  {
    "url": "https://www.partselect.com/PS12349751-Whirlpool-W11234406-Harness-Wire.htm?SourceCode=18",
    "image_url": "https://partselectcom-gtcdcddbene3cpes.z01.azurefd.net/12349751-1-N-Whirlpool-W11234406-Harness-Wire.jpg",
    "name": "Inglis Refrigerator Harness Wire",
    "partselect_number": "PS12349751",
    "manufacturer_number": "W11234406",
    "price": "$70.24",
    "stock_status": "On Order"
  },
  {
    "url": "https://www.partselect.com/PS11740356-Whirlpool-WP2315522-Refrigerator-Retainer-Thermostat.htm?SourceCode=18",
    "image_url": "https://partselectcom-gtcdcddbene3cpes.z01.azurefd.net/11740356-1-N-Whirlpool-WP2315522-Refrigerator-Retainer-Thermostat.jpg",
    "name": "Inglis Refrigerator Retainer Thermostat",
    "partselect_number": "PS11740356",
    "manufacturer_number": "WP2315522",
    "description": "Manufacturer Part Number WP2315522",
    "price": "$11.95",
    "stock_status": "Special Order"
  },
  {
    "url": "https://www.partselect.com/PS1629836-Whirlpool-67001014-Door-Hinge.htm?SourceCode=18",
    "image_url": "https://partselectcom-gtcdcddbene3cpes.z01.azurefd.net/1629836-1-N-Whirlpool-67001014-Door-Hinge.jpg",
    "name": "Inglis Refrigerator Door Hinge",
    "partselect_number": "PS1629836",
    "manufacturer_number": "67001014",
    "description": "Manufacturer Part Number 67001014",
    "price": "$22.95",
    "stock_status": "On Order"
  },
  {
    "url": "https://www.partselect.com/PS11739022-Whirlpool-WP2179243-Refrigerator-Snack-Pan-Handle-Trim.htm?SourceCode=18",
    "image_url": "https://partselectcom-gtcdcddbene3cpes.z01.azurefd.net/11739022-1-N-Whirlpool-WP2179243-Refrigerator-Snack-Pan-Handle-Trim.jpg",
    "name": "Inglis Refrigerator Snack Pan Handle Trim",
    "partselect_number": "PS11739022",
    "manufacturer_number": "WP2179243",
    "price": "$48.46",
    "stock_status": "On Order"
  },
  {
    "url": "https://www.partselect.com/PS11739900-Whirlpool-WP2255431B-Refrigerator-Lever-Ice-Dispenser-Black.htm?SourceCode=18",
    "image_url": "https://partselectcom-gtcdcddbene3cpes.z01.azurefd.net/11739900-1-N-Whirlpool-WP2255431B-Refrigerator-Lever-Ice-Dispenser-Black.jpg",
    "name": "Inglis Refrigerator Lever Ice Dispenser (black)",
    "partselect_number": "PS11739900",
    "manufacturer_number": "WP2255431B",
    "description": "This part activates the dispenser controls such as ice and water.",
    "price": "$53.85",
    "stock_status": "In Stock"
  },
  {
    "url": "https://www.partselect.com/PS11739935-Whirlpool-WP2256601-Shelf-Frame.htm?SourceCode=18",
    "image_url": "https://partselectcom-gtcdcddbene3cpes.z01.azurefd.net/11739935-1-N-Whirlpool-WP2256601-Shelf-Frame.jpg",
    "name": "Inglis Refrigerator Shelf Frame",
    "partselect_number": "PS11739935",
    "manufacturer_number": "WP2256601",
    "description": "★★★★★\n★★★★★\n1 Review\nManufacturer Part Number WP2256601",
    "price": "$69.79",
    "stock_status": "In Stock",
    "rating": "5.00 out of 5",
    "reviews_count": 1
  },
  {
    "url": "https://www.partselect.com/PS896117-Whirlpool-2260503W-Filter-Button-White.htm?SourceCode=18",
    "image_url": "https://partselectcom-gtcdcddbene3cpes.z01.azurefd.net/896117-1-N-Whirlpool-2260503W-Filter-Button-White.jpg",
    "name": "Inglis Refrigerator Filter Button - White",
    "partselect_number": "PS896117",
    "manufacturer_number": "2260503W",
    "price": "$26.95",
    "stock_status": "In Stock"
  },
  {
    "url": "https://www.partselect.com/PS11738929-Whirlpool-WP2156007-Refrigerator-End-Cap-Trim.htm?SourceCode=18",
    "image_url": "https://partselectcom-gtcdcddbene3cpes.z01.azurefd.net/11738929-1-N-Whirlpool-WP2156007-Refrigerator-End-Cap-Trim.jpg",
    "name": "Inglis Refrigerator End Cap Trim",
    "partselect_number": "PS11738929",
    "manufacturer_number": "WP2156007",
    "description": "This part is the replacement end cap trim for your refrigerator. It is made of white plastic and is approximately 1 inch wide, 1 inch long, and ½ inch thick. This part can also be known as the shelf support retainer as it holds the shelf support in place. If the end cap trim is damaged, the shelf support may not remain in place and you will not be able to store items in your refrigerator door. To replace the end cap trim, carefully disconnect it from both the refrigerator door and the shelf support. Then, snap the new end cap trim into the shelf support and then to the door. This part is sold individually and is an authentic OEM part.",
    "price": "$9.85",
    "stock_status": "In Stock"
  },
  {
    "url": "https://www.partselect.com/PS16730545-Whirlpool-W11566763-FITTING.htm?SourceCode=18",
    "image_url": "https://partselectcom-gtcdcddbene3cpes.z01.azurefd.net/16730545-1-N-Whirlpool-W11566763-FITTING.jpg",
    "name": "Inglis Refrigerator Fitting",
    "partselect_number": "PS16730545",
    "manufacturer_number": "W11566763",
    "price": "$32.95",
    "stock_status": "In Stock"
  },
  {
    "url": "https://www.partselect.com/PS11739168-Whirlpool-WP2193353W-Refrigerator-Trim-Handle-White.htm?SourceCode=18",
    "image_url": "https://partselectcom-gtcdcddbene3cpes.z01.azurefd.net/11739168-1-N-Whirlpool-WP2193353W-Refrigerator-Trim-Handle-White.jpg",
    "name": "Inglis Refrigerator Trim Handle (white)",
    "partselect_number": "PS11739168",
    "manufacturer_number": "WP2193353W",
    "description": "★★★★★\n★★★★★\n2 Reviews\nWhite in color sold individually.",
    "price": "$9.95",
    "stock_status": "In Stock",
    "rating": "5.00 out of 5",
    "reviews_count": 2
  },
  {
    "url": "https://www.partselect.com/PS12704514-Whirlpool-W11284721-Refrigerator-Light-Cover.htm?SourceCode=18",
    "image_url": "https://partselectcom-gtcdcddbene3cpes.z01.azurefd.net/12704514-1-N-Whirlpool-W11284721-Refrigerator-Light-Cover.jpg",
    "name": "Inglis Refrigerator Light Cover",
    "partselect_number": "PS12704514",
    "manufacturer_number": "W11284721",
    "price": "$53.85",
    "stock_status": "In Stock"
  },
  {
    "url": "https://www.partselect.com/PS12069524-Whirlpool-W10723843-KNOB-THERM.htm?SourceCode=18",
    "image_url": "https://partselectcom-gtcdcddbene3cpes.z01.azurefd.net/12069524-1-N-Whirlpool-W10723843-KNOB-THERM.jpg",
    "name": "Inglis Refrigerator Knob-therm",
    "partselect_number": "PS12069524",
    "manufacturer_number": "W10723843",
    "description": "Manufacturer Part Number W10723843",
    "price": "$23.95",
    "stock_status": "In Stock"
  },
  {
    "url": "https://www.partselect.com/PS403685-Whirlpool-978030-VALVE.htm?SourceCode=18",
    "image_url": "https://partselectcom-gtcdcddbene3cpes.z01.azurefd.net/403685-1-N-Whirlpool-978030-VALVE.jpg",
    "name": "Inglis Refrigerator Valve",
    "partselect_number": "PS403685",
    "manufacturer_number": "978030",
    "description": "This access valve is an authentic manufacturer parts kit used in appliances with a refrigerant such as the refrigerator and air conditioner. This kit includes a valve body, valve core and a valve cap. The body and cap are made of brass while the core is made from steel. If you notice that your appliance is leaking, not cooling adequately and the valve components are corroded, you should replace the access valve. As part of your general maintenance, you should also replace the valve if your appliance is more than 10 years old and the valve has never been changed. Use a valve wrench to remove the valve cap and use a core removal tool to pull out the core. Install the new valve body, core and cap and ensure they are securely fitted. Note that these parts are sold together.",
    "price": "$53.95",
    "stock_status": "In Stock"
  },
  {
    "url": "https://www.partselect.com/PS11731429-Whirlpool-W10859322-FILLER.htm?SourceCode=18",
    "image_url": "https://partselectcom-gtcdcddbene3cpes.z01.azurefd.net/11731429-1-N-Whirlpool-W10859322-FILLER.jpg",
    "name": "Inglis Refrigerator Filler",
    "partselect_number": "PS11731429",
    "manufacturer_number": "W10859322",
    "price": "$9.95",
    "stock_status": "In Stock"
  },
  {
    "url": "https://www.partselect.com/PS11749424-Whirlpool-WPW10169124-Grommet.htm?SourceCode=18",
    "image_url": "https://partselectcom-gtcdcddbene3cpes.z01.azurefd.net/11749424-1-N-Whirlpool-WPW10169124-Grommet.jpg",
    "name": "Inglis Refrigerator Grommet",
    "partselect_number": "PS11749424",
    "manufacturer_number": "WPW10169124",
    "description": "Sold individually.",
    "price": "$9.95",
    "stock_status": "In Stock"
  },
  {
    "url": "https://www.partselect.com/PS11753428-Whirlpool-WPW10350006-Water-Tube.htm?SourceCode=18",
    "image_url": "https://partselectcom-gtcdcddbene3cpes.z01.azurefd.net/11753428-1-N-Whirlpool-WPW10350006-Water-Tube.jpg",
    "name": "Inglis Refrigerator Water Tube",
    "partselect_number": "PS11753428",
    "manufacturer_number": "WPW10350006",
    "description": "Manufacturer Part Number WPW10350006",
    "price": "$50.44",
    "stock_status": "In Stock"
  },
  {
    "url": "https://www.partselect.com/PS1486705-Whirlpool-8201769-Start-Device.htm?SourceCode=18",
    "image_url": "https://partselectcom-gtcdcddbene3cpes.z01.azurefd.net/1486705-1-N-Whirlpool-8201769-Start-Device.jpg",
    "name": "Inglis Refrigerator Start Device",
    "partselect_number": "PS1486705",
    "manufacturer_number": "8201769",
    "description": "★★★★★\n★★★★★\n2 Reviews\nThis part includes the Relay, Overload and Cover. ***Please NOTE: The manufacturer has made changes to this part and may appear different than the original part. This part requires assembly.",
    "price": "$77.17",
    "stock_status": "In Stock",
    "rating": "2.00 out of 5",
    "reviews_count": 2
  },
  {
    "url": "https://www.partselect.com/PS3507216-Whirlpool-W10355489-COMPRESSOR.htm?SourceCode=18",
    "image_url": "https://partselectcom-gtcdcddbene3cpes.z01.azurefd.net/3507216-1-N-Whirlpool-W10355489-COMPRESSOR.jpg",
    "name": "Inglis Refrigerator Compressor",
    "partselect_number": "PS3507216",
    "manufacturer_number": "W10355489",
    "description": "Manufacturer Part Number W10355489",
    "price": "$400.94",
    "stock_status": "Special Order"
  },
  {
    "url": "https://www.partselect.com/PS11739127-Whirlpool-WP2188756-Access-Panel.htm?SourceCode=18",
    "image_url": "https://partselectcom-gtcdcddbene3cpes.z01.azurefd.net/11739127-1-N-Whirlpool-WP2188756-Access-Panel.jpg",
    "name": "Inglis Refrigerator Access Panel",
    "partselect_number": "PS11739127",
    "manufacturer_number": "WP2188756",
    "price": "$72.22",
    "stock_status": "Special Order"
  },
  {
    "url": "https://www.partselect.com/PS11743445-Whirlpool-WP67001130-Refrigerator-Button-Plug.htm?SourceCode=18",
    "image_url": "https://partselectcom-gtcdcddbene3cpes.z01.azurefd.net/11743445-1-N-Whirlpool-WP67001130-Refrigerator-Button-Plug.jpg",
    "name": "Inglis Refrigerator Button Plug",
    "partselect_number": "PS11743445",
    "manufacturer_number": "WP67001130",
    "description": "★★★★★\n★★★★★\n1 Review\nSold individually. White in color.",
    "price": "$9.95",
    "stock_status": "In Stock",
    "rating": "4.00 out of 5",
    "reviews_count": 1
  },
  {
    "url": "https://www.partselect.com/PS11752738-Whirlpool-WPW10318951-Wire-Shelf.htm?SourceCode=18",
    "image_url": "https://partselectcom-gtcdcddbene3cpes.z01.azurefd.net/11752738-1-N-Whirlpool-WPW10318951-Wire-Shelf.jpg",
    "name": "Inglis Refrigerator Wire Shelf",
    "partselect_number": "PS11752738",
    "manufacturer_number": "WPW10318951",
    "description": "Sold individually. Per the manufacture this shelf measures 13.07\" X 10.94\" .",
    "price": "$55.81",
    "stock_status": "In Stock"
  },
  {
    "url": "https://www.partselect.com/PS11742479-Whirlpool-WP4387938-Compressor-Overload-Start-Relay.htm?SourceCode=18",
    "image_url": "https://partselectcom-gtcdcddbene3cpes.z01.azurefd.net/11742479-1-N-Whirlpool-WP4387938-Compressor-Overload-Start-Relay.jpg",
    "name": "Inglis Refrigerator Compressor Overload & Start Relay",
    "partselect_number": "PS11742479",
    "manufacturer_number": "WP4387938",
    "description": "This part is both the start relay and the overload. The start relay boosts the compressor, and then shuts off as soon as the motor gets up to speed and the overload provides extra protection against excessive temperatures.",
    "price": "$87.25",
    "stock_status": "In Stock"
  }
]