[
  {
    "url": "https://www.partselect.com/PS734936-Frigidaire-240534701-Door-Shelf-Retainer-Bar.htm?SourceCode=18",
    "image_url": "https://partselectcom-gtcdcddbene3cpes.z01.azurefd.net/734936-1-N-Frigidaire-240534701-Door-Shelf-Retainer-Bar.jpg",
    "name": "Kelvinator Refrigerator Door Shelf Retainer Bar",
    "partselect_number": "PS734936",
    "manufacturer_number": "240534701",
    "description": "★★★★★\n★★★★★\n108 Reviews\nThe Door Shelf Retainer Bar, also known as a refrigerator door rack, is a white, plastic part which can be easily installed onto your fridge door. It holds items in your fridge and will show physical damage if broken, at which time it should be replaced. Check your user manual and model number to see if this part is right for you. To install this part, you will need to remove the old one by unlocking the tabs, which can be slid with your fingers. To install the new shelf, line it up with the shelf cut-outs, over the tabs, and gently press it down to lock it into place. This part generally fits the middle door shelf of refrigerators. This is a part that frequently requires multiple parts per refrigerator. Because it is sold individually, you will need to purchase as many door racks as necessary to complete your repair.",
    "price": "$\n51.05",
    "stock_status": "In Stock",
    "rating": "4.8/5",
    "reviews_count": 108,
    "reviews": [
      {
        "rating": "5.0/5",
        "reviewer": "Connie Z",
        "date": "June 1, 2018",
        "title": "Connie Z",
        "content": "The part came in really fast and fits perfect"
      },
      {
        "rating": "5.0/5",
        "reviewer": "George L",
        "date": "January 25, 2018",
        "title": "George L",
        "content": "Part came fast I’m pleased with the fast response. My only complaint when I picked up at posts office both ends of box open. How part survived and arrived is amazing."
      },
      {
        "rating": "5.0/5",
        "reviewer": "Daniel F B",
        "date": "September 20, 2018",
        "title": "Daniel F B",
        "content": "Showed up a day early, with no problems"
      },
      {
        "rating": "5.0/5",
        "reviewer": "Edward T",
        "date": "September 21, 2018",
        "title": "Edward T",
        "content": "Arrived quickly after order and took less than a minute to fit. Just what we needed."
      },
      {
        "rating": "5.0/5",
        "reviewer": "Ashley W",
        "date": "January 7, 2021",
        "title": "Ashley W",
        "content": "Parts select is always my go to. Quick shipment, easy to know that you are ordering the right part ans reasonable prices!"
      },
      {
        "rating": "5.0/5",
        "reviewer": "Mitchell Y",
        "date": "May 31, 2023",
        "title": "Mitchell Y",
        "content": "My appliance is good as new! Took less than two minutes to install!"
      },
      {
        "rating": "5.0/5",
        "reviewer": "Donna S",
        "date": "April 17, 2019",
        "title": "Donna S",
        "content": "I use the diagram to order the correct parts. Having the part numbers on the drawing makes it so easy, especially since this particular bar is different from the others. Everything arrived in good shape (even the box!) and was delivered to my door in only a few days."
      },
      {
        "rating": "5.0/5",
        "reviewer": "Brian K",
        "date": "September 13, 2024",
        "title": "Brian K",
        "content": "Great part fast shipping"
      },
      {
        "rating": "5.0/5",
        "reviewer": "Kam N",
        "date": "September 27, 2024",
        "title": "Kam N",
        "content": "Fit perfectly. Easily replaced. Worth the expense not to have bottles falling on you feet when you open the refrigerator door!!"
      },
      {
        "rating": "5.0/5",
        "reviewer": "Eugene L",
        "date": "October 17, 2024",
        "title": "Eugene L",
        "content": "Parts Select is my go to place for replacement parts. Their videos on how to perform the repair are extremely helpful."
      }
    ],
    "repair_stories": [],
    "symptoms_fixed": "Door won’t open or close",
    "works_with": "Refrigerator.",
    "also_replaces": [
      "AP3214631",
      "948952",
      "240534701"
    ],
    "video_url": "https://www.youtube.com/watch?v=JGlCNEgLfM0"
  },
  {
    "url": "https://www.partselect.com/PS734935-Frigidaire-240534901-Door-Shelf-Retainer-Bar.htm?SourceCode=18",
    "image_url": "https://partselectcom-gtcdcddbene3cpes.z01.azurefd.net/734935-1-N-Frigidaire-240534901-Door-Shelf-Retainer-Bar.jpg",
    "name": "Kelvinator Refrigerator Door Shelf Retainer Bar",
    "partselect_number": "PS734935",
    "manufacturer_number": "240534901",
    "description": "★★★★★\n★★★★★\n215 Reviews\nThis door shelf retaining bar, also known as refrigerator door bar retainer or fridge door rack, is a genuine part sourced from the original manufacturer. It is a white This manufacturer-certified Door Shelf Retainer Bar, sometimes otherwise known as the door rack or bar retainer, is a white, plastic part which can be easily installed onto the inside of the refrigerator or freezer door to hold items on the door shelves. It holds items in your fridge and will show physical damage if broken or warped, at which time it should be replaced. Check your user manual and model number to see if this part is right for you. No tools are required for this installation, the part should simply snap into place. This part measures roughly 25 inches wide, 3 inches high, and 5 inches deep. This part is sold individually, and we recommend checking the other door shelf retaining bars on your refrigerator or freezer at the same time as ordering this part to ensure that no others need to be replaced, as they often wear or warp at similar speeds.",
    "price": "$\n47.36",
    "stock_status": "In Stock",
    "rating": "4.8/5",
    "reviews_count": 215,
    "reviews": [],
    "repair_stories": [],
    "symptoms_fixed": "Door won’t open or close | Leaking",
    "works_with": "Refrigerator.",
    "also_replaces": [
      "AP3214630",
      "948954",
      "240534901"
    ],
    "video_url": "https://www.youtube.com/watch?v=RBJ10wFvJ2M"
  },
  {
    "url": "https://www.partselect.com/PS430917-Frigidaire-240530701-Drawer-Support-Rail-Right-Side.htm?SourceCode=18",
    "image_url": "https://partselectcom-gtcdcddbene3cpes.z01.azurefd.net/430917-1-N-Frigidaire-240530701-Drawer-Support-Rail-Right-Side.jpg",
    "name": "Kelvinator Refrigerator Drawer Support Rail (right Side)",
    "partselect_number": "PS430917",
    "manufacturer_number": "240530701",
    "description": "★★★★★\n★★★★★\n175 Reviews\nThis manufacturer-certified drawer support rail supports the right side of the sliding drawer. It is a track that helps the drawer slide open and closed with ease. If you are having trouble opening or closing your fresh food drawer, check the support rails for any blockage, or visible damage. If the rail is damaged, it should be replaced to ensure no further damage is done to the drawer itself. The repair is straightforward: unscrew and remove the existing support rail, then fasten the new rail in place. This genuine OEM replacement part is made of plastic and is white in color. NOTE: This part is sold separately from the left side drawer support rail. The part measures approximately 16 inches long by 1 inch high.",
    "price": "$\n48.40",
    "stock_status": "In Stock",
    "rating": "4.6/5",
    "reviews_count": 175,
    "reviews": [],
    "repair_stories": [],
    "symptoms_fixed": "Door won’t open or close",
    "works_with": "Refrigerator.",
    "also_replaces": [
      "AP2116590",
      "917558",
      "240530701",
      "240460501"
    ],
    "video_url": "https://www.youtube.com/watch?v=tETYca_dopI"
  },
  {
    "url": "https://www.partselect.com/PS429854-Frigidaire-240337103-Refrigerator-Crisper-Pan.htm?SourceCode=18",
    "image_url": "https://partselectcom-gtcdcddbene3cpes.z01.azurefd.net/429854-1-N-Frigidaire-240337103-Refrigerator-Crisper-Pan.jpg",
    "name": "Kelvinator Refrigerator Crisper Pan",
    "partselect_number": "PS429854",
    "manufacturer_number": "240337103",
    "description": "★★★★★\n★★★★★\n52 Reviews\nThis manufacturer-certified Refrigerator Crisper Pan is a clear plastic pan which easily inserts into your fridge's crisper area in order to hold items. In some models of refrigerator this model is the same pan for both the meat and vegetable bins, but please note that this part is sold individually and not part of a complete kit. If broken then the part should be replaced. Refer to your user manual and model number to see if this crisper is right for your fridge. This bin measures approximately 11 inches deep and 22 inches long.",
    "price": "$103.69",
    "stock_status": "In Stock",
    "rating": "4.90 out of 5",
    "reviews_count": 52
  },
  {
    "url": "https://www.partselect.com/PS429963-Frigidaire-240350608-Crisper-Glass-Shelf-Insert.htm?SourceCode=18",
    "image_url": "https://partselectcom-gtcdcddbene3cpes.z01.azurefd.net/429963-1-N-Frigidaire-240350608-Crisper-Glass-Shelf-Insert.jpg",
    "name": "Kelvinator Refrigerator Crisper Glass Shelf Insert",
    "partselect_number": "PS429963",
    "manufacturer_number": "240350608",
    "description": "★★★★★\n★★★★★\n70 Reviews\nGlass only. This glass insert measures 23.82 x 15.50-in. This is an authentic Frigidaire replacement part. The crisper shelf insert is designed by the manufacturer for use in refrigerators. This part is made of glass, and is placed over the crisper pan drawers. No tools are required when replacing this item. Simply remove the old part and slot the new one into place. This item is sold individually.",
    "price": "$97.68",
    "stock_status": "In Stock",
    "rating": "4.74 out of 5",
    "reviews_count": 70
  },
  {
    "url": "https://www.partselect.com/PS430916-Frigidaire-240530601-Drawer-Support-Rail-Left-Side.htm?SourceCode=18",
    "image_url": "https://partselectcom-gtcdcddbene3cpes.z01.azurefd.net/430916-1-N-Frigidaire-240530601-Drawer-Support-Rail-Left-Side.jpg",
    "name": "Kelvinator Refrigerator Drawer Support Rail (left Side)",
    "partselect_number": "PS430916",
    "manufacturer_number": "240530601",
    "description": "★★★★★\n★★★★★\n69 Reviews\nThis drawer rail supports the left hand side of the sliding drawer.",
    "price": "$48.40",
    "stock_status": "In Stock",
    "rating": "4.70 out of 5",
    "reviews_count": 69
  },
  {
    "url": "https://www.partselect.com/PS7784009-Frigidaire-242193213-Refrigerator-Door-Gasket.htm?SourceCode=18",
    "image_url": "https://partselectcom-gtcdcddbene3cpes.z01.azurefd.net/7784009-1-N-Frigidaire-242193213-Refrigerator-Door-Gasket.jpg",
    "name": "Kelvinator Refrigerator Door Gasket",
    "partselect_number": "PS7784009",
    "manufacturer_number": "242193213",
    "description": "★★★★★\n★★★★★\n77 Reviews",
    "price": "$117.45",
    "stock_status": "In Stock",
    "rating": "4.65 out of 5",
    "reviews_count": 77
  },
  {
    "url": "https://www.partselect.com/PS12364147-Frigidaire-241798231-Refrigerator-Ice-Maker-Assembly.htm?SourceCode=18",
    "image_url": "https://partselectcom-gtcdcddbene3cpes.z01.azurefd.net/12364147-1-N-Frigidaire-241798231-Refrigerator-Ice-Maker-Assembly.jpg",
    "name": "Kelvinator Refrigerator Ice Maker Assembly",
    "partselect_number": "PS12364147",
    "manufacturer_number": "241798231",
    "description": "★★★★★\n★★★★★\n94 Reviews\nThis 8-cube ice maker is used to create ice for your refrigerator. The ice maker receives water from the water inlet valve and will freeze until ice cubes are formed. Once the water has been frozen the cubes will be ejected from the mold in to the ice bucket. The ice maker will continue the process until the ice bucket has reached the limit. If your ice maker is not making ice you may need to replace this part. Please remember to disconnect the power and water supply before starting your repair. This ice maker is a genuine OEM part.",
    "price": "$83.29",
    "stock_status": "In Stock",
    "rating": "4.90 out of 5",
    "reviews_count": 94
  },
  {
    "url": "https://www.partselect.com/PS12751166-Frigidaire-316538904-Light-Bulb.htm?SourceCode=18",
    "image_url": "https://partselectcom-gtcdcddbene3cpes.z01.azurefd.net/12751166-1-N-Frigidaire-316538904-Light-Bulb.jpg",
    "name": "Kelvinator Refrigerator Light Bulb",
    "partselect_number": "PS12751166",
    "manufacturer_number": "316538904",
    "description": "★★★★★\n★★★★★\n12 Reviews\nThis OEM 40 watt appliance light bulb is used for some ranges, refrigerators, freezers, and microwaves. Simply locate the existing bulb, unscrew it from its socket, and replace with new light bulb. If the existing bulb is broken in the socket, disconnect the power to the refrigerator and use a pair of needle nose pliers to grip the internal fragments of the bulb to unscrew. Replace with the new bulb and reconnect the power to the refrigerator. These bulbs are sold individually and are a commonly replaced part; consider ordering a spare.",
    "price": "$23.23",
    "stock_status": "In Stock",
    "rating": "4.58 out of 5",
    "reviews_count": 12
  },
  {
    "url": "https://www.partselect.com/PS2363600-Frigidaire-240364787-Refrigerator-Crisper-Drawer-Cover.htm?SourceCode=18",
    "image_url": "https://partselectcom-gtcdcddbene3cpes.z01.azurefd.net/2363600-1-N-Frigidaire-240364787-Refrigerator-Crisper-Drawer-Cover.jpg",
    "name": "Kelvinator Refrigerator Crisper Drawer Cover",
    "partselect_number": "PS2363600",
    "manufacturer_number": "240364787",
    "description": "★★★★★\n★★★★★\n40 Reviews\nThis is a cover for the crisper pan in your refrigerator. This cover is designed to allow both crisper drawers to slide in and remain covered, while also offering shelf storage above. This cover is made of durable white plastic that measures 25.75 inches wide and 18.75 inches deep and features two sliders on each side to adjust the humidity as necessary. This cover is only the frame for the crisper drawer assembly and does not come with the necessary glass pane insert. If your current crisper drawer cover is cracked or broken and not able to support the drawers or glass above it, it needs to be replaced. This cover is an OEM part and is sold individually.",
    "price": "$107.66",
    "stock_status": "In Stock",
    "rating": "4.85 out of 5",
    "reviews_count": 40
  },
  {
    "url": "https://www.partselect.com/PS11770608-Frigidaire-5304507146-Hinge-Bearing.htm?SourceCode=18",
    "image_url": "https://partselectcom-gtcdcddbene3cpes.z01.azurefd.net/11770608-1-N-Frigidaire-5304507146-Hinge-Bearing.jpg",
    "name": "Kelvinator Refrigerator Hinge Bearing",
    "partselect_number": "PS11770608",
    "manufacturer_number": "5304507146",
    "description": "★★★★★\n★★★★★\n4 Reviews\nThis is a replacement hinge bearing for your refrigerator. The hinge bearing is found on the door hinge, and reduces friction when the door opens and closes. If the bearing is damaged, you may not be able to open or close the door properly, and in this case, it will need to be replaced. It is made of white plastic and is approximately 2 inches long and 1 inch in diameter. This part is sold individually and is a genuine OEM part.",
    "price": "$11.59",
    "stock_status": "In Stock",
    "rating": "3.75 out of 5",
    "reviews_count": 4
  },
  {
    "url": "https://www.partselect.com/PS734937-Frigidaire-240534801-Freezer-Door-Shelf-Retainer-Bar.htm?SourceCode=18",
    "image_url": "https://partselectcom-gtcdcddbene3cpes.z01.azurefd.net/734937-1-N-Frigidaire-240534801-Freezer-Door-Shelf-Retainer-Bar.jpg",
    "name": "Kelvinator Refrigerator Freezer Door Shelf Retainer Bar",
    "partselect_number": "PS734937",
    "manufacturer_number": "240534801",
    "description": "★★★★★\n★★★★★\n10 Reviews\nThis is the replacement door shelf retainer bar for your refrigerator. This retainer part connects to the freezer door wall, and prevents items that are stored in the freezer door from falling out when the door opens and closes. The main reason you would want to replace the retainer bar is if the old bar is broken or missing. To replace the retainer bar, simply pop the old bar out of position and snap the new one into place. This retainer bar is approximately 24 inches long and 5 inches wide. It is made of white plastic and is sold individually.",
    "price": "$27.99",
    "stock_status": "In Stock",
    "rating": "4.00 out of 5",
    "reviews_count": 10
  },
  {
    "url": "https://www.partselect.com/PS422630-Frigidaire-215366002-Door-Shelf-Retainer-Bar-Cut-to-Fit.htm?SourceCode=18",
    "image_url": "https://partselectcom-gtcdcddbene3cpes.z01.azurefd.net/422630-1-N-Frigidaire-215366002-Door-Shelf-Retainer-Bar-Cut-to-Fit.jpg",
    "name": "Kelvinator Refrigerator Door Shelf Retainer Bar - Cut To Fit",
    "partselect_number": "PS422630",
    "manufacturer_number": "215366002",
    "description": "★★★★★\n★★★★★\n2 Reviews\nThis white door shelf bar is approximately 31 inches long and provides storage space on your refrigerator door. If it becomes loose, cracked, or detached, it needs to be replaced. A damaged shelf bar can lead to sagging and insufficient support for your groceries. To remove the old shelf bar, release the retaining clips or brackets and slide it out carefully. You can cut this retainer bar to fit your fridge model. When purchasing this OEM replacement part, check how many your fridge needs as this shelf bar is sold individually.",
    "price": "$48.40",
    "stock_status": "In Stock",
    "rating": "3.00 out of 5",
    "reviews_count": 2
  },
  {
    "url": "https://www.partselect.com/PS1526037-Frigidaire-240530811-Meat-Pan.htm?SourceCode=18",
    "image_url": "https://partselectcom-gtcdcddbene3cpes.z01.azurefd.net/1526037-1-N-Frigidaire-240530811-Meat-Pan.jpg",
    "name": "Kelvinator Refrigerator Meat Pan",
    "partselect_number": "PS1526037",
    "manufacturer_number": "240530811",
    "description": "★★★★★\n★★★★★\n7 Reviews\nThis is the replacement meat pan for your refrigerator. It is made of clear plastic and is approximately 18 inches long and 13 inches wide. The meat pan slides into the bottom of the refrigerator shelf and is used to store meat and other food items. The main reason to replace the meat pan is if yours is cracked, damaged, or missing. To replace the meat pan, simply slide the old pan out, and slide the new one into place. This part is an OEM part sourced directly from the manufacturer, and is sold individually.",
    "price": "$103.29",
    "stock_status": "In Stock",
    "rating": "4.29 out of 5",
    "reviews_count": 7
  },
  {
    "url": "https://www.partselect.com/PS899288-Frigidaire-240311303-Single-Washer.htm?SourceCode=18",
    "image_url": "https://partselectcom-gtcdcddbene3cpes.z01.azurefd.net/899288-1-N-Frigidaire-240311303-Single-Washer.jpg",
    "name": "Kelvinator Refrigerator Single Washer",
    "partselect_number": "PS899288",
    "manufacturer_number": "240311303",
    "description": "★★★★★\n★★★★★\n3 Reviews\nSold Individually.",
    "price": "$17.41",
    "stock_status": "In Stock",
    "rating": "5.00 out of 5",
    "reviews_count": 3
  },
  {
    "url": "https://www.partselect.com/PS6448122-Frigidaire-5303918634-Defrost-Thermostat.htm?SourceCode=18",
    "image_url": "https://partselectcom-gtcdcddbene3cpes.z01.azurefd.net/6448122-1-N-Frigidaire-5303918634-Defrost-Thermostat.jpg",
    "name": "Kelvinator Refrigerator Defrost Thermostat",
    "partselect_number": "PS6448122",
    "manufacturer_number": "5303918634",
    "description": "★★★★★\n★★★★★\n2 Reviews",
    "price": "$33.55",
    "stock_status": "In Stock",
    "rating": "5.00 out of 5",
    "reviews_count": 2
  },
  {
    "url": "https://www.partselect.com/PS429969-Frigidaire-240350620-Shelf-Glass-Insert-Glass-ONLY.htm?SourceCode=18",
    "image_url": "https://partselectcom-gtcdcddbene3cpes.z01.azurefd.net/429969-1-N-Frigidaire-240350620-Shelf-Glass-Insert-Glass-ONLY.jpg",
    "name": "Kelvinator Refrigerator Shelf Glass Insert - Only",
    "partselect_number": "PS429969",
    "manufacturer_number": "240350620",
    "description": "★★★★★\n★★★★★\n11 Reviews\nThis is the replacement shelf insert for your refrigerator. It is made of glass and is approximately 24 inches by 16 inches. The shelf insert slides into the shelf trim and acts as a top for the crisper drawers, as well as a shelf to store food items. Replace the shelf insert if it is cracked or broken. To replace the shelf, simply slide the old shelf out, and remove the trim. Attach the trim to the new insert and slide it back into place. This part is an authentic OEM part and it is sold individually.",
    "price": "$96.67",
    "stock_status": "In Stock",
    "rating": "4.64 out of 5",
    "reviews_count": 11
  },
  {
    "url": "https://www.partselect.com/PS12712277-Frigidaire-5304517886-Refrigerator-Light-Bulb.htm?SourceCode=18",
    "image_url": "https://partselectcom-gtcdcddbene3cpes.z01.azurefd.net/12712277-1-N-Frigidaire-5304517886-Refrigerator-Light-Bulb.jpg",
    "name": "Kelvinator Refrigerator Light Bulb",
    "partselect_number": "PS12712277",
    "manufacturer_number": "5304517886",
    "description": "★★★★★\n★★★★★\n10 Reviews\nThis is an LED light for a variety of refrigerator models. This 3.8W LED light is used to shine and adequately light the contents of your refrigerator when you open its door. If your current light is significantly dimmer than normal, or simply not working anymore, it will need to be replaced. To replace this bulb, unplug your fridge momentarily, and then simply unthread the old one and screw in the new one. This bulb is sold individually and does not come with any other parts.",
    "price": "$54.10",
    "stock_status": "In Stock",
    "rating": "4.00 out of 5",
    "reviews_count": 10
  },
  {
    "url": "https://www.partselect.com/PS2361234-Frigidaire-240524102-Fan-Blade.htm?SourceCode=18",
    "image_url": "https://partselectcom-gtcdcddbene3cpes.z01.azurefd.net/2361234-1-N-Frigidaire-240524102-Fan-Blade.jpg",
    "name": "Kelvinator Refrigerator Fan Blade",
    "partselect_number": "PS2361234",
    "manufacturer_number": "240524102",
    "description": "★★★★★\n★★★★★\n16 Reviews\nThis part blows air over the condenser.",
    "price": "$33.90",
    "stock_status": "In Stock",
    "rating": "4.88 out of 5",
    "reviews_count": 16
  },
  {
    "url": "https://www.partselect.com/PS423802-Frigidaire-215846604-Defrost-Timer-120v-60hz.htm?SourceCode=18",
    "image_url": "https://partselectcom-gtcdcddbene3cpes.z01.azurefd.net/423802-1-N-Frigidaire-215846604-Defrost-Timer-120v-60hz.jpg",
    "name": "Kelvinator Refrigerator Defrost Timer (120v 60hz)",
    "partselect_number": "PS423802",
    "manufacturer_number": "215846604",
    "description": "★★★★★\n★★★★★\n12 Reviews\nThis defrost timer is designed for use in your refrigerator. The defrost timer acts as a clock, that switches the refrigerator from the freezing cycle to the defrost cycle and back. If your refrigerator is running non-stop, or is not running at all, you may need to check and replace the defrost timer. This is a 6 hour and 21 minute defrost timer. This part is made of white plastic, with 4 metal prongs protruding from one end. To complete this repair, you will need to access the old defrost timer which is located inside the console on the roof of your refrigerator. To complete this repair, you will need a 1/4-inch nut driver, a flat blade screwdriver, and a Phillips screwdriver. Be sure to disconnect power from your refrigerator before you begin this repair.",
    "price": "$32.93",
    "stock_status": "In Stock",
    "rating": "3.92 out of 5",
    "reviews_count": 12
  },
  {
    "url": "https://www.partselect.com/PS460028-Frigidaire-5303282284-Table-Type-Freezer-Wire-Shelf.htm?SourceCode=18",
    "image_url": "https://partselectcom-gtcdcddbene3cpes.z01.azurefd.net/460028-1-N-Frigidaire-5303282284-Table-Type-Freezer-Wire-Shelf.jpg",
    "name": "Kelvinator Refrigerator Table-type Freezer Wire Shelf",
    "partselect_number": "PS460028",
    "manufacturer_number": "5303282284",
    "description": "★★★★★\n★★★★★\n2 Reviews\nSold individually. NOTE: For 18 cubic feet refrigerator model order part # 240358005 for the shelf and part# 3201150 end caps, quantity 4.",
    "price": "$72.15",
    "stock_status": "In Stock",
    "rating": "1.50 out of 5",
    "reviews_count": 2
  },
  {
    "url": "https://www.partselect.com/PS2332280-Frigidaire-297243800-Door-Light-Switch.htm?SourceCode=18",
    "image_url": "https://partselectcom-gtcdcddbene3cpes.z01.azurefd.net/2332280-1-N-Frigidaire-297243800-Door-Light-Switch.jpg",
    "name": "Kelvinator Refrigerator Door Light Switch",
    "partselect_number": "PS2332280",
    "manufacturer_number": "297243800",
    "description": "★★★★★\n★★★★★\n8 Reviews\nThis is a switch for your refrigerator, but you may also know it as a door switch or a plunger light switch. This part turns your appliance light on and off as the door is opened and closed. If your current light does not turn on, it will need to be replaced. To make this repair you will need a Phillips head screwdriver, a putty knife, and a flat head screwdriver.",
    "price": "$27.39",
    "stock_status": "In Stock",
    "rating": "5.00 out of 5",
    "reviews_count": 8
  },
  {
    "url": "https://www.partselect.com/PS447389-Frigidaire-3206165-Door-Shelf-End-Cap-Right-Side.htm?SourceCode=18",
    "image_url": "https://partselectcom-gtcdcddbene3cpes.z01.azurefd.net/447389-1-N-Frigidaire-3206165-Door-Shelf-End-Cap-Right-Side.jpg",
    "name": "Kelvinator Refrigerator Door Shelf End Cap - Right Side",
    "partselect_number": "PS447389",
    "manufacturer_number": "3206165",
    "description": "This is the door shelf end cap for your refrigerator. It connects to the refrigerator door and keeps the door bar in place. Your refrigerator will have two shelf end caps, one for the right side and one for the left. This part is the right side door shelf end cap. It is made of white plastic and is a little over one inch long. This is an OEM part from the manufacturer and is sold individually.",
    "price": "$12.69",
    "stock_status": "In Stock"
  },
  {
    "url": "https://www.partselect.com/PS1525944-Frigidaire-240314011-Lower-Hinge-Bracket.htm?SourceCode=18",
    "image_url": "https://partselectcom-gtcdcddbene3cpes.z01.azurefd.net/1525944-1-N-Frigidaire-240314011-Lower-Hinge-Bracket.jpg",
    "name": "Kelvinator Refrigerator Lower Hinge Bracket",
    "partselect_number": "PS1525944",
    "manufacturer_number": "240314011",
    "description": "★★★★★\n★★★★★\n2 Reviews",
    "price": "$59.12",
    "stock_status": "In Stock",
    "rating": "4.50 out of 5",
    "reviews_count": 2
  },
  {
    "url": "https://www.partselect.com/PS11759826-Frigidaire-5304506125-Door-Gasket-Gray.htm?SourceCode=18",
    "image_url": "https://partselectcom-gtcdcddbene3cpes.z01.azurefd.net/11759826-1-N-Frigidaire-5304506125-Door-Gasket-Gray.jpg",
    "name": "Kelvinator Refrigerator Door Gasket (gray)",
    "partselect_number": "PS11759826",
    "manufacturer_number": "5304506125",
    "price": "$133.21",
    "stock_status": "In Stock"
  },
  {
    "url": "https://www.partselect.com/PS426380-Frigidaire-216594300-Compressor-Start-Relay.htm?SourceCode=18",
    "image_url": "https://partselectcom-gtcdcddbene3cpes.z01.azurefd.net/426380-1-N-Frigidaire-216594300-Compressor-Start-Relay.jpg",
    "name": "Kelvinator Refrigerator Compressor Start Relay",
    "partselect_number": "PS426380",
    "manufacturer_number": "216594300",
    "description": "The compressor start relay attaches to the compressor in your refrigerator. If your refrigerator will not start, one of the most common parts to fail is the compressor start relay. Sometimes called the controller, this device is used to boost the compressor until the unit is running. Other common symptoms connected to start relays include: refrigerator will not start, will not cool, is making a clicking, humming or buzzing sound, or the compressor itself is warm to the touch. You may also smell a burnt plastic odor if the relay has failed. Shake the relay and listen for any rattling, as this is a sign that it is faulty.",
    "price": "$39.55",
    "stock_status": "In Stock"
  },
  {
    "url": "https://www.partselect.com/PS425733-Frigidaire-216396900-Adjustable-Leveling-Foot-Black.htm?SourceCode=18",
    "image_url": "https://partselectcom-gtcdcddbene3cpes.z01.azurefd.net/425733-1-N-Frigidaire-216396900-Adjustable-Leveling-Foot-Black.jpg",
    "name": "Kelvinator Refrigerator Adjustable Leveling Foot - Black",
    "partselect_number": "PS425733",
    "manufacturer_number": "216396900",
    "description": "This part could be found underneath a fridge, dryer, or freezer. The original foot may be cracked, broken, or perhaps missing altogether. If you notice the appliance is uneven to the floor or wobbling, it may indicate that the levelling foot needs to be replaced. You will need pliers and a block of wood to perform this task. There will be one adjustable foot found in the package. Lift the dryer and place the wood to keep it propped up. You may need to use the pliers to remove the old foot. Screw the new foot into place using your hand. Once the new leveling foot is in place, lift the appliance and remove the block. Test the machine out to ensure it is now sitting level.",
    "price": "$32.29",
    "stock_status": "In Stock"
  },
  {
    "url": "https://www.partselect.com/PS1146891-Frigidaire-241613502-Humidity-Control.htm?SourceCode=18",
    "image_url": "https://partselectcom-gtcdcddbene3cpes.z01.azurefd.net/1146891-1-N-Frigidaire-241613502-Humidity-Control.jpg",
    "name": "Kelvinator Refrigerator Humidity Control",
    "partselect_number": "PS1146891",
    "manufacturer_number": "241613502",
    "price": "$43.07",
    "stock_status": "In Stock"
  },
  {
    "url": "https://www.partselect.com/PS422964-Frigidaire-215474201-Refrigerator-Evaporator-Fan-Shaft-Washer.htm?SourceCode=18",
    "image_url": "https://partselectcom-gtcdcddbene3cpes.z01.azurefd.net/422964-1-N-Frigidaire-215474201-Refrigerator-Evaporator-Fan-Shaft-Washer.jpg",
    "name": "Kelvinator Refrigerator Evaporator Fan Shaft Washer",
    "partselect_number": "PS422964",
    "manufacturer_number": "215474201",
    "price": "$26.41",
    "stock_status": "In Stock"
  },
  {
    "url": "https://www.partselect.com/PS474672-Frigidaire-5309918806-Door-Light-Switch.htm?SourceCode=18",
    "image_url": "https://partselectcom-gtcdcddbene3cpes.z01.azurefd.net/474672-1-N-Frigidaire-5309918806-Door-Light-Switch.jpg",
    "name": "Kelvinator Refrigerator Door/light Switch",
    "partselect_number": "PS474672",
    "manufacturer_number": "5309918806",
    "description": "★★★★★\n★★★★★\n3 Reviews\nThis is a door/light switch and it is a replacement part for your refrigerator. This part is activated as you open and close your refrigerator door. When the switch is activated and the door is open it will turn the light on inside your appliance, and when you close the door the switch will deactivate the light. Before purchasing this part, you may test it for continuity to determine if your current switch is defective and needs replacing. This model is white in color and measures to be roughly one inch thick, almost two inches high, and almost 1.5 inches deep, with a male end plug.",
    "price": "$30.95",
    "stock_status": "In Stock",
    "rating": "4.67 out of 5",
    "reviews_count": 3
  },
  {
    "url": "https://www.partselect.com/PS899295-Frigidaire-240336802-Center-Hinge-Spacer.htm?SourceCode=18",
    "image_url": "https://partselectcom-gtcdcddbene3cpes.z01.azurefd.net/899295-1-N-Frigidaire-240336802-Center-Hinge-Spacer.jpg",
    "name": "Kelvinator Refrigerator Center Hinge Spacer",
    "partselect_number": "PS899295",
    "manufacturer_number": "240336802",
    "description": "This is placed between the center hinge bracket and the refrigerator frame.",
    "price": "$26.68",
    "stock_status": "In Stock"
  },
  {
    "url": "https://www.partselect.com/PS12729020-Frigidaire-5304521786-Refrigerator-Wire-Harness.htm?SourceCode=18",
    "image_url": "https://partselectcom-gtcdcddbene3cpes.z01.azurefd.net/12729020-1-N-Frigidaire-5304521786-Refrigerator-Wire-Harness.jpg",
    "name": "Kelvinator Refrigerator Wire Harness",
    "partselect_number": "PS12729020",
    "manufacturer_number": "5304521786",
    "description": "★★★★★\n★★★★★\n1 Review\nThe wire harness supplies power to electrical components in the refrigerator.",
    "price": "$80.31",
    "stock_status": "In Stock",
    "rating": "5.00 out of 5",
    "reviews_count": 1
  },
  {
    "url": "https://www.partselect.com/PS976957-Frigidaire-241542001-Air-Diffuser.htm?SourceCode=18",
    "image_url": "https://partselectcom-gtcdcddbene3cpes.z01.azurefd.net/976957-1-N-Frigidaire-241542001-Air-Diffuser.jpg",
    "name": "Kelvinator Refrigerator Air Diffuser",
    "partselect_number": "PS976957",
    "manufacturer_number": "241542001",
    "description": "This part is the upper portion of the refrigerator air deflector and diffuser.",
    "price": "$58.36",
    "stock_status": "In Stock"
  },
  {
    "url": "https://www.partselect.com/PS1526031-Frigidaire-240516502-Lower-Hinge-Pin.htm?SourceCode=18",
    "image_url": "https://partselectcom-gtcdcddbene3cpes.z01.azurefd.net/1526031-1-N-Frigidaire-240516502-Lower-Hinge-Pin.jpg",
    "name": "Kelvinator Refrigerator Lower Hinge Pin",
    "partselect_number": "PS1526031",
    "manufacturer_number": "240516502",
    "price": "$55.24",
    "stock_status": "In Stock"
  },
  {
    "url": "https://www.partselect.com/PS1532720-Frigidaire-5304456667-Micro-Switch.htm?SourceCode=18",
    "image_url": "https://partselectcom-gtcdcddbene3cpes.z01.azurefd.net/1532720-1-N-Frigidaire-5304456667-Micro-Switch.jpg",
    "name": "Kelvinator Refrigerator Micro Switch",
    "partselect_number": "PS1532720",
    "manufacturer_number": "5304456667",
    "description": "★★★★★\n★★★★★\n1 Review\nThe micro switch in your refrigerator aids in the dispensing of ice and water. This micro switch controls the on/off function of the ice/water dispenser of your refrigerator. If you notice that your refrigerator is not dispensing ice or water properly, you may need to replace your micro switch. This part is made of black plastic, with three metal prongs. The plastic portion of this part is approximately one inch in length. This is an OEM part sourced directly from the manufacturer. Be sure to unplug your refrigerator from the power source before you begin this repair.",
    "price": "$67.27",
    "stock_status": "In Stock",
    "rating": "3.00 out of 5",
    "reviews_count": 1
  },
  {
    "url": "https://www.partselect.com/PS1991401-Frigidaire-241839407-Kickplate-Grille.htm?SourceCode=18",
    "image_url": "https://partselectcom-gtcdcddbene3cpes.z01.azurefd.net/1991401-1-N-Frigidaire-241839407-Kickplate-Grille.jpg",
    "name": "Kelvinator Refrigerator Kickplate Grille",
    "partselect_number": "PS1991401",
    "manufacturer_number": "241839407",
    "description": "★★★★★\n★★★★★\n3 Reviews\nThis kickplate grille is attached to the bottom of the refrigerator.",
    "price": "$48.46",
    "stock_status": "In Stock",
    "rating": "4.67 out of 5",
    "reviews_count": 3
  },
  {
    "url": "https://www.partselect.com/PS455458-Frigidaire-5303208309-Plug-Button-White.htm?SourceCode=18",
    "image_url": "https://partselectcom-gtcdcddbene3cpes.z01.azurefd.net/455458-1-N-Frigidaire-5303208309-Plug-Button-White.jpg",
    "name": "Kelvinator Refrigerator Plug Button (white)",
    "partselect_number": "PS455458",
    "manufacturer_number": "5303208309",
    "price": "$48.95",
    "stock_status": "In Stock"
  },
  {
    "url": "https://www.partselect.com/PS2332151-Frigidaire-297165801-Drain-Pan.htm?SourceCode=18",
    "image_url": "https://partselectcom-gtcdcddbene3cpes.z01.azurefd.net/2332151-1-N-Frigidaire-297165801-Drain-Pan.jpg",
    "name": "Kelvinator Refrigerator Drain Pan",
    "partselect_number": "PS2332151",
    "manufacturer_number": "297165801",
    "description": "Manufacturer Part Number 297165801",
    "price": "$55.39",
    "stock_status": "Special Order"
  },
  {
    "url": "https://www.partselect.com/PS2373818-Frigidaire-5304475102-Compressor.htm?SourceCode=18",
    "image_url": "https://partselectcom-gtcdcddbene3cpes.z01.azurefd.net/2373818-1-N-Frigidaire-5304475102-Compressor.jpg",
    "name": "Kelvinator Refrigerator Compressor",
    "partselect_number": "PS2373818",
    "manufacturer_number": "5304475102",
    "description": "★★★★★\n★★★★★\n2 Reviews\nThis is the mechanics (motor/engine) of the cooling system. It kicks in whenever the thermostat demands cooling. ***NOTE: This part needs to be installed by a trained professional in appliance repair. It requires special tools and knowledge to do so.",
    "price": "$325.95",
    "stock_status": "In Stock",
    "rating": "4.50 out of 5",
    "reviews_count": 2
  },
  {
    "url": "https://www.partselect.com/PS10060242-Frigidaire-297366805-CORD.htm?SourceCode=18",
    "image_url": "https://partselectcom-gtcdcddbene3cpes.z01.azurefd.net/10060242-1-N-Frigidaire-297366805-CORD.jpg",
    "name": "Kelvinator Refrigerator Cord",
    "partselect_number": "PS10060242",
    "manufacturer_number": "297366805",
    "description": "Manufacturer Part Number 297366805",
    "price": "$54.27",
    "stock_status": "In Stock"
  },
  {
    "url": "https://www.partselect.com/PS2331976-Frigidaire-241889002-Refrigerator-Front-Roller-Assembly-Left-Side.htm?SourceCode=18",
    "image_url": "https://partselectcom-gtcdcddbene3cpes.z01.azurefd.net/2331976-1-N-Frigidaire-241889002-Refrigerator-Front-Roller-Assembly-Left-Side.jpg",
    "name": "Kelvinator Refrigerator Front Roller Assembly Left Side",
    "partselect_number": "PS2331976",
    "manufacturer_number": "241889002",
    "description": "Manufacturer Part Number 241889002",
    "price": "$52.95",
    "stock_status": "In Stock"
  },
  {
    "url": "https://www.partselect.com/PS1527394-Frigidaire-297071000-PANEL-INNER-DOOR.htm?SourceCode=18",
    "image_url": "https://partselectcom-gtcdcddbene3cpes.z01.azurefd.net/1527394-1-N-Frigidaire-297071000-PANEL-INNER-DOOR.jpg",
    "name": "Kelvinator Refrigerator Panel-inner Door",
    "partselect_number": "PS1527394",
    "manufacturer_number": "297071000",
    "description": "Manufacturer Part Number 297071000",
    "price": "$122.45",
    "stock_status": "Special Order"
  },
  {
    "url": "https://www.partselect.com/PS11766430-Frigidaire-5304506124-Door-Gasket-Black.htm?SourceCode=18",
    "image_url": "https://partselectcom-gtcdcddbene3cpes.z01.azurefd.net/11766430-1-N-Frigidaire-5304506124-Door-Gasket-Black.jpg",
    "name": "Kelvinator Refrigerator Door Gasket (black)",
    "partselect_number": "PS11766430",
    "manufacturer_number": "5304506124",
    "description": "★★★★★\n★★★★★\n3 Reviews\nThis is an OEM door gasket (black), which works with refrigerators and freezers.",
    "price": "$136.95",
    "stock_status": "In Stock",
    "rating": "4.67 out of 5",
    "reviews_count": 3
  },
  {
    "url": "https://www.partselect.com/PS473211-Frigidaire-5308000186-Washer-White.htm?SourceCode=18",
    "image_url": "https://partselectcom-gtcdcddbene3cpes.z01.azurefd.net/473211-1-N-Frigidaire-5308000186-Washer-White.jpg",
    "name": "Kelvinator Refrigerator Washer - White",
    "partselect_number": "PS473211",
    "manufacturer_number": "5308000186",
    "description": "Sold Individually.",
    "price": "$12.95",
    "stock_status": "In Stock"
  },
  {
    "url": "https://www.partselect.com/PS430881-Frigidaire-240494001-Button-Plug.htm?SourceCode=18",
    "image_url": "https://partselectcom-gtcdcddbene3cpes.z01.azurefd.net/430881-1-N-Frigidaire-240494001-Button-Plug.jpg",
    "name": "Kelvinator Refrigerator Button Plug",
    "partselect_number": "PS430881",
    "manufacturer_number": "240494001",
    "description": "Sold individually.",
    "price": "$24.95",
    "stock_status": "In Stock"
  },
  {
    "url": "https://www.partselect.com/PS2332233-Frigidaire-297215900-Top-Hinge-Door-Closer.htm?SourceCode=18",
    "image_url": "https://partselectcom-gtcdcddbene3cpes.z01.azurefd.net/2332233-1-N-Frigidaire-297215900-Top-Hinge-Door-Closer.jpg",
    "name": "Kelvinator Refrigerator Top Hinge (door Closer)",
    "partselect_number": "PS2332233",
    "manufacturer_number": "297215900",
    "description": "Manufacturer Part Number 297215900",
    "price": "$93.05",
    "stock_status": "In Stock"
  },
  {
    "url": "https://www.partselect.com/PS2358907-Frigidaire-297078701-Evaporator-Insulator.htm?SourceCode=18",
    "image_url": "https://partselectcom-gtcdcddbene3cpes.z01.azurefd.net/2358907-1-N-Frigidaire-297078701-Evaporator-Insulator.jpg",
    "name": "Kelvinator Refrigerator Evaporator Insulator",
    "partselect_number": "PS2358907",
    "manufacturer_number": "297078701",
    "description": "Manufacturer Part Number 297078701",
    "price": "$7.95",
    "stock_status": "In Stock"
  },
  {
    "url": "https://www.partselect.com/PS3504287-Frigidaire-240410206-Refrigerator-Freezer-Door-Assembly.htm?SourceCode=18",
    "image_url": "https://partselectcom-gtcdcddbene3cpes.z01.azurefd.net/3504287-1-N-Frigidaire-240410206-Refrigerator-Freezer-Door-Assembly.jpg",
    "name": "Kelvinator Refrigerator Freezer Door Assembly",
    "partselect_number": "PS3504287",
    "manufacturer_number": "240410206",
    "description": "Manufacturer Part Number 240410206",
    "price": "$309.95",
    "stock_status": "Special Order"
  },
  {
    "url": "https://www.partselect.com/PS11699988-Frigidaire-215774922-Plug-Button.htm?SourceCode=18",
    "image_url": "https://partselectcom-gtcdcddbene3cpes.z01.azurefd.net/11699988-1-N-Frigidaire-215774922-Plug-Button.jpg",
    "name": "Kelvinator Refrigerator Plug Button",
    "partselect_number": "PS11699988",
    "manufacturer_number": "215774922",
    "price": "$26.95",
    "stock_status": "In Stock"
  },
  {
    "url": "https://www.partselect.com/PS3490420-Frigidaire-241696606-Condenser-Fan-Motor.htm?SourceCode=18",
    "image_url": "https://partselectcom-gtcdcddbene3cpes.z01.azurefd.net/3490420-1-N-Frigidaire-241696606-Condenser-Fan-Motor.jpg",
    "name": "Kelvinator Refrigerator Condenser Fan Motor",
    "partselect_number": "PS3490420",
    "manufacturer_number": "241696606",
    "price": "$120.49",
    "stock_status": "In Stock"
  },
  {
    "name": "Kelvinator Air Conditioner Parts",
    "url": "https://www.partselect.com/Kelvinator-Air-Conditioner-Parts.htm",
    "description": "Kelvinator Air Conditioner Parts"
  },
  {
    "name": "Kelvinator Dehumidifier Parts",
    "url": "https://www.partselect.com/Kelvinator-Dehumidifier-Parts.htm",
    "description": "Kelvinator Dehumidifier Parts"
  },
  {
    "name": "Kelvinator Dishwasher Parts",
    "url": "https://www.partselect.com/Kelvinator-Dishwasher-Parts.htm",
    "description": "Kelvinator Dishwasher Parts"
  },
  {
    "name": "Kelvinator Dryer Parts",
    "url": "https://www.partselect.com/Kelvinator-Dryer-Parts.htm",
    "description": "Kelvinator Dryer Parts"
  },
  {
    "name": "Kelvinator Freezer Parts",
    "url": "https://www.partselect.com/Kelvinator-Freezer-Parts.htm",
    "description": "Kelvinator Freezer Parts"
  },
  {
    "name": "Kelvinator Parts",
    "url": "https://www.partselect.com/Kelvinator-Parts.htm",
    "description": "Kelvinator Parts"
  },
  {
    "name": "Kelvinator Range Parts",
    "url": "https://www.partselect.com/Kelvinator-Range-Parts.htm",
    "description": "Kelvinator Range Parts"
  },
  {
    "name": "Kelvinator Washer Parts",
    "url": "https://www.partselect.com/Kelvinator-Washer-Parts.htm",
    "description": "Kelvinator Washer Parts"
  }
]