[
  {
    "url": "https://www.partselect.com/PS12585623-Frigidaire-5304517203-Lower-Spray-Arm.htm?SourceCode=18",
    "image_url": "https://partselectcom-gtcdcddbene3cpes.z01.azurefd.net/12585623-1-N-Frigidaire-5304517203-Lower-Spray-Arm.jpg",
    "name": "Kelvinator Dishwasher Lower Spray Arm",
    "partselect_number": "PS12585623",
    "manufacturer_number": "5304517203",
    "description": "★★★★★\n★★★★★\n143 Reviews\nThe Lower Spray Arm is used in your dishwasher to spray water and clean your dishes. If broken there will be visible damage or your dishes may no longer be cleaned properly. If your spray arm is broken (due to general wear or high heat), it should be replaced. Your lower spray arm will be located at the bottom of your dishwasher tub. Check your user manual and model number to ensure this model is right for you. This version is plastic and metal and comes in gray/blue. We recommend you wear work gloves to keep your hands safe when installing and disconnect power to the appliance. You will also want to make sure that you turn off the water supply to your dishwasher. From here, you will want to open the dishwasher, pull out the lower rack and set it aside. Remove the lower wash arm. On each side of the bottom of the spray arm, there are small locking tabs that can be pushed aside using a flathead screwdriver. Once released, the spray arm can easily be pulled off the dishwasher. Put the new lower wash arm in place and push it down to lock it in. Ensure it is spinning freely and does not hit the heating element. Return the lower dish rack into place and then close the dishwasher door.",
    "price": "$\n39.86",
    "stock_status": "In Stock",
    "rating": "4.8/5",
    "reviews_count": 143,
    "reviews": [
      {
        "rating": "5.0/5",
        "reviewer": "Kenneth C",
        "date": "November 22, 2024",
        "title": "Kenneth C",
        "content": "Exact fit and works as expected."
      },
      {
        "rating": "5.0/5",
        "reviewer": "Bruce B",
        "date": "January 31, 2025",
        "title": "Bruce B",
        "content": "It was easy to install and very well made. I bought one from another company and it came off during operation and broke. So I came here and am very satisfied."
      },
      {
        "rating": "5.0/5",
        "reviewer": "Rob C",
        "date": "November 9, 2019",
        "title": "Rob C",
        "content": "Part worked great and was easy to install. Be alert to the shipping options though. I paid for the 2-3 day shipping which ended up taking 5 business days. When I asked customer service about this I was basically told that it doesn’t actually mean 2-3 days."
      },
      {
        "rating": "5.0/5",
        "reviewer": "Louize S",
        "date": "November 5, 2019",
        "title": "Louize S",
        "content": "Part snapped right in and started working. It's a bright blue color not the original off white. Didn't bother me because it's on the inside but thought I'd mention it."
      },
      {
        "rating": "5.0/5",
        "reviewer": "Tyler S",
        "date": "January 17, 2020",
        "title": "Tyler S",
        "content": "Part was in great condition, fit as expected, and now my dish washer is working great!"
      },
      {
        "rating": "5.0/5",
        "reviewer": "Jerry Z",
        "date": "March 23, 2021",
        "title": "Jerry Z",
        "content": "It was easy to find the part I needed and was delivered in just 4 days. Doesn't look like the original, but works perfectly."
      },
      {
        "rating": "5.0/5",
        "reviewer": "Patrick K",
        "date": "March 14, 2020",
        "title": "Patrick K",
        "content": "We needed the bottom sprayer arm for our dishwasher. We order the part and the shipping time was awesome."
      },
      {
        "rating": "5.0/5",
        "reviewer": "JASON C",
        "date": "September 14, 2021",
        "title": "JASON C",
        "content": "replaced for my machine, works great"
      },
      {
        "rating": "5.0/5",
        "reviewer": "Beachgate S",
        "date": "November 9, 2019",
        "title": "Beachgate S",
        "content": "The Part was as described and needed; saved us from having to purchase a new D/W as Frigidaire said they no longer stocked the part. (DW was only 18 months old and lower spray arm broke b/c someone placed a pot handle in wrong position so it was struck during washing cycle.) only issue was that there were apparently no instructions which told you to tighten down part (or they were not read), and it came off, sustaining damage to part. Handyman who installed is ordering new part at his expense. Otherwise, very happy experience."
      },
      {
        "rating": "5.0/5",
        "reviewer": "Jeffery S",
        "date": "September 10, 2019",
        "title": "Jeffery S",
        "content": "The right part, right price, fast!"
      }
    ],
    "repair_stories": [],
    "symptoms_fixed": "Not cleaning dishes properly | Leaking | Noisy | Not draining",
    "works_with": "Dishwasher.",
    "also_replaces": [
      "154250801",
      "154250901",
      "154281101",
      "154414101",
      "154414102",
      "154568001",
      "154568002",
      "5304506526"
    ],
    "video_url": "https://www.youtube.com/watch?v=HiQvsf7qtW4"
  },
  {
    "url": "https://www.partselect.com/PS8260227-Frigidaire-154827601-Dishwasher-Tub-Gasket-Gray.htm?SourceCode=18",
    "image_url": "https://partselectcom-gtcdcddbene3cpes.z01.azurefd.net/8260227-1-N-Frigidaire-154827601-Dishwasher-Tub-Gasket-Gray.jpg",
    "name": "Kelvinator Dishwasher Tub Gasket (gray)",
    "partselect_number": "PS8260227",
    "manufacturer_number": "154827601",
    "description": "★★★★★\n★★★★★\n50 Reviews\nThis grey OEM dishwasher tub gasket is a 73\" grey rubber part that creates a seal around the dishwasher to prevent any water leakage during a cycle. If it's damaged or broken, you'll start seeing water leaking out. If broken, it should be replaced. Refer to your model number and user manual to ensure this part is right for you. When making this repair, open the dishwasher door and take out the lower dish tray for better access. Pull out the old gasket, and clean the channel with a rag. Push the new gasket into place into the notch on the door, which you should see upon close inspection, using a flat-head screwdriver for assistance if necessary. We do not recommend cutting any additional length off on the tub gasket if any is present during your repair.",
    "price": "$\n15.99",
    "stock_status": "In Stock",
    "rating": "4.8/5",
    "reviews_count": 50,
    "reviews": [],
    "repair_stories": [],
    "symptoms_fixed": "Leaking | Door won’t close | Not cleaning dishes properly | Door latch failure",
    "works_with": "Dishwasher.",
    "also_replaces": [
      "AP5690109",
      "2705419",
      "154827601",
      "154211801",
      "154219501",
      "154561001",
      "154561002",
      "154782401",
      "154845301"
    ],
    "video_url": "https://www.youtube.com/watch?v=lFojJCHQjRU"
  },
  {
    "url": "https://www.partselect.com/PS9495545-Frigidaire-809006501-Dishwasher-Bottom-Door-Gasket.htm?SourceCode=18",
    "image_url": "https://partselectcom-gtcdcddbene3cpes.z01.azurefd.net/9495545-1-N-Frigidaire-809006501-Dishwasher-Bottom-Door-Gasket.jpg",
    "name": "Kelvinator Dishwasher Bottom Door Gasket",
    "partselect_number": "PS9495545",
    "manufacturer_number": "809006501",
    "description": "★★★★★\n★★★★★\n206 Reviews\nThis dishwasher door gasket (Bottom Gasket, Gasket, Door Seal, Dishwasher Door Lower Seal) helps prevent water from leaking out of the bottom edge of your dishwasher door by creating a watertight seal. This part is attached to the bottom of your dishwasher inner door panel. It is frequently exposed to water and detergent during its lifetime. The water and chemicals can eventually wear down the gasket and compromise the integrity of the seal. If the gasket is malfunctioning, the integrity of the door seal will be effected. You will notice leaking through the bottom of your dishwasher door. If your dishwasher is leaking water from the bottom of the door, first inspect the seal for food particles near the bottom and sides, and remove the buildup, as it can stop the door from closing properly and keeping a tight seal; if not, you may need to replace the bottom door gasket. Check the door gasket for tears, cuts, or wear. This part is sold individually and measures 22.5 inches by 1.25 inches. It is constructed of plastic, and comes in yellow/grey. Includes one lower door gasket.",
    "price": "$\n36.81",
    "stock_status": "In Stock",
    "rating": "4.8/5",
    "reviews_count": 206,
    "reviews": [],
    "repair_stories": [],
    "symptoms_fixed": "Leaking | Not cleaning dishes properly | Door won’t close | Door latch failure",
    "works_with": "Dishwasher.",
    "also_replaces": [
      "AP5809675",
      "154297601",
      "154297602",
      "154297603",
      "154576501",
      "154588201",
      "154759101"
    ],
    "video_url": "https://www.youtube.com/watch?v=7NfdyJp1zKA"
  },
  {
    "url": "https://www.partselect.com/PS17219658-Frigidaire-5304535379-Lower-Rack-Assembly-Grey.htm?SourceCode=18",
    "image_url": "https://partselectcom-gtcdcddbene3cpes.z01.azurefd.net/17219658-1-N-Frigidaire-5304535379-Lower-Rack-Assembly-Grey.jpg",
    "name": "Kelvinator Dishwasher Lower Rack Assembly (grey)",
    "partselect_number": "PS17219658",
    "manufacturer_number": "5304535379",
    "description": "★★★★★\n★★★★★\n20 Reviews\nThis dishrack is for dishwashers. The dishrack holds the dishes in place during the dishwashing cycle.",
    "price": "$79.85",
    "stock_status": "In Stock",
    "rating": "4.75 out of 5",
    "reviews_count": 20
  },
  {
    "url": "https://www.partselect.com/PS16745479-Frigidaire-5304532229-Wheel-Bushing-Assembly.htm?SourceCode=18",
    "image_url": "https://partselectcom-gtcdcddbene3cpes.z01.azurefd.net/16745479-1-N-Frigidaire-5304532229-Wheel-Bushing-Assembly.jpg",
    "name": "Kelvinator Dishwasher Wheel & Bushing Assembly",
    "partselect_number": "PS16745479",
    "manufacturer_number": "5304532229",
    "description": "★★★★★\n★★★★★\n25 Reviews\nThe single rack roller kit comes with one axle/clip and one wheel/roller. The rack wheel is designed to allow the rack of your dishwasher to roll in and out. If the rack will not complete this task, or you notice that your dishwasher is not cleaning dishes properly, you may need to replace the rack wheel. The single rack roller kit is made of white plastic, and clips to the dishwasher rack with the included axle/clip. Many of our customers have described this repair as easy, and you will not require any tools to complete it. Lower rack roller and bracket assembly, grey. Wheel has been updated. If wheel pictured is not like old one, you may need to replace all wheels.",
    "price": "$10.62",
    "stock_status": "In Stock",
    "rating": "4.64 out of 5",
    "reviews_count": 25
  },
  {
    "url": "https://www.partselect.com/PS17219659-Frigidaire-5304535380-Upper-Rack-Assembly-Grey.htm?SourceCode=18",
    "image_url": "https://partselectcom-gtcdcddbene3cpes.z01.azurefd.net/17219659-1-N-Frigidaire-5304535380-Upper-Rack-Assembly-Grey.jpg",
    "name": "Kelvinator Dishwasher Upper Rack Assembly (grey)",
    "partselect_number": "PS17219659",
    "manufacturer_number": "5304535380",
    "description": "★★★★★\n★★★★★\n13 Reviews\nReplace your damaged upper dishrack with this durable and genuine OEM replacement, compatible with select Frigidaire, Electrolux, White Westinghouse, and Tappan dishwashers. Its grey finish and sturdy construction ensure secure dish placement and optimal cleaning performance. Check your model number for compatibility before ordering.",
    "price": "$90.19",
    "stock_status": "In Stock",
    "rating": "4.54 out of 5",
    "reviews_count": 13
  },
  {
    "url": "https://www.partselect.com/PS17219660-Frigidaire-5304535381-Upper-Wheel-And-Bushing-Assembly-Black.htm?SourceCode=18",
    "image_url": "https://partselectcom-gtcdcddbene3cpes.z01.azurefd.net/17219660-1-N-Frigidaire-5304535381-Upper-Wheel-And-Bushing-Assembly-Black.jpg",
    "name": "Kelvinator Dishwasher Upper Wheel And Bushing Assembly (black)",
    "partselect_number": "PS17219660",
    "manufacturer_number": "5304535381",
    "description": "★★★★★\n★★★★★\n2 Reviews\nThe upper dishrack roller and axel kit comes with two pieces, a wheel and an axle. This kit is made for your dishwasher. Both pieces measure to be roughly one square inch each, they are made entirely of plastic, and are white in color. The purpose of these parts is to allow your dishrack to roll easily on the support rails. This kit is sold individually and contains only one wheel and one axle. Please order the required quantity for your repair. If your dishrack is having trouble rolling in and out you may need replace your rollers and axles.",
    "price": "$6.74",
    "stock_status": "In Stock",
    "rating": "5.00 out of 5",
    "reviews_count": 2
  },
  {
    "url": "https://www.partselect.com/PS12712289-Frigidaire-5304518968-Lower-Spray-Arm-Support.htm?SourceCode=18",
    "image_url": "https://partselectcom-gtcdcddbene3cpes.z01.azurefd.net/12712289-1-N-Frigidaire-5304518968-Lower-Spray-Arm-Support.jpg",
    "name": "Kelvinator Dishwasher Lower Spray Arm Support",
    "partselect_number": "PS12712289",
    "manufacturer_number": "5304518968",
    "description": "★★★★★\n★★★★★\n20 Reviews\nThis lower spray arm is a genuine OEM part for various makes and models of dishwasher and is sold as an individual part. This part attaches to the lower spray assembly of your dishwasher and the lower spray arm itself clips into this part to facilitate its spinning movement during the washing cycle. To replace it, remove the spray arm by pulling it out, remove the surrounding circular clip and then twist to remove this bit. Made completely of plastic, this part measures approximately 3-inches deep, 2-inches wide, and 3.125-inches tall.",
    "price": "$18.38",
    "stock_status": "In Stock",
    "rating": "4.85 out of 5",
    "reviews_count": 20
  },
  {
    "url": "https://www.partselect.com/PS2203346-Frigidaire-154701001-Splash-Shield-Kit.htm?SourceCode=18",
    "image_url": "https://partselectcom-gtcdcddbene3cpes.z01.azurefd.net/2203346-1-N-Frigidaire-154701001-Splash-Shield-Kit.jpg",
    "name": "Kelvinator Dishwasher Splash Shield Kit",
    "partselect_number": "PS2203346",
    "manufacturer_number": "154701001",
    "description": "★★★★★\n★★★★★\n9 Reviews\nThis splash shield kit is used in dishwashers and is attached to the lower front corners of the tub. The splash shield is used to prevent water from spraying past the door seal. If your dishwasher is leaking from the corners of the door gasket, replace this part. For this repair, the only tool needed is a flathead screwdriver. The measurements of this part are: 1.50 inches in length, 0.50 inches in width, 1.70 inches in height. It weighs 0.10 pounds. Remember to unplug your appliance from the power source as a safety precaution.",
    "price": "$29.05",
    "stock_status": "In Stock",
    "rating": "4.89 out of 5",
    "reviews_count": 9
  },
  {
    "url": "https://www.partselect.com/PS8689824-Frigidaire-A00126401-Drain-Pump-120V-60Hz.htm?SourceCode=18",
    "image_url": "https://partselectcom-gtcdcddbene3cpes.z01.azurefd.net/8689824-1-N-Frigidaire-A00126401-Drain-Pump-120V-60Hz.jpg",
    "name": "Kelvinator Dishwasher Drain Pump -120v 60hz",
    "partselect_number": "PS8689824",
    "manufacturer_number": "A00126401",
    "description": "★★★★★\n★★★★★\n17 Reviews\nThis is a drain pump assembly for various compatible models of dishwashers, that is responsible for draining the water from the dishwasher after every cycle. This drain pump assembly is made of plastic and fits within the sump assembly, which controls the flow of water into the drain. This drain pump assembly is a genuine OEM part and is made of a high-quality plastic but is sold as an individual component without any other parts, like its drain pump check ball which works within the pump to prevent water from backwashing into the pump, as well as the drain pump cover. If you notice your dishwasher is not draining or has a lot of water buildup at the bottom of the sump assembly, this filter may be damaged, clogged or broken, and in need of a replacement. To replace this pump assembly, you will only need a Philips-head screwdriver, but should start by removing your dishwasher racks. Then, pull up on the lower spray arm, and drain trap to remove them. Next, rotate the spray arm support and pull that up to remove it, at which point you can remove the base and filter for the drain pump. With those out, you can use your Philips-head screwdriver to disconnect and remove the cover and drain pump assembly. With the pump removed, you can inspect it or install the new drain pump assembly, with the same hardware as before. Then it is as simple as reassembling the rest of your dishwasher, ensuring each connection point is fastened tightly.",
    "price": "$92.10",
    "stock_status": "In Stock",
    "rating": "4.88 out of 5",
    "reviews_count": 17
  },
  {
    "url": "https://www.partselect.com/PS16218301-Frigidaire-5304509753-BASKET.htm?SourceCode=18",
    "image_url": "https://partselectcom-gtcdcddbene3cpes.z01.azurefd.net/16218301-1-N-Frigidaire-5304509753-BASKET.jpg",
    "name": "Kelvinator Dishwasher Basket",
    "partselect_number": "PS16218301",
    "manufacturer_number": "5304509753",
    "description": "★★★★★\n★★★★★\n3 Reviews\nThis is a basket for your dishwasher. It sits in the lower dishrack and holds small utensils during a washing cycle. This basket has six smaller sections where you can separate your cutlery into specific groups. This silverware holder is made entirely of plastic with a crisscross pattern allowing water and small food particles to pass through it during the cleaning process. This model is grey and roughly 14 inches long, about 6 inches high, and almost 4 inches thick.",
    "price": "$40.27",
    "stock_status": "In Stock",
    "rating": "5.00 out of 5",
    "reviews_count": 3
  },
  {
    "url": "https://www.partselect.com/PS421128-Frigidaire-154388801-Rinse-Aid-Cap.htm?SourceCode=18",
    "image_url": "https://partselectcom-gtcdcddbene3cpes.z01.azurefd.net/421128-1-N-Frigidaire-154388801-Rinse-Aid-Cap.jpg",
    "name": "Kelvinator Dishwasher Rinse Aid Cap",
    "partselect_number": "PS421128",
    "manufacturer_number": "154388801",
    "description": "★★★★★\n★★★★★\n13 Reviews\nThis is a replacement cap for the detergent/rinse aid dispenser. If the rinse aid cap is damaged or missing, you may notice too much rinse aid in the dishwasher. The cap simply screws into the dispenser, so if your cap is damaged you can simply screw it out, then screw in the new one. The rinse aid cap is approximately 2 inches in diameter and is sold individually. This is an OEM part, directly from the manufacturer.",
    "price": "$33.55",
    "stock_status": "In Stock",
    "rating": "4.62 out of 5",
    "reviews_count": 13
  },
  {
    "url": "https://www.partselect.com/PS8689794-Frigidaire-807048001-Flapper-Valve.htm?SourceCode=18",
    "image_url": "https://partselectcom-gtcdcddbene3cpes.z01.azurefd.net/8689794-1-N-Frigidaire-807048001-Flapper-Valve.jpg",
    "name": "Kelvinator Dishwasher Flapper Valve",
    "partselect_number": "PS8689794",
    "manufacturer_number": "807048001",
    "description": "★★★★★\n★★★★★\n1 Review",
    "price": "$15.63",
    "stock_status": "In Stock",
    "rating": "5.00 out of 5",
    "reviews_count": 1
  },
  {
    "url": "https://www.partselect.com/PS420500-Frigidaire-154252701-Drain-Trap.htm?SourceCode=18",
    "image_url": "https://partselectcom-gtcdcddbene3cpes.z01.azurefd.net/420500-1-N-Frigidaire-154252701-Drain-Trap.jpg",
    "name": "Kelvinator Dishwasher Drain Trap",
    "partselect_number": "PS420500",
    "manufacturer_number": "154252701",
    "description": "★★★★★\n★★★★★\n4 Reviews\nPart is found under the lower spray arm.",
    "price": "$48.45",
    "stock_status": "In Stock",
    "rating": "4.50 out of 5",
    "reviews_count": 4
  },
  {
    "url": "https://www.partselect.com/PS11704182-Frigidaire-5304501484-Kickplate-Grille-Black.htm?SourceCode=18",
    "image_url": "https://partselectcom-gtcdcddbene3cpes.z01.azurefd.net/11704182-1-N-Frigidaire-5304501484-Kickplate-Grille-Black.jpg",
    "name": "Kelvinator Dishwasher Kickplate Grille (black)",
    "partselect_number": "PS11704182",
    "manufacturer_number": "5304501484",
    "description": "★★★★★\n★★★★★\n2 Reviews\nThis part is the replacement kickplate grille or toe panel for your dishwasher. It is black in color and is approximately 7 inches by 24 inches. The kickplate grille is a decorative panel that covers up the opening at the bottom of your dishwasher. If your kickplate is damaged or missing, this is the part that will replace it. To replace the kickplate grille, simply unscrew it from the bottom of your dishwasher, then line up the new kickplate with the locator pins and screw it back into place. This part is an OEM part from the manufacturer and is sold individually.",
    "price": "$48.91",
    "stock_status": "In Stock",
    "rating": "5.00 out of 5",
    "reviews_count": 2
  },
  {
    "url": "https://www.partselect.com/PS12746654-Frigidaire-5304523457-Dishwasher-Water-Inlet-Tubing.htm?SourceCode=18",
    "image_url": "https://partselectcom-gtcdcddbene3cpes.z01.azurefd.net/12746654-1-N-Frigidaire-5304523457-Dishwasher-Water-Inlet-Tubing.jpg",
    "name": "Kelvinator Dishwasher Water Inlet Tubing",
    "partselect_number": "PS12746654",
    "manufacturer_number": "5304523457",
    "description": "★★★★★\n★★★★★\n3 Reviews\nThe tubing carries water from the water inlet valve to the tub.",
    "price": "$20.74",
    "stock_status": "In Stock",
    "rating": "3.67 out of 5",
    "reviews_count": 3
  },
  {
    "url": "https://www.partselect.com/PS2355742-Frigidaire-154665201-Heating-Element.htm?SourceCode=18",
    "image_url": "https://partselectcom-gtcdcddbene3cpes.z01.azurefd.net/2355742-1-N-Frigidaire-154665201-Heating-Element.jpg",
    "name": "Kelvinator Dishwasher Heating Element",
    "partselect_number": "PS2355742",
    "manufacturer_number": "154665201",
    "description": "★★★★★\n★★★★★\n4 Reviews\nThis part is not designed to heat the water that enters it, but is designed to maintain the heat of the water that enters the dishwasher and is located on the bottom of the dishwasher. Grommets are included with this part.",
    "price": "$57.18",
    "stock_status": "In Stock",
    "rating": "4.75 out of 5",
    "reviews_count": 4
  },
  {
    "url": "https://www.partselect.com/PS3492842-Frigidaire-154773201-Float-Switch.htm?SourceCode=18",
    "image_url": "https://partselectcom-gtcdcddbene3cpes.z01.azurefd.net/3492842-1-N-Frigidaire-154773201-Float-Switch.jpg",
    "name": "Kelvinator Dishwasher Float Switch",
    "partselect_number": "PS3492842",
    "manufacturer_number": "154773201",
    "description": "★★★★★\n★★★★★\n2 Reviews\nWater that fills your dishwasher lifts the float. When it reaches a certain level, the float triggers the float switch to shut off, thereby shutting off the flow of water into the dishwasher.",
    "price": "$52.75",
    "stock_status": "In Stock",
    "rating": "3.00 out of 5",
    "reviews_count": 2
  },
  {
    "url": "https://www.partselect.com/PS12365372-Frigidaire-5304513274-Door-Hinge-Kit.htm?SourceCode=18",
    "image_url": "https://partselectcom-gtcdcddbene3cpes.z01.azurefd.net/12365372-1-N-Frigidaire-5304513274-Door-Hinge-Kit.jpg",
    "name": "Kelvinator Dishwasher Door Hinge Kit",
    "partselect_number": "PS12365372",
    "manufacturer_number": "5304513274",
    "description": "★★★★★\n★★★★★\n2 Reviews",
    "price": "$54.67",
    "stock_status": "In Stock",
    "rating": "5.00 out of 5",
    "reviews_count": 2
  },
  {
    "url": "https://www.partselect.com/PS1524979-Frigidaire-154574401-Detergent-And-Rinse-Dispenser-w-Cap.htm?SourceCode=18",
    "image_url": "https://partselectcom-gtcdcddbene3cpes.z01.azurefd.net/1524979-1-N-Frigidaire-154574401-Detergent-And-Rinse-Dispenser-w-Cap.jpg",
    "name": "Kelvinator Dishwasher Detergent And Rinse Dispenser W/cap",
    "partselect_number": "PS1524979",
    "manufacturer_number": "154574401",
    "description": "★★★★★\n★★★★★\n11 Reviews\nThis detergent and rinse dispenser with cap may also be known as the dishwasher dispenser assembly and is a part for your dishwasher. The function of this part is to attach to the inside door panel of your dishwasher and hold the dishwasher detergent and rinse in a closed compartment. The manufacturer has redesigned this part and although it may appear different than the original, it will have the same functionality, which is to release the detergent and rinse aid into the dishwasher. To complete this installation, you will need a Phillips screwdriver, and a pair of needle-nose pliers.",
    "price": "$42.99",
    "stock_status": "In Stock",
    "rating": "4.91 out of 5",
    "reviews_count": 11
  },
  {
    "url": "https://www.partselect.com/PS9864770-Frigidaire-154753101-THERMISTOR.htm?SourceCode=18",
    "image_url": "https://partselectcom-gtcdcddbene3cpes.z01.azurefd.net/9864770-1-N-Frigidaire-154753101-THERMISTOR.jpg",
    "name": "Kelvinator Dishwasher Thermistor",
    "partselect_number": "PS9864770",
    "manufacturer_number": "154753101",
    "description": "Manufacturer Part Number 154753101",
    "price": "$34.95",
    "stock_status": "In Stock"
  },
  {
    "url": "https://www.partselect.com/PS420462-Frigidaire-154246502-RETAINER.htm?SourceCode=18",
    "image_url": "https://partselectcom-gtcdcddbene3cpes.z01.azurefd.net/420462-1-N-Frigidaire-154246502-RETAINER.jpg",
    "name": "Kelvinator Dishwasher Retainer",
    "partselect_number": "PS420462",
    "manufacturer_number": "154246502",
    "description": "Manufacturer Part Number 154246502",
    "price": "$46.95",
    "stock_status": "In Stock"
  },
  {
    "url": "https://www.partselect.com/PS2363522-Frigidaire-154728201-SUMP-ASSEMBLY.htm?SourceCode=18",
    "image_url": "https://partselectcom-gtcdcddbene3cpes.z01.azurefd.net/2363522-1-N-Frigidaire-154728201-SUMP-ASSEMBLY.jpg",
    "name": "Kelvinator Dishwasher Sump Assembly",
    "partselect_number": "PS2363522",
    "manufacturer_number": "154728201",
    "description": "Manufacturer Part Number 154728201",
    "price": "$51.43",
    "stock_status": "In Stock"
  },
  {
    "url": "https://www.partselect.com/PS420460-Frigidaire-154246402-Pump-Check-Ball.htm?SourceCode=18",
    "image_url": "https://partselectcom-gtcdcddbene3cpes.z01.azurefd.net/420460-1-N-Frigidaire-154246402-Pump-Check-Ball.jpg",
    "name": "Kelvinator Dishwasher Pump Check Ball",
    "partselect_number": "PS420460",
    "manufacturer_number": "154246402",
    "description": "Manufacturer Part Number 154246402",
    "price": "$54.40",
    "stock_status": "In Stock"
  },
  {
    "url": "https://www.partselect.com/PS3653438-Frigidaire-154745501-Toeplate-White.htm?SourceCode=18",
    "image_url": "https://partselectcom-gtcdcddbene3cpes.z01.azurefd.net/3653438-1-N-Frigidaire-154745501-Toeplate-White.jpg",
    "name": "Kelvinator Dishwasher Toeplate (white)",
    "partselect_number": "PS3653438",
    "manufacturer_number": "154745501",
    "description": "Manufacturer Part Number 154745501",
    "price": "$29.65",
    "stock_status": "In Stock"
  }
]