[
  {
    "url": "https://www.partselect.com/PS12081829-LG-MEG64438801-Dishwasher-Holder.htm?SourceCode=18",
    "image_url": "https://partselectcom-gtcdcddbene3cpes.z01.azurefd.net/12081829-1-N-LG-MEG64438801-Dishwasher-Holder.jpg",
    "name": "LG Dishwasher Holder",
    "partselect_number": "PS12081829",
    "manufacturer_number": "MEG64438801",
    "description": "★★★★★\n★★★★★\n8 Reviews\nThis holder, also known as a mounting bracket, is responsible for securing the dish rack in place inside your dishwasher during cleaning. It is a genuine OEM replacement part sourced directly from LG to ensure a perfect fit for your dishwasher. It is gray in color and measures 1 inch by 1 inch. If the holder is lost or broken, your dish racks may become dislodged or unstable and cause damage inside the dishwasher. Each holder is sold individually.",
    "price": "$\n11.59",
    "stock_status": "In Stock",
    "rating": "4.9/5",
    "reviews_count": 8,
    "reviews": [
      {
        "rating": "5.0/5",
        "reviewer": "William S",
        "date": "January 20, 2020",
        "title": "William S",
        "content": "It's just a simple clip to hold the dishwasher tines in place but turned out to be difficult to find. PartSelect had the correct part and the repair was a breeze."
      },
      {
        "rating": "5.0/5",
        "reviewer": "Claire P",
        "date": "April 1, 2023",
        "title": "Claire P",
        "content": "The part was shipped quickly and it was just as expected. It was fairly easy to put on and fixed my problem. I’ll order from this company again when I need a part."
      },
      {
        "rating": "5.0/5",
        "reviewer": "Susan B",
        "date": "March 16, 2023",
        "title": "Susan B",
        "content": "The part is a little tricky to install, but we managed and are glad to have the dish tray working properly again. The part came quickly and in this case they included an extra since, evidently, they have been known to break. Dealing with this company was a good experience."
      },
      {
        "rating": "5.0/5",
        "reviewer": "Arnulfo S",
        "date": "September 6, 2018",
        "title": "Arnulfo S",
        "content": "the parts were in good condition and worked well. I just wish I wouldn't have to have waited so long for them to come in. I'm so used to things getting here within two days that waiting a week or longer seems like for ever."
      },
      {
        "rating": "5.0/5",
        "reviewer": "Laura K",
        "date": "May 30, 2019",
        "title": "Laura K",
        "content": "Part came fast, it was the right part and was in great shape. Thank you!"
      },
      {
        "rating": "5.0/5",
        "reviewer": "Shelley V",
        "date": "December 22, 2023",
        "title": "Shelley V",
        "content": "I appreciate that I can order a part myself, install it easily and have my dishwasher back to brand new. I ordered an extra as there are 3 others that have the potential to break."
      },
      {
        "rating": "5.0/5",
        "reviewer": "Thor N",
        "date": "October 20, 2020",
        "title": "Thor N",
        "content": "Easy to find the part I needed. Cost was reasonable."
      },
      {
        "rating": "4.0/5",
        "reviewer": "Steve E",
        "date": "May 1, 2025",
        "title": "Steve E",
        "content": "Part was great, could use a little instruction on best way to install it."
      }
    ],
    "repair_stories": [],
    "symptoms_fixed": "Dishwasher.",
    "works_with": "Dishwasher.",
    "also_replaces": [
      "AP6237065"
    ],
    "video_url": ""
  },
  {
    "url": "https://www.partselect.com/PS12075858-LG-4581DD3003C-Dishwasher-Roller-Assembly.htm?SourceCode=18",
    "image_url": "https://partselectcom-gtcdcddbene3cpes.z01.azurefd.net/12075858-1-N-LG-4581DD3003C-Dishwasher-Roller-Assembly.jpg",
    "name": "LG Dishwasher Roller Assembly",
    "partselect_number": "PS12075858",
    "manufacturer_number": "4581DD3003C",
    "description": "★★★★★\n★★★★★\n16 Reviews\nThe dishwasher roller assembly connects to the dishrack, and is located in the lower level of the dishwasher. It allows the dishrack to easily slide in and out. If the lower rack keeps falling off the track in your dishwasher, makes noises, the door will not close, or the dishes are not getting clean, then it is best to replace it for more security. A flat blade screw driver is the only tool needed for this installation. Open the lower dishwasher rack and remove retaining tabs from both ends of the rack and slide it out. Locate the older roll assembly, remove it and replace the rollers. Remember to put the tabs on each side back before sliding it back in. Make sure the dishwasher is off before starting this installation project.",
    "price": "$\n11.59",
    "stock_status": "In Stock",
    "rating": "5.0/5",
    "reviews_count": 16,
    "reviews": [],
    "repair_stories": [],
    "symptoms_fixed": "",
    "works_with": "",
    "also_replaces": [],
    "video_url": ""
  },
  {
    "url": "https://www.partselect.com/PS3524406-LG-4933DD3001B-Dishwasher-Connector-Assembly.htm?SourceCode=18",
    "image_url": "https://partselectcom-gtcdcddbene3cpes.z01.azurefd.net/3524406-1-N-LG-4933DD3001B-Dishwasher-Connector-Assembly.jpg",
    "name": "LG Dishwasher Connector Assembly",
    "partselect_number": "PS3524406",
    "manufacturer_number": "4933DD3001B",
    "description": "★★★★★\n★★★★★\n29 Reviews\nThis dishwasher door hinge cable assembly connects the door to the spring. The door hinge cable and the door spring apply tension to the door to prevent it from dropping open too quickly. This part contains two plastic pieces which are approximately 2 inches in length by 3/4-inch in width, as well as a rope portion that measures approximately 8 inches in length. When beginning this repair, be sure to use caution when replacing the door hinge cable. The spring to which the door hinge cable attaches is under tension and could snap. This part is sold individually.",
    "price": "$\n15.47",
    "stock_status": "In Stock",
    "rating": "5.0/5",
    "reviews_count": 29,
    "reviews": [],
    "repair_stories": [],
    "symptoms_fixed": "Door latch failure | Door won’t close",
    "works_with": "Dishwasher.",
    "also_replaces": [
      "AP4511304",
      "4933DD3001A",
      "4933DD3001B"
    ],
    "video_url": ""
  },
  {
    "url": "https://www.partselect.com/PS12081830-LG-MEG64438901-Dishwasher-Holder.htm?SourceCode=18",
    "image_url": "https://partselectcom-gtcdcddbene3cpes.z01.azurefd.net/12081830-1-N-LG-MEG64438901-Dishwasher-Holder.jpg",
    "name": "LG Dishwasher Holder",
    "partselect_number": "PS12081830",
    "manufacturer_number": "MEG64438901",
    "description": "★★★★★\n★★★★★\n4 Reviews\nThis is a dishrack holder designed for various models of LG dishwashers. The purpose of this holder is to secure various parts within the dishwasher, such as the cutlery basket. This holder measures approximately 1 inch long and 0.4 inches wide, is made of plastic, and features two hooks that attach themselves to the frame of the rack. This genuine OEM holder comes as an individual part, so if you require multiple holders, consider that before ordering.",
    "price": "$11.59",
    "stock_status": "In Stock",
    "rating": "5.00 out of 5",
    "reviews_count": 4
  },
  {
    "url": "https://www.partselect.com/PS16621806-LG-AEM74333104-Hose-Drain-Assembly.htm?SourceCode=18",
    "image_url": "https://partselectcom-gtcdcddbene3cpes.z01.azurefd.net/16621806-1-N-LG-AEM74333104-Hose-Drain-Assembly.jpg",
    "name": "LG Dishwasher Hose Drain Assembly",
    "partselect_number": "PS16621806",
    "manufacturer_number": "AEM74333104",
    "description": "★★★★★\n★★★★★\n4 Reviews\nThis LG drain hose assembly is a genuine OEM replacement that is compatible with various LG washers. The assembly includes the hose and plastic connectors. The flexible rubber hose transports used water from the washer tub out into a dedicated drainage system such as a laundry sink or standpipe. The drain hose may become clogged, dislodged, or damaged by loose items like coins in the laundry or by hard impacts from outside. If the hose is faulty, you will likely notice standing water in the washer tub after a cycle, mold growth, leaking, or water overflow. It is recommended to replace the drain hose promptly if it is faulty to ensure the proper functioning of your washer.",
    "price": "$58.51",
    "stock_status": "In Stock",
    "rating": "4.75 out of 5",
    "reviews_count": 4
  },
  {
    "url": "https://www.partselect.com/PS12075784-LG-3751DD1001J-Dishwasher-Dishrack-Assembly.htm?SourceCode=18",
    "image_url": "https://partselectcom-gtcdcddbene3cpes.z01.azurefd.net/12075784-1-N-LG-3751DD1001J-Dishwasher-Dishrack-Assembly.jpg",
    "name": "LG Dishwasher Dishrack Assembly",
    "partselect_number": "PS12075784",
    "manufacturer_number": "3751DD1001J",
    "description": "★★★★★\n★★★★★\n3 Reviews\nThis is the lower dishrack assembly for various models of LG dishwashers. This dishrack is an OEM part that is designed to hold dishes and cutlery during the wash cycle of the dishwasher. This dishrack is made of a coated metal to prevent rusting, cracking, and peeling. However, over time and through further exposure to hot temperatures from the heating element, the coated material of the dishwasher rack can begin to peel, at which time it needs replacing. This dishrack comes as an individual part and does not come with any other parts or accessories, such as its accompanying cutlery basket.",
    "price": "$195.99",
    "stock_status": "On Order",
    "rating": "4.67 out of 5",
    "reviews_count": 3
  },
  {
    "url": "https://www.partselect.com/PS3579323-LG-4681ED3001D-Dishwasher-Diverter-Pump-Motor.htm?SourceCode=18",
    "image_url": "https://partselectcom-gtcdcddbene3cpes.z01.azurefd.net/3579323-1-N-LG-4681ED3001D-Dishwasher-Diverter-Pump-Motor.jpg",
    "name": "LG Dishwasher Diverter Pump Motor",
    "partselect_number": "PS3579323",
    "manufacturer_number": "4681ED3001D",
    "description": "★★★★★\n★★★★★\n7 Reviews\nThis diverter motor, or stepper motor, controls the movement of the spray arms in your dishwasher. It directs water between the drain pump and the spray arms by turning a check valve inside the pump, managing the flow of water to these spray arms. This diverter motor runs on 120 volts and 60 Hz. When this motor fails, the dishwasher will not wash or drain properly. Please keep in mind that this genuine OEM replacement part is sold separately from the spray arms.",
    "price": "$43.60",
    "stock_status": "In Stock",
    "rating": "4.57 out of 5",
    "reviews_count": 7
  },
  {
    "url": "https://www.partselect.com/PS7788355-LG-AGB73093001-Dishwasher-Nozzle-Assembly.htm?SourceCode=18",
    "image_url": "https://partselectcom-gtcdcddbene3cpes.z01.azurefd.net/7788355-1-N-LG-AGB73093001-Dishwasher-Nozzle-Assembly.jpg",
    "name": "LG Dishwasher Nozzle Assembly",
    "partselect_number": "PS7788355",
    "manufacturer_number": "AGB73093001",
    "description": "★★★★★\n★★★★★\n25 Reviews\nThis nozzle assembly, commonly referred to as a sprayer head or spray arm, is an authentic replacement part supplied directly by LG for use in LG dishwashers. The nozzle assembly can be found at the bottom of the dishwasher tub. It is responsible for spraying water onto the dishes and utensils inside the dishwasher using a series of nozzles that release pressure water. Over time, the sprayer head may become clogged due to a build of debris and soap residue, or it may also be damaged by a falling item. If the sprayer head is faulty, you will likely notice that your dishes are not cleaned properly after a cycle, and they have spots of leftover soap residue. It is important to replace the sprayer head to keep your dishwasher running efficiently.",
    "price": "$52.20",
    "stock_status": "In Stock",
    "rating": "4.80 out of 5",
    "reviews_count": 25
  },
  {
    "url": "https://www.partselect.com/PS3524564-LG-4970ED4004G-Dishwasher-Hinge-Spring.htm?SourceCode=18",
    "image_url": "https://partselectcom-gtcdcddbene3cpes.z01.azurefd.net/3524564-1-N-LG-4970ED4004G-Dishwasher-Hinge-Spring.jpg",
    "name": "LG Dishwasher Hinge Spring",
    "partselect_number": "PS3524564",
    "manufacturer_number": "4970ED4004G",
    "description": "★★★★★\n★★★★★\n5 Reviews\nThe door spring, used in dishwashers, adds tension to the door through the door hinge to keep it from opening too fast. If you have a door latch failure or your washer door drops too quickly when opened, it is best you replace this part to fix the problem. Refer to the manual provided by the manufacturer for installation instructions and further repair guidance. Unplug your dishwasher from the power source before you begin this repair project as a safety precaution.",
    "price": "$24.45",
    "stock_status": "In Stock",
    "rating": "5.00 out of 5",
    "reviews_count": 5
  },
  {
    "url": "https://www.partselect.com/PS7788835-LG-AHB32983761-Dishrack-Upper.htm?SourceCode=18",
    "image_url": "https://partselectcom-gtcdcddbene3cpes.z01.azurefd.net/7788835-1-N-LG-AHB32983761-Dishrack-Upper.jpg",
    "name": "LG Dishwasher Dishrack Upper",
    "partselect_number": "PS7788835",
    "manufacturer_number": "AHB32983761",
    "description": "★★★★★\n★★★★★\n5 Reviews\nThe upper dishrack assembly is an essential component of your LG dishwasher, designed to hold dishes securely in place during the dishwashing cycle. This genuine OEM replacement part is manufactured to meet the highest quality standards, ensuring durability and a perfect fit for select LG dishwasher models. Crafted with precision, this upper dishrack provides ample space and an organized structure for plates, glasses, bowls, and other items, optimizing the cleaning process. Before purchasing, confirm compatibility with your dishwasher model to ensure the correct fit, as slight variations in size and shape may exist between models. This genuine LG component is stocked and ready for quick shipment, so you can restore your dishwasher's performance with minimal downtime.",
    "price": "$191.79",
    "stock_status": "In Stock",
    "rating": "4.60 out of 5",
    "reviews_count": 5
  },
  {
    "url": "https://www.partselect.com/PS3535690-LG-MFZ32863101-Dishwasher-Packing.htm?SourceCode=18",
    "image_url": "https://partselectcom-gtcdcddbene3cpes.z01.azurefd.net/3535690-1-N-LG-MFZ32863101-Dishwasher-Packing.jpg",
    "name": "LG Dishwasher Packing",
    "partselect_number": "PS3535690",
    "manufacturer_number": "MFZ32863101",
    "description": "★★★★★\n★★★★★\n14 Reviews\nThis is a pump gasket, also known as a pump housing seal, for a dishwasher. The gasket is fitted around the edge of the pump, preventing leakage between the pump housing and the filter housing. Located at the bottom of the dishwasher, the pump circulates and drains water from the dishwasher. Age and dishwasher detergents can dry out the pump gasket and cause it to fail and leak. Leak from the pump is not always noticeable until you remove access panels from your appliance. This part is made of rubber and is black in color. It is an OEM part from the genuine manufacturer.",
    "price": "$11.83",
    "stock_status": "In Stock",
    "rating": "4.64 out of 5",
    "reviews_count": 14
  },
  {
    "url": "https://www.partselect.com/PS12078212-LG-AEC74357401-GUIDE-ASSEMBLY.htm?SourceCode=18",
    "image_url": "https://partselectcom-gtcdcddbene3cpes.z01.azurefd.net/12078212-1-N-LG-AEC74357401-GUIDE-ASSEMBLY.jpg",
    "name": "LG Dishwasher Guide Assembly",
    "partselect_number": "PS12078212",
    "manufacturer_number": "AEC74357401",
    "description": "★★★★★\n★★★★★\n2 Reviews",
    "price": "$52.75",
    "stock_status": "In Stock",
    "rating": "5.00 out of 5",
    "reviews_count": 2
  },
  {
    "url": "https://www.partselect.com/PS12081828-LG-MEG64438701-HOLDER.htm?SourceCode=18",
    "image_url": "https://partselectcom-gtcdcddbene3cpes.z01.azurefd.net/12081828-1-N-LG-MEG64438701-HOLDER.jpg",
    "name": "LG Dishwasher Holder",
    "partselect_number": "PS12081828",
    "manufacturer_number": "MEG64438701",
    "description": "Manufacturer Part Number MEG64438701",
    "price": "$17.59",
    "stock_status": "In Stock"
  },
  {
    "url": "https://www.partselect.com/PS12082040-LG-MGR62482102-RACK.htm?SourceCode=18",
    "image_url": "https://partselectcom-gtcdcddbene3cpes.z01.azurefd.net/12082040-1-N-LG-MGR62482102-RACK.jpg",
    "name": "LG Dishwasher Rack",
    "partselect_number": "PS12082040",
    "manufacturer_number": "MGR62482102",
    "description": "★★★★★\n★★★★★\n1 Review\nManufacturer Part Number MGR62482102",
    "price": "$24.45",
    "stock_status": "In Stock",
    "rating": "5.00 out of 5",
    "reviews_count": 1
  },
  {
    "url": "https://www.partselect.com/PS7796046-LG-MGR38994202-Dishwasher-Rack.htm?SourceCode=18",
    "image_url": "https://partselectcom-gtcdcddbene3cpes.z01.azurefd.net/7796046-1-N-LG-MGR38994202-Dishwasher-Rack.jpg",
    "name": "LG Dishwasher Rack",
    "partselect_number": "PS7796046",
    "manufacturer_number": "MGR38994202",
    "description": "★★★★★\n★★★★★\n6 Reviews\nThis is a dishrack tine made for use on dishracks within various models of LG dishwashers. This part is a portion of the dishwasher dishrack assembly and features straight supports that hold your dishes in place and simply hook into the dishrack to install. If a portion of your dishwasher tines are missing, broken, or warped, and cannot support dishware any longer, they should be replaced immediately. This tine rack is made of metal and measures approximately 20 inches long. This tine rack is a genuine OEM part that is sold individually, so if your dishrack requires multiple tines, consider that before ordering.",
    "price": "$37.39",
    "stock_status": "In Stock",
    "rating": "5.00 out of 5",
    "reviews_count": 6
  },
  {
    "url": "https://www.partselect.com/PS16621809-LG-AGL75172632-Control-Panel.htm?SourceCode=18",
    "image_url": "https://partselectcom-gtcdcddbene3cpes.z01.azurefd.net/16621809-1-N-LG-AGL75172632-Control-Panel.jpg",
    "name": "LG Dishwasher Control Panel",
    "partselect_number": "PS16621809",
    "manufacturer_number": "AGL75172632",
    "description": "★★★★★\n★★★★★\n4 Reviews\nThis genuine OEM Control Panel Assembly fits select LG dishwashers, housing the buttons and display for managing cycles. Verify compatibility and unplug the appliance before installation.",
    "price": "$231.63",
    "stock_status": "In Stock",
    "rating": "5.00 out of 5",
    "reviews_count": 4
  },
  {
    "url": "https://www.partselect.com/PS12078011-LG-ADQ74693701-Mesh-Filter-Assembly.htm?SourceCode=18",
    "image_url": "https://partselectcom-gtcdcddbene3cpes.z01.azurefd.net/12078011-1-N-LG-ADQ74693701-Mesh-Filter-Assembly.jpg",
    "name": "LG Dishwasher Mesh Filter Assembly",
    "partselect_number": "PS12078011",
    "manufacturer_number": "ADQ74693701",
    "description": "★★★★★\n★★★★★\n1 Review\nManufacturer Part Number ADQ74693701",
    "price": "$41.66",
    "stock_status": "On Order",
    "rating": "5.00 out of 5",
    "reviews_count": 1
  },
  {
    "url": "https://www.partselect.com/PS12742478-LG-AHC73575003-Dishwasher-Rail-Assembly.htm?SourceCode=18",
    "image_url": "https://partselectcom-gtcdcddbene3cpes.z01.azurefd.net/12742478-1-N-LG-AHC73575003-Dishwasher-Rail-Assembly.jpg",
    "name": "LG Dishwasher Rail Assembly",
    "partselect_number": "PS12742478",
    "manufacturer_number": "AHC73575003",
    "description": "Manufacturer Part Number AHC73575003",
    "price": "$110.87",
    "stock_status": "On Order"
  },
  {
    "url": "https://www.partselect.com/PS12078485-LG-AGB73932401-NOZZLE-ASSEMBLY.htm?SourceCode=18",
    "image_url": "https://partselectcom-gtcdcddbene3cpes.z01.azurefd.net/12078485-1-N-LG-AGB73932401-NOZZLE-ASSEMBLY.jpg",
    "name": "LG Dishwasher Nozzle Assembly",
    "partselect_number": "PS12078485",
    "manufacturer_number": "AGB73932401",
    "description": "Manufacturer Part Number AGB73932401",
    "price": "$87.35",
    "stock_status": "On Order"
  },
  {
    "url": "https://www.partselect.com/PS12749079-LG-MGR62762701-RACK.htm?SourceCode=18",
    "image_url": "https://partselectcom-gtcdcddbene3cpes.z01.azurefd.net/12749079-1-N-LG-MGR62762701-RACK.jpg",
    "name": "LG Dishwasher Rack",
    "partselect_number": "PS12749079",
    "manufacturer_number": "MGR62762701",
    "description": "Manufacturer Part Number MGR62762701",
    "price": "$24.20",
    "stock_status": "In Stock"
  },
  {
    "url": "https://www.partselect.com/PS12077991-LG-ADQ73234005-FILTER-ASSEMBLY-MESH.htm?SourceCode=18",
    "image_url": "https://partselectcom-gtcdcddbene3cpes.z01.azurefd.net/12077991-1-N-LG-ADQ73234005-FILTER-ASSEMBLY-MESH.jpg",
    "name": "LG Dishwasher Filter Assembly Mesh",
    "partselect_number": "PS12077991",
    "manufacturer_number": "ADQ73234005",
    "description": "★★★★★\n★★★★★\n2 Reviews",
    "price": "$46.01",
    "stock_status": "In Stock",
    "rating": "3.00 out of 5",
    "reviews_count": 2
  },
  {
    "url": "https://www.partselect.com/PS9495756-LG-5221DD1001F-Water-Inlet-Valve.htm?SourceCode=18",
    "image_url": "https://partselectcom-gtcdcddbene3cpes.z01.azurefd.net/9495756-1-N-LG-5221DD1001F-Water-Inlet-Valve.jpg",
    "name": "LG Dishwasher Water Inlet Valve",
    "partselect_number": "PS9495756",
    "manufacturer_number": "5221DD1001F",
    "description": "★★★★★\n★★★★★\n5 Reviews",
    "price": "$58.75",
    "stock_status": "In Stock",
    "rating": "4.00 out of 5",
    "reviews_count": 5
  },
  {
    "url": "https://www.partselect.com/PS3528920-LG-6201EC1006T-Noise-Filter-Assembly.htm?SourceCode=18",
    "image_url": "https://partselectcom-gtcdcddbene3cpes.z01.azurefd.net/3528920-1-N-LG-6201EC1006T-Noise-Filter-Assembly.jpg",
    "name": "LG Dishwasher Noise Filter Assembly",
    "partselect_number": "PS3528920",
    "manufacturer_number": "6201EC1006T",
    "description": "★★★★★\n★★★★★\n2 Reviews",
    "price": "$73.45",
    "stock_status": "In Stock",
    "rating": "5.00 out of 5",
    "reviews_count": 2
  },
  {
    "url": "https://www.partselect.com/PS16223129-LG-AHB73249227-RACK-ASSEMBLY.htm?SourceCode=18",
    "image_url": "https://partselectcom-gtcdcddbene3cpes.z01.azurefd.net/16223129-1-N-LG-AHB73249227-RACK-ASSEMBLY.jpg",
    "name": "LG Dishwasher Rack Assembly",
    "partselect_number": "PS16223129",
    "manufacturer_number": "AHB73249227",
    "description": "Manufacturer Part Number AHB73249227",
    "price": "$231.63",
    "stock_status": "On Order"
  },
  {
    "url": "https://www.partselect.com/PS7795559-LG-MEJ61885701-HOSE-INLET.htm?SourceCode=18",
    "image_url": "https://partselectcom-gtcdcddbene3cpes.z01.azurefd.net/7795559-1-N-LG-MEJ61885701-HOSE-INLET.jpg",
    "name": "LG Dishwasher Hose Inlet",
    "partselect_number": "PS7795559",
    "manufacturer_number": "MEJ61885701",
    "price": "$24.95",
    "stock_status": "In Stock"
  },
  {
    "url": "https://www.partselect.com/PS12742537-LG-EAU62043403-Motor-Pump-Assemby.htm?SourceCode=18",
    "image_url": "https://partselectcom-gtcdcddbene3cpes.z01.azurefd.net/12742537-1-N-LG-EAU62043403-Motor-Pump-Assemby.jpg",
    "name": "LG Dishwasher Motor Pump Assemby",
    "partselect_number": "PS12742537",
    "manufacturer_number": "EAU62043403",
    "description": "★★★★★\n★★★★★\n1 Review",
    "price": "$88.15",
    "stock_status": "In Stock",
    "rating": "4.00 out of 5",
    "reviews_count": 1
  },
  {
    "url": "https://www.partselect.com/PS12076402-LG-AAP74471301-Spoon-Basket-Assembly.htm?SourceCode=18",
    "image_url": "https://partselectcom-gtcdcddbene3cpes.z01.azurefd.net/12076402-1-N-LG-AAP74471301-Spoon-Basket-Assembly.jpg",
    "name": "LG Dishwasher Spoon Basket Assembly",
    "partselect_number": "PS12076402",
    "manufacturer_number": "AAP74471301",
    "description": "Manufacturer Part Number AAP74471301",
    "price": "$69.79",
    "stock_status": "In Stock"
  },
  {
    "url": "https://www.partselect.com/PS16662007-LG-AGL75172631-PANEL-ASSEMBLY-CONTROL.htm?SourceCode=18",
    "image_url": "https://partselectcom-gtcdcddbene3cpes.z01.azurefd.net/16662007-1-N-LG-AGL75172631-PANEL-ASSEMBLY-CONTROL.jpg",
    "name": "LG Dishwasher Panel Assembly Control",
    "partselect_number": "PS16662007",
    "manufacturer_number": "AGL75172631",
    "description": "★★★★★\n★★★★★\n1 Review\nManufacturer Part Number AGL75172631",
    "price": "$244.67",
    "stock_status": "In Stock",
    "rating": "5.00 out of 5",
    "reviews_count": 1
  },
  {
    "url": "https://www.partselect.com/PS3522821-LG-4026DD3001A-Locker-Lock.htm?SourceCode=18",
    "image_url": "https://partselectcom-gtcdcddbene3cpes.z01.azurefd.net/3522821-1-N-LG-4026DD3001A-Locker-Lock.jpg",
    "name": "LG Dishwasher Locker Lock",
    "partselect_number": "PS3522821",
    "manufacturer_number": "4026DD3001A",
    "description": "★★★★★\n★★★★★\n1 Review",
    "price": "$44.05",
    "stock_status": "In Stock",
    "rating": "5.00 out of 5",
    "reviews_count": 1
  },
  {
    "url": "https://www.partselect.com/PS3655985-LG-5001DD4001B-Top-Mounting-Bracket.htm?SourceCode=18",
    "image_url": "https://partselectcom-gtcdcddbene3cpes.z01.azurefd.net/3655985-1-N-LG-5001DD4001B-Top-Mounting-Bracket.jpg",
    "name": "LG Dishwasher Top Mounting Bracket",
    "partselect_number": "PS3655985",
    "manufacturer_number": "5001DD4001B",
    "description": "★★★★★\n★★★★★\n5 Reviews",
    "price": "$45.03",
    "stock_status": "In Stock",
    "rating": "3.80 out of 5",
    "reviews_count": 5
  },
  {
    "url": "https://www.partselect.com/PS12081575-LG-MDJ64544301-FILTER.htm?SourceCode=18",
    "image_url": "https://partselectcom-gtcdcddbene3cpes.z01.azurefd.net/12081575-1-N-LG-MDJ64544301-FILTER.jpg",
    "name": "LG Dishwasher Filter",
    "partselect_number": "PS12081575",
    "manufacturer_number": "MDJ64544301",
    "description": "Manufacturer Part Number MDJ64544301",
    "price": "$58.75",
    "stock_status": "On Order"
  },
  {
    "url": "https://www.partselect.com/PS12082033-LG-MGR62482003-RACK.htm?SourceCode=18",
    "image_url": "https://partselectcom-gtcdcddbene3cpes.z01.azurefd.net/12082033-1-N-LG-MGR62482003-RACK.jpg",
    "name": "LG Dishwasher Rack",
    "partselect_number": "PS12082033",
    "manufacturer_number": "MGR62482003",
    "description": "Manufacturer Part Number MGR62482003",
    "price": "$33.61",
    "stock_status": "In Stock"
  },
  {
    "url": "https://www.partselect.com/PS3522915-LG-4370ED3006A-Nozzle-Shaft.htm?SourceCode=18",
    "image_url": "https://partselectcom-gtcdcddbene3cpes.z01.azurefd.net/3522915-1-N-LG-4370ED3006A-Nozzle-Shaft.jpg",
    "name": "LG Dishwasher Nozzle Shaft",
    "partselect_number": "PS3522915",
    "manufacturer_number": "4370ED3006A",
    "description": "★★★★★\n★★★★★\n2 Reviews\nManufacturer Part Number 4370ED3006A",
    "price": "$11.95",
    "stock_status": "In Stock",
    "rating": "4.50 out of 5",
    "reviews_count": 2
  },
  {
    "url": "https://www.partselect.com/PS12082027-LG-MGR62422101-RACK.htm?SourceCode=18",
    "image_url": "https://partselectcom-gtcdcddbene3cpes.z01.azurefd.net/12082027-1-N-LG-MGR62422101-RACK.jpg",
    "name": "LG Dishwasher Rack",
    "partselect_number": "PS12082027",
    "manufacturer_number": "MGR62422101",
    "description": "Manufacturer Part Number MGR62422101",
    "price": "$125.35",
    "stock_status": "Special Order"
  },
  {
    "url": "https://www.partselect.com/PS3527787-LG-5301DD1001G-Heater-Assembly.htm?SourceCode=18",
    "image_url": "https://partselectcom-gtcdcddbene3cpes.z01.azurefd.net/3527787-1-N-LG-5301DD1001G-Heater-Assembly.jpg",
    "name": "LG Dishwasher Heater Assembly",
    "partselect_number": "PS3527787",
    "manufacturer_number": "5301DD1001G",
    "description": "★★★★★\n★★★★★\n2 Reviews",
    "price": "$94.04",
    "stock_status": "In Stock",
    "rating": "4.50 out of 5",
    "reviews_count": 2
  },
  {
    "url": "https://www.partselect.com/PS12742601-LG-MGR62762503-RACK.htm?SourceCode=18",
    "image_url": "https://partselectcom-gtcdcddbene3cpes.z01.azurefd.net/12742601-1-N-LG-MGR62762503-RACK.jpg",
    "name": "LG Dishwasher Rack",
    "partselect_number": "PS12742601",
    "manufacturer_number": "MGR62762503",
    "description": "Manufacturer Part Number MGR62762503",
    "price": "$24.95",
    "stock_status": "On Order"
  },
  {
    "url": "https://www.partselect.com/PS3523064-LG-4620ED3003A-Stopper-Roller.htm?SourceCode=18",
    "image_url": "https://partselectcom-gtcdcddbene3cpes.z01.azurefd.net/3523064-1-N-LG-4620ED3003A-Stopper-Roller.jpg",
    "name": "LG Dishwasher Stopper Roller",
    "partselect_number": "PS3523064",
    "manufacturer_number": "4620ED3003A",
    "description": "Manufacturer Part Number 4620ED3003A",
    "price": "$11.95",
    "stock_status": "In Stock"
  },
  {
    "url": "https://www.partselect.com/PS7788065-LG-AEG72950001-HEATER-ASSEMBLY.htm?SourceCode=18",
    "image_url": "https://partselectcom-gtcdcddbene3cpes.z01.azurefd.net/7788065-1-N-LG-AEG72950001-HEATER-ASSEMBLY.jpg",
    "name": "LG Dishwasher Heater Assembly",
    "partselect_number": "PS7788065",
    "manufacturer_number": "AEG72950001",
    "price": "$87.25",
    "stock_status": "In Stock"
  },
  {
    "url": "https://www.partselect.com/PS12081630-LG-MDS65210201-GASKET.htm?SourceCode=18",
    "image_url": "https://partselectcom-gtcdcddbene3cpes.z01.azurefd.net/12081630-1-N-LG-MDS65210201-GASKET.jpg",
    "name": "LG Dishwasher Gasket",
    "partselect_number": "PS12081630",
    "manufacturer_number": "MDS65210201",
    "description": "Manufacturer Part Number MDS65210201",
    "price": "$17.95",
    "stock_status": "On Order"
  },
  {
    "url": "https://www.partselect.com/PS12749076-LG-MGR62762101-RACK.htm?SourceCode=18",
    "image_url": "https://partselectcom-gtcdcddbene3cpes.z01.azurefd.net/12749076-1-N-LG-MGR62762101-RACK.jpg",
    "name": "LG Dishwasher Rack",
    "partselect_number": "PS12749076",
    "manufacturer_number": "MGR62762101",
    "description": "Manufacturer Part Number MGR62762101",
    "price": "$136.75",
    "stock_status": "Special Order"
  },
  {
    "url": "https://www.partselect.com/PS12082037-LG-MGR62482007-RACK.htm?SourceCode=18",
    "image_url": "https://partselectcom-gtcdcddbene3cpes.z01.azurefd.net/12082037-1-N-LG-MGR62482007-RACK.jpg",
    "name": "LG Dishwasher Rack",
    "partselect_number": "PS12082037",
    "manufacturer_number": "MGR62482007",
    "price": "$33.95",
    "stock_status": "On Order"
  },
  {
    "url": "https://www.partselect.com/PS7784892-LG-3550ED3011B-Blower-Cover.htm?SourceCode=18",
    "image_url": "https://partselectcom-gtcdcddbene3cpes.z01.azurefd.net/7784892-1-N-LG-3550ED3011B-Blower-Cover.jpg",
    "name": "LG Dishwasher Blower Cover",
    "partselect_number": "PS7784892",
    "manufacturer_number": "3550ED3011B",
    "description": "★★★★★\n★★★★★\n1 Review\nManufacturer Part Number 3550ED3011B",
    "price": "$11.95",
    "stock_status": "On Order",
    "rating": "5.00 out of 5",
    "reviews_count": 1
  },
  {
    "url": "https://www.partselect.com/PS3529176-LG-6501DD2001A-Sensor-Assembly.htm?SourceCode=18",
    "image_url": "https://partselectcom-gtcdcddbene3cpes.z01.azurefd.net/3529176-1-N-LG-6501DD2001A-Sensor-Assembly.jpg",
    "name": "LG Dishwasher Sensor Assembly",
    "partselect_number": "PS3529176",
    "manufacturer_number": "6501DD2001A",
    "description": "Manufacturer Part Number 6501DD2001A",
    "price": "$38.95",
    "stock_status": "In Stock"
  },
  {
    "url": "https://www.partselect.com/PS12082043-LG-MGR62482202-RACK.htm?SourceCode=18",
    "image_url": "https://partselectcom-gtcdcddbene3cpes.z01.azurefd.net/12082043-1-N-LG-MGR62482202-RACK.jpg",
    "name": "LG Dishwasher Rack",
    "partselect_number": "PS12082043",
    "manufacturer_number": "MGR62482202",
    "price": "$24.95",
    "stock_status": "In Stock"
  },
  {
    "url": "https://www.partselect.com/PS16662008-LG-AGL75172633-PANEL-ASSEMBLY-CONTROL.htm?SourceCode=18",
    "image_url": "https://partselectcom-gtcdcddbene3cpes.z01.azurefd.net/16662008-1-N-LG-AGL75172633-PANEL-ASSEMBLY-CONTROL.jpg",
    "name": "LG Dishwasher Panel Assembly Control",
    "partselect_number": "PS16662008",
    "manufacturer_number": "AGL75172633",
    "description": "Manufacturer Part Number AGL75172633",
    "price": "$237.77",
    "stock_status": "On Order"
  },
  {
    "url": "https://www.partselect.com/PS7795558-LG-MEJ61885601-HOSE-INLET.htm?SourceCode=18",
    "image_url": "https://partselectcom-gtcdcddbene3cpes.z01.azurefd.net/7795558-1-N-LG-MEJ61885601-HOSE-INLET.jpg",
    "name": "LG Dishwasher Hose Inlet",
    "partselect_number": "PS7795558",
    "manufacturer_number": "MEJ61885601",
    "description": "Manufacturer Part Number MEJ61885601",
    "price": "$11.95",
    "stock_status": "In Stock"
  },
  {
    "url": "https://www.partselect.com/PS7795565-LG-MEJ62504601-Drain-Hose-Connector.htm?SourceCode=18",
    "image_url": "https://partselectcom-gtcdcddbene3cpes.z01.azurefd.net/7795565-1-N-LG-MEJ62504601-Drain-Hose-Connector.jpg",
    "name": "LG Dishwasher Drain Hose Connector",
    "partselect_number": "PS7795565",
    "manufacturer_number": "MEJ62504601",
    "description": "★★★★★\n★★★★★\n1 Review\nManufacturer Part Number MEJ62504601",
    "price": "$24.95",
    "stock_status": "On Order",
    "rating": "1.00 out of 5",
    "reviews_count": 1
  },
  {
    "url": "https://www.partselect.com/PS12078956-LG-AHB73129401-RACK-ASSEMBLY.htm?SourceCode=18",
    "image_url": "https://partselectcom-gtcdcddbene3cpes.z01.azurefd.net/12078956-1-N-LG-AHB73129401-RACK-ASSEMBLY.jpg",
    "name": "LG Dishwasher Rack Assembly",
    "partselect_number": "PS12078956",
    "manufacturer_number": "AHB73129401",
    "price": "$111.50",
    "stock_status": "In Stock"
  },
  {
    "url": "https://www.partselect.com/PS12374322-LG-AGL75172613-PANEL-ASSEMBLY-CONTROL.htm?SourceCode=18",
    "image_url": "https://partselectcom-gtcdcddbene3cpes.z01.azurefd.net/12374322-1-N-LG-AGL75172613-PANEL-ASSEMBLY-CONTROL.jpg",
    "name": "LG Dishwasher Panel Assembly Control",
    "partselect_number": "PS12374322",
    "manufacturer_number": "AGL75172613",
    "description": "Manufacturer Part Number AGL75172613",
    "price": "$233.38",
    "stock_status": "Special Order"
  },
  {
    "url": "https://www.partselect.com/PS12580218-LG-AGL75675212-PANEL-ASSEMBLY-CONTROL.htm?SourceCode=18",
    "image_url": "https://partselectcom-gtcdcddbene3cpes.z01.azurefd.net/12580218-1-N-LG-AGL75675212-PANEL-ASSEMBLY-CONTROL.jpg",
    "name": "LG Dishwasher Panel Assembly Control",
    "partselect_number": "PS12580218",
    "manufacturer_number": "AGL75675212",
    "description": "Manufacturer Part Number AGL75675212",
    "price": "$276.31",
    "stock_status": "In Stock"
  }
]