[
  {
    "url": "https://www.partselect.com/PS7786020-LG-AAP73631502-Door-Basket.htm?SourceCode=18",
    "image_url": "https://partselectcom-gtcdcddbene3cpes.z01.azurefd.net/7786020-1-N-LG-AAP73631502-Door-Basket.jpg",
    "name": "LG Refrigerator Door Basket",
    "partselect_number": "PS7786020",
    "manufacturer_number": "AAP73631502",
    "description": "★★★★★\n★★★★★\n30 Reviews\nThis door bin is for refrigerators. This part attaches to the inside of the refrigerator door and typically holds jars and bottles.",
    "price": "$\n46.11",
    "stock_status": "In Stock",
    "rating": "4.6/5",
    "reviews_count": 30,
    "reviews": [],
    "repair_stories": [],
    "symptoms_fixed": "Refrigerator.",
    "works_with": "Refrigerator.",
    "also_replaces": [
      "AP5673810"
    ],
    "video_url": ""
  },
  {
    "url": "https://www.partselect.com/PS16662677-LG-MAN63948504-BASKET-DOOR.htm?SourceCode=18",
    "image_url": "https://partselectcom-gtcdcddbene3cpes.z01.azurefd.net/16662677-1-N-LG-MAN63948504-BASKET-DOOR.jpg",
    "name": "LG Refrigerator Basket Door",
    "partselect_number": "PS16662677",
    "manufacturer_number": "MAN63948504",
    "description": "★★★★★\n★★★★★\n1 Review\nManufacturer Part Number MAN63948504",
    "price": "$\n54.10",
    "stock_status": "In Stock",
    "rating": "5.0/5",
    "reviews_count": 0,
    "reviews": [],
    "repair_stories": [],
    "symptoms_fixed": "Refrigerator.",
    "works_with": "Refrigerator.",
    "also_replaces": [
      "MAN63948502"
    ],
    "video_url": ""
  },
  {
    "url": "https://www.partselect.com/PS3637058-LG-AAP73252202-Door-Basket-Assembly.htm?SourceCode=18",
    "image_url": "https://partselectcom-gtcdcddbene3cpes.z01.azurefd.net/3637058-1-N-LG-AAP73252202-Door-Basket-Assembly.jpg",
    "name": "LG Refrigerator Door Basket Assembly",
    "partselect_number": "PS3637058",
    "manufacturer_number": "AAP73252202",
    "description": "★★★★★\n★★★★★\n26 Reviews\nRefrigerator door bin AAP73252202 is an original equipment manufacturer (OEM) part that fits some Kenmore Elite bottom-freezer refrigerators in the following series: 7957204, 7957205, 7957209, 7957218, 7957248, 7957311, 7957315, 7957401, 7957402, 7957404, 7957409, 7957504, 7957998 and 7957999. Also fits some LG bottom-freezer refrigerators in series LFX25991, LFX31925, LFX31935, LFX33975 and LMX31985. This door bin has an irregular shape?it's 13-1/2 inches wide, 9-1/2 inches deep on the left, 10-1/8 inches deep on the right and 4-1/4 inches tall. To install door bin AAP73252202, slide it into the door just above desired location and push down on the bin until it snaps into place.",
    "price": "$\n75.43",
    "stock_status": "In Stock",
    "rating": "5.0/5",
    "reviews_count": 26,
    "reviews": [],
    "repair_stories": [],
    "symptoms_fixed": "Refrigerator.",
    "works_with": "Refrigerator.",
    "also_replaces": [
      "AP5602939",
      "AAP73252201",
      "AAP73252206",
      "AAP73252207",
      "AAP73252209",
      "AAP73252210",
      "AAP73252211"
    ],
    "video_url": ""
  },
  {
    "url": "https://www.partselect.com/PS16662680-LG-MAN64890501-Door-Bin-Shelf.htm?SourceCode=18",
    "image_url": "https://partselectcom-gtcdcddbene3cpes.z01.azurefd.net/16662680-1-N-LG-MAN64890501-Door-Bin-Shelf.jpg",
    "name": "LG Refrigerator Door Bin Shelf",
    "partselect_number": "PS16662680",
    "manufacturer_number": "MAN64890501",
    "description": "★★★★★\n★★★★★\n3 Reviews\nThis door basket, also known as a door shelf or door bin, is compatible with LG refrigerators. It is an authentic manufacturer replacement part, sourced directly from LG. It is made of clear plastic and it hooks into place on the inside of the fridge door. The door basket is perfect for storing bottles and jars in an organized manner. Over time, it is common for the door basket to become discolored, warped, or cracked. It is recommended to replace it in order to continue storing your items safely. Each door basket is sold individually.",
    "price": "$54.86",
    "stock_status": "In Stock",
    "rating": "5.00 out of 5",
    "reviews_count": 3
  },
  {
    "url": "https://www.partselect.com/PS12724834-LG-AGF80300704-Water-filter.htm?SourceCode=18",
    "image_url": "https://partselectcom-gtcdcddbene3cpes.z01.azurefd.net/12724834-1-N-LG-AGF80300704-Water-filter.jpg",
    "name": "LG Refrigerator Water Filter",
    "partselect_number": "PS12724834",
    "manufacturer_number": "AGF80300704",
    "description": "★★★★★\n★★★★★\n4 Reviews\nThe Water filter reduces contaminants such as lead, iron, and chlorine from drinking water. This OEM filter is a genuine part manufactured by LG for use in refrigerators. We recommend you replace every 6 months or 200 gallons for best performance.",
    "price": "$76.19",
    "stock_status": "In Stock",
    "rating": "4.75 out of 5",
    "reviews_count": 4
  },
  {
    "url": "https://www.partselect.com/PS16222687-LG-ADQ73214408-Air-Cleaner-Filter-Assembly.htm?SourceCode=18",
    "image_url": "https://partselectcom-gtcdcddbene3cpes.z01.azurefd.net/16222687-1-N-LG-ADQ73214408-Air-Cleaner-Filter-Assembly.jpg",
    "name": "LG Refrigerator Air Cleaner Filter Assembly",
    "partselect_number": "PS16222687",
    "manufacturer_number": "ADQ73214408",
    "description": "★★★★★\n★★★★★\n5 Reviews\nThis OEM LG refrigerator air filter effectively reduces odors and impurities, keeping your refrigerator fresh. Constructed with activated carbon, it measures 3 inches by 3 inches by 5 inches and fits select LG and Kenmore Elite models. Installation is tool-free and takes less than five minutes. Replace the filter every six months or as indicated by the filter light. Refer to your owner’s manual to confirm compatibility and for detailed instructions.",
    "price": "$43.15",
    "stock_status": "In Stock",
    "rating": "4.00 out of 5",
    "reviews_count": 5
  },
  {
    "url": "https://www.partselect.com/PS7794186-LG-MAN62570801-Refrigerator-Door-Shelf-Bin-Clear.htm?SourceCode=18",
    "image_url": "https://partselectcom-gtcdcddbene3cpes.z01.azurefd.net/7794186-1-N-LG-MAN62570801-Refrigerator-Door-Shelf-Bin-Clear.jpg",
    "name": "LG Refrigerator Door Shelf Bin (clear)",
    "partselect_number": "PS7794186",
    "manufacturer_number": "MAN62570801",
    "description": "★★★★★\n★★★★★\n27 Reviews\nThis door shelf bin, also known as a door basket, is made to store things, like bottles and jars, in your fridge. It is a clear shelf that fits across your fridge door, easily hooking into place. It measures around 27 inches in length and 5 inches in both width and height. Please note that this genuine OEM replacement part is sold individually. Check how many you will need before making your purchase.",
    "price": "$96.11",
    "stock_status": "In Stock",
    "rating": "4.78 out of 5",
    "reviews_count": 27
  },
  {
    "url": "https://www.partselect.com/PS12374439-LG-AGU75188619-Refrigerator-Front-Plate-Assembly.htm?SourceCode=18",
    "image_url": "https://partselectcom-gtcdcddbene3cpes.z01.azurefd.net/12374439-1-N-LG-AGU75188619-Refrigerator-Front-Plate-Assembly.jpg",
    "name": "LG Refrigerator Front Plate Assembly",
    "partselect_number": "PS12374439",
    "manufacturer_number": "AGU75188619",
    "description": "★★★★★\n★★★★★\n99 Reviews\nThis is a replacement mullion rail for your French door-style refrigerator. You will typically find the mullion rail on the left side refrigerator door. The mullion rail helps to keep the refrigerator door closed. If the door will not close properly or if you notice leaking on your floor, you may need to replace the door mullion. A faulty mullion can gather moisture, resulting in a leak. To replace the mullion, simply disconnect the old mullion from the wire harness and unscrew it. Re-attach the wire harness to the mullion and screw it back into place.",
    "price": "$131.51",
    "stock_status": "In Stock",
    "rating": "4.72 out of 5",
    "reviews_count": 99
  },
  {
    "url": "https://www.partselect.com/PS7786023-LG-AAP73631602-Door-Shelf-Bin.htm?SourceCode=18",
    "image_url": "https://partselectcom-gtcdcddbene3cpes.z01.azurefd.net/7786023-1-N-LG-AAP73631602-Door-Shelf-Bin.jpg",
    "name": "LG Refrigerator Door Shelf Bin",
    "partselect_number": "PS7786023",
    "manufacturer_number": "AAP73631602",
    "description": "★★★★★\n★★★★★\n27 Reviews\nRefrigerator door basket shelf bin assembly for some models of LG fridges. This is a genuine OEM item made by LG",
    "price": "$38.09",
    "stock_status": "In Stock",
    "rating": "4.30 out of 5",
    "reviews_count": 27
  },
  {
    "url": "https://www.partselect.com/PS11700735-LG-AAP73051305-Refrigerator-Door-Bin.htm?SourceCode=18",
    "image_url": "https://partselectcom-gtcdcddbene3cpes.z01.azurefd.net/11700735-1-N-LG-AAP73051305-Refrigerator-Door-Bin.jpg",
    "name": "LG Refrigerator Door Bin",
    "partselect_number": "PS11700735",
    "manufacturer_number": "AAP73051305",
    "description": "★★★★★\n★★★★★\n28 Reviews\nThis door bin is for refrigerators. The door bin attaches to the inside of the refrigerator door and typically holds jars and bottles.",
    "price": "$63.61",
    "stock_status": "In Stock",
    "rating": "4.89 out of 5",
    "reviews_count": 28
  },
  {
    "url": "https://www.partselect.com/PS9865155-LG-AEQ73110210-Refrigerator-Ice-Maker-Kit-Assembly.htm?SourceCode=18",
    "image_url": "https://partselectcom-gtcdcddbene3cpes.z01.azurefd.net/9865155-1-N-LG-AEQ73110210-Refrigerator-Ice-Maker-Kit-Assembly.jpg",
    "name": "LG Refrigerator Ice Maker Kit Assembly",
    "partselect_number": "PS9865155",
    "manufacturer_number": "AEQ73110210",
    "description": "★★★★★\n★★★★★\n31 Reviews\nThis wiring harness is 20 pin and 3 pin. Replacement ice maker for LG refrigerators. The ice maker assembly contains the mold to form ice and the ejection controls to fill the ice storage bin. Unplug the unit before performing installation of the assembly.",
    "price": "$221.82",
    "stock_status": "In Stock",
    "rating": "4.71 out of 5",
    "reviews_count": 31
  },
  {
    "url": "https://www.partselect.com/PS8737433-LG-ADX73550624-Refrigerator-Door-Gasket-Gray-Right-Side.htm?SourceCode=18",
    "image_url": "https://partselectcom-gtcdcddbene3cpes.z01.azurefd.net/8737433-1-N-LG-ADX73550624-Refrigerator-Door-Gasket-Gray-Right-Side.jpg",
    "name": "LG Refrigerator Door Gasket Gray Right Side",
    "partselect_number": "PS8737433",
    "manufacturer_number": "ADX73550624",
    "description": "★★★★★\n★★★★★\n40 Reviews\nThis door gasket is used to make an air-tight seal for the cabinet when the door is closed",
    "price": "$48.91",
    "stock_status": "In Stock",
    "rating": "4.93 out of 5",
    "reviews_count": 40
  },
  {
    "url": "https://www.partselect.com/PS8752913-LG-MJB63190001-Refrigerator-Handle-Stopper.htm?SourceCode=18",
    "image_url": "https://partselectcom-gtcdcddbene3cpes.z01.azurefd.net/8752913-1-N-LG-MJB63190001-Refrigerator-Handle-Stopper.jpg",
    "name": "LG Refrigerator Handle Stopper",
    "partselect_number": "PS8752913",
    "manufacturer_number": "MJB63190001",
    "description": "★★★★★\n★★★★★\n8 Reviews\nThis handle screw, also known as a mounting bolt, is a mounting screw to help secure the door handle to your refrigerator door. If your handle is loose, you may just need to tighten the screw. If your screw is missing or broken, it may need to be replaced. There are multiple handle screws on your fridge, please consider ordering extra as they commonly wear at the same rate. This is about 1 inch long and metallic in color.",
    "price": "$12.56",
    "stock_status": "In Stock",
    "rating": "4.00 out of 5",
    "reviews_count": 8
  },
  {
    "url": "https://www.partselect.com/PS3533117-LG-AJU72992601-Water-Inlet-Valve-Assembly.htm?SourceCode=18",
    "image_url": "https://partselectcom-gtcdcddbene3cpes.z01.azurefd.net/3533117-1-N-LG-AJU72992601-Water-Inlet-Valve-Assembly.jpg",
    "name": "LG Refrigerator Water Inlet Valve Assembly",
    "partselect_number": "PS3533117",
    "manufacturer_number": "AJU72992601",
    "description": "★★★★★\n★★★★★\n16 Reviews\nThis includes the primary and secondary valves along with the wire harness.",
    "price": "$108.05",
    "stock_status": "In Stock",
    "rating": "4.69 out of 5",
    "reviews_count": 16
  },
  {
    "url": "https://www.partselect.com/PS10065045-LG-ACW74118101-Refrigerator-Decor-Assembly-Tray.htm?SourceCode=18",
    "image_url": "https://partselectcom-gtcdcddbene3cpes.z01.azurefd.net/10065045-1-N-LG-ACW74118101-Refrigerator-Decor-Assembly-Tray.jpg",
    "name": "LG Refrigerator Decor Assembly Tray",
    "partselect_number": "PS10065045",
    "manufacturer_number": "ACW74118101",
    "description": "★★★★★\n★★★★★\n12 Reviews\nThis cover seals the front of the pantry drawer in your fridge, offering both functionality and a decorative touch. It has a clear color and is sourced directly from the original manufacturer. Please keep in mind that this cover is sold individually, so it is important to determine how many you will need for your repair.",
    "price": "$77.03",
    "stock_status": "In Stock",
    "rating": "4.33 out of 5",
    "reviews_count": 12
  },
  {
    "url": "https://www.partselect.com/PS3617225-LG-AEQ72909603-Ice-Maker-Assembly.htm?SourceCode=18",
    "image_url": "https://partselectcom-gtcdcddbene3cpes.z01.azurefd.net/3617225-1-N-LG-AEQ72909603-Ice-Maker-Assembly.jpg",
    "name": "LG Refrigerator Ice Maker Assembly",
    "partselect_number": "PS3617225",
    "manufacturer_number": "AEQ72909603",
    "description": "★★★★★\n★★★★★\n25 Reviews\nThis ice maker assembly is for refrigerators. This Ice maker assembly contains the complete ice maker and housing. The assembly may include multiple parts; refer to your parts diagram for a complete list of parts included.",
    "price": "$200.58",
    "stock_status": "In Stock",
    "rating": "4.80 out of 5",
    "reviews_count": 25
  },
  {
    "url": "https://www.partselect.com/PS16621797-LG-ACQ30341206-DRAWER-COVER.htm?SourceCode=18",
    "image_url": "https://partselectcom-gtcdcddbene3cpes.z01.azurefd.net/16621797-1-N-LG-ACQ30341206-DRAWER-COVER.jpg",
    "name": "LG Refrigerator Drawer Cover",
    "partselect_number": "PS16621797",
    "manufacturer_number": "ACQ30341206",
    "description": "★★★★★\n★★★★★\n1 Review\nThis is a crisper drawer cover for LG refrigerators. This cover lays on top of the crisper drawer assembly and acts as a shelf, to allow you to place other food items on it. This cover measures approximately 20 inches long and 17 inches wide and is made of glass. This crisper drawer cover is sold individually and does not come with any other parts or accessories for your crisper drawer assembly.",
    "price": "$64.55",
    "stock_status": "In Stock",
    "rating": "5.00 out of 5",
    "reviews_count": 1
  },
  {
    "url": "https://www.partselect.com/PS12730143-LG-AAP74271304-BASKET-ASSEMBLY-DOOR.htm?SourceCode=18",
    "image_url": "https://partselectcom-gtcdcddbene3cpes.z01.azurefd.net/12730143-1-N-LG-AAP74271304-BASKET-ASSEMBLY-DOOR.jpg",
    "name": "LG Refrigerator Basket Assembly Door",
    "partselect_number": "PS12730143",
    "manufacturer_number": "AAP74271304",
    "description": "★★★★★\n★★★★★\n1 Review\nThis authentic OEM door basket, also referred to as a door shelf or door tray, is designed for use in LG refrigerators. It is made of clear, durable plastic and measures approximately 13 inches in length and 4 inches in height. The door is positioned onto mounting brackets on the inside of the fridge door. The door basket provides a simple and convenient way to store your food items and containers. You should replace the basket if you notice that it is broken, can no longer support your items or it no longer fits properly on the door. To replace the bin, simply open the refrigerator door and lift the old bin to remove it. Please note that each door basket is sold individually.",
    "price": "$49.35",
    "stock_status": "In Stock",
    "rating": "5.00 out of 5",
    "reviews_count": 1
  },
  {
    "url": "https://www.partselect.com/PS12373661-LG-AEQ72909604-Ice-Maker-Kit.htm?SourceCode=18",
    "image_url": "https://partselectcom-gtcdcddbene3cpes.z01.azurefd.net/12373661-1-N-LG-AEQ72909604-Ice-Maker-Kit.jpg",
    "name": "LG Refrigerator Ice Maker Kit",
    "partselect_number": "PS12373661",
    "manufacturer_number": "AEQ72909604",
    "description": "★★★★★\n★★★★★\n3 Reviews\nThe Ice Maker Assembly is an OEM replacement part for LG refrigerators. It contains the complete ice-maker. Some causes of a bad Ice Maker Assembly can include issues with proper ice ejection, ice cube size or shape inconsistencies, decreased ice production over time, mineral or sediment buildup affecting performance, or wear and tear from extended use. Please use your refrigerator model number to ensure the compatibility of this part.",
    "price": "$234.75",
    "stock_status": "On Order",
    "rating": "5.00 out of 5",
    "reviews_count": 3
  },
  {
    "url": "https://www.partselect.com/PS11758511-LG-MDS38201426-Door-Gasket.htm?SourceCode=18",
    "image_url": "https://partselectcom-gtcdcddbene3cpes.z01.azurefd.net/11758511-1-N-LG-MDS38201426-Door-Gasket.jpg",
    "name": "LG Refrigerator Door Gasket",
    "partselect_number": "PS11758511",
    "manufacturer_number": "MDS38201426",
    "description": "★★★★★\n★★★★★\n4 Reviews\nFreezer door gasket is on the inner door panel and creates a seal around the door to prevent warm air from entering the freezer compartment.",
    "price": "$74.05",
    "stock_status": "In Stock",
    "rating": "4.50 out of 5",
    "reviews_count": 4
  },
  {
    "url": "https://www.partselect.com/PS12730416-LG-MCR66849208-Fresh-Air-Filter-Cover-Decor-White.htm?SourceCode=18",
    "image_url": "https://partselectcom-gtcdcddbene3cpes.z01.azurefd.net/12730416-1-N-LG-MCR66849208-Fresh-Air-Filter-Cover-Decor-White.jpg",
    "name": "LG Refrigerator Fresh Air Filter Cover Decor (white)",
    "partselect_number": "PS12730416",
    "manufacturer_number": "MCR66849208",
    "description": "★★★★★\n★★★★★\n2 Reviews\nThis cover, also known as a housing or holder, protects the air filter in your refrigerator. The air filter works to remove odors and keep the air fresh throughout the fridge. The cover is white and features the words fresh air filter on it. You will usually find the cover inside the fridge, often near the back or at the top, depending on the model of your refrigerator. This replacement part is sourced directly from its original manufacturer and is sold separately from the air filter.",
    "price": "$43.61",
    "stock_status": "In Stock",
    "rating": "5.00 out of 5",
    "reviews_count": 2
  },
  {
    "url": "https://www.partselect.com/PS4145253-Samsung-DA61-08247A-Refrigerator-Freezer-Handle-Support.htm?SourceCode=18",
    "image_url": "https://partselectcom-gtcdcddbene3cpes.z01.azurefd.net/4145253-1-N-Samsung-DA61-08247A-Refrigerator-Freezer-Handle-Support.jpg",
    "name": "LG Refrigerator Freezer Handle Support",
    "partselect_number": "PS4145253",
    "manufacturer_number": "DA61-08247A",
    "description": "★★★★★\n★★★★★\n10 Reviews\nThis freezer handle support is a 2.5-inch by 1-inch white plastic bracket designed to provide support and stability to the right side of the freezer door handle. It is an authentic manufacturer replacement part that distributes the force placed on the handle during use to prevent excessive stress on one area of the handle. The handle support also secures the handle to the freezer door. You can find it on the inner right side of the freezer door handle. Over time the screw that secures the handle support may wear down or become stripped, or the plastic bracket may crack, causing the handle support to become unstable and unable to support the door handle. To access the faulty handle support bracket, first unthread the screws that secure it to the freezer door handle. Detach the handle and remove the screws that secure the handle support to the freezer door. Align the new handle support with the attachment points on the freezer door and secure it with the appropriate screws. Attach the handle to the new support and ensure it is securely fastened. Be careful not to not to overtighten the screws, to avoid stripping the mounting holes and damaging the handle support. Screws are sold separately. Please note that this support is for the right side of the handle. The left-side support is sold separately.",
    "price": "$38.35",
    "stock_status": "In Stock",
    "rating": "4.80 out of 5",
    "reviews_count": 10
  },
  {
    "url": "https://www.partselect.com/PS11732674-LG-ADX72930461-Door-Gasket-Assembly.htm?SourceCode=18",
    "image_url": "https://partselectcom-gtcdcddbene3cpes.z01.azurefd.net/11732674-1-N-LG-ADX72930461-Door-Gasket-Assembly.jpg",
    "name": "LG Refrigerator Door Gasket Assembly",
    "partselect_number": "PS11732674",
    "manufacturer_number": "ADX72930461",
    "description": "★★★★★\n★★★★★\n6 Reviews\nThis is a door seal, also known as a door gasket, for LG refrigerators. This door gasket is used to seal the warmer room temperature from the cooler fridge interior. If the gasket for your refrigerator is warped, moldy, or damaged in any way, it needs to be replaced immediately. To replace this gasket, simply pull off the old gasket to remove it, and carefully wrap the new gasket around the door perimeter. This gasket is sold individually and does not include any other parts.",
    "price": "$81.65",
    "stock_status": "In Stock",
    "rating": "5.00 out of 5",
    "reviews_count": 6
  },
  {
    "url": "https://www.partselect.com/PS3524838-LG-4975JJ2028D-Freezer-Rail-Guide-Assembly-Left-Side.htm?SourceCode=18",
    "image_url": "https://partselectcom-gtcdcddbene3cpes.z01.azurefd.net/3524838-1-N-LG-4975JJ2028D-Freezer-Rail-Guide-Assembly-Left-Side.jpg",
    "name": "LG Refrigerator Freezer Rail Guide Assembly Left Side",
    "partselect_number": "PS3524838",
    "manufacturer_number": "4975JJ2028D",
    "description": "★★★★★\n★★★★★\n15 Reviews\nThis is the left side drawer slide for models of LG refrigerator-freezers. This drawer slide supports the drawer inside the freezer of your refrigerator and allows it to slide back and forth smoothly. This specific slide is installed on the left side and cannot be installed on the right side of the freezer. This slide measures approximately 15 inches long and is made of white plastic. If your current drawer slide is broken and unable to support the drawer inside your freezer, it must be replaced immediately for the drawer to safely move and be supported. Replacing this slide only requires a screwdriver to disconnect the old one and install the new one. This slide is sold individually and does not include the necessary securing screw or the slide for the right side.",
    "price": "$105.04",
    "stock_status": "In Stock",
    "rating": "4.87 out of 5",
    "reviews_count": 15
  },
  {
    "url": "https://www.partselect.com/PS10065040-LG-AAP73051304-Refrigerator-Door-Shelf-Bin.htm?SourceCode=18",
    "image_url": "https://partselectcom-gtcdcddbene3cpes.z01.azurefd.net/10065040-1-N-LG-AAP73051304-Refrigerator-Door-Shelf-Bin.jpg",
    "name": "LG Refrigerator Door Shelf Bin",
    "partselect_number": "PS10065040",
    "manufacturer_number": "AAP73051304",
    "description": "★★★★★\n★★★★★\n6 Reviews\nThis door basket, bin, or tray has both white and clear sections and is used to store items such as condiment bottles and jars. It is attached to the inner side of the refrigerator door. If it becomes damaged, it may no longer securely hold items, and they might fall out when the door is opened. This replacement part is sourced directly from the original manufacturer and is sold individually. Be sure to check how many you will need for your fridge.",
    "price": "$70.25",
    "stock_status": "In Stock",
    "rating": "4.83 out of 5",
    "reviews_count": 6
  },
  {
    "url": "https://www.partselect.com/PS7786021-LG-AAP73631503-Refrigerator-Door-Basket-Assembly.htm?SourceCode=18",
    "image_url": "https://partselectcom-gtcdcddbene3cpes.z01.azurefd.net/7786021-1-N-LG-AAP73631503-Refrigerator-Door-Basket-Assembly.jpg",
    "name": "LG Refrigerator Door Basket Assembly",
    "partselect_number": "PS7786021",
    "manufacturer_number": "AAP73631503",
    "description": "★★★★★\n★★★★★\n24 Reviews\n14 inches wide, 7-5/8 inches deep and 3-3/4 inches tall;",
    "price": "$41.23",
    "stock_status": "In Stock",
    "rating": "4.75 out of 5",
    "reviews_count": 24
  },
  {
    "url": "https://www.partselect.com/PS12739141-LG-MCS62101805-Refrigerator-Deodorizer.htm?SourceCode=18",
    "image_url": "https://partselectcom-gtcdcddbene3cpes.z01.azurefd.net/12739141-1-N-LG-MCS62101805-Refrigerator-Deodorizer.jpg",
    "name": "LG Refrigerator Deodorizer",
    "partselect_number": "PS12739141",
    "manufacturer_number": "MCS62101805",
    "description": "Refrigerator deodorizers help to reduce bacteria growth and therefore reduce smells and extend the life of food.",
    "price": "$24.91",
    "stock_status": "In Stock"
  },
  {
    "url": "https://www.partselect.com/PS12715908-LG-MAN64308302-BASKET-DOOR.htm?SourceCode=18",
    "image_url": "https://partselectcom-gtcdcddbene3cpes.z01.azurefd.net/12715908-1-N-LG-MAN64308302-BASKET-DOOR.jpg",
    "name": "LG Refrigerator Basket Door",
    "partselect_number": "PS12715908",
    "manufacturer_number": "MAN64308302",
    "description": "Manufacturer Part Number MAN64308302",
    "price": "$40.27",
    "stock_status": "In Stock"
  },
  {
    "url": "https://www.partselect.com/PS3649794-LG-MHL42613220-Refrigerator-Glass-Shelf.htm?SourceCode=18",
    "image_url": "https://partselectcom-gtcdcddbene3cpes.z01.azurefd.net/3649794-1-N-LG-MHL42613220-Refrigerator-Glass-Shelf.jpg",
    "name": "LG Refrigerator Glass Shelf",
    "partselect_number": "PS3649794",
    "manufacturer_number": "MHL42613220",
    "description": "★★★★★\n★★★★★\n21 Reviews\nThis glass shelf provides storage space in your refrigerator above the crisper. Shelves can crack and chip due to frequent use, and should be replaced immediately if cracks start to appear. This shelf measures approximately 30.5 inches wide by 15 inches deep and is for LG refrigerators. Replacing a damaged shelf is easy, carefully remove the faulty shelf and install the new one. Be sure to wear protective gloves if the existing shelf is cracked or broken.",
    "price": "$42.19",
    "stock_status": "In Stock",
    "rating": "4.67 out of 5",
    "reviews_count": 21
  },
  {
    "url": "https://www.partselect.com/PS11712221-LG-MJB63171201-STOPPER-DOOR.htm?SourceCode=18",
    "image_url": "https://partselectcom-gtcdcddbene3cpes.z01.azurefd.net/11712221-1-N-LG-MJB63171201-STOPPER-DOOR.jpg",
    "name": "LG Refrigerator Stopper Door",
    "partselect_number": "PS11712221",
    "manufacturer_number": "MJB63171201",
    "description": "Manufacturer Part Number MJB63171201",
    "price": "$12.69",
    "stock_status": "In Stock"
  },
  {
    "url": "https://www.partselect.com/PS7788173-LG-AEQ73110205-Ice-Maker-Assembly.htm?SourceCode=18",
    "image_url": "https://partselectcom-gtcdcddbene3cpes.z01.azurefd.net/7788173-1-N-LG-AEQ73110205-Ice-Maker-Assembly.jpg",
    "name": "LG Refrigerator Ice Maker Assembly",
    "partselect_number": "PS7788173",
    "manufacturer_number": "AEQ73110205",
    "description": "★★★★★\n★★★★★\n13 Reviews\nNOTE: As per manufacture the secondary (smaller) wire connector has 6 wires in it. If original ice maker has 3 wire connector see part number PS7788172. Please verify connector before ordering.",
    "price": "$209.17",
    "stock_status": "In Stock",
    "rating": "4.92 out of 5",
    "reviews_count": 13
  },
  {
    "url": "https://www.partselect.com/PS11700763-LG-AEQ73130002-Ice-Maker-Assembly.htm?SourceCode=18",
    "image_url": "https://partselectcom-gtcdcddbene3cpes.z01.azurefd.net/11700763-1-N-LG-AEQ73130002-Ice-Maker-Assembly.jpg",
    "name": "LG Refrigerator Ice Maker Assembly",
    "partselect_number": "PS11700763",
    "manufacturer_number": "AEQ73130002",
    "description": "★★★★★\n★★★★★\n17 Reviews\nThe Ice Maker Assembly is an OEM replacement part for some LG refrigerators. It automatically produces and dispenses batches of ice through the ice bucket and into the storage bin. Proper ice production is crucial for cold beverages and food preservation. Causes of a bad ice maker assembly can be failures in the electronic control board, freezing components or water supply system. Regular filter changes help prevent excess mineral buildup.",
    "price": "$261.11",
    "stock_status": "In Stock",
    "rating": "4.82 out of 5",
    "reviews_count": 17
  },
  {
    "url": "https://www.partselect.com/PS8752589-LG-MDS64172919-Freezer-Door-Gasket-Gray.htm?SourceCode=18",
    "image_url": "https://partselectcom-gtcdcddbene3cpes.z01.azurefd.net/8752589-1-N-LG-MDS64172919-Freezer-Door-Gasket-Gray.jpg",
    "name": "LG Refrigerator Freezer Door Gasket (gray)",
    "partselect_number": "PS8752589",
    "manufacturer_number": "MDS64172919",
    "description": "★★★★★\n★★★★★\n6 Reviews\nThis door gasket is used to seal the freezer door when closed.",
    "price": "$73.05",
    "stock_status": "On Order",
    "rating": "5.00 out of 5",
    "reviews_count": 6
  },
  {
    "url": "https://www.partselect.com/PS3535435-LG-MEG61899901-Refrigerator-Door-Holder.htm?SourceCode=18",
    "image_url": "https://partselectcom-gtcdcddbene3cpes.z01.azurefd.net/3535435-1-N-LG-MEG61899901-Refrigerator-Door-Holder.jpg",
    "name": "LG Refrigerator Door Holder",
    "partselect_number": "PS3535435",
    "manufacturer_number": "MEG61899901",
    "description": "★★★★★\n★★★★★\n5 Reviews\nThis is a manufacturer-approved refrigerator door closure for your refrigerator. It is made of white plastic and measures approximately 3 inches by 2 inches. If your old closure is damaged, your refrigerator door may not open and shut properly, and therefore it should be replaced.",
    "price": "$18.57",
    "stock_status": "On Order",
    "rating": "5.00 out of 5",
    "reviews_count": 5
  },
  {
    "url": "https://www.partselect.com/PS3561028-LG-3551JJ1005X-Refrigerator-Crisper-Cover-White.htm?SourceCode=18",
    "image_url": "https://partselectcom-gtcdcddbene3cpes.z01.azurefd.net/3561028-1-N-LG-3551JJ1005X-Refrigerator-Crisper-Cover-White.jpg",
    "name": "LG Refrigerator Crisper Cover (white)",
    "partselect_number": "PS3561028",
    "manufacturer_number": "3551JJ1005X",
    "description": "★★★★★\n★★★★★\n10 Reviews\nGlass is NOT included. NOTE: As per the manufacturer the original support will not work with the updated crisper cover. A new support will need to be ordered.",
    "price": "$165.29",
    "stock_status": "In Stock",
    "rating": "4.80 out of 5",
    "reviews_count": 10
  },
  {
    "url": "https://www.partselect.com/PS3535430-LG-MEG61879201-Holder-Pipe.htm?SourceCode=18",
    "image_url": "https://partselectcom-gtcdcddbene3cpes.z01.azurefd.net/3535430-1-N-LG-MEG61879201-Holder-Pipe.jpg",
    "name": "LG Refrigerator Holder Pipe",
    "partselect_number": "PS3535430",
    "manufacturer_number": "MEG61879201",
    "price": "$12.69",
    "stock_status": "In Stock"
  },
  {
    "url": "https://www.partselect.com/PS7786031-LG-AAP73631803-BASKET-ASSEMBLY-DOOR.htm?SourceCode=18",
    "image_url": "https://partselectcom-gtcdcddbene3cpes.z01.azurefd.net/7786031-1-N-LG-AAP73631803-BASKET-ASSEMBLY-DOOR.jpg",
    "name": "LG Refrigerator Basket Assembly Door",
    "partselect_number": "PS7786031",
    "manufacturer_number": "AAP73631803",
    "description": "★★★★★\n★★★★★\n4 Reviews",
    "price": "$54.67",
    "stock_status": "In Stock",
    "rating": "5.00 out of 5",
    "reviews_count": 4
  },
  {
    "url": "https://www.partselect.com/PS12742422-LG-ACQ89579411-Tray-Cover-Assembly.htm?SourceCode=18",
    "image_url": "https://partselectcom-gtcdcddbene3cpes.z01.azurefd.net/12742422-1-N-LG-ACQ89579411-Tray-Cover-Assembly.jpg",
    "name": "LG Refrigerator Tray Cover Assembly",
    "partselect_number": "PS12742422",
    "manufacturer_number": "ACQ89579411",
    "description": "Manufacturer Part Number ACQ89579411",
    "price": "$104.29",
    "stock_status": "In Stock"
  },
  {
    "url": "https://www.partselect.com/PS11732673-LG-ADX72930460-GASKET-ASSEMBLY-DOOR.htm?SourceCode=18",
    "image_url": "https://partselectcom-gtcdcddbene3cpes.z01.azurefd.net/11732673-1-N-LG-ADX72930460-GASKET-ASSEMBLY-DOOR.jpg",
    "name": "LG Refrigerator Gasket Assembly Door",
    "partselect_number": "PS11732673",
    "manufacturer_number": "ADX72930460",
    "description": "This fridge gasket, also known as a door seal, is an authentic OEM part supplied by LG for use with various models of LG refrigerators. It is a flexible strip of rubber that sits along the perimeter of the refrigerator. It creates an airtight seal between the door and fridge body to prevent cold air from escaping and warm air from entering. This helps to keep your fridge cool and energy efficient. If the gasket is worn out, torn, or can no longer maintain a tight seal, your fridge will have to work harder to maintain the correct temperature inside the fridge. You may also notice that the door may not be able to close properly.",
    "price": "$81.65",
    "stock_status": "In Stock"
  },
  {
    "url": "https://www.partselect.com/PS12716084-LG-MDS38201427-GASKET-DOOR.htm?SourceCode=18",
    "image_url": "https://partselectcom-gtcdcddbene3cpes.z01.azurefd.net/12716084-1-N-LG-MDS38201427-GASKET-DOOR.jpg",
    "name": "LG Refrigerator Gasket Door",
    "partselect_number": "PS12716084",
    "manufacturer_number": "MDS38201427",
    "description": "Manufacturer Part Number MDS38201427",
    "price": "$74.05",
    "stock_status": "On Order"
  },
  {
    "url": "https://www.partselect.com/PS9495758-LG-ACQ86594203-Crisper-Shelf-Frame.htm?SourceCode=18",
    "image_url": "https://partselectcom-gtcdcddbene3cpes.z01.azurefd.net/9495758-1-N-LG-ACQ86594203-Crisper-Shelf-Frame.jpg",
    "name": "LG Refrigerator Crisper Shelf Frame",
    "partselect_number": "PS9495758",
    "manufacturer_number": "ACQ86594203",
    "price": "$104.29",
    "stock_status": "On Order"
  },
  {
    "url": "https://www.partselect.com/PS12588648-LG-ADX73350633-GASKET-ASSEMBLY-DOOR.htm?SourceCode=18",
    "image_url": "https://partselectcom-gtcdcddbene3cpes.z01.azurefd.net/12588648-1-N-LG-ADX73350633-GASKET-ASSEMBLY-DOOR.jpg",
    "name": "LG Refrigerator Gasket Assembly Door",
    "partselect_number": "PS12588648",
    "manufacturer_number": "ADX73350633",
    "description": "★★★★★\n★★★★★\n7 Reviews\nManufacturer Part Number ADX73350633",
    "price": "$105.40",
    "stock_status": "On Order",
    "rating": "4.71 out of 5",
    "reviews_count": 7
  },
  {
    "url": "https://www.partselect.com/PS3640036-LG-AHJ73130001-ROLLER-ASSEMBLY.htm?SourceCode=18",
    "image_url": "https://partselectcom-gtcdcddbene3cpes.z01.azurefd.net/3640036-1-N-LG-AHJ73130001-ROLLER-ASSEMBLY.jpg",
    "name": "LG Refrigerator Roller Assembly",
    "partselect_number": "PS3640036",
    "manufacturer_number": "AHJ73130001",
    "description": "★★★★★\n★★★★★\n2 Reviews",
    "price": "$30.99",
    "stock_status": "In Stock",
    "rating": "5.00 out of 5",
    "reviews_count": 2
  },
  {
    "url": "https://www.partselect.com/PS16546769-LG-ADP73273402-FAN-ASSEMBLY.htm?SourceCode=18",
    "image_url": "https://partselectcom-gtcdcddbene3cpes.z01.azurefd.net/16546769-1-N-LG-ADP73273402-FAN-ASSEMBLY.jpg",
    "name": "LG Refrigerator Fan Assembly",
    "partselect_number": "PS16546769",
    "manufacturer_number": "ADP73273402",
    "price": "$25.17",
    "stock_status": "In Stock"
  },
  {
    "url": "https://www.partselect.com/PS3527457-LG-5221JA2006D-Refrigerator-Water-Inlet-Valve-Assembly.htm?SourceCode=18",
    "image_url": "https://partselectcom-gtcdcddbene3cpes.z01.azurefd.net/3527457-1-N-LG-5221JA2006D-Refrigerator-Water-Inlet-Valve-Assembly.jpg",
    "name": "LG Refrigerator Water Inlet Valve Assembly",
    "partselect_number": "PS3527457",
    "manufacturer_number": "5221JA2006D",
    "description": "★★★★★\n★★★★★\n5 Reviews\nThis water inlet valve has three solenoid valves and push in fittings. When energized this part releases water from the supply line into the ice mold.",
    "price": "$121.21",
    "stock_status": "In Stock",
    "rating": "4.80 out of 5",
    "reviews_count": 5
  },
  {
    "url": "https://www.partselect.com/PS16222280-LG-AAP74271306-BASKET-ASSEMBLY-DOOR.htm?SourceCode=18",
    "image_url": "https://partselectcom-gtcdcddbene3cpes.z01.azurefd.net/16222280-1-N-LG-AAP74271306-BASKET-ASSEMBLY-DOOR.jpg",
    "name": "LG Refrigerator Basket Assembly Door",
    "partselect_number": "PS16222280",
    "manufacturer_number": "AAP74271306",
    "description": "Manufacturer Part Number AAP74271306",
    "price": "$49.87",
    "stock_status": "In Stock"
  },
  {
    "url": "https://www.partselect.com/PS3524385-LG-4932JA1010B-Rail-Connector.htm?SourceCode=18",
    "image_url": "https://partselectcom-gtcdcddbene3cpes.z01.azurefd.net/3524385-1-N-LG-4932JA1010B-Rail-Connector.jpg",
    "name": "LG Refrigerator Rail Connector",
    "partselect_number": "PS3524385",
    "manufacturer_number": "4932JA1010B",
    "description": "★★★★★\n★★★★★\n1 Review\nManufacturer Part Number 4932JA1010B",
    "price": "$18.57",
    "stock_status": "In Stock",
    "rating": "5.00 out of 5",
    "reviews_count": 1
  },
  {
    "url": "https://www.partselect.com/PS3630671-LG-MHL42613217-Crisper-Shelf-Glass.htm?SourceCode=18",
    "image_url": "https://partselectcom-gtcdcddbene3cpes.z01.azurefd.net/3630671-1-N-LG-MHL42613217-Crisper-Shelf-Glass.jpg",
    "name": "LG Refrigerator Crisper Shelf Glass",
    "partselect_number": "PS3630671",
    "manufacturer_number": "MHL42613217",
    "description": "★★★★★\n★★★★★\n10 Reviews",
    "price": "$50.83",
    "stock_status": "In Stock",
    "rating": "4.90 out of 5",
    "reviews_count": 10
  },
  {
    "url": "https://www.partselect.com/PS12714360-LG-AEQ73209906-Ice-Maker-Assembly-Kit.htm?SourceCode=18",
    "image_url": "https://partselectcom-gtcdcddbene3cpes.z01.azurefd.net/12714360-1-N-LG-AEQ73209906-Ice-Maker-Assembly-Kit.jpg",
    "name": "LG Refrigerator Ice Maker Assembly Kit",
    "partselect_number": "PS12714360",
    "manufacturer_number": "AEQ73209906",
    "description": "★★★★★\n★★★★★\n2 Reviews\nManufacturer Part Number AEQ73209906",
    "price": "$180.72",
    "stock_status": "In Stock",
    "rating": "5.00 out of 5",
    "reviews_count": 2
  },
  {
    "url": "https://www.partselect.com/PS3618757-LG-AJL72911502-Water-Reservoir.htm?SourceCode=18",
    "image_url": "https://partselectcom-gtcdcddbene3cpes.z01.azurefd.net/3618757-1-N-LG-AJL72911502-Water-Reservoir.jpg",
    "name": "LG Refrigerator Water Reservoir",
    "partselect_number": "PS3618757",
    "manufacturer_number": "AJL72911502",
    "description": "★★★★★\n★★★★★\n2 Reviews\nThe water reservoir holds the water for the water dispenser as the water chills.",
    "price": "$56.21",
    "stock_status": "In Stock",
    "rating": "5.00 out of 5",
    "reviews_count": 2
  },
  {
    "url": "https://www.partselect.com/PS9492925-LG-AAP34518203-Door-Basket-Assembly.htm?SourceCode=18",
    "image_url": "https://partselectcom-gtcdcddbene3cpes.z01.azurefd.net/9492925-1-N-LG-AAP34518203-Door-Basket-Assembly.jpg",
    "name": "LG Refrigerator Door Basket Assembly",
    "partselect_number": "PS9492925",
    "manufacturer_number": "AAP34518203",
    "description": "Also known as door bin.",
    "price": "$75.79",
    "stock_status": "In Stock"
  },
  {
    "url": "https://www.partselect.com/PS8749110-LG-ADX73550625-Door-Gasket-Assembly.htm?SourceCode=18",
    "image_url": "https://partselectcom-gtcdcddbene3cpes.z01.azurefd.net/8749110-1-N-LG-ADX73550625-Door-Gasket-Assembly.jpg",
    "name": "LG Refrigerator Door Gasket Assembly",
    "partselect_number": "PS8749110",
    "manufacturer_number": "ADX73550625",
    "description": "★★★★★\n★★★★★\n6 Reviews\nManufacturer Part Number ADX73550625",
    "price": "$85.31",
    "stock_status": "In Stock",
    "rating": "5.00 out of 5",
    "reviews_count": 6
  },
  {
    "url": "https://www.partselect.com/PS7787104-LG-ACQ85956603-COVER-ASSEMBLY-TV.htm?SourceCode=18",
    "image_url": "https://partselectcom-gtcdcddbene3cpes.z01.azurefd.net/7787104-1-N-LG-ACQ85956603-COVER-ASSEMBLY-TV.jpg",
    "name": "LG Refrigerator Cover Assembly Tv",
    "partselect_number": "PS7787104",
    "manufacturer_number": "ACQ85956603",
    "description": "Manufacturer Part Number ACQ85956603",
    "price": "$132.94",
    "stock_status": "In Stock"
  },
  {
    "url": "https://www.partselect.com/PS3637214-LG-ABH74279601-BUTTON-ASSEMBLY.htm?SourceCode=18",
    "image_url": "https://partselectcom-gtcdcddbene3cpes.z01.azurefd.net/3637214-1-N-LG-ABH74279601-BUTTON-ASSEMBLY.jpg",
    "name": "LG Refrigerator Button Assembly",
    "partselect_number": "PS3637214",
    "manufacturer_number": "ABH74279601",
    "description": "Manufacturer Part Number ABH74279601",
    "price": "$41.11",
    "stock_status": "In Stock"
  },
  {
    "url": "https://www.partselect.com/PS3523047-LG-4580JT3001B-Roller.htm?SourceCode=18",
    "image_url": "https://partselectcom-gtcdcddbene3cpes.z01.azurefd.net/3523047-1-N-LG-4580JT3001B-Roller.jpg",
    "name": "LG Refrigerator Roller",
    "partselect_number": "PS3523047",
    "manufacturer_number": "4580JT3001B",
    "description": "★★★★★\n★★★★★\n1 Review\nManufacturer Part Number 4580JT3001B",
    "price": "$12.69",
    "stock_status": "In Stock",
    "rating": "1.00 out of 5",
    "reviews_count": 1
  },
  {
    "url": "https://www.partselect.com/PS11709611-LG-AJU73292414-Refrigerator-Water-Inlet-Valve.htm?SourceCode=18",
    "image_url": "https://partselectcom-gtcdcddbene3cpes.z01.azurefd.net/11709611-1-N-LG-AJU73292414-Refrigerator-Water-Inlet-Valve.jpg",
    "name": "LG Refrigerator Water Inlet Valve",
    "partselect_number": "PS11709611",
    "manufacturer_number": "AJU73292414",
    "description": "★★★★★\n★★★★★\n3 Reviews\nThe water inlet valve supplies water to the refrigerator ice maker and water dispenser.",
    "price": "$73.87",
    "stock_status": "In Stock",
    "rating": "5.00 out of 5",
    "reviews_count": 3
  },
  {
    "url": "https://www.partselect.com/PS3533046-LG-AJR56656503-Ice-Water-Tube-Assembly.htm?SourceCode=18",
    "image_url": "https://partselectcom-gtcdcddbene3cpes.z01.azurefd.net/3533046-1-N-LG-AJR56656503-Ice-Water-Tube-Assembly.jpg",
    "name": "LG Refrigerator Ice Water Tube Assembly",
    "partselect_number": "PS3533046",
    "manufacturer_number": "AJR56656503",
    "description": "★★★★★\n★★★★★\n3 Reviews",
    "price": "$36.21",
    "stock_status": "In Stock",
    "rating": "4.67 out of 5",
    "reviews_count": 3
  },
  {
    "url": "https://www.partselect.com/PS7786005-LG-AAP73252204-BASKET-ASSEMBLY-DOOR.htm?SourceCode=18",
    "image_url": "https://partselectcom-gtcdcddbene3cpes.z01.azurefd.net/7786005-1-N-LG-AAP73252204-BASKET-ASSEMBLY-DOOR.jpg",
    "name": "LG Refrigerator Basket Assembly Door",
    "partselect_number": "PS7786005",
    "manufacturer_number": "AAP73252204",
    "description": "★★★★★\n★★★★★\n1 Review\nManufacturer Part Number AAP73252204",
    "price": "$74.83",
    "stock_status": "In Stock",
    "rating": "5.00 out of 5",
    "reviews_count": 1
  },
  {
    "url": "https://www.partselect.com/PS3523509-LG-4775JA2113A-Refrigerator-Hinge-Assemblylower.htm?SourceCode=18",
    "image_url": "https://partselectcom-gtcdcddbene3cpes.z01.azurefd.net/3523509-1-N-LG-4775JA2113A-Refrigerator-Hinge-Assemblylower.jpg",
    "name": "LG Refrigerator Hinge Assemblylower",
    "partselect_number": "PS3523509",
    "manufacturer_number": "4775JA2113A",
    "description": "★★★★★\n★★★★★\n4 Reviews",
    "price": "$40.69",
    "stock_status": "In Stock",
    "rating": "4.00 out of 5",
    "reviews_count": 4
  },
  {
    "url": "https://www.partselect.com/PS3636131-LG-5989JA1005H-Refrigerator-Ice-Maker-Assembly-Kit.htm?SourceCode=18",
    "image_url": "https://partselectcom-gtcdcddbene3cpes.z01.azurefd.net/3636131-1-N-LG-5989JA1005H-Refrigerator-Ice-Maker-Assembly-Kit.jpg",
    "name": "LG Refrigerator Ice Maker Assembly Kit",
    "partselect_number": "PS3636131",
    "manufacturer_number": "5989JA1005H",
    "description": "★★★★★\n★★★★★\n3 Reviews\nIce maker assembly includes the ice mold and the control device. This ice maker produces approximately 140 to 150 cubes of ice per day under optimal conditions",
    "price": "$173.83",
    "stock_status": "In Stock",
    "rating": "4.67 out of 5",
    "reviews_count": 3
  },
  {
    "url": "https://www.partselect.com/PS3523107-LG-4680JB1026H-Motor-AC.htm?SourceCode=18",
    "image_url": "https://partselectcom-gtcdcddbene3cpes.z01.azurefd.net/3523107-1-N-LG-4680JB1026H-Motor-AC.jpg",
    "name": "LG Refrigerator Motor Ac",
    "partselect_number": "PS3523107",
    "manufacturer_number": "4680JB1026H",
    "description": "★★★★★\n★★★★★\n4 Reviews",
    "price": "$76.58",
    "stock_status": "In Stock",
    "rating": "5.00 out of 5",
    "reviews_count": 4
  },
  {
    "url": "https://www.partselect.com/PS3535267-LG-MEA40002601-Refrigerator-Guide-Rail-Right-Side.htm?SourceCode=18",
    "image_url": "https://partselectcom-gtcdcddbene3cpes.z01.azurefd.net/3535267-1-N-LG-MEA40002601-Refrigerator-Guide-Rail-Right-Side.jpg",
    "name": "LG Refrigerator Guide Rail (right Side)",
    "partselect_number": "PS3535267",
    "manufacturer_number": "MEA40002601",
    "description": "★★★★★\n★★★★★\n18 Reviews\nThis is an authentic OEM part sourced directly from the manufacturer. The crisper slide rail for your refrigerator allows the crisper drawer to slide in and out, and supports the drawer as it does so. This part is for the right side of your crisper drawer. Please note that the roller for this guide rail is a separate part under part number PS11759956.",
    "price": "$41.11",
    "stock_status": "In Stock",
    "rating": "4.61 out of 5",
    "reviews_count": 18
  },
  {
    "url": "https://www.partselect.com/PS7792212-LG-EBD60925804-SENSOR-TEMPERATURE.htm?SourceCode=18",
    "image_url": "https://partselectcom-gtcdcddbene3cpes.z01.azurefd.net/7792212-1-N-LG-EBD60925804-SENSOR-TEMPERATURE.jpg",
    "name": "LG Refrigerator Sensor Temperature",
    "partselect_number": "PS7792212",
    "manufacturer_number": "EBD60925804",
    "price": "$25.69",
    "stock_status": "On Order"
  },
  {
    "url": "https://www.partselect.com/PS11710286-LG-EAU62025701-Condenser-Fan-Motor.htm?SourceCode=18",
    "image_url": "https://partselectcom-gtcdcddbene3cpes.z01.azurefd.net/11710286-1-N-LG-EAU62025701-Condenser-Fan-Motor.jpg",
    "name": "LG Refrigerator Condenser Fan Motor",
    "partselect_number": "PS11710286",
    "manufacturer_number": "EAU62025701",
    "description": "★★★★★\n★★★★★\n2 Reviews",
    "price": "$97.87",
    "stock_status": "In Stock",
    "rating": "2.50 out of 5",
    "reviews_count": 2
  },
  {
    "url": "https://www.partselect.com/PS12373013-LG-ACW75477501-DECOR-ASSEMBLY.htm?SourceCode=18",
    "image_url": "https://partselectcom-gtcdcddbene3cpes.z01.azurefd.net/12373013-1-N-LG-ACW75477501-DECOR-ASSEMBLY.jpg",
    "name": "LG Refrigerator Decor Assembly",
    "partselect_number": "PS12373013",
    "manufacturer_number": "ACW75477501",
    "description": "This is an air filter decor assembly made by and for LG refrigerators. This assembly features an approximately 1.25-inch wide and 7-inch long plastic cover that houses the air filter for your refrigerator. If this part is missing or broken in your refrigerator, you should replace it to allow for your air filter to continue to perform optimally. Replacing this cover requires you to twist it counterclockwise, and then remove or replace the air filter within it. This cover assembly is sold individually and does not include an air filter.",
    "price": "$50.39",
    "stock_status": "In Stock"
  },
  {
    "url": "https://www.partselect.com/PS16732401-LG-AJP75235042-TRAY-ASSEMBLY-VEGETABLE.htm?SourceCode=18",
    "image_url": "https://partselectcom-gtcdcddbene3cpes.z01.azurefd.net/16732401-1-N-LG-AJP75235042-TRAY-ASSEMBLY-VEGETABLE.jpg",
    "name": "LG Refrigerator Tray Assembly Vegetable",
    "partselect_number": "PS16732401",
    "manufacturer_number": "AJP75235042",
    "price": "$96.85",
    "stock_status": "In Stock"
  },
  {
    "url": "https://www.partselect.com/PS11709087-LG-AHT73493936-SHELF-ASSEMBLY-FREEZER.htm?SourceCode=18",
    "image_url": "https://partselectcom-gtcdcddbene3cpes.z01.azurefd.net/11709087-1-N-LG-AHT73493936-SHELF-ASSEMBLY-FREEZER.jpg",
    "name": "LG Refrigerator Shelf Assembly Freezer",
    "partselect_number": "PS11709087",
    "manufacturer_number": "AHT73493936",
    "description": "★★★★★\n★★★★★\n2 Reviews\nManufacturer Part Number AHT73493936",
    "price": "$55.81",
    "stock_status": "In Stock",
    "rating": "5.00 out of 5",
    "reviews_count": 2
  },
  {
    "url": "https://www.partselect.com/PS12580469-LG-AKN73029001-HEAD-ASSEMBLY-FILTER.htm?SourceCode=18",
    "image_url": "https://partselectcom-gtcdcddbene3cpes.z01.azurefd.net/12580469-1-N-LG-AKN73029001-HEAD-ASSEMBLY-FILTER.jpg",
    "name": "LG Refrigerator Head Assembly Filter",
    "partselect_number": "PS12580469",
    "manufacturer_number": "AKN73029001",
    "description": "Manufacturer Part Number AKN73029001",
    "price": "$50.39",
    "stock_status": "In Stock"
  },
  {
    "url": "https://www.partselect.com/PS3639263-LG-ADX73350610-Door-Gasket-Grey.htm?SourceCode=18",
    "image_url": "https://partselectcom-gtcdcddbene3cpes.z01.azurefd.net/3639263-1-N-LG-ADX73350610-Door-Gasket-Grey.jpg",
    "name": "LG Refrigerator Door Gasket - Grey",
    "partselect_number": "PS3639263",
    "manufacturer_number": "ADX73350610",
    "description": "Manufacturer Part Number ADX73350610",
    "price": "$110.35",
    "stock_status": "Special Order"
  },
  {
    "url": "https://www.partselect.com/PS9865154-LG-AEH74216502-CONTROLER-ASSEMBLY.htm?SourceCode=18",
    "image_url": "https://partselectcom-gtcdcddbene3cpes.z01.azurefd.net/9865154-1-N-LG-AEH74216502-CONTROLER-ASSEMBLY.jpg",
    "name": "LG Refrigerator Controler Assembly",
    "partselect_number": "PS9865154",
    "manufacturer_number": "AEH74216502",
    "description": "Manufacturer Part Number AEH74216502",
    "price": "$42.52",
    "stock_status": "On Order"
  },
  {
    "url": "https://www.partselect.com/PS12080202-LG-EAU61083522-AC-Indoor-Motor.htm?SourceCode=18",
    "image_url": "https://partselectcom-gtcdcddbene3cpes.z01.azurefd.net/12080202-1-N-LG-EAU61083522-AC-Indoor-Motor.jpg",
    "name": "LG Refrigerator Ac Indoor Motor",
    "partselect_number": "PS12080202",
    "manufacturer_number": "EAU61083522",
    "description": "★★★★★\n★★★★★\n1 Review\nManufacturer Part Number EAU61083522",
    "price": "$157.87",
    "stock_status": "On Order",
    "rating": "5.00 out of 5",
    "reviews_count": 1
  },
  {
    "url": "https://www.partselect.com/PS3534510-LG-MAN61844601-Refrigerator-Door-Basket.htm?SourceCode=18",
    "image_url": "https://partselectcom-gtcdcddbene3cpes.z01.azurefd.net/3534510-1-N-LG-MAN61844601-Refrigerator-Door-Basket.jpg",
    "name": "LG Refrigerator Door Basket",
    "partselect_number": "PS3534510",
    "manufacturer_number": "MAN61844601",
    "description": "★★★★★\n★★★★★\n2 Reviews\nManufacturer Part Number MAN61844601",
    "price": "$82.51",
    "stock_status": "On Order",
    "rating": "5.00 out of 5",
    "reviews_count": 2
  },
  {
    "url": "https://www.partselect.com/PS16661343-LG-ABA74248415-Motor-Bracket-Assembly.htm?SourceCode=18",
    "image_url": "https://partselectcom-gtcdcddbene3cpes.z01.azurefd.net/16661343-1-N-LG-ABA74248415-Motor-Bracket-Assembly.jpg",
    "name": "LG Refrigerator Motor Bracket Assembly",
    "partselect_number": "PS16661343",
    "manufacturer_number": "ABA74248415",
    "description": "Manufacturer Part Number ABA74248415",
    "price": "$117.45",
    "stock_status": "In Stock"
  },
  {
    "url": "https://www.partselect.com/PS16662681-LG-MAN64890701-BASKET-DOOR.htm?SourceCode=18",
    "image_url": "https://partselectcom-gtcdcddbene3cpes.z01.azurefd.net/16662681-1-N-LG-MAN64890701-BASKET-DOOR.jpg",
    "name": "LG Refrigerator Basket Door",
    "partselect_number": "PS16662681",
    "manufacturer_number": "MAN64890701",
    "description": "Manufacturer Part Number MAN64890701",
    "price": "$40.69",
    "stock_status": "In Stock"
  },
  {
    "url": "https://www.partselect.com/PS3628053-LG-MCK66542801-Dispenser-Front-Panel.htm?SourceCode=18",
    "image_url": "https://partselectcom-gtcdcddbene3cpes.z01.azurefd.net/3628053-1-N-LG-MCK66542801-Dispenser-Front-Panel.jpg",
    "name": "LG Refrigerator Dispenser Front Panel",
    "partselect_number": "PS3628053",
    "manufacturer_number": "MCK66542801",
    "description": "★★★★★\n★★★★★\n3 Reviews\nManufacturer Part Number MCK66542801",
    "price": "$90.19",
    "stock_status": "In Stock",
    "rating": "5.00 out of 5",
    "reviews_count": 3
  },
  {
    "url": "https://www.partselect.com/PS16661520-LG-ACQ30341204-COVER-ASSEMBLY-TV.htm?SourceCode=18",
    "image_url": "https://partselectcom-gtcdcddbene3cpes.z01.azurefd.net/16661520-1-N-LG-ACQ30341204-COVER-ASSEMBLY-TV.jpg",
    "name": "LG Refrigerator Cover Assembly Tv",
    "partselect_number": "PS16661520",
    "manufacturer_number": "ACQ30341204",
    "description": "Manufacturer Part Number ACQ30341204",
    "price": "$74.83",
    "stock_status": "In Stock"
  },
  {
    "url": "https://www.partselect.com/PS3525781-LG-5006JA2069A-Cap-Cover.htm?SourceCode=18",
    "image_url": "https://partselectcom-gtcdcddbene3cpes.z01.azurefd.net/3525781-1-N-LG-5006JA2069A-Cap-Cover.jpg",
    "name": "LG Refrigerator Cap Cover",
    "partselect_number": "PS3525781",
    "manufacturer_number": "5006JA2069A",
    "description": "★★★★★\n★★★★★\n1 Review\nManufacturer Part Number 5006JA2069A",
    "price": "$12.82",
    "stock_status": "In Stock",
    "rating": "1.00 out of 5",
    "reviews_count": 1
  },
  {
    "url": "https://www.partselect.com/PS3534658-LG-MBG42907106-Button-Lever.htm?SourceCode=18",
    "image_url": "https://partselectcom-gtcdcddbene3cpes.z01.azurefd.net/3534658-1-N-LG-MBG42907106-Button-Lever.jpg",
    "name": "LG Refrigerator Button Lever",
    "partselect_number": "PS3534658",
    "manufacturer_number": "MBG42907106",
    "description": "★★★★★\n★★★★★\n3 Reviews\nManufacturer Part Number MBG42907106",
    "price": "$41.11",
    "stock_status": "In Stock",
    "rating": "4.67 out of 5",
    "reviews_count": 3
  },
  {
    "url": "https://www.partselect.com/PS3613465-LG-AAP73472501-BASKET-ASSEMBLY-DOOR.htm?SourceCode=18",
    "image_url": "https://partselectcom-gtcdcddbene3cpes.z01.azurefd.net/3613465-1-N-LG-AAP73472501-BASKET-ASSEMBLY-DOOR.jpg",
    "name": "LG Refrigerator Basket Assembly Door",
    "partselect_number": "PS3613465",
    "manufacturer_number": "AAP73472501",
    "description": "★★★★★\n★★★★★\n6 Reviews\nManufacturer Part Number AAP73472501",
    "price": "$74.05",
    "stock_status": "In Stock",
    "rating": "5.00 out of 5",
    "reviews_count": 6
  },
  {
    "url": "https://www.partselect.com/PS10066412-LG-ACQ86594202-Refrigerator-crisper-drawer-cover.htm?SourceCode=18",
    "image_url": "https://partselectcom-gtcdcddbene3cpes.z01.azurefd.net/10066412-1-N-LG-ACQ86594202-Refrigerator-crisper-drawer-cover.jpg",
    "name": "LG Refrigerator Crisper Drawer Cover",
    "partselect_number": "PS10066412",
    "manufacturer_number": "ACQ86594202",
    "description": "Manufacturer Part Number ACQ86594202",
    "price": "$108.05",
    "stock_status": "In Stock"
  },
  {
    "url": "https://www.partselect.com/PS7788168-LG-AEQ72910411-Ice-Maker.htm?SourceCode=18",
    "image_url": "https://partselectcom-gtcdcddbene3cpes.z01.azurefd.net/7788168-1-N-LG-AEQ72910411-Ice-Maker.jpg",
    "name": "LG Refrigerator Ice Maker",
    "partselect_number": "PS7788168",
    "manufacturer_number": "AEQ72910411",
    "description": "★★★★★\n★★★★★\n8 Reviews\nIce maker assembly AEQ72910411 contains the complete ice maker and housing. The assembly may include multiple parts; refer to your parts diagram for a complete list of parts included. Make sure the ice-detecting sensor on the ice maker is clean and ice bin compartment door is closed for proper operation; allow 12 to 24 hours for ice production to begin after replacing the ice maker. Note: Due to LG using different ice makers depending on the build date of certain model refrigerators, you must look at the silver tag on the back of your ice maker and read the part number starting with AEQXXXXXXXX off of that tag to ensure you are ordering the correct ice maker.",
    "price": "$216.65",
    "stock_status": "In Stock",
    "rating": "4.00 out of 5",
    "reviews_count": 8
  },
  {
    "url": "https://www.partselect.com/PS12588642-LG-ADX73270508-GASKET-ASSEMBLY-DOOR.htm?SourceCode=18",
    "image_url": "https://partselectcom-gtcdcddbene3cpes.z01.azurefd.net/12588642-1-N-LG-ADX73270508-GASKET-ASSEMBLY-DOOR.jpg",
    "name": "LG Refrigerator Gasket Assembly Door",
    "partselect_number": "PS12588642",
    "manufacturer_number": "ADX73270508",
    "description": "Manufacturer Part Number ADX73270508",
    "price": "$66.59",
    "stock_status": "In Stock"
  },
  {
    "url": "https://www.partselect.com/PS3639254-LG-ADX73250601-GASKET-ASSEMBLY-DOOR.htm?SourceCode=18",
    "image_url": "https://partselectcom-gtcdcddbene3cpes.z01.azurefd.net/3639254-1-N-LG-ADX73250601-GASKET-ASSEMBLY-DOOR.jpg",
    "name": "LG Refrigerator Gasket Assembly Door",
    "partselect_number": "PS3639254",
    "manufacturer_number": "ADX73250601",
    "description": "★★★★★\n★★★★★\n1 Review\nManufacturer Part Number ADX73250601",
    "price": "$36.58",
    "stock_status": "In Stock",
    "rating": "5.00 out of 5",
    "reviews_count": 1
  },
  {
    "url": "https://www.partselect.com/PS7791887-LG-EAU60783827-Motor.htm?SourceCode=18",
    "image_url": "https://partselectcom-gtcdcddbene3cpes.z01.azurefd.net/7791887-1-N-LG-EAU60783827-Motor.jpg",
    "name": "LG Refrigerator Motor",
    "partselect_number": "PS7791887",
    "manufacturer_number": "EAU60783827",
    "description": "★★★★★\n★★★★★\n1 Review\nThe Ice Maker and Auger Motor Assembly is an OEM part for some LG refrigerators. This assembly is responsible for both producing ice and dispensing it from the ice maker. The ice maker produces ice cubes, while the auger motor drives the auger to move ice from the ice bin to the dispenser chute, ensuring a steady flow of ice whenever needed. Causes of a bad assembly can include electrical issues, wear and tear from regular use, or damage to the motor or ice-making components. A malfunctioning assembly can lead to inconsistent ice production and dispensing problems.",
    "price": "$442.36",
    "stock_status": "In Stock",
    "rating": "5.00 out of 5",
    "reviews_count": 1
  },
  {
    "url": "https://www.partselect.com/PS11706763-LG-AAP74271303-BASKET-ASSEMBLY-DOOR.htm?SourceCode=18",
    "image_url": "https://partselectcom-gtcdcddbene3cpes.z01.azurefd.net/11706763-1-N-LG-AAP74271303-BASKET-ASSEMBLY-DOOR.jpg",
    "name": "LG Refrigerator Basket Assembly Door",
    "partselect_number": "PS11706763",
    "manufacturer_number": "AAP74271303",
    "description": "Manufacturer Part Number AAP74271303",
    "price": "$50.39",
    "stock_status": "In Stock"
  },
  {
    "url": "https://www.partselect.com/PS3536065-LG-MKK61841901-Bucket-Ice.htm?SourceCode=18",
    "image_url": "https://partselectcom-gtcdcddbene3cpes.z01.azurefd.net/3536065-1-N-LG-MKK61841901-Bucket-Ice.jpg",
    "name": "LG Refrigerator Bucket Ice",
    "partselect_number": "PS3536065",
    "manufacturer_number": "MKK61841901",
    "description": "Manufacturer Part Number MKK61841901",
    "price": "$65.91",
    "stock_status": "In Stock"
  },
  {
    "url": "https://www.partselect.com/PS10067109-LG-AJP72909828-TRAY-ASSEMBLY-DRAWER.htm?SourceCode=18",
    "image_url": "https://partselectcom-gtcdcddbene3cpes.z01.azurefd.net/10067109-1-N-LG-AJP72909828-TRAY-ASSEMBLY-DRAWER.jpg",
    "name": "LG Refrigerator Tray Assembly, Drawer",
    "partselect_number": "PS10067109",
    "manufacturer_number": "AJP72909828",
    "description": "★★★★★\n★★★★★\n3 Reviews\nManufacturer Part Number AJP72909828",
    "price": "$133.43",
    "stock_status": "In Stock",
    "rating": "5.00 out of 5",
    "reviews_count": 3
  },
  {
    "url": "https://www.partselect.com/PS11708213-LG-ADX73450629-GASKET-ASSEMBLY-DOOR.htm?SourceCode=18",
    "image_url": "https://partselectcom-gtcdcddbene3cpes.z01.azurefd.net/11708213-1-N-LG-ADX73450629-GASKET-ASSEMBLY-DOOR.jpg",
    "name": "LG Refrigerator Gasket Assembly Door",
    "partselect_number": "PS11708213",
    "manufacturer_number": "ADX73450629",
    "description": "Manufacturer Part Number ADX73450629",
    "price": "$66.59",
    "stock_status": "In Stock"
  },
  {
    "url": "https://www.partselect.com/PS3532192-LG-AED37133117-Handle-Assembly-Freezer.htm?SourceCode=18",
    "image_url": "https://partselectcom-gtcdcddbene3cpes.z01.azurefd.net/3532192-1-N-LG-AED37133117-Handle-Assembly-Freezer.jpg",
    "name": "LG Refrigerator Handle Assembly Freezer",
    "partselect_number": "PS3532192",
    "manufacturer_number": "AED37133117",
    "description": "★★★★★\n★★★★★\n1 Review\nThis refrigerator door handle is compatible with various models of LG fridges. The handle is attached to the exterior of the refrigerator door, allowing you to easily open and close the appliance. It has an ergonomic design for easy gripping and it is connected to the door via mounting screws. Over time the door handle may need to be replaced if it is worn down, damaged, or no longer securely attached to the refrigerator door. If the handle fails, it can lead to inconvenience and difficulty in accessing the refrigerator. The mounting hardware is sold separately. Be sure to save the screws from the old handle or purchase new ones to secure the door handle to the refrigerator.",
    "price": "$94.03",
    "stock_status": "In Stock",
    "rating": "5.00 out of 5",
    "reviews_count": 1
  },
  {
    "url": "https://www.partselect.com/PS5574502-LG-ADX73350930-DOOR-GASKET-Assembly.htm?SourceCode=18",
    "image_url": "https://partselectcom-gtcdcddbene3cpes.z01.azurefd.net/5574502-1-N-LG-ADX73350930-DOOR-GASKET-Assembly.jpg",
    "name": "LG Refrigerator Door Gasket Assembly",
    "partselect_number": "PS5574502",
    "manufacturer_number": "ADX73350930",
    "description": "Manufacturer Part Number ADX73350930",
    "price": "$107.62",
    "stock_status": "In Stock"
  },
  {
    "url": "https://www.partselect.com/PS8690497-LG-AJP73914504-VEGETABLE-TRAY-Assembly.htm?SourceCode=18",
    "image_url": "https://partselectcom-gtcdcddbene3cpes.z01.azurefd.net/8690497-1-N-LG-AJP73914504-VEGETABLE-TRAY-Assembly.jpg",
    "name": "LG Refrigerator Vegetable Tray Assembly",
    "partselect_number": "PS8690497",
    "manufacturer_number": "AJP73914504",
    "description": "Manufacturer Part Number AJP73914504",
    "price": "$85.31",
    "stock_status": "On Order"
  },
  {
    "url": "https://www.partselect.com/PS3523099-LG-4621JA3002H-Stopper-Assembly-Door.htm?SourceCode=18",
    "image_url": "https://partselectcom-gtcdcddbene3cpes.z01.azurefd.net/3523099-1-N-LG-4621JA3002H-Stopper-Assembly-Door.jpg",
    "name": "LG Refrigerator Stopper Assembly Door",
    "partselect_number": "PS3523099",
    "manufacturer_number": "4621JA3002H",
    "description": "Manufacturer Part Number 4621JA3002H",
    "price": "$31.31",
    "stock_status": "Special Order"
  },
  {
    "url": "https://www.partselect.com/PS11766581-LG-AJU34125555-Water-Inlet-Valve.htm?SourceCode=18",
    "image_url": "https://partselectcom-gtcdcddbene3cpes.z01.azurefd.net/11766581-1-N-LG-AJU34125555-Water-Inlet-Valve.jpg",
    "name": "LG Refrigerator Water Inlet Valve",
    "partselect_number": "PS11766581",
    "manufacturer_number": "AJU34125555",
    "description": "★★★★★\n★★★★★\n1 Review\nManufacturer Part Number AJU34125555",
    "price": "$157.87",
    "stock_status": "In Stock",
    "rating": "5.00 out of 5",
    "reviews_count": 1
  },
  {
    "url": "https://www.partselect.com/PS3631122-LG-MJU62070603-Refrigerator-Plastic-Tubing-5-16-Inch.htm?SourceCode=18",
    "image_url": "https://partselectcom-gtcdcddbene3cpes.z01.azurefd.net/3631122-1-N-LG-MJU62070603-Refrigerator-Plastic-Tubing-5-16-Inch.jpg",
    "name": "LG Refrigerator Plastic Tubing (5/16 Inch)",
    "partselect_number": "PS3631122",
    "manufacturer_number": "MJU62070603",
    "description": "★★★★★\n★★★★★\n3 Reviews\nThis part is the replacement water line for your refrigerator. It is a long plastic tube, which is 5/16 of an inch in diameter. If your refrigerator is leaking, or if it will not dispense water or ice, you may have a damaged water line. When you replace the water line, you may want to pick up a new water tube union as well. You can use a utility knife to cut the old water line where it is damaged, and use the union to attach the new water line to the old one. This tubing is sold individually and is an OEM part.",
    "price": "$25.69",
    "stock_status": "On Order",
    "rating": "3.67 out of 5",
    "reviews_count": 3
  },
  {
    "url": "https://www.partselect.com/PS3532240-LG-AEH60614101-Hinge-Assembly-Upper.htm?SourceCode=18",
    "image_url": "https://partselectcom-gtcdcddbene3cpes.z01.azurefd.net/3532240-1-N-LG-AEH60614101-Hinge-Assembly-Upper.jpg",
    "name": "LG Refrigerator Hinge Assembly Upper",
    "partselect_number": "PS3532240",
    "manufacturer_number": "AEH60614101",
    "description": "Manufacturer Part Number AEH60614101",
    "price": "$41.53",
    "stock_status": "On Order"
  },
  {
    "url": "https://www.partselect.com/PS11709255-LG-AJP73894606-TRAY-ASSEMBLY-DRAWER.htm?SourceCode=18",
    "image_url": "https://partselectcom-gtcdcddbene3cpes.z01.azurefd.net/11709255-1-N-LG-AJP73894606-TRAY-ASSEMBLY-DRAWER.jpg",
    "name": "LG Refrigerator Tray Assembly Drawer",
    "partselect_number": "PS11709255",
    "manufacturer_number": "AJP73894606",
    "description": "Manufacturer Part Number AJP73894606",
    "price": "$105.40",
    "stock_status": "On Order"
  },
  {
    "url": "https://www.partselect.com/PS12750420-LG-EBR30299301-Main-PCB-Assembly.htm?SourceCode=18",
    "image_url": "https://partselectcom-gtcdcddbene3cpes.z01.azurefd.net/12750420-1-N-LG-EBR30299301-Main-PCB-Assembly.jpg",
    "name": "LG Refrigerator Main Pcb Assembly",
    "partselect_number": "PS12750420",
    "manufacturer_number": "EBR30299301",
    "description": "Manufacturer Part Number EBR30299301",
    "price": "$121.20",
    "stock_status": "On Order"
  },
  {
    "url": "https://www.partselect.com/PS3528732-LG-5989JA1005G-Ice-Maker-Assembly.htm?SourceCode=18",
    "image_url": "https://partselectcom-gtcdcddbene3cpes.z01.azurefd.net/3528732-1-N-LG-5989JA1005G-Ice-Maker-Assembly.jpg",
    "name": "LG Refrigerator Ice Maker Assembly",
    "partselect_number": "PS3528732",
    "manufacturer_number": "5989JA1005G",
    "description": "★★★★★\n★★★★★\n2 Reviews",
    "price": "$223.51",
    "stock_status": "In Stock",
    "rating": "4.50 out of 5",
    "reviews_count": 2
  },
  {
    "url": "https://www.partselect.com/PS8751178-LG-EBG60663229-THERMISTOR-ASSEMBLY-PTC.htm?SourceCode=18",
    "image_url": "https://partselectcom-gtcdcddbene3cpes.z01.azurefd.net/8751178-1-N-LG-EBG60663229-THERMISTOR-ASSEMBLY-PTC.jpg",
    "name": "LG Refrigerator Thermistor Assembly Ptc",
    "partselect_number": "PS8751178",
    "manufacturer_number": "EBG60663229",
    "description": "Manufacturer Part Number EBG60663229",
    "price": "$66.59",
    "stock_status": "In Stock"
  },
  {
    "url": "https://www.partselect.com/PS12714087-LG-ADD73719026-DOOR-FOAM-ASSEMBLY-FREEZER.htm?SourceCode=18",
    "image_url": "https://partselectcom-gtcdcddbene3cpes.z01.azurefd.net/12714087-1-N-LG-ADD73719026-DOOR-FOAM-ASSEMBLY-FREEZER.jpg",
    "name": "LG Refrigerator Door Foam Assembly Freezer",
    "partselect_number": "PS12714087",
    "manufacturer_number": "ADD73719026",
    "price": "$302.63",
    "stock_status": "In Stock"
  },
  {
    "url": "https://www.partselect.com/PS3518978-LG-3391JJ2018D-Refrigerator-Meat-Assembly-Tray.htm?SourceCode=18",
    "image_url": "https://partselectcom-gtcdcddbene3cpes.z01.azurefd.net/3518978-1-N-LG-3391JJ2018D-Refrigerator-Meat-Assembly-Tray.jpg",
    "name": "LG Refrigerator Meat Assembly Tray",
    "partselect_number": "PS3518978",
    "manufacturer_number": "3391JJ2018D",
    "description": "★★★★★\n★★★★★\n4 Reviews\nManufacturer Part Number 3391JJ2018D",
    "price": "$75.79",
    "stock_status": "In Stock",
    "rating": "4.50 out of 5",
    "reviews_count": 4
  },
  {
    "url": "https://www.partselect.com/PS3525597-LG-5004JJ0001A-Refrigerator-Door-Bin.htm?SourceCode=18",
    "image_url": "https://partselectcom-gtcdcddbene3cpes.z01.azurefd.net/3525597-1-N-LG-5004JJ0001A-Refrigerator-Door-Bin.jpg",
    "name": "LG Refrigerator Door Bin",
    "partselect_number": "PS3525597",
    "manufacturer_number": "5004JJ0001A",
    "description": "★★★★★\n★★★★★\n4 Reviews\nThe door bin attaches to the inside of the refrigerator door and typically holds jars and bottles.",
    "price": "$90.19",
    "stock_status": "In Stock",
    "rating": "4.00 out of 5",
    "reviews_count": 4
  },
  {
    "url": "https://www.partselect.com/PS11707347-LG-ACQ86486001-COVER-ASSEMBLY-TV.htm?SourceCode=18",
    "image_url": "https://partselectcom-gtcdcddbene3cpes.z01.azurefd.net/11707347-1-N-LG-ACQ86486001-COVER-ASSEMBLY-TV.jpg",
    "name": "LG Refrigerator Cover Assembly Tv",
    "partselect_number": "PS11707347",
    "manufacturer_number": "ACQ86486001",
    "description": "Manufacturer Part Number ACQ86486001",
    "price": "$225.35",
    "stock_status": "In Stock"
  },
  {
    "url": "https://www.partselect.com/PS12725388-LG-MJX64711401-VALVE-WATER.htm?SourceCode=18",
    "image_url": "https://partselectcom-gtcdcddbene3cpes.z01.azurefd.net/12725388-1-N-LG-MJX64711401-VALVE-WATER.jpg",
    "name": "LG Refrigerator Valve Water",
    "partselect_number": "PS12725388",
    "manufacturer_number": "MJX64711401",
    "description": "Manufacturer Part Number MJX64711401",
    "price": "$67.27",
    "stock_status": "In Stock"
  },
  {
    "url": "https://www.partselect.com/PS16219428-LG-AED37133172-HANDLE-ASSY-FREEZER.htm?SourceCode=18",
    "image_url": "https://partselectcom-gtcdcddbene3cpes.z01.azurefd.net/16219428-1-N-LG-AED37133172-HANDLE-ASSY-FREEZER.jpg",
    "name": "LG Refrigerator Handle Assy, Freezer",
    "partselect_number": "PS16219428",
    "manufacturer_number": "AED37133172",
    "description": "Manufacturer Part Number AED37133172",
    "price": "$90.19",
    "stock_status": "In Stock"
  },
  {
    "url": "https://www.partselect.com/PS16746348-LG-AJP75235044-TRAY-ASSEMBLY-VEGETABLE.htm?SourceCode=18",
    "image_url": "https://partselectcom-gtcdcddbene3cpes.z01.azurefd.net/16746348-1-N-LG-AJP75235044-TRAY-ASSEMBLY-VEGETABLE.jpg",
    "name": "LG Refrigerator Tray Assembly Vegetable",
    "partselect_number": "PS16746348",
    "manufacturer_number": "AJP75235044",
    "description": "★★★★★\n★★★★★\n1 Review\nManufacturer Part Number AJP75235044",
    "price": "$91.13",
    "stock_status": "In Stock",
    "rating": "5.00 out of 5",
    "reviews_count": 1
  },
  {
    "url": "https://www.partselect.com/PS3518775-LG-3390JA1150A-Ice-Tray.htm?SourceCode=18",
    "image_url": "https://partselectcom-gtcdcddbene3cpes.z01.azurefd.net/3518775-1-N-LG-3390JA1150A-Ice-Tray.jpg",
    "name": "LG Refrigerator Ice Tray",
    "partselect_number": "PS3518775",
    "manufacturer_number": "3390JA1150A",
    "description": "★★★★★\n★★★★★\n4 Reviews\nThis part is the replacement ice tray for your refrigerator. The tray is made of white plastic and is approximately 9 inches in length, and 3 inches in width. It has the capacity for 8 ice cubes. The ice tray can be filled up with water and is the mold that shapes the ice cubes. If your current ice tray is cracked, warped, or if mineral deposits have settled inside it, it may cause the ice cubes to stick. This part is sold individually and is an authentic OEM part.",
    "price": "$12.82",
    "stock_status": "In Stock",
    "rating": "4.50 out of 5",
    "reviews_count": 4
  },
  {
    "url": "https://www.partselect.com/PS3526241-LG-5040JA2015A-Refrigerator-Inlet-Tube.htm?SourceCode=18",
    "image_url": "https://partselectcom-gtcdcddbene3cpes.z01.azurefd.net/3526241-1-N-LG-5040JA2015A-Refrigerator-Inlet-Tube.jpg",
    "name": "LG Refrigerator Inlet Tube",
    "partselect_number": "PS3526241",
    "manufacturer_number": "5040JA2015A",
    "description": "★★★★★\n★★★★★\n1 Review",
    "price": "$31.95",
    "stock_status": "In Stock",
    "rating": "1.00 out of 5",
    "reviews_count": 1
  },
  {
    "url": "https://www.partselect.com/PS3530706-LG-ABN73019101-Head-Cap-Assembly.htm?SourceCode=18",
    "image_url": "https://partselectcom-gtcdcddbene3cpes.z01.azurefd.net/3530706-1-N-LG-ABN73019101-Head-Cap-Assembly.jpg",
    "name": "LG Refrigerator Head Cap Assembly",
    "partselect_number": "PS3530706",
    "manufacturer_number": "ABN73019101",
    "description": "★★★★★\n★★★★★\n2 Reviews\nThis is a water filter bypass plug made for use with LG refrigerators. This plug is designed to act as a stand-in and allow water to flow to the dispenser or ice maker, even when the water filter is removed. This plug is made of white plastic and measures approximately 7 inches long and 1.2 inches wide. Installing this water filter bypass plug is simple, and only requires that you remove any present water filters, and then stick this plug in its place, and close the filter housing.",
    "price": "$21.73",
    "stock_status": "In Stock",
    "rating": "3.00 out of 5",
    "reviews_count": 2
  },
  {
    "url": "https://www.partselect.com/PS7786018-LG-AAP73631301-BASKET-ASSEMBLY-DOOR.htm?SourceCode=18",
    "image_url": "https://partselectcom-gtcdcddbene3cpes.z01.azurefd.net/7786018-1-N-LG-AAP73631301-BASKET-ASSEMBLY-DOOR.jpg",
    "name": "LG Refrigerator Basket Assembly Door",
    "partselect_number": "PS7786018",
    "manufacturer_number": "AAP73631301",
    "description": "Manufacturer Part Number AAP73631301",
    "price": "$60.71",
    "stock_status": "In Stock"
  },
  {
    "url": "https://www.partselect.com/PS12724758-LG-ADQ73913310-Water-Filter-Assembly.htm?SourceCode=18",
    "image_url": "https://partselectcom-gtcdcddbene3cpes.z01.azurefd.net/12724758-1-N-LG-ADQ73913310-Water-Filter-Assembly.jpg",
    "name": "LG Refrigerator Water Filter Assembly",
    "partselect_number": "PS12724758",
    "manufacturer_number": "ADQ73913310",
    "price": "$150.61",
    "stock_status": "In Stock"
  },
  {
    "url": "https://www.partselect.com/PS3525560-LG-5004JA2017B-Freezer-Tilt-Basket-End-Cap-White-Left-Side.htm?SourceCode=18",
    "image_url": "https://partselectcom-gtcdcddbene3cpes.z01.azurefd.net/3525560-1-N-LG-5004JA2017B-Freezer-Tilt-Basket-End-Cap-White-Left-Side.jpg",
    "name": "LG Refrigerator Freezer Tilt Basket End Cap White Left Side",
    "partselect_number": "PS3525560",
    "manufacturer_number": "5004JA2017B",
    "description": "★★★★★\n★★★★★\n1 Review\nSold individually.",
    "price": "$18.95",
    "stock_status": "In Stock",
    "rating": "5.00 out of 5",
    "reviews_count": 1
  },
  {
    "url": "https://www.partselect.com/PS3525690-LG-5005JJ2017A-Basket-Assembly-Door.htm?SourceCode=18",
    "image_url": "https://partselectcom-gtcdcddbene3cpes.z01.azurefd.net/3525690-1-N-LG-5005JJ2017A-Basket-Assembly-Door.jpg",
    "name": "LG Refrigerator Basket Assembly Door",
    "partselect_number": "PS3525690",
    "manufacturer_number": "5005JJ2017A",
    "description": "Manufacturer Part Number 5005JJ2017A",
    "price": "$83.37",
    "stock_status": "Special Order"
  },
  {
    "url": "https://www.partselect.com/PS11711116-LG-MAN63048801-BASKET-DOOR.htm?SourceCode=18",
    "image_url": "https://partselectcom-gtcdcddbene3cpes.z01.azurefd.net/11711116-1-N-LG-MAN63048801-BASKET-DOOR.jpg",
    "name": "LG Refrigerator Basket Door",
    "partselect_number": "PS11711116",
    "manufacturer_number": "MAN63048801",
    "description": "Manufacturer Part Number MAN63048801",
    "price": "$41.53",
    "stock_status": "In Stock"
  },
  {
    "url": "https://www.partselect.com/PS12730208-LG-ADQ73334008-Air-Cleaner-Filter-Assembly.htm?SourceCode=18",
    "image_url": "https://partselectcom-gtcdcddbene3cpes.z01.azurefd.net/12730208-1-N-LG-ADQ73334008-Air-Cleaner-Filter-Assembly.jpg",
    "name": "LG Refrigerator Air Cleaner Filter Assembly",
    "partselect_number": "PS12730208",
    "manufacturer_number": "ADQ73334008",
    "description": "Manufacturer Part Number ADQ73334008",
    "price": "$45.49",
    "stock_status": "In Stock"
  },
  {
    "url": "https://www.partselect.com/PS8749647-LG-AJP73894603-TRAY-ASSEMBLY-DRAWER.htm?SourceCode=18",
    "image_url": "https://partselectcom-gtcdcddbene3cpes.z01.azurefd.net/8749647-1-N-LG-AJP73894603-TRAY-ASSEMBLY-DRAWER.jpg",
    "name": "LG Refrigerator Tray Assembly Drawer",
    "partselect_number": "PS8749647",
    "manufacturer_number": "AJP73894603",
    "description": "Manufacturer Part Number AJP73894603",
    "price": "$119.95",
    "stock_status": "In Stock"
  },
  {
    "url": "https://www.partselect.com/PS12716258-LG-MJS62591802-Freezer-Tray.htm?SourceCode=18",
    "image_url": "https://partselectcom-gtcdcddbene3cpes.z01.azurefd.net/12716258-1-N-LG-MJS62591802-Freezer-Tray.jpg",
    "name": "LG Refrigerator Freezer Tray",
    "partselect_number": "PS12716258",
    "manufacturer_number": "MJS62591802",
    "description": "Manufacturer Part Number MJS62591802",
    "price": "$65.91",
    "stock_status": "On Order"
  },
  {
    "url": "https://www.partselect.com/PS12748301-LG-AEH75957701-Center-Hinge-Assembly.htm?SourceCode=18",
    "image_url": "https://partselectcom-gtcdcddbene3cpes.z01.azurefd.net/12748301-1-N-LG-AEH75957701-Center-Hinge-Assembly.jpg",
    "name": "LG Refrigerator Center Hinge Assembly",
    "partselect_number": "PS12748301",
    "manufacturer_number": "AEH75957701",
    "description": "Manufacturer Part Number AEH75957701",
    "price": "$50.39",
    "stock_status": "In Stock"
  },
  {
    "url": "https://www.partselect.com/PS16662169-LG-AJP76401606-Drawer-Tray-Assembly.htm?SourceCode=18",
    "image_url": "https://partselectcom-gtcdcddbene3cpes.z01.azurefd.net/16662169-1-N-LG-AJP76401606-Drawer-Tray-Assembly.jpg",
    "name": "LG Refrigerator Drawer Tray Assembly",
    "partselect_number": "PS16662169",
    "manufacturer_number": "AJP76401606",
    "description": "Manufacturer Part Number AJP76401606",
    "price": "$135.80",
    "stock_status": "In Stock"
  },
  {
    "url": "https://www.partselect.com/PS3523328-LG-4681JB1029A-Evaporator-Fan-Motor.htm?SourceCode=18",
    "image_url": "https://partselectcom-gtcdcddbene3cpes.z01.azurefd.net/3523328-1-N-LG-4681JB1029A-Evaporator-Fan-Motor.jpg",
    "name": "LG Refrigerator Evaporator Fan Motor",
    "partselect_number": "PS3523328",
    "manufacturer_number": "4681JB1029A",
    "description": "Manufacturer Part Number 4681JB1029A",
    "price": "$83.37",
    "stock_status": "In Stock"
  }
]