[
  {
    "url": "https://www.partselect.com/PS11722130-Whirlpool-EDR4RXD1-Refrigerator-Water-Filter.htm?SourceCode=18",
    "image_url": "https://partselectcom-gtcdcddbene3cpes.z01.azurefd.net/11722130-1-N-Whirlpool-EDR4RXD1-Refrigerator-Water-Filter.jpg",
    "name": "Magic Chef Refrigerator Water Filter",
    "partselect_number": "PS11722130",
    "manufacturer_number": "EDR4RXD1",
    "description": "★★★★★\n★★★★★\n98 Reviews\nThis water filter (Whirlpool EveryDrop Refrigerator Water Filter, Single Turn Filter) purifies water going to the water dispenser and sometimes the icemaker as well. This part should be replaced if it is causing reduced water flow or just replaced periodically per the owner manual. Replacing this water filter may fix a noisy or leaking fridge, a fridge that is not dispensing water (or reduced flow rate), and an ice maker that is not making ice at all, or not making enough ice. This filter is white, sold individually and measures 8 inches by 3 inches in diameter. This water filter has been updated by the manufacturer. It may appear different but will still function the same. It is sold individually.",
    "price": "$\n74.21",
    "stock_status": "In Stock",
    "rating": "4.7/5",
    "reviews_count": 98,
    "reviews": [
      {
        "rating": "5.0/5",
        "reviewer": "Elaine G",
        "date": "December 28, 2021",
        "title": "Elaine G",
        "content": "The water filter came long before I needed it. By the time I needed it, I installed it. Once installed, it has worked great!"
      },
      {
        "rating": "5.0/5",
        "reviewer": "Richard M",
        "date": "September 9, 2021",
        "title": "Richard M",
        "content": "Shipped and received as promised. Easy to install"
      },
      {
        "rating": "5.0/5",
        "reviewer": "Anna T",
        "date": "June 17, 2021",
        "title": "Anna T",
        "content": "Delighted at how quickly our order was processed and the product sent."
      },
      {
        "rating": "5.0/5",
        "reviewer": "Laurence L",
        "date": "November 6, 2019",
        "title": "Laurence L",
        "content": "the filter was perfect and super easy to install. Will order again when it's time."
      },
      {
        "rating": "5.0/5",
        "reviewer": "David C",
        "date": "January 30, 2018",
        "title": "David C",
        "content": "My part came in and was easy to install everything working good"
      },
      {
        "rating": "5.0/5",
        "reviewer": "Ralph W",
        "date": "February 2, 2018",
        "title": "Ralph W",
        "content": "Great cond"
      },
      {
        "rating": "5.0/5",
        "reviewer": "Rachel W",
        "date": "February 11, 2018",
        "title": "Rachel W",
        "content": "Easy to order the perfect filter to replace in fridge."
      },
      {
        "rating": "5.0/5",
        "reviewer": "Sharon C",
        "date": "February 7, 2018",
        "title": "Sharon C",
        "content": "Part arrived quickly. Filter.was easy to install"
      },
      {
        "rating": "5.0/5",
        "reviewer": "Gary K",
        "date": "April 12, 2020",
        "title": "Gary K",
        "content": "Thank for this service, our refrigerator water filter comes right on time, such a time saver and so easy!"
      },
      {
        "rating": "5.0/5",
        "reviewer": "ROBERT C",
        "date": "April 11, 2020",
        "title": "ROBERT C",
        "content": "Perfect filter for my refrigerator, delivered on time, and keeps my water and ice fresh and clean."
      }
    ],
    "repair_stories": [],
    "symptoms_fixed": "Not dispensing water | Ice maker not making ice | Leaking | Ice maker dispenses too little ice",
    "works_with": "Refrigerator.",
    "also_replaces": [
      "AP5983564",
      "12589201",
      "12589203",
      "12589206",
      "12589208",
      "12589210",
      "13040201",
      "13040214",
      "13040216",
      "13040216N",
      "13040218",
      "4396395",
      "67002269",
      "67002671",
      "67003523",
      "67003523A",
      "67003526",
      "67003591",
      "67003640",
      "67003727 ... Show more"
    ],
    "video_url": "https://www.youtube.com/watch?v=5oA-c0VklDg"
  },
  {
    "url": "https://www.partselect.com/PS884734-Whirlpool-8009-Refrigerator-Light-Bulb-40w.htm?SourceCode=18",
    "image_url": "https://partselectcom-gtcdcddbene3cpes.z01.azurefd.net/884734-1-N-Whirlpool-8009-Refrigerator-Light-Bulb-40w.jpg",
    "name": "Magic Chef Refrigerator Light Bulb (40w)",
    "partselect_number": "PS884734",
    "manufacturer_number": "8009",
    "description": "★★★★★\n★★★★★\n78 Reviews\nThis an authentic OEM 40-Watt replacement light bulb, used in a number of household appliances. It is specially designed to withstand extreme temperatures, which is why these replacement bulbs are most often used to light the inside of refrigerators and ranges. It features a standard socket base, which means you simply unscrew the burnt-out bulb and screw in the replacement. Depending on the appliance you may require a screwdriver or nut driver to access the light bulb. We recommend you wear work gloves while handling this replacement part. It is constructed of glass and metal and is sold individually. Depending on the appliance and location of the bulb within it, you may want to consider disconnecting power and using a flashlight for easier access to unscrewing and re-screwing in your bulb during this repair.",
    "price": "$\n16.44",
    "stock_status": "In Stock",
    "rating": "4.7/5",
    "reviews_count": 78,
    "reviews": [],
    "repair_stories": [],
    "symptoms_fixed": "Refrigerator, Range, Wall Oven, Dryer.",
    "works_with": "Refrigerator, Range, Wall Oven, Dryer.",
    "also_replaces": [
      "AP3607217",
      "1958",
      "8009",
      "0020478",
      "0020571",
      "0042175",
      "0047146",
      "0053950",
      "0056713",
      "0057030",
      "0057035",
      "0088673",
      "0089290",
      "03055001",
      "0311700",
      "040672-02",
      "05600070",
      "0B00300199",
      "0B00300299",
      "0B00300399 ... Show more"
    ],
    "video_url": "https://www.youtube.com/watch?v=kSohIGunxBw"
  },
  {
    "url": "https://www.partselect.com/PS2121513-Whirlpool-D7824706Q-Replacement-Ice-Maker.htm?SourceCode=18",
    "image_url": "https://partselectcom-gtcdcddbene3cpes.z01.azurefd.net/2121513-1-N-Whirlpool-D7824706Q-Replacement-Ice-Maker.jpg",
    "name": "Magic Chef Refrigerator Replacement Ice Maker",
    "partselect_number": "PS2121513",
    "manufacturer_number": "D7824706Q",
    "description": "★★★★★\n★★★★★\n183 Reviews\nThis ice maker (Ice Maker Assembly, Refrigerator Ice Maker) produces ice cubes that are ejected into the storage bucket. It is located in the freezer section of your appliance, mounted on the freezer wall. The ice maker can break from normal wear and accidental damage. If this happens, your refrigerator may no longer make ice cubes, or may not make enough cubes, and the part should be replaced. This model measures approximately 11 inches long and 5 inches wide. It’s constructed of plastic and metal, and comes in black/white/silver. This assembly includes the ice mold and the control device.",
    "price": "$\n115.96",
    "stock_status": "In Stock",
    "rating": "4.8/5",
    "reviews_count": 183,
    "reviews": [],
    "repair_stories": [],
    "symptoms_fixed": "Ice maker not making ice | Leaking | Ice maker won’t dispense ice | Ice maker dispenses too little ice",
    "works_with": "Refrigerator, Ice Maker.",
    "also_replaces": [
      "AP4135008",
      "915772",
      "D7824706Q",
      "0056504",
      "0056599",
      "0056605",
      "0056606",
      "0311155",
      "0312578",
      "0312738",
      "0312739",
      "0312740",
      "10549201",
      "10563707",
      "10563708",
      "14211407",
      "61005508",
      "61005508A",
      "67001263",
      "68111-1 ... Show more"
    ],
    "video_url": "https://www.youtube.com/watch?v=_6xfzzeEWyw"
  },
  {
    "url": "https://www.partselect.com/PS11757023-Whirlpool-WPW10662129-Refrigerator-Capacitor.htm?SourceCode=18",
    "image_url": "https://partselectcom-gtcdcddbene3cpes.z01.azurefd.net/11757023-1-N-Whirlpool-WPW10662129-Refrigerator-Capacitor.jpg",
    "name": "Magic Chef Refrigerator Capacitor",
    "partselect_number": "PS11757023",
    "manufacturer_number": "WPW10662129",
    "description": "★★★★★\n★★★★★\n43 Reviews\nThis capacitor (Refrigerator and Freezer Compressor Run Capacitor, Run Capacitor) provides the voltage or energy current required to start the compressor and keep it running. It allows the compressor in your appliance to easily cycle on and off. This capacitor mounts directly onto the compressor starting relay. If the capacitor is faulty the compressor may get unusually hot and draw excessive amperage. It the compressor overheats, it may fail to run until it cools down again. The compressor may also get noisy from overheating. If this part is totally electrically open, it is defective (often due to overheating) and needs to be replaced. The part measures 1 inch by 1-1/2 inches, and is constructed of plastic with two metal wire terminals. This item includes 1 capacitor, sold individually. This part comes in black.",
    "price": "$41.66",
    "stock_status": "In Stock",
    "rating": "4.28 out of 5",
    "reviews_count": 43
  },
  {
    "url": "https://www.partselect.com/PS12728638-Whirlpool-W11384469-Refrigerator-Door-Switch.htm?SourceCode=18",
    "image_url": "https://partselectcom-gtcdcddbene3cpes.z01.azurefd.net/12728638-1-N-Whirlpool-W11384469-Refrigerator-Door-Switch.jpg",
    "name": "Magic Chef Refrigerator Door Switch",
    "partselect_number": "PS12728638",
    "manufacturer_number": "W11384469",
    "description": "★★★★★\n★★★★★\n94 Reviews\nDoor switch turns the light off when you close the door.",
    "price": "$27.11",
    "stock_status": "In Stock",
    "rating": "4.63 out of 5",
    "reviews_count": 94
  },
  {
    "url": "https://www.partselect.com/PS12731166-Whirlpool-W11396033-Door-Switch.htm?SourceCode=18",
    "image_url": "https://partselectcom-gtcdcddbene3cpes.z01.azurefd.net/12731166-1-N-Whirlpool-W11396033-Door-Switch.jpg",
    "name": "Magic Chef Refrigerator Door Switch",
    "partselect_number": "PS12731166",
    "manufacturer_number": "W11396033",
    "description": "★★★★★\n★★★★★\n36 Reviews\nThis light switch may also be known as a refrigerator door switch or a light switch kit, and is compatible with your refrigerator. The function of the refrigerator door switch is to turn on the light when your fridge door is open, and to make sure it is off when your refrigerator door is closed. The reason you would need to replace this part is if your light is not turning on when your door is open. For this repair, you will need a putty knife, and a small flat-blade screwdriver.",
    "price": "$27.11",
    "stock_status": "In Stock",
    "rating": "4.83 out of 5",
    "reviews_count": 36
  },
  {
    "url": "https://www.partselect.com/PS11750673-Whirlpool-WPW10225581-Refrigerator-Bimetal-Defrost-Thermostat.htm?SourceCode=18",
    "image_url": "https://partselectcom-gtcdcddbene3cpes.z01.azurefd.net/11750673-1-N-Whirlpool-WPW10225581-Refrigerator-Bimetal-Defrost-Thermostat.jpg",
    "name": "Magic Chef Refrigerator Bimetal Defrost Thermostat",
    "partselect_number": "PS11750673",
    "manufacturer_number": "WPW10225581",
    "description": "★★★★★\n★★★★★\n29 Reviews\nIf you have ice building up in your freezer, or if your freezer is getting too warm during the defrost cycle you may need to replace the bi-metal defrost thermostat. The function of the defrost bi-metal thermostat is to clip onto the evaporator and protect your evaporator from overheating during the defrost cycle. If your refrigerator does not defrost properly you can test both the thermostat and the heater to figure out which part is at fault. For this repair, you will need a Phillips screwdriver, a 1/4 inch nut driver, a flat blade screwdriver, a pair of wire strippers, a roll of electrical tape, and a few butt splice connectors.",
    "price": "$32.59",
    "stock_status": "In Stock",
    "rating": "4.66 out of 5",
    "reviews_count": 29
  },
  {
    "url": "https://www.partselect.com/PS11739936-Whirlpool-WP2256704-Refrigerator-Crisper-Pan.htm?SourceCode=18",
    "image_url": "https://partselectcom-gtcdcddbene3cpes.z01.azurefd.net/11739936-1-N-Whirlpool-WP2256704-Refrigerator-Crisper-Pan.jpg",
    "name": "Magic Chef Refrigerator Crisper Pan",
    "partselect_number": "PS11739936",
    "manufacturer_number": "WP2256704",
    "description": "★★★★★\n★★★★★\n20 Reviews\nThis crisper pan, or drawer, is made for your refrigerator. The drawer has a controlled environment to ensure a proper humidity level to keep your produce fresh for longer. It is clear in color and made of plastic. It is approximately 13 inches by 10 inches at the base of the pan.",
    "price": "$91.13",
    "stock_status": "In Stock",
    "rating": "4.20 out of 5",
    "reviews_count": 20
  },
  {
    "url": "https://www.partselect.com/PS17917059-Whirlpool-W11729596-ICE-MAKER-FIELD-INSTALL-KIT-T.htm?SourceCode=18",
    "image_url": "https://partselectcom-gtcdcddbene3cpes.z01.azurefd.net/assets/images/noimage_N.jpg",
    "name": "Magic Chef Refrigerator Ice Maker Field Install Kit (t",
    "partselect_number": "PS17917059",
    "manufacturer_number": "W11729596",
    "description": "★★★★★\n★★★★★\n8 Reviews",
    "price": "$94.81",
    "stock_status": "In Stock",
    "rating": "4.88 out of 5",
    "reviews_count": 8
  },
  {
    "url": "https://www.partselect.com/PS11738927-Whirlpool-WP2156003-Refrigerator-Door-Shelf-Retainer-Bar-End-Cap.htm?SourceCode=18",
    "image_url": "https://partselectcom-gtcdcddbene3cpes.z01.azurefd.net/11738927-1-N-Whirlpool-WP2156003-Refrigerator-Door-Shelf-Retainer-Bar-End-Cap.jpg",
    "name": "Magic Chef Refrigerator Door Shelf Retainer Bar End Cap",
    "partselect_number": "PS11738927",
    "manufacturer_number": "WP2156003",
    "description": "★★★★★\n★★★★★\n10 Reviews\nThe door shelf retainer bar end cap connects to the retainer bar on your refrigerator’s door shelf, and attaches it to the refrigerator door. If your shelf retainer bar has become disconnected, a damaged end cap could be the cause. To remove the end cap, first unhook the release tab on both ends of the retainer bar. Slide out the bar and the end caps, and slide out the defective cap. Now, simply replace the end cap and snap the bar with end caps back in place on the refrigerator door. This part is made of white plastic and is sold individually.",
    "price": "$10.62",
    "stock_status": "In Stock",
    "rating": "4.00 out of 5",
    "reviews_count": 10
  },
  {
    "url": "https://www.partselect.com/PS1964356-Whirlpool-W10156818-Fan-Blade.htm?SourceCode=18",
    "image_url": "https://partselectcom-gtcdcddbene3cpes.z01.azurefd.net/1964356-1-N-Whirlpool-W10156818-Fan-Blade.jpg",
    "name": "Magic Chef Refrigerator Fan Blade",
    "partselect_number": "PS1964356",
    "manufacturer_number": "W10156818",
    "description": "★★★★★\n★★★★★\n16 Reviews\nThe fan blade is used to blow air over the condenser.",
    "price": "$48.45",
    "stock_status": "In Stock",
    "rating": "4.94 out of 5",
    "reviews_count": 16
  },
  {
    "url": "https://www.partselect.com/PS11739157-Whirlpool-WP2192009-Refrigerator-Crisper-Pan.htm?SourceCode=18",
    "image_url": "https://partselectcom-gtcdcddbene3cpes.z01.azurefd.net/11739157-1-N-Whirlpool-WP2192009-Refrigerator-Crisper-Pan.jpg",
    "name": "Magic Chef Refrigerator Crisper Pan",
    "partselect_number": "PS11739157",
    "manufacturer_number": "WP2192009",
    "description": "★★★★★\n★★★★★\n6 Reviews\nDrawer only.",
    "price": "$88.31",
    "stock_status": "In Stock",
    "rating": "5.00 out of 5",
    "reviews_count": 6
  },
  {
    "url": "https://www.partselect.com/PS11731356-Whirlpool-W10857122-Light-Bulb-7w.htm?SourceCode=18",
    "image_url": "https://partselectcom-gtcdcddbene3cpes.z01.azurefd.net/11731356-1-N-Whirlpool-W10857122-Light-Bulb-7w.jpg",
    "name": "Magic Chef Refrigerator Light Bulb (7w)",
    "partselect_number": "PS11731356",
    "manufacturer_number": "W10857122",
    "description": "★★★★★\n★★★★★\n7 Reviews\nSold individually. This bulb is a 7-watt appliance incandescent light bulb. This appliance light bulb is two inches long. It is used for many clothes dryers. You will need a Phillips screwdriver and needle-nose pliers. Unplug the power from your dryer. You will find the light bulb by opening your dryer door and locating the casing surrounding the bulb on the top of the inside of the door. You will need to remove the single screw holding it in place to access the bulb. Twist the old bulb out of place. Use your pliers if the base of the bulb is still inside the socket once the glass part of the bulb has been removed. Check to make sure that the socket itself is not damaged. If the socket is damaged it will need to be replaced as well. Screw your new bulb into place.",
    "price": "$14.65",
    "stock_status": "In Stock",
    "rating": "4.14 out of 5",
    "reviews_count": 7
  },
  {
    "url": "https://www.partselect.com/PS347819-Whirlpool-350930-White-Appliance-Paint-12oz.htm?SourceCode=18",
    "image_url": "https://partselectcom-gtcdcddbene3cpes.z01.azurefd.net/347819-1-N-Whirlpool-350930-White-Appliance-Paint-12oz.jpg",
    "name": "Magic Chef Refrigerator White Appliance Paint (12oz)",
    "partselect_number": "PS347819",
    "manufacturer_number": "350930",
    "description": "★★★★★\n★★★★★\n3 Reviews\nAppliance spray paint is a great way to cover up any chips and scratches that have appeared on your appliances. Instead of replacing the part entirely, this is an easy fix. This is also a great way to give a fresh new look to any handles or areas that have discoloring due to wear. Make sure to clean the area before you begin and wear a protective mask for safety. Give the can a good shake and spray a few inches away from the surface. Apply the paint until the area is fully covered as desired. Wait until the paint has dried before using the appliance.",
    "price": "$24.20",
    "stock_status": "In Stock",
    "rating": "5.00 out of 5",
    "reviews_count": 3
  },
  {
    "url": "https://www.partselect.com/PS11738541-Whirlpool-WP12568001-Refrigerator-Water-Filter-Cover.htm?SourceCode=18",
    "image_url": "https://partselectcom-gtcdcddbene3cpes.z01.azurefd.net/11738541-1-N-Whirlpool-WP12568001-Refrigerator-Water-Filter-Cover.jpg",
    "name": "Magic Chef Refrigerator Water Filter Cover",
    "partselect_number": "PS11738541",
    "manufacturer_number": "WP12568001",
    "description": "★★★★★\n★★★★★\n8 Reviews\nThis part is the replacement water filter cover for your refrigerator. It is made of white plastic and is approximately 13 inches long and 4 inches wide at the widest point. The water filter cover protects the water filter from damage while it is installed in the refrigerator. The main reason to replace the water filter cover is if it is cracked, damaged, or missing. This part is sold individually and is an OEM part sourced directly from the manufacturer.",
    "price": "$54.10",
    "stock_status": "In Stock",
    "rating": "4.38 out of 5",
    "reviews_count": 8
  },
  {
    "url": "https://www.partselect.com/PS11743364-Whirlpool-WP65889-4-Refrigerator-Run-Capacitor.htm?SourceCode=18",
    "image_url": "https://partselectcom-gtcdcddbene3cpes.z01.azurefd.net/11743364-1-N-Whirlpool-WP65889-4-Refrigerator-Run-Capacitor.jpg",
    "name": "Magic Chef Refrigerator Run Capacitor",
    "partselect_number": "PS11743364",
    "manufacturer_number": "WP65889-4",
    "description": "★★★★★\n★★★★★\n5 Reviews\nThis part helps the compressor kick on and off while maintaining a constant temperature to keep things frozen in your freezer. If you are noticing temperature issues with your refrigerator or freezer, the run capacitor may need replacing. This repair is fairly easy to complete, and the only tools you will require are a 1/4 inch nut driver, and a 1/4 inch socket with a small ratchet. The run capacitor is located in the back of the fridge, so you will need to make sure you have room to work on this repair. Make sure to unplug the fridge prior to beginning the repair.",
    "price": "$47.48",
    "stock_status": "In Stock",
    "rating": "3.20 out of 5",
    "reviews_count": 5
  },
  {
    "url": "https://www.partselect.com/PS11739222-Whirlpool-WP2196157-Ice-Maker-Water-Fill-Tube-Kit.htm?SourceCode=18",
    "image_url": "https://partselectcom-gtcdcddbene3cpes.z01.azurefd.net/11739222-1-N-Whirlpool-WP2196157-Ice-Maker-Water-Fill-Tube-Kit.jpg",
    "name": "Magic Chef Refrigerator Ice Maker Water Fill Tube Kit",
    "partselect_number": "PS11739222",
    "manufacturer_number": "WP2196157",
    "description": "★★★★★\n★★★★★\n27 Reviews\nThe icemaker water fill tube provides water to the icemaker so it can produce ice and dispense water. If you notice that your ice maker is not making or dispensing ice, or is leaking, you may need to replace the water fill tube. This water fill tube kit comes with a fill tube and a compression nut. This part is made of white plastic and is approximately 10 inches in length. The ice maker water fill tube is in the rear of the fridge. To complete this repair, you will need a 1/4 inch nut driver and a utility knife. Before beginning this repair, you may want to disconnect the water and power supply to the refrigerator.",
    "price": "$11.71",
    "stock_status": "In Stock",
    "rating": "4.63 out of 5",
    "reviews_count": 27
  },
  {
    "url": "https://www.partselect.com/PS11748697-Whirlpool-WPW10128551-Freezer-Evaporator-Fan-Motor-115v-60hz.htm?SourceCode=18",
    "image_url": "https://partselectcom-gtcdcddbene3cpes.z01.azurefd.net/11748697-1-N-Whirlpool-WPW10128551-Freezer-Evaporator-Fan-Motor-115v-60hz.jpg",
    "name": "Magic Chef Refrigerator Freezer Evaporator Fan Motor 115v 60hz",
    "partselect_number": "PS11748697",
    "manufacturer_number": "WPW10128551",
    "description": "★★★★★\n★★★★★\n8 Reviews\nThis is an evaporator fan motor, it is 115 volts and 60 hertz and it is for your refrigerator/freezer. You will need to replace this part if your appliance is too warm or getting noisy. This evaporator fan motor is located in the back of the freezer. This part circulates air over the refrigerator coils. These coils will convert the heat into cool air, which is then circulated throughout your appliance. To replace this part you will need a 1/4-inch nut driver and a pair of needle nose pliers.",
    "price": "$52.75",
    "stock_status": "In Stock",
    "rating": "4.63 out of 5",
    "reviews_count": 8
  },
  {
    "url": "https://www.partselect.com/PS12114490-Whirlpool-W11129820-Door-Trim.htm?SourceCode=18",
    "image_url": "https://partselectcom-gtcdcddbene3cpes.z01.azurefd.net/12114490-1-N-Whirlpool-W11129820-Door-Trim.jpg",
    "name": "Magic Chef Refrigerator Door Trim",
    "partselect_number": "PS12114490",
    "manufacturer_number": "W11129820",
    "description": "★★★★★\n★★★★★\n1 Review\nManufacturer Part Number W11129820",
    "price": "$56.59",
    "stock_status": "In Stock",
    "rating": "1.00 out of 5",
    "reviews_count": 1
  },
  {
    "url": "https://www.partselect.com/PS11742752-Whirlpool-WP489467-Refrigerator-Insert.htm?SourceCode=18",
    "image_url": "https://partselectcom-gtcdcddbene3cpes.z01.azurefd.net/11742752-1-N-Whirlpool-WP489467-Refrigerator-Insert.jpg",
    "name": "Magic Chef Refrigerator Insert",
    "partselect_number": "PS11742752",
    "manufacturer_number": "WP489467",
    "description": "★★★★★\n★★★★★\n1 Review",
    "price": "$11.71",
    "stock_status": "In Stock",
    "rating": "5.00 out of 5",
    "reviews_count": 1
  },
  {
    "url": "https://www.partselect.com/PS11743214-Whirlpool-WP61004888-Evaporator-Fan-Motor-115V-60Hz-Blade-NOT-Included.htm?SourceCode=18",
    "image_url": "https://partselectcom-gtcdcddbene3cpes.z01.azurefd.net/11743214-1-N-Whirlpool-WP61004888-Evaporator-Fan-Motor-115V-60Hz-Blade-NOT-Included.jpg",
    "name": "Magic Chef Refrigerator Evaporator Fan Motor - 115v 60hz Blade Not Included",
    "partselect_number": "PS11743214",
    "manufacturer_number": "WP61004888",
    "description": "★★★★★\n★★★★★\n4 Reviews\nThis is an evaporator fan motor for a refrigerator. The fan motor circulates air through the refrigerator to the fresh food compartment for efficient cooling. It is just over three inches long. It is made of both metal and plastic, and is made up of black, white, and metallic pieces. Disconnect power from your refrigerator before starting the repair because you will be working near electrical circuits. This is an authentic replacement part that is sourced directly from the original manufacturer. It is important to note that the blade is sold separately and is not included with the evaporator fan motor.",
    "price": "$75.61",
    "stock_status": "In Stock",
    "rating": "5.00 out of 5",
    "reviews_count": 4
  },
  {
    "url": "https://www.partselect.com/PS11747838-Whirlpool-WPD7749401-Ice-Maker-Helix-End-Cap.htm?SourceCode=18",
    "image_url": "https://partselectcom-gtcdcddbene3cpes.z01.azurefd.net/11747838-1-N-Whirlpool-WPD7749401-Ice-Maker-Helix-End-Cap.jpg",
    "name": "Magic Chef Refrigerator Ice Maker Helix End Cap",
    "partselect_number": "PS11747838",
    "manufacturer_number": "WPD7749401",
    "description": "★★★★★\n★★★★★\n11 Reviews\nThis helix end cap is almost four inches in diameter. It is all white in color and is made of plastic. This end cap is used in a refrigerator's icemaker.",
    "price": "$26.14",
    "stock_status": "In Stock",
    "rating": "4.82 out of 5",
    "reviews_count": 11
  },
  {
    "url": "https://www.partselect.com/PS11739782-Whirlpool-WP2222031-Crisper-Drawer-Cover-Frame.htm?SourceCode=18",
    "image_url": "https://partselectcom-gtcdcddbene3cpes.z01.azurefd.net/11739782-1-N-Whirlpool-WP2222031-Crisper-Drawer-Cover-Frame.jpg",
    "name": "Magic Chef Refrigerator Crisper Drawer Cover Frame",
    "partselect_number": "PS11739782",
    "manufacturer_number": "WP2222031",
    "description": "★★★★★\n★★★★★\n2 Reviews\nThe glass is sold separately.",
    "price": "$103.35",
    "stock_status": "On Order",
    "rating": "5.00 out of 5",
    "reviews_count": 2
  },
  {
    "url": "https://www.partselect.com/PS11738537-Whirlpool-WP12565502-Refrigerator-Spring.htm?SourceCode=18",
    "image_url": "https://partselectcom-gtcdcddbene3cpes.z01.azurefd.net/11738537-1-N-Whirlpool-WP12565502-Refrigerator-Spring.jpg",
    "name": "Magic Chef Refrigerator Spring",
    "partselect_number": "PS11738537",
    "manufacturer_number": "WP12565502",
    "description": "★★★★★\n★★★★★\n2 Reviews",
    "price": "$9.85",
    "stock_status": "In Stock",
    "rating": "3.50 out of 5",
    "reviews_count": 2
  },
  {
    "url": "https://www.partselect.com/PS11740010-Whirlpool-WP2266738-Refrigerator-Door-Shelf-Wide-Trim.htm?SourceCode=18",
    "image_url": "https://partselectcom-gtcdcddbene3cpes.z01.azurefd.net/11740010-1-N-Whirlpool-WP2266738-Refrigerator-Door-Shelf-Wide-Trim.jpg",
    "name": "Magic Chef Refrigerator Door Shelf Wide Trim",
    "partselect_number": "PS11740010",
    "manufacturer_number": "WP2266738",
    "description": "★★★★★\n★★★★★\n2 Reviews\nThis part is the replacement door shelf wide trim for your refrigerator. It is made of white plastic and is approximately 22 inches long and 2 inches wide. The shelf trim snaps into an end bracket at either end, and these end brackets attach it to the refrigerator door. The trim then can hold items on the door shelf in place. If your trim is broken, simply lift the tab on the inside of the end bracket and remove the trim. Snap the new trim into the end brackets to complete the repair. This item is sold individually and is a genuine OEM part.",
    "price": "$57.55",
    "stock_status": "In Stock",
    "rating": "4.00 out of 5",
    "reviews_count": 2
  },
  {
    "url": "https://www.partselect.com/PS2076360-Whirlpool-70197-1-Door-Shelf-Retainer.htm?SourceCode=18",
    "image_url": "https://partselectcom-gtcdcddbene3cpes.z01.azurefd.net/2076360-1-N-Whirlpool-70197-1-Door-Shelf-Retainer.jpg",
    "name": "Magic Chef Refrigerator Door Shelf Retainer",
    "partselect_number": "PS2076360",
    "manufacturer_number": "70197-1",
    "description": "★★★★★\n★★★★★\n7 Reviews\nSold Individually.",
    "price": "$14.65",
    "stock_status": "In Stock",
    "rating": "4.86 out of 5",
    "reviews_count": 7
  },
  {
    "url": "https://www.partselect.com/PS11740396-Whirlpool-WP2319264B-Door-Gasket.htm?SourceCode=18",
    "image_url": "https://partselectcom-gtcdcddbene3cpes.z01.azurefd.net/11740396-1-N-Whirlpool-WP2319264B-Door-Gasket.jpg",
    "name": "Magic Chef Refrigerator Door Gasket",
    "partselect_number": "PS11740396",
    "manufacturer_number": "WP2319264B",
    "description": "Manufacturer Part Number WP2319264B",
    "price": "$145.03",
    "stock_status": "In Stock"
  },
  {
    "url": "https://www.partselect.com/PS11743333-Whirlpool-WP63052-2-Refrigerator-Ice-Dispenser-Engagement-Yoke.htm?SourceCode=18",
    "image_url": "https://partselectcom-gtcdcddbene3cpes.z01.azurefd.net/11743333-1-N-Whirlpool-WP63052-2-Refrigerator-Ice-Dispenser-Engagement-Yoke.jpg",
    "name": "Magic Chef Refrigerator Ice Dispenser Engagement Yoke",
    "partselect_number": "PS11743333",
    "manufacturer_number": "WP63052-2",
    "description": "★★★★★\n★★★★★\n1 Review\nThis ice dispenser yoke is an inch and a half long. It is made of metal and is used with the ice enclosure of a refrigerator's icemaker assembly.",
    "price": "$42.63",
    "stock_status": "In Stock",
    "rating": "5.00 out of 5",
    "reviews_count": 1
  },
  {
    "url": "https://www.partselect.com/PS11743110-Whirlpool-WP61001846-Defrost-Heater-500W-115V.htm?SourceCode=18",
    "image_url": "https://partselectcom-gtcdcddbene3cpes.z01.azurefd.net/11743110-1-N-Whirlpool-WP61001846-Defrost-Heater-500W-115V.jpg",
    "name": "Magic Chef Refrigerator Defrost Heater - 500w 115v",
    "partselect_number": "PS11743110",
    "manufacturer_number": "WP61001846",
    "description": "★★★★★\n★★★★★\n3 Reviews\nThis set includes two nine and a quarter inch radiant glass defrost heaters joined together with wire. Each heater carries 500 watts and 115 volts. The defrost heater heats the evaporator in the defrost mode of operation to keep the cooling coils from frosting over.",
    "price": "$37.19",
    "stock_status": "In Stock",
    "rating": "5.00 out of 5",
    "reviews_count": 3
  },
  {
    "url": "https://www.partselect.com/PS11743117-Whirlpool-WP61001925-Lower-Hinge-Pin.htm?SourceCode=18",
    "image_url": "https://partselectcom-gtcdcddbene3cpes.z01.azurefd.net/11743117-1-N-Whirlpool-WP61001925-Lower-Hinge-Pin.jpg",
    "name": "Magic Chef Refrigerator Lower Hinge Pin",
    "partselect_number": "PS11743117",
    "manufacturer_number": "WP61001925",
    "description": "★★★★★\n★★★★★\n7 Reviews\nThis lower hinge pin is just over an inch long. It is black in color and is made of plastic. It is located on the bottom part of the door hinge.",
    "price": "$23.71",
    "stock_status": "On Order",
    "rating": "4.00 out of 5",
    "reviews_count": 7
  },
  {
    "url": "https://www.partselect.com/PS372260-Whirlpool-4388931-Refrigerator-Defrost-Board.htm?SourceCode=18",
    "image_url": "https://partselectcom-gtcdcddbene3cpes.z01.azurefd.net/372260-1-N-Whirlpool-4388931-Refrigerator-Defrost-Board.jpg",
    "name": "Magic Chef Refrigerator Defrost Board",
    "partselect_number": "PS372260",
    "manufacturer_number": "4388931",
    "description": "★★★★★\n★★★★★\n1 Review\nThis device acts like a clock. It continually advances and alternates between activating the cooling cycle and the defrost heater.",
    "price": "$139.15",
    "stock_status": "In Stock",
    "rating": "5.00 out of 5",
    "reviews_count": 1
  },
  {
    "url": "https://www.partselect.com/PS11739706-Whirlpool-WP2212446-Humidity-Control-Slide.htm?SourceCode=18",
    "image_url": "https://partselectcom-gtcdcddbene3cpes.z01.azurefd.net/11739706-1-N-Whirlpool-WP2212446-Humidity-Control-Slide.jpg",
    "name": "Magic Chef Refrigerator Humidity Control Slide",
    "partselect_number": "PS11739706",
    "manufacturer_number": "WP2212446",
    "description": "★★★★★\n★★★★★\n1 Review\nManufacturer Part Number WP2212446",
    "price": "$46.48",
    "stock_status": "In Stock",
    "rating": "1.00 out of 5",
    "reviews_count": 1
  },
  {
    "url": "https://www.partselect.com/PS358631-Whirlpool-4318047-Refrigerator-Single-Outlet-Water-Valve-Kit.htm?SourceCode=18",
    "image_url": "https://partselectcom-gtcdcddbene3cpes.z01.azurefd.net/358631-1-N-Whirlpool-4318047-Refrigerator-Single-Outlet-Water-Valve-Kit.jpg",
    "name": "Magic Chef Refrigerator Single Outlet Water Valve Kit",
    "partselect_number": "PS358631",
    "manufacturer_number": "4318047",
    "description": "★★★★★\n★★★★★\n16 Reviews\nThis part is a solenoid-operated switch located at the bottom of the refrigerator. When the water inlet valve is turned on, water is released from the supply line through the water valve and into the compact icemaker mold. The kit includes the mounting hardware and bracket plastic tubing fittings. The retaining nut must be cut off the plastic water line and gently pushed into the new valve. To remove, press down on the ring that the tube slides into. Refer to the installation instructions for further guidance. Please note: the manufacturer has redesigned this part and it can appear different than the original. It has a new quick connection.",
    "price": "$44.50",
    "stock_status": "In Stock",
    "rating": "4.50 out of 5",
    "reviews_count": 16
  },
  {
    "url": "https://www.partselect.com/PS11739006-Whirlpool-WP2176222-Slide-Humidity-Control.htm?SourceCode=18",
    "image_url": "https://partselectcom-gtcdcddbene3cpes.z01.azurefd.net/11739006-1-N-Whirlpool-WP2176222-Slide-Humidity-Control.jpg",
    "name": "Magic Chef Refrigerator Slide Humidity Control",
    "partselect_number": "PS11739006",
    "manufacturer_number": "WP2176222",
    "description": "Manufacturer Part Number WP2176222",
    "price": "$20.95",
    "stock_status": "In Stock"
  },
  {
    "url": "https://www.partselect.com/PS1632252-Whirlpool-67003796-Insulation.htm?SourceCode=18",
    "image_url": "https://partselectcom-gtcdcddbene3cpes.z01.azurefd.net/1632252-1-N-Whirlpool-67003796-Insulation.jpg",
    "name": "Magic Chef Refrigerator Insulation",
    "partselect_number": "PS1632252",
    "manufacturer_number": "67003796",
    "description": "★★★★★\n★★★★★\n1 Review\nFiber Acoustic.",
    "price": "$22.72",
    "stock_status": "In Stock",
    "rating": "5.00 out of 5",
    "reviews_count": 1
  },
  {
    "url": "https://www.partselect.com/PS11738958-Whirlpool-WP2164186-Refrigerator-Crisper-Pan.htm?SourceCode=18",
    "image_url": "https://partselectcom-gtcdcddbene3cpes.z01.azurefd.net/11738958-1-N-Whirlpool-WP2164186-Refrigerator-Crisper-Pan.jpg",
    "name": "Magic Chef Refrigerator Crisper Pan",
    "partselect_number": "PS11738958",
    "manufacturer_number": "WP2164186",
    "description": "Sold individually.",
    "price": "$84.43",
    "stock_status": "In Stock"
  },
  {
    "url": "https://www.partselect.com/PS11740472-Whirlpool-WP2325482-Refrigerator-Bottom-Door-Hinge.htm?SourceCode=18",
    "image_url": "https://partselectcom-gtcdcddbene3cpes.z01.azurefd.net/11740472-1-N-Whirlpool-WP2325482-Refrigerator-Bottom-Door-Hinge.jpg",
    "name": "Magic Chef Refrigerator Bottom Door Hinge",
    "partselect_number": "PS11740472",
    "manufacturer_number": "WP2325482",
    "description": "Manufacturer Part Number WP2325482",
    "price": "$42.52",
    "stock_status": "In Stock"
  },
  {
    "url": "https://www.partselect.com/PS11739560-Whirlpool-WP2201567-Shim-Bottom-Hinge.htm?SourceCode=18",
    "image_url": "https://partselectcom-gtcdcddbene3cpes.z01.azurefd.net/11739560-1-N-Whirlpool-WP2201567-Shim-Bottom-Hinge.jpg",
    "name": "Magic Chef Refrigerator Shim Bottom Hinge",
    "partselect_number": "PS11739560",
    "manufacturer_number": "WP2201567",
    "price": "$9.95",
    "stock_status": "On Order"
  },
  {
    "url": "https://www.partselect.com/PS11740187-Whirlpool-WP2300868-Refrigerator-Water-Tube-Connector-Union-5-16-To-5-16.htm?SourceCode=18",
    "image_url": "https://partselectcom-gtcdcddbene3cpes.z01.azurefd.net/11740187-1-N-Whirlpool-WP2300868-Refrigerator-Water-Tube-Connector-Union-5-16-To-5-16.jpg",
    "name": "Magic Chef Refrigerator Water Tube Connector/union 5/16 To",
    "partselect_number": "PS11740187",
    "manufacturer_number": "WP2300868",
    "description": "★★★★★\n★★★★★\n2 Reviews\nSold Individually. - * Part may differ in appearance, but functions same as original.",
    "price": "$20.95",
    "stock_status": "In Stock",
    "rating": "5.00 out of 5",
    "reviews_count": 2
  },
  {
    "url": "https://www.partselect.com/PS11743223-Whirlpool-WP61005273-Single-Outlet-Water-Valve.htm?SourceCode=18",
    "image_url": "https://partselectcom-gtcdcddbene3cpes.z01.azurefd.net/11743223-1-N-Whirlpool-WP61005273-Single-Outlet-Water-Valve.jpg",
    "name": "Magic Chef Refrigerator Single Outlet Water Valve",
    "partselect_number": "PS11743223",
    "manufacturer_number": "WP61005273",
    "description": "★★★★★\n★★★★★\n8 Reviews\nThe single outlet water valve may also be known as the water inlet valve and is compatible with your refrigerator. This valve has a quarter-inch tubing inlet connection. When energized, this part releases water from the supply line into the ice mold. The purpose of this part is to supply water to the water dispenser and the ice maker within the refrigerator. To make this installation you will need a quarter-inch nut driver and a sharp utility knife. To make this repair you will need to pull your appliance away from the wall and disconnect the electrical source and the water supply.",
    "price": "$51.89",
    "stock_status": "In Stock",
    "rating": "5.00 out of 5",
    "reviews_count": 8
  },
  {
    "url": "https://www.partselect.com/PS4148499-Samsung-DA63-01262B-Refrigerator-Guard.htm?SourceCode=18",
    "image_url": "https://partselectcom-gtcdcddbene3cpes.z01.azurefd.net/4148499-1-N-Samsung-DA63-01262B-Refrigerator-Guard.jpg",
    "name": "Magic Chef Refrigerator Guard",
    "partselect_number": "PS4148499",
    "manufacturer_number": "DA63-01262B",
    "description": "★★★★★\n★★★★★\n4 Reviews\nManufacturer Part Number DA63-01262B",
    "price": "$129.55",
    "stock_status": "On Order",
    "rating": "4.75 out of 5",
    "reviews_count": 4
  },
  {
    "url": "https://www.partselect.com/PS11743190-Whirlpool-WP61004010-Fresh-Food-Door-Gasket.htm?SourceCode=18",
    "image_url": "https://partselectcom-gtcdcddbene3cpes.z01.azurefd.net/11743190-1-N-Whirlpool-WP61004010-Fresh-Food-Door-Gasket.jpg",
    "name": "Magic Chef Refrigerator Fresh Food Door Gasket",
    "partselect_number": "PS11743190",
    "manufacturer_number": "WP61004010",
    "description": "★★★★★\n★★★★★\n3 Reviews\nThis white gasket is used to seal the door when closed to keep the cool air inside and the room air out.",
    "price": "$148.15",
    "stock_status": "In Stock",
    "rating": "4.67 out of 5",
    "reviews_count": 3
  },
  {
    "url": "https://www.partselect.com/PS11743599-Whirlpool-WP67004757-Defrost-Thermostat.htm?SourceCode=18",
    "image_url": "https://partselectcom-gtcdcddbene3cpes.z01.azurefd.net/11743599-1-N-Whirlpool-WP67004757-Defrost-Thermostat.jpg",
    "name": "Magic Chef Refrigerator Defrost Thermostat",
    "partselect_number": "PS11743599",
    "manufacturer_number": "WP67004757",
    "description": "★★★★★\n★★★★★\n2 Reviews\nThis is a temperature sensing mechanism. It can sense the rise in evaporator temperature during a defrost cycle and cycles the defrost heater off after all frost is melted from the coils.",
    "price": "$62.67",
    "stock_status": "In Stock",
    "rating": "5.00 out of 5",
    "reviews_count": 2
  },
  {
    "url": "https://www.partselect.com/PS11727961-Whirlpool-W10837901-Glass-Shelf.htm?SourceCode=18",
    "image_url": "https://partselectcom-gtcdcddbene3cpes.z01.azurefd.net/11727961-1-N-Whirlpool-W10837901-Glass-Shelf.jpg",
    "name": "Magic Chef Refrigerator Glass Shelf",
    "partselect_number": "PS11727961",
    "manufacturer_number": "W10837901",
    "description": "★★★★★\n★★★★★\n1 Review\nManufacturer Part Number W10837901",
    "price": "$105.55",
    "stock_status": "In Stock",
    "rating": "5.00 out of 5",
    "reviews_count": 1
  },
  {
    "url": "https://www.partselect.com/PS11738202-Whirlpool-WP10097202-Compressor-Start-Relay.htm?SourceCode=18",
    "image_url": "https://partselectcom-gtcdcddbene3cpes.z01.azurefd.net/11738202-1-N-Whirlpool-WP10097202-Compressor-Start-Relay.jpg",
    "name": "Magic Chef Refrigerator Compressor Start Relay",
    "partselect_number": "PS11738202",
    "manufacturer_number": "WP10097202",
    "description": "The compressor start relay attaches to the compressor and helps start the compressor motor. Also knows as a start device combination relay.",
    "price": "$57.37",
    "stock_status": "In Stock"
  },
  {
    "url": "https://www.partselect.com/PS11738901-Whirlpool-WP2149959-Refrigerator-Compressor-Overload-Protector.htm?SourceCode=18",
    "image_url": "https://partselectcom-gtcdcddbene3cpes.z01.azurefd.net/11738901-1-N-Whirlpool-WP2149959-Refrigerator-Compressor-Overload-Protector.jpg",
    "name": "Magic Chef Refrigerator Compressor Overload Protector",
    "partselect_number": "PS11738901",
    "manufacturer_number": "WP2149959",
    "description": "Relay is NOT included. Must be ordered separately.",
    "price": "$50.44",
    "stock_status": "In Stock"
  },
  {
    "url": "https://www.partselect.com/PS11743130-Whirlpool-WP61002104-Wheel-Pin.htm?SourceCode=18",
    "image_url": "https://partselectcom-gtcdcddbene3cpes.z01.azurefd.net/11743130-1-N-Whirlpool-WP61002104-Wheel-Pin.jpg",
    "name": "Magic Chef Refrigerator Wheel Pin",
    "partselect_number": "PS11743130",
    "manufacturer_number": "WP61002104",
    "price": "$6.95",
    "stock_status": "Special Order"
  },
  {
    "url": "https://www.partselect.com/PS11739707-Whirlpool-WP2212648-Refrigerator-Hinge-Sleeve-Hole-Plug.htm?SourceCode=18",
    "image_url": "https://partselectcom-gtcdcddbene3cpes.z01.azurefd.net/11739707-1-N-Whirlpool-WP2212648-Refrigerator-Hinge-Sleeve-Hole-Plug.jpg",
    "name": "Magic Chef Refrigerator Hinge Sleeve Hole Plug",
    "partselect_number": "PS11739707",
    "manufacturer_number": "WP2212648",
    "description": "Sold individually.",
    "price": "$9.85",
    "stock_status": "In Stock"
  },
  {
    "url": "https://www.partselect.com/PS11739980-Whirlpool-WP2261963-Upper-Door-Hinge.htm?SourceCode=18",
    "image_url": "https://partselectcom-gtcdcddbene3cpes.z01.azurefd.net/11739980-1-N-Whirlpool-WP2261963-Upper-Door-Hinge.jpg",
    "name": "Magic Chef Refrigerator Upper Door Hinge",
    "partselect_number": "PS11739980",
    "manufacturer_number": "WP2261963",
    "description": "★★★★★\n★★★★★\n1 Review\nThis hinge is located on the top of the refrigerator.",
    "price": "$50.91",
    "stock_status": "In Stock",
    "rating": "5.00 out of 5",
    "reviews_count": 1
  },
  {
    "url": "https://www.partselect.com/PS4140330-Samsung-DA47-00095E-Thermal-Fuse-Assembly.htm?SourceCode=18",
    "image_url": "https://partselectcom-gtcdcddbene3cpes.z01.azurefd.net/4140330-1-N-Samsung-DA47-00095E-Thermal-Fuse-Assembly.jpg",
    "name": "Magic Chef Refrigerator Thermal Fuse Assembly",
    "partselect_number": "PS4140330",
    "manufacturer_number": "DA47-00095E",
    "description": "★★★★★\n★★★★★\n1 Review",
    "price": "$45.95",
    "stock_status": "In Stock",
    "rating": "5.00 out of 5",
    "reviews_count": 1
  },
  {
    "url": "https://www.partselect.com/PS373131-Whirlpool-4392899-Refrigerator-Touch-Up-Paint.htm?SourceCode=18",
    "image_url": "https://partselectcom-gtcdcddbene3cpes.z01.azurefd.net/373131-1-N-Whirlpool-4392899-Refrigerator-Touch-Up-Paint.jpg",
    "name": "Magic Chef Refrigerator Touch Up Paint",
    "partselect_number": "PS373131",
    "manufacturer_number": "4392899",
    "description": "★★★★★\n★★★★★\n1 Review",
    "price": "$16.95",
    "stock_status": "In Stock",
    "rating": "5.00 out of 5",
    "reviews_count": 1
  },
  {
    "url": "https://www.partselect.com/PS11722946-Whirlpool-W10805623-Start-Device.htm?SourceCode=18",
    "image_url": "https://partselectcom-gtcdcddbene3cpes.z01.azurefd.net/11722946-1-N-Whirlpool-W10805623-Start-Device.jpg",
    "name": "Magic Chef Refrigerator Start Device",
    "partselect_number": "PS11722946",
    "manufacturer_number": "W10805623",
    "price": "$57.77",
    "stock_status": "In Stock"
  },
  {
    "url": "https://www.partselect.com/PS11739952-Whirlpool-WP2258681W-Door-Stop-Shim.htm?SourceCode=18",
    "image_url": "https://partselectcom-gtcdcddbene3cpes.z01.azurefd.net/11739952-1-N-Whirlpool-WP2258681W-Door-Stop-Shim.jpg",
    "name": "Magic Chef Refrigerator Door Stop Shim",
    "partselect_number": "PS11739952",
    "manufacturer_number": "WP2258681W",
    "description": "Manufacturer Part Number WP2258681W",
    "price": "$9.95",
    "stock_status": "Special Order"
  },
  {
    "url": "https://www.partselect.com/PS2345058-Whirlpool-W10233960-COMPRESSOR.htm?SourceCode=18",
    "image_url": "https://partselectcom-gtcdcddbene3cpes.z01.azurefd.net/2345058-1-N-Whirlpool-W10233960-COMPRESSOR.jpg",
    "name": "Magic Chef Refrigerator Compressor",
    "partselect_number": "PS2345058",
    "manufacturer_number": "W10233960",
    "description": "Manufacturer Part Number W10233960",
    "price": "$324.67",
    "stock_status": "In Stock"
  },
  {
    "url": "https://www.partselect.com/PS11740394-Whirlpool-WP2319263T-Door-Gasket.htm?SourceCode=18",
    "image_url": "https://partselectcom-gtcdcddbene3cpes.z01.azurefd.net/11740394-1-N-Whirlpool-WP2319263T-Door-Gasket.jpg",
    "name": "Magic Chef Refrigerator Door Gasket",
    "partselect_number": "PS11740394",
    "manufacturer_number": "WP2319263T",
    "description": "This door gasket is used to seal the freezer door when closed.",
    "price": "$92.10",
    "stock_status": "In Stock"
  },
  {
    "url": "https://www.partselect.com/PS4138683-Samsung-DA32-10105T-Temperature-Sensor.htm?SourceCode=18",
    "image_url": "https://partselectcom-gtcdcddbene3cpes.z01.azurefd.net/4138683-1-N-Samsung-DA32-10105T-Temperature-Sensor.jpg",
    "name": "Magic Chef Refrigerator Temperature Sensor",
    "partselect_number": "PS4138683",
    "manufacturer_number": "DA32-10105T",
    "description": "This temperature sensor (part number DA32-10105T) is for refrigerators. Temperature sensor DA32-10105T senses the temperature inside the refrigerator and sends information to the electronic control. Unplug the refrigerator and safely store any food that could deteriorate while the power is off before installing this part. Wear work gloves to protect your hands.",
    "price": "$35.95",
    "stock_status": "In Stock"
  },
  {
    "url": "https://www.partselect.com/PS11742794-Whirlpool-WP52085-28-Defrost-Thermostat-With-Wire-and-Clip.htm?SourceCode=18",
    "image_url": "https://partselectcom-gtcdcddbene3cpes.z01.azurefd.net/11742794-1-N-Whirlpool-WP52085-28-Defrost-Thermostat-With-Wire-and-Clip.jpg",
    "name": "Magic Chef Refrigerator Defrost Thermostat - With Wire And Clip",
    "partselect_number": "PS11742794",
    "manufacturer_number": "WP52085-28",
    "description": "This refrigerator defrost thermostat will cut out at 80 degrees Fahrenheit and kick back when the temperature drops to 15 degrees Fahrenheit.",
    "price": "$64.63",
    "stock_status": "In Stock"
  },
  {
    "url": "https://www.partselect.com/PS11743827-Whirlpool-WP70025-6-Refrigerator-Door-Gasket.htm?SourceCode=18",
    "image_url": "https://partselectcom-gtcdcddbene3cpes.z01.azurefd.net/11743827-1-N-Whirlpool-WP70025-6-Refrigerator-Door-Gasket.jpg",
    "name": "Magic Chef Refrigerator Door Gasket",
    "partselect_number": "PS11743827",
    "manufacturer_number": "WP70025-6",
    "description": "This fesh food refrigerator door gasket is thirty-one inches long. It is all white in color and is made entirely of rubber.",
    "price": "$144.48",
    "stock_status": "In Stock"
  },
  {
    "url": "https://www.partselect.com/PS11747921-Whirlpool-WPM0274058-Refrigerator-Shim.htm?SourceCode=18",
    "image_url": "https://partselectcom-gtcdcddbene3cpes.z01.azurefd.net/11747921-1-N-Whirlpool-WPM0274058-Refrigerator-Shim.jpg",
    "name": "Magic Chef Refrigerator Shim",
    "partselect_number": "PS11747921",
    "manufacturer_number": "WPM0274058",
    "description": "The door hinge shim helps maintain proper door alignment.",
    "price": "$6.95",
    "stock_status": "In Stock"
  },
  {
    "url": "https://www.partselect.com/PS11738269-Whirlpool-WP1106508-Ice-Maker-Fill-Tube-Gasket.htm?SourceCode=18",
    "image_url": "https://partselectcom-gtcdcddbene3cpes.z01.azurefd.net/11738269-1-N-Whirlpool-WP1106508-Ice-Maker-Fill-Tube-Gasket.jpg",
    "name": "Magic Chef Refrigerator Ice Maker Fill Tube Gasket",
    "partselect_number": "PS11738269",
    "manufacturer_number": "WP1106508",
    "price": "$10.95",
    "stock_status": "In Stock"
  }
]