[
  {
    "url": "https://www.partselect.com/PS11746591-Whirlpool-WP8565925-Dishwasher-Rack-Track-Stop.htm?SourceCode=18",
    "image_url": "https://partselectcom-gtcdcddbene3cpes.z01.azurefd.net/11746591-1-N-Whirlpool-WP8565925-Dishwasher-Rack-Track-Stop.jpg",
    "name": "Magic Chef Dishwasher Rack Track Stop",
    "partselect_number": "PS11746591",
    "manufacturer_number": "WP8565925",
    "description": "★★★★★\n★★★★★\n107 Reviews\nThe rack track stop on your dishwasher is designed to stop the dish rack at the appropriate place when opening and closing the rack. If your dishwasher is not cleaning your dishes properly, the rack stop may need to be replaced. The replacement part may differ slightly from the broken part, depending on the model. However, the different styles are interchangeable. This product is sold individually and comes in both a white and grey plastic version. Many of our customers found this repair to be very easy and takes less than 30 minutes to complete. Simply snap the old part out and snap the new part into place. You will not require any tools to complete the job. This is an authentic part approved by the manufacturer.",
    "price": "$\n9.65",
    "stock_status": "In Stock",
    "rating": "4.7/5",
    "reviews_count": 107,
    "reviews": [],
    "repair_stories": [],
    "symptoms_fixed": "Door latch failure | Not cleaning dishes properly | Door won’t close",
    "works_with": "Dishwasher.",
    "also_replaces": [
      "AP6013365",
      "8270105",
      "8270106",
      "8524581",
      "8524582",
      "8562015",
      "8565920",
      "8565925",
      "W10082860",
      "W10082861",
      "W10199682",
      "W10508950",
      "WP8565925VP",
      "WPW10082861VP",
      "WPW10508950",
      "WPW10508950VP"
    ],
    "video_url": "https://www.youtube.com/watch?v=siE-8HethWg"
  },
  {
    "url": "https://www.partselect.com/PS8260087-Whirlpool-W10518394-Dishwasher-Heating-Element.htm?SourceCode=18",
    "image_url": "https://partselectcom-gtcdcddbene3cpes.z01.azurefd.net/8260087-1-N-Whirlpool-W10518394-Dishwasher-Heating-Element.jpg",
    "name": "Magic Chef Dishwasher Heating Element",
    "partselect_number": "PS8260087",
    "manufacturer_number": "W10518394",
    "description": "★★★★★\n★★★★★\n113 Reviews\nThis manufacturer-certified heating element is used to create heat during the dry cycle and increase water temperature during portions of the wash cycle when certain options are selected. If your dishes are not drying or the water in the dishwasher is not getting hot you may need to replace the element. This kit includes the heater, two heater fasteners, and is a genuine OEM part. Please remember to disconnect the power before starting the repair. Use a multi-meter to test your heating element for continuity to determine whether this is the part that is causing your symptom. This part does not include any washers. To make your repair, disconnect the wires from the bottom of the element in the back, remove the plastic nuts holding it in place, remove the element, and repeat these steps in reverse order to install your new part. This is an easy repair that requires only a screwdriver, wrench set, and should take less than 30 minutes.",
    "price": "$\n66.09",
    "stock_status": "In Stock",
    "rating": "4.5/5",
    "reviews_count": 113,
    "reviews": [],
    "repair_stories": [],
    "symptoms_fixed": "Not drying dishes properly | Not cleaning dishes properly | Will Not Start | Leaking",
    "works_with": "Dishwasher.",
    "also_replaces": [
      "AP5690151",
      "2977737",
      "W10518394",
      "8194250",
      "8563007",
      "8563464",
      "8572861",
      "W10134009",
      "W10441445",
      "W10518394VP"
    ],
    "video_url": "https://www.youtube.com/watch?v=Co8dQ7rzTMQ"
  },
  {
    "url": "https://www.partselect.com/PS11745496-Whirlpool-WP8269145-Dishwasher-Mounting-Bracket.htm?SourceCode=18",
    "image_url": "https://partselectcom-gtcdcddbene3cpes.z01.azurefd.net/11745496-1-N-Whirlpool-WP8269145-Dishwasher-Mounting-Bracket.jpg",
    "name": "Magic Chef Dishwasher Mounting Bracket",
    "partselect_number": "PS11745496",
    "manufacturer_number": "WP8269145",
    "description": "★★★★★\n★★★★★\n14 Reviews\nThe mounting bracket is sold individually, without screws. This part secures the upper side of the dishwasher to the underside of the counter or cabinet to prevent the dishwasher from moving, shaking, or tilting forward. The bracket is made entirely of metal. It is recommended to check all brackets, if applicable, because they often wear at the same rate and both may need to be replaced. This is an OEM part that is sourced from the authentic manufacturer. Tools needed are a pair of needle nose pliers and a screwdriver.",
    "price": "$\n13.53",
    "stock_status": "In Stock",
    "rating": "4.6/5",
    "reviews_count": 14,
    "reviews": [],
    "repair_stories": [],
    "symptoms_fixed": "Door latch failure | Door won’t close | Leaking",
    "works_with": "Dishwasher.",
    "also_replaces": [
      "AP6012289",
      "8269145",
      "WP8269145VP"
    ],
    "video_url": "https://www.youtube.com/watch?v=X7SLvFAiTkw"
  },
  {
    "url": "https://www.partselect.com/PS5136129-Whirlpool-W10542314-Dishwasher-Door-Gasket-w-Strike-Black.htm?SourceCode=18",
    "image_url": "https://partselectcom-gtcdcddbene3cpes.z01.azurefd.net/5136129-1-N-Whirlpool-W10542314-Dishwasher-Door-Gasket-w-Strike-Black.jpg",
    "name": "Magic Chef Dishwasher Door Gasket W/strike (black)",
    "partselect_number": "PS5136129",
    "manufacturer_number": "W10542314",
    "description": "★★★★★\n★★★★★\n65 Reviews\nThis dishwasher door gasket and strike kit is an essential component for maintaining a watertight seal around the dishwasher door and ensuring proper latch operation. The gasket prevents water leakage by forming a tight seal between the door and the tub, while the strike works as a mechanical actuator for the door switch and provides tension for a secure seal. Over time, wear and tear may cause tears, gaps, or cuts in the gasket, leading to leaks. This genuine OEM replacement kit is compatible with select models of Whirlpool, KitchenAid, Maytag, Jenn-Air, Amana, Inglis, and Magic Chef dishwashers. For proper installation, unplug the dishwasher or turn off the circuit breaker to ensure safety. Refer to the installation guide or video for step-by-step instructions, and wear protective gloves while replacing the gasket and strike.",
    "price": "$72.45",
    "stock_status": "In Stock",
    "rating": "4.66 out of 5",
    "reviews_count": 65
  },
  {
    "url": "https://www.partselect.com/PS11753379-Whirlpool-WPW10348269-Dishwasher-Drain-Pump-120v-60hz.htm?SourceCode=18",
    "image_url": "https://partselectcom-gtcdcddbene3cpes.z01.azurefd.net/11753379-1-N-Whirlpool-WPW10348269-Dishwasher-Drain-Pump-120v-60hz.jpg",
    "name": "Magic Chef Dishwasher Drain Pump 120v 60hz",
    "partselect_number": "PS11753379",
    "manufacturer_number": "WPW10348269",
    "description": "★★★★★\n★★★★★\n62 Reviews\nThis drain pump is used in dishwashers to remove water from the dishwasher tub. If the impeller in the dishwasher is damaged or the motor has been shorted out and will not drain, it is possible the body is cracked, causing leakage. To prevent this from happening, replace the drain pump. The tools needed for this installation are: Phillips screwdriver, 5/16 inch nut driver, 5/8 inch wrench, and a flathead screwdriver. Remember to unplug your dishwasher from the power source before beginning this installation project. Refer to the manual provided by the manufacturer for further installation instructions.",
    "price": "$80.06",
    "stock_status": "In Stock",
    "rating": "4.77 out of 5",
    "reviews_count": 62
  },
  {
    "url": "https://www.partselect.com/PS11750255-Whirlpool-WPW10204131-Dishwasher-Rack-Adjuster.htm?SourceCode=18",
    "image_url": "https://partselectcom-gtcdcddbene3cpes.z01.azurefd.net/11750255-1-N-Whirlpool-WPW10204131-Dishwasher-Rack-Adjuster.jpg",
    "name": "Magic Chef Dishwasher Rack Adjuster",
    "partselect_number": "PS11750255",
    "manufacturer_number": "WPW10204131",
    "description": "★★★★★\n★★★★★\n38 Reviews\nThis OEM dishrack roller and adjuster is found in your dishwasher. They work together to support and facilitate the smooth movement of your dishrack. The dishrack rollers are small wheels located on the sides of the dishrack and allow it to slide in and out effortlessly. Meanwhile, the dishrack adjuster is used to adjust the height via the selector at the back of this component. Over time, the rollers wear out. You may experience resistance or difficulty when sliding the dishrack in or out. If left unreplaced, your rollers or adjuster may break, causing dishes to tilt, collide, or fall over during the wash cycle. When removing a roller and adjuster from your appliance, you will need to pull out the dishrack partway. Detach the assembly by depressing the tabs on the two end stops before lifting them up. Keep in mind that the roller and adjuster are sold together, but the dishrack itself is sold separately.",
    "price": "$9.65",
    "stock_status": "In Stock",
    "rating": "4.71 out of 5",
    "reviews_count": 38
  },
  {
    "url": "https://www.partselect.com/PS12578165-Whirlpool-W11175771-Dishwasher-INLET-VALVE.htm?SourceCode=18",
    "image_url": "https://partselectcom-gtcdcddbene3cpes.z01.azurefd.net/12578165-1-N-Whirlpool-W11175771-Dishwasher-INLET-VALVE.jpg",
    "name": "Magic Chef Dishwasher Inlet Valve",
    "partselect_number": "PS12578165",
    "manufacturer_number": "W11175771",
    "description": "★★★★★\n★★★★★\n36 Reviews\nThis water inlet valve should be located behind the lower kick plate panel in either the right or left corner. The attaching solenoids on the valve open and close according to the desired amount of water needed.",
    "price": "$48.45",
    "stock_status": "In Stock",
    "rating": "4.58 out of 5",
    "reviews_count": 36
  },
  {
    "url": "https://www.partselect.com/PS11743423-Whirlpool-WP661566-Dishwasher-High-Limit-Thermostat.htm?SourceCode=18",
    "image_url": "https://partselectcom-gtcdcddbene3cpes.z01.azurefd.net/11743423-1-N-Whirlpool-WP661566-Dishwasher-High-Limit-Thermostat.jpg",
    "name": "Magic Chef Dishwasher High Limit Thermostat",
    "partselect_number": "PS11743423",
    "manufacturer_number": "WP661566",
    "description": "★★★★★\n★★★★★\n9 Reviews\nThis part acts as as safety mechanism that keeps the dryer from overheating. Once the dryer temperature reaches a certain point, this part will shut down power to the heating element.",
    "price": "$26.83",
    "stock_status": "In Stock",
    "rating": "4.89 out of 5",
    "reviews_count": 9
  },
  {
    "url": "https://www.partselect.com/PS11745488-Whirlpool-WP8268961-Dishwasher-Friction-Sleeve.htm?SourceCode=18",
    "image_url": "https://partselectcom-gtcdcddbene3cpes.z01.azurefd.net/11745488-1-N-Whirlpool-WP8268961-Dishwasher-Friction-Sleeve.jpg",
    "name": "Magic Chef Dishwasher Friction Sleeve",
    "partselect_number": "PS11745488",
    "manufacturer_number": "WP8268961",
    "description": "★★★★★\n★★★★★\n37 Reviews\nThis part helps to keep your door quiet when it opens and closes.",
    "price": "$8.68",
    "stock_status": "In Stock",
    "rating": "4.86 out of 5",
    "reviews_count": 37
  },
  {
    "url": "https://www.partselect.com/PS11755736-Whirlpool-WPW10503548-Dishwasher-Retainer-Clip.htm?SourceCode=18",
    "image_url": "https://partselectcom-gtcdcddbene3cpes.z01.azurefd.net/11755736-1-N-Whirlpool-WPW10503548-Dishwasher-Retainer-Clip.jpg",
    "name": "Magic Chef Dishwasher Retainer Clip",
    "partselect_number": "PS11755736",
    "manufacturer_number": "WPW10503548",
    "description": "★★★★★\n★★★★★\n18 Reviews\nThis part is used to hold the access panel in place. Sold individually.",
    "price": "$19.35",
    "stock_status": "In Stock",
    "rating": "4.39 out of 5",
    "reviews_count": 18
  },
  {
    "url": "https://www.partselect.com/PS8760080-Whirlpool-W10648041-Water-Inlet-Valve.htm?SourceCode=18",
    "image_url": "https://partselectcom-gtcdcddbene3cpes.z01.azurefd.net/8760080-1-N-Whirlpool-W10648041-Water-Inlet-Valve.jpg",
    "name": "Magic Chef Dishwasher Water Inlet Valve",
    "partselect_number": "PS8760080",
    "manufacturer_number": "W10648041",
    "description": "★★★★★\n★★★★★\n17 Reviews\nThis water inlet valve should be located behind the lower kickplate panel in either the right or left corner. The attaching solenoids on the valve open and close according to the desired amount of water needed.",
    "price": "$48.91",
    "stock_status": "In Stock",
    "rating": "4.65 out of 5",
    "reviews_count": 17
  },
  {
    "url": "https://www.partselect.com/PS11751688-Whirlpool-WPW10275768-Dishwasher-Door-Latch-w-Switches-No-Handle.htm?SourceCode=18",
    "image_url": "https://partselectcom-gtcdcddbene3cpes.z01.azurefd.net/11751688-1-N-Whirlpool-WPW10275768-Dishwasher-Door-Latch-w-Switches-No-Handle.jpg",
    "name": "Magic Chef Dishwasher Door Latch W/switches No Handle",
    "partselect_number": "PS11751688",
    "manufacturer_number": "WPW10275768",
    "description": "★★★★★\n★★★★★\n22 Reviews\nThis door latch, used in dishwashers, is located at the top of the door and locks the door shut when the dishwasher is working. If the door will not close or is damaged, changing the latch could be the solution. For this repair, remove all screws from the inner panel, then lift up the inner door panel and hold the door apart. Next, access the latch and pull wires from the switches. Refer to the manual provided by the manufacturer for further instructions and guidance. Remember to unplug the dishwasher from the power source or shut off the house circuit breaker before beginning this installation project.",
    "price": "$49.35",
    "stock_status": "In Stock",
    "rating": "4.36 out of 5",
    "reviews_count": 22
  },
  {
    "url": "https://www.partselect.com/PS11730996-Whirlpool-W10844024-Dishwasher-Water-Inlet-Valve.htm?SourceCode=18",
    "image_url": "https://partselectcom-gtcdcddbene3cpes.z01.azurefd.net/11730996-1-N-Whirlpool-W10844024-Dishwasher-Water-Inlet-Valve.jpg",
    "name": "Magic Chef Dishwasher Water Inlet Valve",
    "partselect_number": "PS11730996",
    "manufacturer_number": "W10844024",
    "description": "★★★★★\n★★★★★\n18 Reviews\nThis water inlet valve should be located behind the lower kickplate panel in either the right or left corner. The attaching solenoids on the valve open and close according to the desired amount of water needed. NOTE: As per the manufacture this part has been updated from the original part. It may be a different color, and you may need to order an elbow (# W10685193) for the new designed valve to work.",
    "price": "$47.48",
    "stock_status": "In Stock",
    "rating": "4.28 out of 5",
    "reviews_count": 18
  },
  {
    "url": "https://www.partselect.com/PS11745444-Whirlpool-WP8268433-Dishwasher-Spray-Arm-Seal.htm?SourceCode=18",
    "image_url": "https://partselectcom-gtcdcddbene3cpes.z01.azurefd.net/11745444-1-N-Whirlpool-WP8268433-Dishwasher-Spray-Arm-Seal.jpg",
    "name": "Magic Chef Dishwasher Spray Arm Seal",
    "partselect_number": "PS11745444",
    "manufacturer_number": "WP8268433",
    "description": "★★★★★\n★★★★★\n6 Reviews\nThis seal is located between the spray arm and the water feed tube.",
    "price": "$11.59",
    "stock_status": "In Stock",
    "rating": "4.17 out of 5",
    "reviews_count": 6
  },
  {
    "url": "https://www.partselect.com/PS11743008-Whirlpool-WP596669-Washer-Hose-Clamp.htm?SourceCode=18",
    "image_url": "https://partselectcom-gtcdcddbene3cpes.z01.azurefd.net/11743008-1-N-Whirlpool-WP596669-Washer-Hose-Clamp.jpg",
    "name": "Magic Chef Dishwasher Washer Hose Clamp",
    "partselect_number": "PS11743008",
    "manufacturer_number": "WP596669",
    "description": "★★★★★\n★★★★★\n1 Review\nThis hose clamp is used in a wide variety of household appliances. Most often it is found in washers, dishwashers, refrigerators, freezers, dehumidifiers, garbage disposals, or air conditioners. This clamp is used to securely attach a hose to another part of your appliance, which helps prevent leaks from those connections. Depending on the appliance, it can attach hoses to drain pumps, water inlet valves, pressure switches, and injector nozzles. We recommend you refer to model-specific diagrams for appropriate uses and exact placement. This hose clamp is made of metal, and is sold individually. To access and replace this part you will need a nut driver, pliers, and screwdrivers. Before you begin any repair work, make sure you have unplugged your appliance, and shut off the water supply if applicable.",
    "price": "$7.71",
    "stock_status": "In Stock",
    "rating": "5.00 out of 5",
    "reviews_count": 1
  },
  {
    "url": "https://www.partselect.com/PS1487167-Whirlpool-8212560-Side-Mounting-Bracket-Kit.htm?SourceCode=18",
    "image_url": "https://partselectcom-gtcdcddbene3cpes.z01.azurefd.net/1487167-1-N-Whirlpool-8212560-Side-Mounting-Bracket-Kit.jpg",
    "name": "Magic Chef Dishwasher Side Mounting Bracket Kit",
    "partselect_number": "PS1487167",
    "manufacturer_number": "8212560",
    "description": "★★★★★\n★★★★★\n7 Reviews\nThis mounting kit can be used on solid surface countertops.",
    "price": "$24.91",
    "stock_status": "In Stock",
    "rating": "4.86 out of 5",
    "reviews_count": 7
  },
  {
    "url": "https://www.partselect.com/PS11740613-Whirlpool-WP285655-Washer-Hose-Clamp.htm?SourceCode=18",
    "image_url": "https://partselectcom-gtcdcddbene3cpes.z01.azurefd.net/11740613-1-N-Whirlpool-WP285655-Washer-Hose-Clamp.jpg",
    "name": "Magic Chef Dishwasher Washer Hose Clamp",
    "partselect_number": "PS11740613",
    "manufacturer_number": "WP285655",
    "description": "★★★★★\n★★★★★\n2 Reviews\nThe hose clamp is used to hold the water hose in place which will prevent the hose from leaking water. Sometimes the clamp may lose its ability to latch on, causing a leaking washer. For the installation, you will need a flat head screw driver to replace the clamp and a drill to access the screws to remove the front of the washer. Be careful if you do not have specific clamp pliers as the clamp could fly off. Once the front of the washer has been removed, take a quick look for water damage or any obvious signs of where the leak is coming from. If it is not obvious, run water to test.",
    "price": "$9.65",
    "stock_status": "In Stock",
    "rating": "3.00 out of 5",
    "reviews_count": 2
  },
  {
    "url": "https://www.partselect.com/PS11745449-Whirlpool-WP8268645-Dishwasher-Wheel-Assembly.htm?SourceCode=18",
    "image_url": "https://partselectcom-gtcdcddbene3cpes.z01.azurefd.net/11745449-1-N-Whirlpool-WP8268645-Dishwasher-Wheel-Assembly.jpg",
    "name": "Magic Chef Dishwasher Wheel Assembly",
    "partselect_number": "PS11745449",
    "manufacturer_number": "WP8268645",
    "description": "★★★★★\n★★★★★\n14 Reviews\nSold Individually - 4 required on rack.",
    "price": "$43.15",
    "stock_status": "In Stock",
    "rating": "4.64 out of 5",
    "reviews_count": 14
  },
  {
    "url": "https://www.partselect.com/PS11751238-Whirlpool-WPW10254672-Dishwasher-Faucet-Adapter.htm?SourceCode=18",
    "image_url": "https://partselectcom-gtcdcddbene3cpes.z01.azurefd.net/11751238-1-N-Whirlpool-WPW10254672-Dishwasher-Faucet-Adapter.jpg",
    "name": "Magic Chef Dishwasher Faucet Adapter",
    "partselect_number": "PS11751238",
    "manufacturer_number": "WPW10254672",
    "description": "★★★★★\n★★★★★\n24 Reviews\nThe faucet adapter for your portable dishwasher or washing machine attaches to the faucet and allows you to connect the machine to the tap. Before you install the faucet adapter on your taps, be sure that it fits the coupler on your dishwasher or washer. As per the factory, this is used for faucets with inside or outside threads. For female connection (outside) just remove the washers. This adapter is approximately 1 inch in length, and slightly less than one inch in diameter. This adapter comes with two different thicknesses of rubber washer. You will not need to use both so be sure to determine which thickness works best for your tap before installing it.",
    "price": "$44.57",
    "stock_status": "In Stock",
    "rating": "4.71 out of 5",
    "reviews_count": 24
  },
  {
    "url": "https://www.partselect.com/PS347819-Whirlpool-350930-White-Appliance-Paint-12oz.htm?SourceCode=18",
    "image_url": "https://partselectcom-gtcdcddbene3cpes.z01.azurefd.net/347819-1-N-Whirlpool-350930-White-Appliance-Paint-12oz.jpg",
    "name": "Magic Chef Dishwasher White Appliance Paint (12oz)",
    "partselect_number": "PS347819",
    "manufacturer_number": "350930",
    "description": "★★★★★\n★★★★★\n3 Reviews\nAppliance spray paint is a great way to cover up any chips and scratches that have appeared on your appliances. Instead of replacing the part entirely, this is an easy fix. This is also a great way to give a fresh new look to any handles or areas that have discoloring due to wear. Make sure to clean the area before you begin and wear a protective mask for safety. Give the can a good shake and spray a few inches away from the surface. Apply the paint until the area is fully covered as desired. Wait until the paint has dried before using the appliance.",
    "price": "$24.20",
    "stock_status": "In Stock",
    "rating": "5.00 out of 5",
    "reviews_count": 3
  },
  {
    "url": "https://www.partselect.com/PS11741264-Whirlpool-WP3368999-Dishwasher-Door-Spring.htm?SourceCode=18",
    "image_url": "https://partselectcom-gtcdcddbene3cpes.z01.azurefd.net/11741264-1-N-Whirlpool-WP3368999-Dishwasher-Door-Spring.jpg",
    "name": "Magic Chef Dishwasher Door Spring",
    "partselect_number": "PS11741264",
    "manufacturer_number": "WP3368999",
    "description": "★★★★★\n★★★★★\n6 Reviews\nThese detergent cup dispenser springs are sold individually.",
    "price": "$7.95",
    "stock_status": "In Stock",
    "rating": "4.83 out of 5",
    "reviews_count": 6
  },
  {
    "url": "https://www.partselect.com/PS11751313-Whirlpool-WPW10258149-Dishwasher-Manifold.htm?SourceCode=18",
    "image_url": "https://partselectcom-gtcdcddbene3cpes.z01.azurefd.net/11751313-1-N-Whirlpool-WPW10258149-Dishwasher-Manifold.jpg",
    "name": "Magic Chef Dishwasher Manifold",
    "partselect_number": "PS11751313",
    "manufacturer_number": "WPW10258149",
    "description": "★★★★★\n★★★★★\n11 Reviews\nThis part connects the spray arm to the main water tube. Also known as a water supply tube. Note: This part has been updated from the original.",
    "price": "$49.93",
    "stock_status": "In Stock",
    "rating": "4.73 out of 5",
    "reviews_count": 11
  },
  {
    "url": "https://www.partselect.com/PS11745437-Whirlpool-WP8268342-Dishwasher-Lower-Spray-Arm-Support-Hub.htm?SourceCode=18",
    "image_url": "https://partselectcom-gtcdcddbene3cpes.z01.azurefd.net/11745437-1-N-Whirlpool-WP8268342-Dishwasher-Lower-Spray-Arm-Support-Hub.jpg",
    "name": "Magic Chef Dishwasher Lower Spray Arm Support/hub",
    "partselect_number": "PS11745437",
    "manufacturer_number": "WP8268342",
    "description": "★★★★★\n★★★★★\n3 Reviews\nThis part is used with the lower spray arm.",
    "price": "$46.99",
    "stock_status": "In Stock",
    "rating": "5.00 out of 5",
    "reviews_count": 3
  },
  {
    "url": "https://www.partselect.com/PS11745477-Whirlpool-WP8268866-Dishwasher-Silverware-Basket.htm?SourceCode=18",
    "image_url": "https://partselectcom-gtcdcddbene3cpes.z01.azurefd.net/11745477-1-N-Whirlpool-WP8268866-Dishwasher-Silverware-Basket.jpg",
    "name": "Magic Chef Dishwasher Silverware Basket",
    "partselect_number": "PS11745477",
    "manufacturer_number": "WP8268866",
    "description": "★★★★★\n★★★★★\n4 Reviews\nThis is a basket for washing flatware or silverware in your dishwasher.",
    "price": "$54.27",
    "stock_status": "In Stock",
    "rating": "5.00 out of 5",
    "reviews_count": 4
  },
  {
    "url": "https://www.partselect.com/PS11747701-Whirlpool-WP99002659-Dishwasher-Wash-Impeller.htm?SourceCode=18",
    "image_url": "https://partselectcom-gtcdcddbene3cpes.z01.azurefd.net/11747701-1-N-Whirlpool-WP99002659-Dishwasher-Wash-Impeller.jpg",
    "name": "Magic Chef Dishwasher Wash Impeller",
    "partselect_number": "PS11747701",
    "manufacturer_number": "WP99002659",
    "description": "★★★★★\n★★★★★\n6 Reviews\nThis impeller rotates and is used to force water up through to the spray arm.",
    "price": "$43.51",
    "stock_status": "In Stock",
    "rating": "4.83 out of 5",
    "reviews_count": 6
  },
  {
    "url": "https://www.partselect.com/PS11751405-Whirlpool-WPW10261227-Dishwasher-Rail-Stop.htm?SourceCode=18",
    "image_url": "https://partselectcom-gtcdcddbene3cpes.z01.azurefd.net/11751405-1-N-Whirlpool-WPW10261227-Dishwasher-Rail-Stop.jpg",
    "name": "Magic Chef Dishwasher Rail Stop",
    "partselect_number": "PS11751405",
    "manufacturer_number": "WPW10261227",
    "description": "★★★★★\n★★★★★\n2 Reviews\nThis part is at the end of the rails to stop your dishrack from being pulled all the way out. Sold individually.",
    "price": "$9.85",
    "stock_status": "In Stock",
    "rating": "5.00 out of 5",
    "reviews_count": 2
  },
  {
    "url": "https://www.partselect.com/PS11741854-Whirlpool-WP356138-Washer-Hose-Clamp.htm?SourceCode=18",
    "image_url": "https://partselectcom-gtcdcddbene3cpes.z01.azurefd.net/11741854-1-N-Whirlpool-WP356138-Washer-Hose-Clamp.jpg",
    "name": "Magic Chef Dishwasher Washer Hose Clamp",
    "partselect_number": "PS11741854",
    "manufacturer_number": "WP356138",
    "description": "★★★★★\n★★★★★\n1 Review\nThis clamp helps to prevent leaking by holding the end of water hose in place.",
    "price": "$9.85",
    "stock_status": "In Stock",
    "rating": "2.00 out of 5",
    "reviews_count": 1
  },
  {
    "url": "https://www.partselect.com/PS11747612-Whirlpool-WP99001586-Upper-Spray-Arm-Assembly.htm?SourceCode=18",
    "image_url": "https://partselectcom-gtcdcddbene3cpes.z01.azurefd.net/11747612-1-N-Whirlpool-WP99001586-Upper-Spray-Arm-Assembly.jpg",
    "name": "Magic Chef Dishwasher Upper Spray Arm Assembly",
    "partselect_number": "PS11747612",
    "manufacturer_number": "WP99001586",
    "description": "★★★★★\n★★★★★\n8 Reviews\nThe upper spray arm helps distribute water from the top of the dishwasher tub.",
    "price": "$9.85",
    "stock_status": "On Order",
    "rating": "5.00 out of 5",
    "reviews_count": 8
  },
  {
    "url": "https://www.partselect.com/PS886319-Whirlpool-8193882-Door-Latch-Bracket-Kit-NO-Handle.htm?SourceCode=18",
    "image_url": "https://partselectcom-gtcdcddbene3cpes.z01.azurefd.net/886319-1-N-Whirlpool-8193882-Door-Latch-Bracket-Kit-NO-Handle.jpg",
    "name": "Magic Chef Dishwasher Door Latch Bracket Kit - No Handle",
    "partselect_number": "PS886319",
    "manufacturer_number": "8193882",
    "description": "★★★★★\n★★★★★\n9 Reviews\nHandle is not included with this part.",
    "price": "$48.45",
    "stock_status": "In Stock",
    "rating": "4.33 out of 5",
    "reviews_count": 9
  },
  {
    "url": "https://www.partselect.com/PS16542935-Whirlpool-4386996A-IMPELLER.htm?SourceCode=18",
    "image_url": "https://partselectcom-gtcdcddbene3cpes.z01.azurefd.net/16542935-1-N-Whirlpool-4386996A-IMPELLER.jpg",
    "name": "Magic Chef Dishwasher Impeller",
    "partselect_number": "PS16542935",
    "manufacturer_number": "4386996A",
    "description": "★★★★★\n★★★★★\n5 Reviews\nThis kit contains Impeller and Bearing Assembly.",
    "price": "$78.35",
    "stock_status": "In Stock",
    "rating": "4.20 out of 5",
    "reviews_count": 5
  },
  {
    "url": "https://www.partselect.com/PS11748195-Whirlpool-WPW10082894-Dishwasher-Heater.htm?SourceCode=18",
    "image_url": "https://partselectcom-gtcdcddbene3cpes.z01.azurefd.net/11748195-1-N-Whirlpool-WPW10082894-Dishwasher-Heater.jpg",
    "name": "Magic Chef Dishwasher Heater",
    "partselect_number": "PS11748195",
    "manufacturer_number": "WPW10082894",
    "description": "★★★★★\n★★★★★\n2 Reviews\nThis dishwasher heating element is not designed to heat the water that enters it, but is designed to maintain the heat of the water that enters the dishwasher. It is located on the bottom of the dishwasher.",
    "price": "$59.35",
    "stock_status": "In Stock",
    "rating": "4.50 out of 5",
    "reviews_count": 2
  },
  {
    "url": "https://www.partselect.com/PS12069388-Whirlpool-8193951A-Dishwasher-Impeller-And-Seal-Kit.htm?SourceCode=18",
    "image_url": "https://partselectcom-gtcdcddbene3cpes.z01.azurefd.net/12069388-1-N-Whirlpool-8193951A-Dishwasher-Impeller-And-Seal-Kit.jpg",
    "name": "Magic Chef Dishwasher Impeller And Seal Kit",
    "partselect_number": "PS12069388",
    "manufacturer_number": "8193951A",
    "description": "★★★★★\n★★★★★\n5 Reviews\nThis is the replacement impeller kit for your dishwasher. This impeller kit comes with 4 pieces, including the impeller and seals which you will need for the repair. The impeller and seal kit is mounted on the dishwasher motor. If your dishwasher is not cleaning dishes properly, it may be an indication that your impeller has gone bad, and you are not getting proper water pressure. If the seals have gone bad, your dishwasher may start to leak. If you are having either of these problems, you may need to replace the impeller kit. Be sure to disconnect the water and power source from the dishwasher before you begin this repair. This is an OEM part sourced directly from the manufacturer.",
    "price": "$89.19",
    "stock_status": "In Stock",
    "rating": "4.20 out of 5",
    "reviews_count": 5
  },
  {
    "url": "https://www.partselect.com/PS2362274-Whirlpool-4396840RC-Dishrack-Repair-Kit.htm?SourceCode=18",
    "image_url": "https://partselectcom-gtcdcddbene3cpes.z01.azurefd.net/2362274-1-N-Whirlpool-4396840RC-Dishrack-Repair-Kit.jpg",
    "name": "Magic Chef Dishwasher Dishrack Repair Kit",
    "partselect_number": "PS2362274",
    "manufacturer_number": "4396840RC",
    "description": "★★★★★\n★★★★★\n1 Review\nThis kit includes vinyl touch-up paint, tip tines, and instructions.",
    "price": "$51.89",
    "stock_status": "In Stock",
    "rating": "5.00 out of 5",
    "reviews_count": 1
  },
  {
    "url": "https://www.partselect.com/PS11741266-Whirlpool-WP3369011-Dishwasher-Pump-Housing-Kit.htm?SourceCode=18",
    "image_url": "https://partselectcom-gtcdcddbene3cpes.z01.azurefd.net/11741266-1-N-Whirlpool-WP3369011-Dishwasher-Pump-Housing-Kit.jpg",
    "name": "Magic Chef Dishwasher Pump Housing Kit",
    "partselect_number": "PS11741266",
    "manufacturer_number": "WP3369011",
    "description": "This is the pump housing only.",
    "price": "$56.38",
    "stock_status": "In Stock"
  },
  {
    "url": "https://www.partselect.com/PS11741382-Whirlpool-WP3385160-Dishwasher-Spray-Arm-Feed-Tube-Holder.htm?SourceCode=18",
    "image_url": "https://partselectcom-gtcdcddbene3cpes.z01.azurefd.net/11741382-1-N-Whirlpool-WP3385160-Dishwasher-Spray-Arm-Feed-Tube-Holder.jpg",
    "name": "Magic Chef Dishwasher Spray Arm Feed Tube Holder",
    "partselect_number": "PS11741382",
    "manufacturer_number": "WP3385160",
    "description": "★★★★★\n★★★★★\n1 Review\nThis part holds the spray arm feed tube up.",
    "price": "$24.95",
    "stock_status": "In Stock",
    "rating": "5.00 out of 5",
    "reviews_count": 1
  },
  {
    "url": "https://www.partselect.com/PS11746836-Whirlpool-WP903297-Caster-Wheel.htm?SourceCode=18",
    "image_url": "https://partselectcom-gtcdcddbene3cpes.z01.azurefd.net/11746836-1-N-Whirlpool-WP903297-Caster-Wheel.jpg",
    "name": "Magic Chef Dishwasher Caster Wheel",
    "partselect_number": "PS11746836",
    "manufacturer_number": "WP903297",
    "description": "★★★★★\n★★★★★\n4 Reviews\nThis dishwasher caster wheel is four inches long. It is a two inch black wheel with a white shaft. This wheel is used with portable dishwashers.",
    "price": "$11.83",
    "stock_status": "In Stock",
    "rating": "5.00 out of 5",
    "reviews_count": 4
  },
  {
    "url": "https://www.partselect.com/PS2367492-Whirlpool-W10278635RP-Fill-Hose.htm?SourceCode=18",
    "image_url": "https://partselectcom-gtcdcddbene3cpes.z01.azurefd.net/2367492-1-N-Whirlpool-W10278635RP-Fill-Hose.jpg",
    "name": "Magic Chef Dishwasher Fill Hose",
    "partselect_number": "PS2367492",
    "manufacturer_number": "W10278635RP",
    "description": "★★★★★\n★★★★★\n1 Review\nManufacturer Part Number W10278635RP",
    "price": "$38.95",
    "stock_status": "In Stock",
    "rating": "5.00 out of 5",
    "reviews_count": 1
  },
  {
    "url": "https://www.partselect.com/PS11751232-Whirlpool-WPW10254545-Gasket.htm?SourceCode=18",
    "image_url": "https://partselectcom-gtcdcddbene3cpes.z01.azurefd.net/11751232-1-N-Whirlpool-WPW10254545-Gasket.jpg",
    "name": "Magic Chef Dishwasher Gasket",
    "partselect_number": "PS11751232",
    "manufacturer_number": "WPW10254545",
    "price": "$11.95",
    "stock_status": "In Stock"
  },
  {
    "url": "https://www.partselect.com/PS11747618-Whirlpool-WP99001791-Pump-Housing-Filter.htm?SourceCode=18",
    "image_url": "https://partselectcom-gtcdcddbene3cpes.z01.azurefd.net/11747618-1-N-Whirlpool-WP99001791-Pump-Housing-Filter.jpg",
    "name": "Magic Chef Dishwasher Pump Housing Filter",
    "partselect_number": "PS11747618",
    "manufacturer_number": "WP99001791",
    "description": "★★★★★\n★★★★★\n2 Reviews\nThis pump housing filter is twenty-three inches long and a little over two inches wide. This filter wraps around a dishwasher's pump housing and clips in place. It is all white in color and is made of plastic with a mesh screen.",
    "price": "$49.93",
    "stock_status": "In Stock",
    "rating": "1.00 out of 5",
    "reviews_count": 2
  },
  {
    "url": "https://www.partselect.com/PS11741302-Whirlpool-WP3371710-Dishwasher-Door-Vent-Screen.htm?SourceCode=18",
    "image_url": "https://partselectcom-gtcdcddbene3cpes.z01.azurefd.net/11741302-1-N-Whirlpool-WP3371710-Dishwasher-Door-Vent-Screen.jpg",
    "name": "Magic Chef Dishwasher Door Vent Screen",
    "partselect_number": "PS11741302",
    "manufacturer_number": "WP3371710",
    "price": "$9.95",
    "stock_status": "In Stock"
  },
  {
    "url": "https://www.partselect.com/PS11741273-Whirlpool-WP3369177-Dishwasher-Separator-Seal.htm?SourceCode=18",
    "image_url": "https://partselectcom-gtcdcddbene3cpes.z01.azurefd.net/11741273-1-N-Whirlpool-WP3369177-Dishwasher-Separator-Seal.jpg",
    "name": "Magic Chef Dishwasher Separator Seal",
    "partselect_number": "PS11741273",
    "manufacturer_number": "WP3369177",
    "price": "$11.95",
    "stock_status": "In Stock"
  },
  {
    "url": "https://www.partselect.com/PS11745469-Whirlpool-WP8268825-Tower-Protector.htm?SourceCode=18",
    "image_url": "https://partselectcom-gtcdcddbene3cpes.z01.azurefd.net/11745469-1-N-Whirlpool-WP8268825-Tower-Protector.jpg",
    "name": "Magic Chef Dishwasher Tower Protector",
    "partselect_number": "PS11745469",
    "manufacturer_number": "WP8268825",
    "description": "★★★★★\n★★★★★\n1 Review\nManufacturer Part Number WP8268825",
    "price": "$51.43",
    "stock_status": "Special Order",
    "rating": "5.00 out of 5",
    "reviews_count": 1
  },
  {
    "url": "https://www.partselect.com/PS11741274-Whirlpool-WP3369178-Ball-Check-Valve.htm?SourceCode=18",
    "image_url": "https://partselectcom-gtcdcddbene3cpes.z01.azurefd.net/11741274-1-N-Whirlpool-WP3369178-Ball-Check-Valve.jpg",
    "name": "Magic Chef Dishwasher Ball Check Valve",
    "partselect_number": "PS11741274",
    "manufacturer_number": "WP3369178",
    "price": "$11.95",
    "stock_status": "Special Order"
  },
  {
    "url": "https://www.partselect.com/PS11741289-Whirlpool-WP3369769-Dishwasher-Door-Panel-Insert.htm?SourceCode=18",
    "image_url": "https://partselectcom-gtcdcddbene3cpes.z01.azurefd.net/11741289-1-N-Whirlpool-WP3369769-Dishwasher-Door-Panel-Insert.jpg",
    "name": "Magic Chef Dishwasher Door Panel Insert",
    "partselect_number": "PS11741289",
    "manufacturer_number": "WP3369769",
    "description": "★★★★★\n★★★★★\n6 Reviews\nThis panel is reversible, black on one side, white on the other side.",
    "price": "$34.25",
    "stock_status": "On Order",
    "rating": "5.00 out of 5",
    "reviews_count": 6
  },
  {
    "url": "https://www.partselect.com/PS11747670-Whirlpool-WP99002360-Heating-Element.htm?SourceCode=18",
    "image_url": "https://partselectcom-gtcdcddbene3cpes.z01.azurefd.net/11747670-1-N-Whirlpool-WP99002360-Heating-Element.jpg",
    "name": "Magic Chef Dishwasher Heating Element",
    "partselect_number": "PS11747670",
    "manufacturer_number": "WP99002360",
    "description": "This dishwasher heating element is not designed to heat the water that enters it, but is designed to maintain the heat of the water that enters the dishwasher. It is located on the bottom of the dishwasher.",
    "price": "$77.17",
    "stock_status": "On Order"
  },
  {
    "url": "https://www.partselect.com/PS11757608-Whirlpool-WPY912930-Spray-Arm-Support-Nut.htm?SourceCode=18",
    "image_url": "https://partselectcom-gtcdcddbene3cpes.z01.azurefd.net/11757608-1-N-Whirlpool-WPY912930-Spray-Arm-Support-Nut.jpg",
    "name": "Magic Chef Dishwasher Spray Arm Support Nut",
    "partselect_number": "PS11757608",
    "manufacturer_number": "WPY912930",
    "description": "★★★★★\n★★★★★\n1 Review\nThis spary arm support nut is two and a half inches long.",
    "price": "$3.95",
    "stock_status": "In Stock",
    "rating": "5.00 out of 5",
    "reviews_count": 1
  },
  {
    "url": "https://www.partselect.com/PS11746847-Whirlpool-WP911265-Float-Palnut.htm?SourceCode=18",
    "image_url": "https://partselectcom-gtcdcddbene3cpes.z01.azurefd.net/11746847-1-N-Whirlpool-WP911265-Float-Palnut.jpg",
    "name": "Magic Chef Dishwasher Float Palnut",
    "partselect_number": "PS11746847",
    "manufacturer_number": "WP911265",
    "description": "This nut is sold individually.",
    "price": "$7.95",
    "stock_status": "On Order"
  },
  {
    "url": "https://www.partselect.com/PS11747635-Whirlpool-WP99002003-Reservoir-O-Ring.htm?SourceCode=18",
    "image_url": "https://partselectcom-gtcdcddbene3cpes.z01.azurefd.net/11747635-1-N-Whirlpool-WP99002003-Reservoir-O-Ring.jpg",
    "name": "Magic Chef Dishwasher Reservoir O-ring",
    "partselect_number": "PS11747635",
    "manufacturer_number": "WP99002003",
    "description": "This reservoir o-ring is almost two inches in diameter.",
    "price": "$7.95",
    "stock_status": "In Stock"
  },
  {
    "url": "https://www.partselect.com/PS11770271-Whirlpool-W11027055-Dishwasher-Heater-Support-Bracket.htm?SourceCode=18",
    "image_url": "https://partselectcom-gtcdcddbene3cpes.z01.azurefd.net/11770271-1-N-Whirlpool-W11027055-Dishwasher-Heater-Support-Bracket.jpg",
    "name": "Magic Chef Dishwasher Heater Support Bracket",
    "partselect_number": "PS11770271",
    "manufacturer_number": "W11027055",
    "price": "$26.41",
    "stock_status": "In Stock"
  },
  {
    "url": "https://www.partselect.com/PS373131-Whirlpool-4392899-Refrigerator-Touch-Up-Paint.htm?SourceCode=18",
    "image_url": "https://partselectcom-gtcdcddbene3cpes.z01.azurefd.net/373131-1-N-Whirlpool-4392899-Refrigerator-Touch-Up-Paint.jpg",
    "name": "Magic Chef Dishwasher Refrigerator Touch Up Paint",
    "partselect_number": "PS373131",
    "manufacturer_number": "4392899",
    "description": "★★★★★\n★★★★★\n1 Review",
    "price": "$16.95",
    "stock_status": "In Stock",
    "rating": "5.00 out of 5",
    "reviews_count": 1
  },
  {
    "url": "https://www.partselect.com/PS11757603-Whirlpool-WPY912798-Tub-Wheel-Washer.htm?SourceCode=18",
    "image_url": "https://partselectcom-gtcdcddbene3cpes.z01.azurefd.net/11757603-1-N-Whirlpool-WPY912798-Tub-Wheel-Washer.jpg",
    "name": "Magic Chef Dishwasher Tub Wheel Washer",
    "partselect_number": "PS11757603",
    "manufacturer_number": "WPY912798",
    "description": "This tub wheel washer is well under an inch in diameter.",
    "price": "$7.95",
    "stock_status": "Special Order"
  },
  {
    "url": "https://www.partselect.com/PS2362272-Whirlpool-4396838RC-Dishrack-Repair-Kit.htm?SourceCode=18",
    "image_url": "https://partselectcom-gtcdcddbene3cpes.z01.azurefd.net/2362272-1-N-Whirlpool-4396838RC-Dishrack-Repair-Kit.jpg",
    "name": "Magic Chef Dishwasher Dishrack Repair Kit",
    "partselect_number": "PS2362272",
    "manufacturer_number": "4396838RC",
    "description": "★★★★★\n★★★★★\n1 Review\nThis kit includes vinyl touch-up paint, tip tines, and instructions.",
    "price": "$52.42",
    "stock_status": "In Stock",
    "rating": "5.00 out of 5",
    "reviews_count": 1
  },
  {
    "url": "https://www.partselect.com/PS11747733-Whirlpool-WP99002857-Dishwasher-O-Ring.htm?SourceCode=18",
    "image_url": "https://partselectcom-gtcdcddbene3cpes.z01.azurefd.net/11747733-1-N-Whirlpool-WP99002857-Dishwasher-O-Ring.jpg",
    "name": "Magic Chef Dishwasher O-ring",
    "partselect_number": "PS11747733",
    "manufacturer_number": "WP99002857",
    "price": "$7.95",
    "stock_status": "In Stock"
  },
  {
    "url": "https://www.partselect.com/PS11751649-Whirlpool-WPW10274895-Exterior-Door-Panel-Black.htm?SourceCode=18",
    "image_url": "https://partselectcom-gtcdcddbene3cpes.z01.azurefd.net/11751649-1-N-Whirlpool-WPW10274895-Exterior-Door-Panel-Black.jpg",
    "name": "Magic Chef Dishwasher Exterior Door Panel (black)",
    "partselect_number": "PS11751649",
    "manufacturer_number": "WPW10274895",
    "description": "Manufacturer Part Number WPW10274895",
    "price": "$141.57",
    "stock_status": "In Stock"
  },
  {
    "url": "https://www.partselect.com/PS11741322-Whirlpool-WP3374077-Dishwasher-Drain-Hose-w-Connector-Ends.htm?SourceCode=18",
    "image_url": "https://partselectcom-gtcdcddbene3cpes.z01.azurefd.net/11741322-1-N-Whirlpool-WP3374077-Dishwasher-Drain-Hose-w-Connector-Ends.jpg",
    "name": "Magic Chef Dishwasher Drain Hose W/connector Ends",
    "partselect_number": "PS11741322",
    "manufacturer_number": "WP3374077",
    "description": "★★★★★\n★★★★★\n6 Reviews\nThis hose is used to drain the water into your sink.",
    "price": "$59.95",
    "stock_status": "In Stock",
    "rating": "3.33 out of 5",
    "reviews_count": 6
  },
  {
    "url": "https://www.partselect.com/PS11744821-Whirlpool-WP8052027-Wet-Agent-Dispenser.htm?SourceCode=18",
    "image_url": "https://partselectcom-gtcdcddbene3cpes.z01.azurefd.net/11744821-1-N-Whirlpool-WP8052027-Wet-Agent-Dispenser.jpg",
    "name": "Magic Chef Dishwasher Wet Agent Dispenser",
    "partselect_number": "PS11744821",
    "manufacturer_number": "WP8052027",
    "price": "$56.38",
    "stock_status": "In Stock"
  },
  {
    "url": "https://www.partselect.com/PS11745493-Whirlpool-WP8269016-Dishwasher-Clip.htm?SourceCode=18",
    "image_url": "https://partselectcom-gtcdcddbene3cpes.z01.azurefd.net/11745493-1-N-Whirlpool-WP8269016-Dishwasher-Clip.jpg",
    "name": "Magic Chef Dishwasher Clip",
    "partselect_number": "PS11745493",
    "manufacturer_number": "WP8269016",
    "description": "Sold individually.",
    "price": "$10.95",
    "stock_status": "In Stock"
  },
  {
    "url": "https://www.partselect.com/PS1660806-Whirlpool-910209-Dishwasher-Faucet-Adapter-Washer.htm?SourceCode=18",
    "image_url": "https://partselectcom-gtcdcddbene3cpes.z01.azurefd.net/1660806-1-N-Whirlpool-910209-Dishwasher-Faucet-Adapter-Washer.jpg",
    "name": "Magic Chef Dishwasher Faucet Adapter Washer",
    "partselect_number": "PS1660806",
    "manufacturer_number": "910209",
    "price": "$38.95",
    "stock_status": "Special Order"
  },
  {
    "url": "https://www.partselect.com/PS11743736-Whirlpool-WP676455-Vinyl-Touchup.htm?SourceCode=18",
    "image_url": "https://partselectcom-gtcdcddbene3cpes.z01.azurefd.net/11743736-1-N-Whirlpool-WP676455-Vinyl-Touchup.jpg",
    "name": "Magic Chef Dishwasher Vinyl Touchup",
    "partselect_number": "PS11743736",
    "manufacturer_number": "WP676455",
    "price": "$29.95",
    "stock_status": "In Stock"
  },
  {
    "url": "https://www.partselect.com/PS11749383-Whirlpool-WPW10166788-Dishwasher-Filterplt.htm?SourceCode=18",
    "image_url": "https://partselectcom-gtcdcddbene3cpes.z01.azurefd.net/11749383-1-N-Whirlpool-WPW10166788-Dishwasher-Filterplt.jpg",
    "name": "Magic Chef Dishwasher Filterplt",
    "partselect_number": "PS11749383",
    "manufacturer_number": "WPW10166788",
    "price": "$24.95",
    "stock_status": "Special Order"
  },
  {
    "url": "https://www.partselect.com/PS11769721-Whirlpool-W10909066-PANEL.htm?SourceCode=18",
    "image_url": "https://partselectcom-gtcdcddbene3cpes.z01.azurefd.net/11769721-1-N-Whirlpool-W10909066-PANEL.jpg",
    "name": "Magic Chef Dishwasher Panel",
    "partselect_number": "PS11769721",
    "manufacturer_number": "W10909066",
    "description": "★★★★★\n★★★★★\n1 Review\nManufacturer Part Number W10909066",
    "price": "$71.95",
    "stock_status": "Special Order",
    "rating": "5.00 out of 5",
    "reviews_count": 1
  },
  {
    "url": "https://www.partselect.com/PS11741325-Whirlpool-WP3374716-Dishwasher-Retainer-Channel.htm?SourceCode=18",
    "image_url": "https://partselectcom-gtcdcddbene3cpes.z01.azurefd.net/11741325-1-N-Whirlpool-WP3374716-Dishwasher-Retainer-Channel.jpg",
    "name": "Magic Chef Dishwasher Retainer Channel",
    "partselect_number": "PS11741325",
    "manufacturer_number": "WP3374716",
    "description": "Manufacturer Part Number WP3374716",
    "price": "$46.95",
    "stock_status": "On Order"
  },
  {
    "url": "https://www.partselect.com/PS11745485-Whirlpool-WP8268913-Float-Assembly.htm?SourceCode=18",
    "image_url": "https://partselectcom-gtcdcddbene3cpes.z01.azurefd.net/11745485-1-N-Whirlpool-WP8268913-Float-Assembly.jpg",
    "name": "Magic Chef Dishwasher Float Assembly",
    "partselect_number": "PS11745485",
    "manufacturer_number": "WP8268913",
    "description": "As water is filling your dishwasher, a float rises along with it. When the float reaches a predetermined level, it shuts off the flow of water, thereby preventing a leak.",
    "price": "$53.41",
    "stock_status": "On Order"
  },
  {
    "url": "https://www.partselect.com/PS11747697-Whirlpool-WP99002652-Dishwasher-Drain-Hose.htm?SourceCode=18",
    "image_url": "https://partselectcom-gtcdcddbene3cpes.z01.azurefd.net/11747697-1-N-Whirlpool-WP99002652-Dishwasher-Drain-Hose.jpg",
    "name": "Magic Chef Dishwasher Drain Hose",
    "partselect_number": "PS11747697",
    "manufacturer_number": "WP99002652",
    "description": "★★★★★\n★★★★★\n5 Reviews",
    "price": "$163.15",
    "stock_status": "On Order",
    "rating": "4.20 out of 5",
    "reviews_count": 5
  },
  {
    "url": "https://www.partselect.com/PS11750638-Whirlpool-WPW10223013-Insulation-Pad.htm?SourceCode=18",
    "image_url": "https://partselectcom-gtcdcddbene3cpes.z01.azurefd.net/11750638-1-N-Whirlpool-WPW10223013-Insulation-Pad.jpg",
    "name": "Magic Chef Dishwasher Insulation Pad",
    "partselect_number": "PS11750638",
    "manufacturer_number": "WPW10223013",
    "description": "★★★★★\n★★★★★\n3 Reviews",
    "price": "$50.44",
    "stock_status": "Special Order",
    "rating": "4.67 out of 5",
    "reviews_count": 3
  },
  {
    "name": "Dishwasher Parts",
    "url": "https://www.partselect.com/Dishwasher-Parts.htm",
    "description": "Dishwasher Parts"
  },
  {
    "name": "Magic Chef Parts",
    "url": "https://www.partselect.com/Magic-Chef-Parts.htm",
    "description": "Magic Chef Parts"
  }
]