[
  {
    "url": "https://www.partselect.com/PS884734-Whirlpool-8009-Refrigerator-Light-Bulb-40w.htm?SourceCode=18",
    "image_url": "https://partselectcom-gtcdcddbene3cpes.z01.azurefd.net/884734-1-N-Whirlpool-8009-Refrigerator-Light-Bulb-40w.jpg",
    "name": "Norge Refrigerator Light Bulb (40w)",
    "partselect_number": "PS884734",
    "manufacturer_number": "8009",
    "description": "★★★★★\n★★★★★\n78 Reviews\nThis an authentic OEM 40-Watt replacement light bulb, used in a number of household appliances. It is specially designed to withstand extreme temperatures, which is why these replacement bulbs are most often used to light the inside of refrigerators and ranges. It features a standard socket base, which means you simply unscrew the burnt-out bulb and screw in the replacement. Depending on the appliance you may require a screwdriver or nut driver to access the light bulb. We recommend you wear work gloves while handling this replacement part. It is constructed of glass and metal and is sold individually. Depending on the appliance and location of the bulb within it, you may want to consider disconnecting power and using a flashlight for easier access to unscrewing and re-screwing in your bulb during this repair.",
    "price": "$\n16.44",
    "stock_status": "In Stock",
    "rating": "4.7/5",
    "reviews_count": 78,
    "reviews": [],
    "repair_stories": [],
    "symptoms_fixed": "Refrigerator, Range, Wall Oven, Dryer.",
    "works_with": "Refrigerator, Range, Wall Oven, Dryer.",
    "also_replaces": [
      "AP3607217",
      "1958",
      "8009",
      "0020478",
      "0020571",
      "0042175",
      "0047146",
      "0053950",
      "0056713",
      "0057030",
      "0057035",
      "0088673",
      "0089290",
      "03055001",
      "0311700",
      "040672-02",
      "05600070",
      "0B00300199",
      "0B00300299",
      "0B00300399 ... Show more"
    ],
    "video_url": "https://www.youtube.com/watch?v=kSohIGunxBw"
  },
  {
    "url": "https://www.partselect.com/PS2121513-Whirlpool-D7824706Q-Replacement-Ice-Maker.htm?SourceCode=18",
    "image_url": "https://partselectcom-gtcdcddbene3cpes.z01.azurefd.net/2121513-1-N-Whirlpool-D7824706Q-Replacement-Ice-Maker.jpg",
    "name": "Norge Refrigerator Replacement Ice Maker",
    "partselect_number": "PS2121513",
    "manufacturer_number": "D7824706Q",
    "description": "★★★★★\n★★★★★\n183 Reviews\nThis ice maker (Ice Maker Assembly, Refrigerator Ice Maker) produces ice cubes that are ejected into the storage bucket. It is located in the freezer section of your appliance, mounted on the freezer wall. The ice maker can break from normal wear and accidental damage. If this happens, your refrigerator may no longer make ice cubes, or may not make enough cubes, and the part should be replaced. This model measures approximately 11 inches long and 5 inches wide. It’s constructed of plastic and metal, and comes in black/white/silver. This assembly includes the ice mold and the control device.",
    "price": "$\n115.96",
    "stock_status": "In Stock",
    "rating": "4.8/5",
    "reviews_count": 183,
    "reviews": [],
    "repair_stories": [],
    "symptoms_fixed": "Ice maker not making ice | Leaking | Ice maker won’t dispense ice | Ice maker dispenses too little ice",
    "works_with": "Refrigerator, Ice Maker.",
    "also_replaces": [
      "AP4135008",
      "915772",
      "D7824706Q",
      "0056504",
      "0056599",
      "0056605",
      "0056606",
      "0311155",
      "0312578",
      "0312738",
      "0312739",
      "0312740",
      "10549201",
      "10563707",
      "10563708",
      "14211407",
      "61005508",
      "61005508A",
      "67001263",
      "68111-1 ... Show more"
    ],
    "video_url": "https://www.youtube.com/watch?v=_6xfzzeEWyw"
  },
  {
    "url": "https://www.partselect.com/PS11757023-Whirlpool-WPW10662129-Refrigerator-Capacitor.htm?SourceCode=18",
    "image_url": "https://partselectcom-gtcdcddbene3cpes.z01.azurefd.net/11757023-1-N-Whirlpool-WPW10662129-Refrigerator-Capacitor.jpg",
    "name": "Norge Refrigerator Capacitor",
    "partselect_number": "PS11757023",
    "manufacturer_number": "WPW10662129",
    "description": "★★★★★\n★★★★★\n43 Reviews\nThis capacitor (Refrigerator and Freezer Compressor Run Capacitor, Run Capacitor) provides the voltage or energy current required to start the compressor and keep it running. It allows the compressor in your appliance to easily cycle on and off. This capacitor mounts directly onto the compressor starting relay. If the capacitor is faulty the compressor may get unusually hot and draw excessive amperage. It the compressor overheats, it may fail to run until it cools down again. The compressor may also get noisy from overheating. If this part is totally electrically open, it is defective (often due to overheating) and needs to be replaced. The part measures 1 inch by 1-1/2 inches, and is constructed of plastic with two metal wire terminals. This item includes 1 capacitor, sold individually. This part comes in black.",
    "price": "$\n41.66",
    "stock_status": "In Stock",
    "rating": "4.3/5",
    "reviews_count": 43,
    "reviews": [],
    "repair_stories": [],
    "symptoms_fixed": "Fridge too warm | Will Not Start | Fridge and Freezer are too warm | Freezer section too warm",
    "works_with": "Refrigerator, Freezer.",
    "also_replaces": [
      "AP6023677",
      "09100136",
      "09100156",
      "09100173",
      "1100804",
      "1114291",
      "1118576",
      "1118581",
      "14201635",
      "14224144",
      "2169136",
      "2169373",
      "2169383",
      "2188516",
      "2264017",
      "4312484",
      "4356442",
      "4356601",
      "4356995",
      "4357055 ... Show more"
    ],
    "video_url": "https://www.youtube.com/watch?v=rU2i9x9FXdQ"
  },
  {
    "url": "https://www.partselect.com/PS12728638-Whirlpool-W11384469-Refrigerator-Door-Switch.htm?SourceCode=18",
    "image_url": "https://partselectcom-gtcdcddbene3cpes.z01.azurefd.net/12728638-1-N-Whirlpool-W11384469-Refrigerator-Door-Switch.jpg",
    "name": "Norge Refrigerator Door Switch",
    "partselect_number": "PS12728638",
    "manufacturer_number": "W11384469",
    "description": "★★★★★\n★★★★★\n94 Reviews\nDoor switch turns the light off when you close the door.",
    "price": "$27.11",
    "stock_status": "In Stock",
    "rating": "4.63 out of 5",
    "reviews_count": 94
  },
  {
    "url": "https://www.partselect.com/PS11743131-Whirlpool-WP61002112-Shelf-Retainer-Bar-End-Cap.htm?SourceCode=18",
    "image_url": "https://partselectcom-gtcdcddbene3cpes.z01.azurefd.net/11743131-1-N-Whirlpool-WP61002112-Shelf-Retainer-Bar-End-Cap.jpg",
    "name": "Norge Refrigerator Shelf Retainer Bar End Cap",
    "partselect_number": "PS11743131",
    "manufacturer_number": "WP61002112",
    "description": "★★★★★\n★★★★★\n9 Reviews\nThe shelf retainer bar end cap is used to keep the retainer bar in place, and can be used on either the right or left hand side of the bar. This white, OEM end cap is approximately 2 inches long, and made entirely of plastic. The shelf bar and cap snap into place on the door to attach the door shelf bar to the inner door liner. This part is also known as a rail end cap. If the door bar is not properly attached to the inner door liner, your items will not be secure on the shelf, and are likely to fall.",
    "price": "$16.44",
    "stock_status": "In Stock",
    "rating": "4.67 out of 5",
    "reviews_count": 9
  },
  {
    "url": "https://www.partselect.com/PS395284-Whirlpool-833697-Refrigerator-Condenser-Fan-Motor-Kit.htm?SourceCode=18",
    "image_url": "https://partselectcom-gtcdcddbene3cpes.z01.azurefd.net/395284-1-N-Whirlpool-833697-Refrigerator-Condenser-Fan-Motor-Kit.jpg",
    "name": "Norge Refrigerator Condenser Fan Motor Kit",
    "partselect_number": "PS395284",
    "manufacturer_number": "833697",
    "description": "★★★★★\n★★★★★\n50 Reviews\nThis condenser fan motor kit is designed for use with refrigerators. This fan draws air through the condenser coils and over the compressor. It does this with the goal of cooling the warm refrigerant before it enters the evaporator. When your fan or fan motor is not working your refrigerator will not cool properly. This is a 2-Watt, 115 Volt motor that rotates the fan in a counter clockwise direction. This kit includes the hardware needed for installation, and a set of instructions. Before you begin any repair work make sure to unplug your appliance.",
    "price": "$60.43",
    "stock_status": "In Stock",
    "rating": "4.80 out of 5",
    "reviews_count": 50
  },
  {
    "url": "https://www.partselect.com/PS11775297-Whirlpool-W11045462-Door-Shelf-Retainer-Bar.htm?SourceCode=18",
    "image_url": "https://partselectcom-gtcdcddbene3cpes.z01.azurefd.net/11775297-1-N-Whirlpool-W11045462-Door-Shelf-Retainer-Bar.jpg",
    "name": "Norge Refrigerator Door Shelf Retainer Bar",
    "partselect_number": "PS11775297",
    "manufacturer_number": "W11045462",
    "description": "★★★★★\n★★★★★\n6 Reviews\nThis refrigerator door shelf trim is approximately 28 inches long. It is all white in color, and it is made entirely of metal. NOTE: The image may not be of the exact product but will function properly.",
    "price": "$46.03",
    "stock_status": "In Stock",
    "rating": "4.17 out of 5",
    "reviews_count": 6
  },
  {
    "url": "https://www.partselect.com/PS11743008-Whirlpool-WP596669-Washer-Hose-Clamp.htm?SourceCode=18",
    "image_url": "https://partselectcom-gtcdcddbene3cpes.z01.azurefd.net/11743008-1-N-Whirlpool-WP596669-Washer-Hose-Clamp.jpg",
    "name": "Norge Refrigerator Washer Hose Clamp",
    "partselect_number": "PS11743008",
    "manufacturer_number": "WP596669",
    "description": "★★★★★\n★★★★★\n1 Review\nThis hose clamp is used in a wide variety of household appliances. Most often it is found in washers, dishwashers, refrigerators, freezers, dehumidifiers, garbage disposals, or air conditioners. This clamp is used to securely attach a hose to another part of your appliance, which helps prevent leaks from those connections. Depending on the appliance, it can attach hoses to drain pumps, water inlet valves, pressure switches, and injector nozzles. We recommend you refer to model-specific diagrams for appropriate uses and exact placement. This hose clamp is made of metal, and is sold individually. To access and replace this part you will need a nut driver, pliers, and screwdrivers. Before you begin any repair work, make sure you have unplugged your appliance, and shut off the water supply if applicable.",
    "price": "$7.71",
    "stock_status": "In Stock",
    "rating": "5.00 out of 5",
    "reviews_count": 1
  },
  {
    "url": "https://www.partselect.com/PS1964356-Whirlpool-W10156818-Fan-Blade.htm?SourceCode=18",
    "image_url": "https://partselectcom-gtcdcddbene3cpes.z01.azurefd.net/1964356-1-N-Whirlpool-W10156818-Fan-Blade.jpg",
    "name": "Norge Refrigerator Fan Blade",
    "partselect_number": "PS1964356",
    "manufacturer_number": "W10156818",
    "description": "★★★★★\n★★★★★\n16 Reviews\nThe fan blade is used to blow air over the condenser.",
    "price": "$48.45",
    "stock_status": "In Stock",
    "rating": "4.94 out of 5",
    "reviews_count": 16
  },
  {
    "url": "https://www.partselect.com/PS11743364-Whirlpool-WP65889-4-Refrigerator-Run-Capacitor.htm?SourceCode=18",
    "image_url": "https://partselectcom-gtcdcddbene3cpes.z01.azurefd.net/11743364-1-N-Whirlpool-WP65889-4-Refrigerator-Run-Capacitor.jpg",
    "name": "Norge Refrigerator Run Capacitor",
    "partselect_number": "PS11743364",
    "manufacturer_number": "WP65889-4",
    "description": "★★★★★\n★★★★★\n5 Reviews\nThis part helps the compressor kick on and off while maintaining a constant temperature to keep things frozen in your freezer. If you are noticing temperature issues with your refrigerator or freezer, the run capacitor may need replacing. This repair is fairly easy to complete, and the only tools you will require are a 1/4 inch nut driver, and a 1/4 inch socket with a small ratchet. The run capacitor is located in the back of the fridge, so you will need to make sure you have room to work on this repair. Make sure to unplug the fridge prior to beginning the repair.",
    "price": "$47.48",
    "stock_status": "In Stock",
    "rating": "3.20 out of 5",
    "reviews_count": 5
  },
  {
    "url": "https://www.partselect.com/PS11749031-Whirlpool-WPW10143759-Refrigerator-Drier-Service.htm?SourceCode=18",
    "image_url": "https://partselectcom-gtcdcddbene3cpes.z01.azurefd.net/11749031-1-N-Whirlpool-WPW10143759-Refrigerator-Drier-Service.jpg",
    "name": "Norge Refrigerator Drier (service)",
    "partselect_number": "PS11749031",
    "manufacturer_number": "WPW10143759",
    "description": "This drier may also be known as a refrigerator ultra-violet dye drier or a filter drier and is meant to be used with your fridge. This piece is a filter for the refrigerant that moves through the refrigerators sealed-system. The most common reason you will need to replace the filter is if your fridge/freezer is not starting. You should consider having this piece installed by an appliance repair technician that is trained and licensed. Installing this part requires specialized knowledge and tools. The installation will require the service technician to recover and recharge the refrigerant in the refrigerators sealed-system.",
    "price": "$26.68",
    "stock_status": "In Stock"
  },
  {
    "url": "https://www.partselect.com/PS11743447-Whirlpool-WP67001255-Ice-Bucket.htm?SourceCode=18",
    "image_url": "https://partselectcom-gtcdcddbene3cpes.z01.azurefd.net/11743447-1-N-Whirlpool-WP67001255-Ice-Bucket.jpg",
    "name": "Norge Refrigerator Ice Bucket",
    "partselect_number": "PS11743447",
    "manufacturer_number": "WP67001255",
    "description": "★★★★★\n★★★★★\n4 Reviews\nThe ice bucket in your freezer catches and holds the ice when it is released by the icemaker. If your ice bucket is cracked or damaged, you may need to replace it to prevent a potential leak. This part is made of white plastic and is sold individually. This ice bucket is approximately 15 inches long by 12 inches wide. Many of our customers have rated this repair as very easy. To complete this repair, simply remove the old ice bucket and replace it with the new one. Be sure to remove any broken pieces of the old ice bucket before replacing it.",
    "price": "$87.31",
    "stock_status": "In Stock",
    "rating": "4.75 out of 5",
    "reviews_count": 4
  },
  {
    "url": "https://www.partselect.com/PS11743838-Whirlpool-WP70111-108-Door-Shelf-Retainer-Bar-Cut-to-Fit.htm?SourceCode=18",
    "image_url": "https://partselectcom-gtcdcddbene3cpes.z01.azurefd.net/11743838-1-N-Whirlpool-WP70111-108-Door-Shelf-Retainer-Bar-Cut-to-Fit.jpg",
    "name": "Norge Refrigerator Door Shelf Retainer Bar - Cut-to-fit",
    "partselect_number": "PS11743838",
    "manufacturer_number": "WP70111-108",
    "description": "★★★★★\n★★★★★\n1 Review\nThis is a cut-to-fit door shelf retainer bar for a refrigerator. The door shelf retainer bar holds food-related items, usually jars and condiments, on your refrigerator or freezer door shelf. This part is made entirely of metal and is white in color. It measures 26 inches long and is meant to be cut to the desired length. Use a hacksaw, or another appropriate means of cutting, to cut the bar to the exact size of your original door shelf retainer bar. This part is sold individually and does not include the retainers. Order the door shelf retainers separately if necessary.",
    "price": "$61.06",
    "stock_status": "On Order",
    "rating": "5.00 out of 5",
    "reviews_count": 1
  },
  {
    "url": "https://www.partselect.com/PS11743152-Whirlpool-WP61003071-Defrost-Heater-Clip.htm?SourceCode=18",
    "image_url": "https://partselectcom-gtcdcddbene3cpes.z01.azurefd.net/11743152-1-N-Whirlpool-WP61003071-Defrost-Heater-Clip.jpg",
    "name": "Norge Refrigerator Defrost Heater Clip",
    "partselect_number": "PS11743152",
    "manufacturer_number": "WP61003071",
    "description": "This clip is sold individually.",
    "price": "$11.95",
    "stock_status": "On Order"
  },
  {
    "url": "https://www.partselect.com/PS11743833-Whirlpool-WP70048-1-Food-Door-Gasket-measures-28-1-4-by-36-5-8.htm?SourceCode=18",
    "image_url": "https://partselectcom-gtcdcddbene3cpes.z01.azurefd.net/11743833-1-N-Whirlpool-WP70048-1-Food-Door-Gasket-measures-28-1-4-by-36-5-8.jpg",
    "name": "Norge Refrigerator Food Door Gasket (measures 28-1/4\" By 36-5/8\")",
    "partselect_number": "PS11743833",
    "manufacturer_number": "WP70048-1",
    "description": "★★★★★\n★★★★★\n1 Review\nThis white fresh food door gasket measures approximately 28-1/4 inches by 36-5/8 inches. It is used on many fresh food doors of top mount model efrigerators that have been manufactured since 1980.",
    "price": "$50.44",
    "stock_status": "In Stock",
    "rating": "4.00 out of 5",
    "reviews_count": 1
  },
  {
    "url": "https://www.partselect.com/PS11747816-Whirlpool-WPB5705307-Refrigerator-Plastic-Tubing.htm?SourceCode=18",
    "image_url": "https://partselectcom-gtcdcddbene3cpes.z01.azurefd.net/11747816-1-N-Whirlpool-WPB5705307-Refrigerator-Plastic-Tubing.jpg",
    "name": "Norge Refrigerator Plastic Tubing",
    "partselect_number": "PS11747816",
    "manufacturer_number": "WPB5705307",
    "description": "★★★★★\n★★★★★\n1 Review\nThis part supplies water to refrigerator components that require water, such as the ice maker and water dispenser. If you notice a leak coming from your refrigerator, the plastic tubing that feeds your water and ice dispenser might need to be replaced. This part is made of clear plastic and is 1/4 inch thick, and 8 1/2 feet long. Make sure to disconnect power to the refrigerator and shut off the water supply prior to installing this part. Safely store any perishable food items that could deteriorate while the power to the refrigerator is disconnected. Work gloves are recommended to protect your hands during this installation.",
    "price": "$16.95",
    "stock_status": "In Stock",
    "rating": "5.00 out of 5",
    "reviews_count": 1
  },
  {
    "url": "https://www.partselect.com/PS2003449-Whirlpool-12001935-Ice-Maker-Fill-Tube.htm?SourceCode=18",
    "image_url": "https://partselectcom-gtcdcddbene3cpes.z01.azurefd.net/2003449-1-N-Whirlpool-12001935-Ice-Maker-Fill-Tube.jpg",
    "name": "Norge Refrigerator Ice Maker Fill Tube",
    "partselect_number": "PS2003449",
    "manufacturer_number": "12001935",
    "description": "This fill tube grommet is used to supply water to the icemaker and is partially located in the refrigerator/freezer wall.",
    "price": "$47.95",
    "stock_status": "On Order"
  },
  {
    "url": "https://www.partselect.com/PS11740356-Whirlpool-WP2315522-Refrigerator-Retainer-Thermostat.htm?SourceCode=18",
    "image_url": "https://partselectcom-gtcdcddbene3cpes.z01.azurefd.net/11740356-1-N-Whirlpool-WP2315522-Refrigerator-Retainer-Thermostat.jpg",
    "name": "Norge Refrigerator Retainer Thermostat",
    "partselect_number": "PS11740356",
    "manufacturer_number": "WP2315522",
    "price": "$11.95",
    "stock_status": "Special Order"
  },
  {
    "url": "https://www.partselect.com/PS11743093-Whirlpool-WP60106-34-Defrost-Heater-400w-115v.htm?SourceCode=18",
    "image_url": "https://partselectcom-gtcdcddbene3cpes.z01.azurefd.net/11743093-1-N-Whirlpool-WP60106-34-Defrost-Heater-400w-115v.jpg",
    "name": "Norge Refrigerator Defrost Heater - 400w 115v",
    "partselect_number": "PS11743093",
    "manufacturer_number": "WP60106-34",
    "description": "This radiant glass defrost heater is eighteen inches long. It comes with an instructions sheet, and is intended for use with the freezer evaporator of some refrigerators.",
    "price": "$79.15",
    "stock_status": "In Stock"
  },
  {
    "url": "https://www.partselect.com/PS11743148-Whirlpool-WP61002992-Clip-On-Defrost-Thermostat-38-degrees.htm?SourceCode=18",
    "image_url": "https://partselectcom-gtcdcddbene3cpes.z01.azurefd.net/11743148-1-N-Whirlpool-WP61002992-Clip-On-Defrost-Thermostat-38-degrees.jpg",
    "name": "Norge Refrigerator Clip-on Defrost Thermostat - 38 Degrees",
    "partselect_number": "PS11743148",
    "manufacturer_number": "WP61002992",
    "description": "★★★★★\n★★★★★\n1 Review\nThis clip on refrigerator defrost thermostat is used for many refrigerators. It is a trip thermostat that will cut out at thirty-eight degrees Fahrenheit. The body of this thermostat is just over an inch long, while the wires extend for approximately six inches.",
    "price": "$64.63",
    "stock_status": "Special Order",
    "rating": "5.00 out of 5",
    "reviews_count": 1
  },
  {
    "name": "Norge Dishwasher Parts",
    "url": "https://www.partselect.com/Norge-Dishwasher-Parts.htm",
    "description": "Norge Dishwasher Parts"
  },
  {
    "name": "Norge Dryer Parts",
    "url": "https://www.partselect.com/Norge-Dryer-Parts.htm",
    "description": "Norge Dryer Parts"
  },
  {
    "name": "Norge Microwave Parts",
    "url": "https://www.partselect.com/Norge-Microwave-Parts.htm",
    "description": "Norge Microwave Parts"
  },
  {
    "name": "Norge Parts",
    "url": "https://www.partselect.com/Norge-Parts.htm",
    "description": "Norge Parts"
  },
  {
    "name": "Norge Range Parts",
    "url": "https://www.partselect.com/Norge-Range-Parts.htm",
    "description": "Norge Range Parts"
  },
  {
    "name": "Norge Washer Parts",
    "url": "https://www.partselect.com/Norge-Washer-Parts.htm",
    "description": "Norge Washer Parts"
  }
]