[
  {
    "url": "https://www.partselect.com/PS11746857-Whirlpool-WP912653-Door-Spring-Linkage.htm?SourceCode=18",
    "image_url": "https://partselectcom-gtcdcddbene3cpes.z01.azurefd.net/11746857-1-N-Whirlpool-WP912653-Door-Spring-Linkage.jpg",
    "name": "Norge Dishwasher Door Spring Linkage",
    "partselect_number": "PS11746857",
    "manufacturer_number": "WP912653",
    "description": "★★★★★\n★★★★★\n18 Reviews\nThe door spring retainer is used in dishwashers. It attaches and holds the door spring to the support frame. If your dishwashers door keeps crashing, or both the door and dish rack are falling apart, then replacing the door spring retainer, which provides more flexibility, could be the solution to your symptoms. Before starting this project make sure to unplug the dishwasher as well as shut off the water supply before installing the spring retainer. Tools are not needed for this easy repair. Refer to the manufacturers installation instructions for best results and accuracy.",
    "price": "$\n9.65",
    "stock_status": "In Stock",
    "rating": "4.9/5",
    "reviews_count": 18,
    "reviews": [],
    "repair_stories": [],
    "symptoms_fixed": "Door latch failure | Door won’t close | Leaking",
    "works_with": "Dishwasher.",
    "also_replaces": [
      "AP6013630",
      "9-12653",
      "912653"
    ],
    "video_url": "https://www.youtube.com/watch?v=kz_O87i4YcQ"
  },
  {
    "url": "https://www.partselect.com/PS11746830-Whirlpool-WP902894-Door-Gasket.htm?SourceCode=18",
    "image_url": "https://partselectcom-gtcdcddbene3cpes.z01.azurefd.net/11746830-1-N-Whirlpool-WP902894-Door-Gasket.jpg",
    "name": "Norge Dishwasher Door Gasket",
    "partselect_number": "PS11746830",
    "manufacturer_number": "WP902894",
    "description": "★★★★★\n★★★★★\n51 Reviews\nThis dishwasher door gasket, or door seal, allows the dishwasher door to have an airtight seal when closing the door. No tools are required for this installation, simply remove the existing gasket and press the replacement gasket into the channel around the door. It is recommended to clean the channel while the gasket is removed. This part may need to be replaced if the existing one is cracked, broken, or hardened, possibly causing water to leak through the door while it is running. This part is sold individually, and is sourced from the original manufacturer.",
    "price": "$\n51.79",
    "stock_status": "In Stock",
    "rating": "4.5/5",
    "reviews_count": 51,
    "reviews": [],
    "repair_stories": [],
    "symptoms_fixed": "Leaking",
    "works_with": "Dishwasher.",
    "also_replaces": [
      "AP6013603",
      "902894",
      "99001072",
      "99002006",
      "WP902894VP"
    ],
    "video_url": "https://www.youtube.com/watch?v=TX3e5EwRBco"
  },
  {
    "url": "https://www.partselect.com/PS11746856-Whirlpool-WP912652-Door-Spring.htm?SourceCode=18",
    "image_url": "https://partselectcom-gtcdcddbene3cpes.z01.azurefd.net/11746856-1-N-Whirlpool-WP912652-Door-Spring.jpg",
    "name": "Norge Dishwasher Door Spring",
    "partselect_number": "PS11746856",
    "manufacturer_number": "WP912652",
    "description": "★★★★★\n★★★★★\n3 Reviews\nThe door spring puts tension on the dishwasher door though the hinge. This keeps it from falling or dropping abruptly when opening and closing. Please note: The spring for either side of the door is sold individually. If you see that your dishwasher is leaking, the door will not close or open properly, or it gets stuck, then replacing the spring could be a solution to these symptoms. During installation, remember there is potential for the door spring to snap if it is under too much pressure. For safety precautions, make sure you unplug the dishwasher from the power source before beginning your project.",
    "price": "$\n10.73",
    "stock_status": "In Stock",
    "rating": "5.0/5",
    "reviews_count": 3,
    "reviews": [],
    "repair_stories": [],
    "symptoms_fixed": "Door latch failure | Door won’t close | Leaking",
    "works_with": "Dishwasher.",
    "also_replaces": [
      "AP6013629",
      "9-12652",
      "912652"
    ],
    "video_url": "https://www.youtube.com/watch?v=YPF4ckYRZRc"
  },
  {
    "url": "https://www.partselect.com/PS11743008-Whirlpool-WP596669-Washer-Hose-Clamp.htm?SourceCode=18",
    "image_url": "https://partselectcom-gtcdcddbene3cpes.z01.azurefd.net/11743008-1-N-Whirlpool-WP596669-Washer-Hose-Clamp.jpg",
    "name": "Norge Dishwasher Washer Hose Clamp",
    "partselect_number": "PS11743008",
    "manufacturer_number": "WP596669",
    "description": "★★★★★\n★★★★★\n1 Review\nThis hose clamp is used in a wide variety of household appliances. Most often it is found in washers, dishwashers, refrigerators, freezers, dehumidifiers, garbage disposals, or air conditioners. This clamp is used to securely attach a hose to another part of your appliance, which helps prevent leaks from those connections. Depending on the appliance, it can attach hoses to drain pumps, water inlet valves, pressure switches, and injector nozzles. We recommend you refer to model-specific diagrams for appropriate uses and exact placement. This hose clamp is made of metal, and is sold individually. To access and replace this part you will need a nut driver, pliers, and screwdrivers. Before you begin any repair work, make sure you have unplugged your appliance, and shut off the water supply if applicable.",
    "price": "$7.71",
    "stock_status": "In Stock",
    "rating": "5.00 out of 5",
    "reviews_count": 1
  },
  {
    "url": "https://www.partselect.com/PS11740613-Whirlpool-WP285655-Washer-Hose-Clamp.htm?SourceCode=18",
    "image_url": "https://partselectcom-gtcdcddbene3cpes.z01.azurefd.net/11740613-1-N-Whirlpool-WP285655-Washer-Hose-Clamp.jpg",
    "name": "Norge Dishwasher Washer Hose Clamp",
    "partselect_number": "PS11740613",
    "manufacturer_number": "WP285655",
    "description": "★★★★★\n★★★★★\n2 Reviews\nThe hose clamp is used to hold the water hose in place which will prevent the hose from leaking water. Sometimes the clamp may lose its ability to latch on, causing a leaking washer. For the installation, you will need a flat head screw driver to replace the clamp and a drill to access the screws to remove the front of the washer. Be careful if you do not have specific clamp pliers as the clamp could fly off. Once the front of the washer has been removed, take a quick look for water damage or any obvious signs of where the leak is coming from. If it is not obvious, run water to test.",
    "price": "$9.65",
    "stock_status": "In Stock",
    "rating": "3.00 out of 5",
    "reviews_count": 2
  },
  {
    "url": "https://www.partselect.com/PS11746834-Whirlpool-WP903093-White-Dishrack-Roller.htm?SourceCode=18",
    "image_url": "https://partselectcom-gtcdcddbene3cpes.z01.azurefd.net/11746834-1-N-Whirlpool-WP903093-White-Dishrack-Roller.jpg",
    "name": "Norge Dishwasher White Dishrack Roller",
    "partselect_number": "PS11746834",
    "manufacturer_number": "WP903093",
    "description": "★★★★★\n★★★★★\n6 Reviews\nThis upper dishwasher dishrack roller, also known as a dishrack wheel, allows you to roll the dishwasher rack easily on the support rails. If your dishwasher rack is disconnected or the rack is broken, then replacing this part might be the solution. The first step in this repair is to remove the upper dishrack from the track, the next step is to remove the defective rack roller and replace it with the new one by sliding it onto the shaft and locking it in. No tools are required for this replacement and customers rate this project as easy. The roller is entirely made from plastic and is just over an inch in diameter.",
    "price": "$14.50",
    "stock_status": "In Stock",
    "rating": "3.67 out of 5",
    "reviews_count": 6
  },
  {
    "url": "https://www.partselect.com/PS2099645-Whirlpool-99002254-Door-Switches-and-Holder-Assembly.htm?SourceCode=18",
    "image_url": "https://partselectcom-gtcdcddbene3cpes.z01.azurefd.net/2099645-1-N-Whirlpool-99002254-Door-Switches-and-Holder-Assembly.jpg",
    "name": "Norge Dishwasher Door Switches And Holder Assembly",
    "partselect_number": "PS2099645",
    "manufacturer_number": "99002254",
    "description": "★★★★★\n★★★★★\n21 Reviews\nThis part senses when the dishwasher door is closed so the cycle can start, and prevents it from starting if the door is not closed. If the dishwasher will not start or will not close, you may need to replace the door switches and holder assembly, also known as the door latch assembly. The dishwasher will not start if this part is defective. It includes two switches and the holder, this part does not include the handle or screws. Tools needed are T20 torx driver, needle nose pliers, and 1/4 inch nut driver. This is a genuine OEM part that is sourced directly from the manufacturer.",
    "price": "$60.09",
    "stock_status": "In Stock",
    "rating": "4.67 out of 5",
    "reviews_count": 21
  },
  {
    "url": "https://www.partselect.com/PS11748543-Whirlpool-WPW10117748-Dishwasher-Inner-Door-Foam-Insulation-Strip.htm?SourceCode=18",
    "image_url": "https://partselectcom-gtcdcddbene3cpes.z01.azurefd.net/11748543-1-N-Whirlpool-WPW10117748-Dishwasher-Inner-Door-Foam-Insulation-Strip.jpg",
    "name": "Norge Dishwasher Inner Door Foam Insulation Strip",
    "partselect_number": "PS11748543",
    "manufacturer_number": "WPW10117748",
    "description": "★★★★★\n★★★★★\n6 Reviews\nThis genuine inner door foam insulation strip, sometimes known as bottom seal foam, is used to create a waterproof seal that helps prevent leaking from the door area of the dishwasher. The existing insulation strip may leave a sticky residue or leftover disintegrated strip that must be scraped off before installing the new strip. Residue can be scraped off with a putty knife. Be sure to remove all residue and clean surrounding areas of the dishwasher build. It is strongly recommended to check other sealant parts on the dishwasher door such as the door gasket and dispenser grommet to ensure the leaking issue is fully solved.",
    "price": "$26.41",
    "stock_status": "In Stock",
    "rating": "4.50 out of 5",
    "reviews_count": 6
  },
  {
    "url": "https://www.partselect.com/PS11747612-Whirlpool-WP99001586-Upper-Spray-Arm-Assembly.htm?SourceCode=18",
    "image_url": "https://partselectcom-gtcdcddbene3cpes.z01.azurefd.net/11747612-1-N-Whirlpool-WP99001586-Upper-Spray-Arm-Assembly.jpg",
    "name": "Norge Dishwasher Upper Spray Arm Assembly",
    "partselect_number": "PS11747612",
    "manufacturer_number": "WP99001586",
    "description": "★★★★★\n★★★★★\n8 Reviews\nThe upper spray arm helps distribute water from the top of the dishwasher tub.",
    "price": "$9.85",
    "stock_status": "On Order",
    "rating": "5.00 out of 5",
    "reviews_count": 8
  },
  {
    "url": "https://www.partselect.com/PS11738161-Whirlpool-W10877037-Upper-Spray-Arm-Nut.htm?SourceCode=18",
    "image_url": "https://partselectcom-gtcdcddbene3cpes.z01.azurefd.net/11738161-1-N-Whirlpool-W10877037-Upper-Spray-Arm-Nut.jpg",
    "name": "Norge Dishwasher Upper Spray Arm Nut",
    "partselect_number": "PS11738161",
    "manufacturer_number": "W10877037",
    "description": "★★★★★\n★★★★★\n3 Reviews\nThis upper spray arm nut is three inches long. It attaches to the spray arm to help hold it in place. It is all white in color and is made of plastic.",
    "price": "$9.85",
    "stock_status": "On Order",
    "rating": "5.00 out of 5",
    "reviews_count": 3
  },
  {
    "url": "https://www.partselect.com/PS971184-Whirlpool-4396672-CONNECTOR.htm?SourceCode=18",
    "image_url": "https://partselectcom-gtcdcddbene3cpes.z01.azurefd.net/971184-1-N-Whirlpool-4396672-CONNECTOR.jpg",
    "name": "Norge Dishwasher Connector",
    "partselect_number": "PS971184",
    "manufacturer_number": "4396672",
    "price": "$16.95",
    "stock_status": "Special Order"
  },
  {
    "url": "https://www.partselect.com/PS11743044-Whirlpool-WP6-912678-Hinge-Pin.htm?SourceCode=18",
    "image_url": "https://partselectcom-gtcdcddbene3cpes.z01.azurefd.net/11743044-1-N-Whirlpool-WP6-912678-Hinge-Pin.jpg",
    "name": "Norge Dishwasher Hinge Pin",
    "partselect_number": "PS11743044",
    "manufacturer_number": "WP6-912678",
    "description": "★★★★★\n★★★★★\n2 Reviews\nSold individually. This part is exactly 1 inch long.",
    "price": "$9.95",
    "stock_status": "In Stock",
    "rating": "5.00 out of 5",
    "reviews_count": 2
  },
  {
    "url": "https://www.partselect.com/PS11750638-Whirlpool-WPW10223013-Insulation-Pad.htm?SourceCode=18",
    "image_url": "https://partselectcom-gtcdcddbene3cpes.z01.azurefd.net/11750638-1-N-Whirlpool-WPW10223013-Insulation-Pad.jpg",
    "name": "Norge Dishwasher Insulation Pad",
    "partselect_number": "PS11750638",
    "manufacturer_number": "WPW10223013",
    "description": "★★★★★\n★★★★★\n3 Reviews",
    "price": "$50.44",
    "stock_status": "Special Order",
    "rating": "4.67 out of 5",
    "reviews_count": 3
  },
  {
    "url": "https://www.partselect.com/PS11757600-Whirlpool-WPY912679-Short-Dispenser-Door-Retaining-Pin.htm?SourceCode=18",
    "image_url": "https://partselectcom-gtcdcddbene3cpes.z01.azurefd.net/11757600-1-N-Whirlpool-WPY912679-Short-Dispenser-Door-Retaining-Pin.jpg",
    "name": "Norge Dishwasher Short Dispenser Door Retaining Pin",
    "partselect_number": "PS11757600",
    "manufacturer_number": "WPY912679",
    "description": "★★★★★\n★★★★★\n3 Reviews\nThe short dispenser door retaining pin latches your washing machine door to the hinge. If you find that your washing machine will not dispense detergent, or the lid will not latch properly, you may need to replace the short dispenser door retaining pin. This pin is less than one inch in diameter, and is the shorter of the two hinge pins. To find the larger hinge pin, search WP6-912678. This part is cylindrical and is made of metal. The short dispenser door retaining pin is sold individually. This is an OEM part sourced directly from the manufacturer.",
    "price": "$6.95",
    "stock_status": "In Stock",
    "rating": "5.00 out of 5",
    "reviews_count": 3
  },
  {
    "url": "https://www.partselect.com/PS1960445-Whirlpool-W10131752-Soap-Cup-Door-Latch-and-Gasket.htm?SourceCode=18",
    "image_url": "https://partselectcom-gtcdcddbene3cpes.z01.azurefd.net/1960445-1-N-Whirlpool-W10131752-Soap-Cup-Door-Latch-and-Gasket.jpg",
    "name": "Norge Dishwasher Soap Cup Door Latch And Gasket",
    "partselect_number": "PS1960445",
    "manufacturer_number": "W10131752",
    "description": "★★★★★\n★★★★★\n2 Reviews\nIf the soap cup door latch and gasket is malfunctioning, the dishwasher door will leak. You will find this part mounted to the inside inner door panel. To access this part you will need to take off the door panel. Once you have this removed you should be able to see how the old part is in place. You will need to remove the wax motor to complete the installation of this part. Consider applying a small amount of sealer to the flat part of the latch, which will ensure a tighter seal.",
    "price": "$9.95",
    "stock_status": "In Stock",
    "rating": "5.00 out of 5",
    "reviews_count": 2
  },
  {
    "url": "https://www.partselect.com/PS11747610-Whirlpool-WP99001553-Dispenser-Door-Latch-Grommet.htm?SourceCode=18",
    "image_url": "https://partselectcom-gtcdcddbene3cpes.z01.azurefd.net/11747610-1-N-Whirlpool-WP99001553-Dispenser-Door-Latch-Grommet.jpg",
    "name": "Norge Dishwasher Dispenser Door Latch Grommet",
    "partselect_number": "PS11747610",
    "manufacturer_number": "WP99001553",
    "description": "★★★★★\n★★★★★\n2 Reviews\nThis grommet for your soap dispenser door is just under an inch long.",
    "price": "$47.95",
    "stock_status": "In Stock",
    "rating": "5.00 out of 5",
    "reviews_count": 2
  },
  {
    "name": "Norge Dryer Parts",
    "url": "https://www.partselect.com/Norge-Dryer-Parts.htm",
    "description": "Norge Dryer Parts"
  },
  {
    "name": "Norge Microwave Parts",
    "url": "https://www.partselect.com/Norge-Microwave-Parts.htm",
    "description": "Norge Microwave Parts"
  },
  {
    "name": "Norge Parts",
    "url": "https://www.partselect.com/Norge-Parts.htm",
    "description": "Norge Parts"
  },
  {
    "name": "Norge Range Parts",
    "url": "https://www.partselect.com/Norge-Range-Parts.htm",
    "description": "Norge Range Parts"
  },
  {
    "name": "Norge Refrigerator Parts",
    "url": "https://www.partselect.com/Norge-Refrigerator-Parts.htm",
    "description": "Norge Refrigerator Parts"
  },
  {
    "name": "Norge Washer Parts",
    "url": "https://www.partselect.com/Norge-Washer-Parts.htm",
    "description": "Norge Washer Parts"
  }
]