[
  {
    "url": "https://www.partselect.com/PS217532-GE-40A15-Light-Bulb-40W.htm?SourceCode=18",
    "image_url": "https://partselectcom-gtcdcddbene3cpes.z01.azurefd.net/217532-1-N-GE-40A15-Light-Bulb-40W.jpg",
    "name": "RCA Refrigerator Light Bulb (40w)",
    "partselect_number": "PS217532",
    "manufacturer_number": "40A15",
    "description": "★★★★★\n★★★★★\n10 Reviews\nThis 40-Watt light bulb is sold individually and is a genuine OEM replacement option for your home appliances. It is specially designed to withstand extreme temperatures, so this bulb is compatible with a variety of appliance types including refrigerators, ranges, microwaves, and dryers. It features a frosted glass bulb with a standard metal socket base, which allows you to easily unscrew the burnt-out light and twist the new bulb into place. Depending on your appliance, there may be a guard or cover protecting the lightbulb, in which case you may require additional tools to remove the cover. We recommend disconnecting the power supply to your appliance before changing the lightbulb.",
    "price": "$\n18.38",
    "stock_status": "In Stock",
    "rating": "4.7/5",
    "reviews_count": 10,
    "reviews": [
      {
        "rating": "5.0/5",
        "reviewer": "Joanna B",
        "date": "December 22, 2020",
        "title": "Joanna B",
        "content": "Light works. No issues here"
      },
      {
        "rating": "5.0/5",
        "reviewer": "James B",
        "date": "March 10, 2024",
        "title": "James B",
        "content": "right part and quick delivery."
      },
      {
        "rating": "5.0/5",
        "reviewer": "John B",
        "date": "December 12, 2021",
        "title": "John B",
        "content": "I needed a light bulb for my old refrigerator, no longer made. Your website made it easy to find a bulb compatible!"
      },
      {
        "rating": "5.0/5",
        "reviewer": "Dustin O",
        "date": "June 23, 2023",
        "title": "Dustin O",
        "content": "Good replacement bulb. Would definitely buy again."
      },
      {
        "rating": "5.0/5",
        "reviewer": "DIANE J",
        "date": "August 22, 2018",
        "title": "DIANE J",
        "content": "The part came quickly and my appliance is in working order. Thanks."
      },
      {
        "rating": "5.0/5",
        "reviewer": "Thomas N",
        "date": "May 18, 2019",
        "title": "Thomas N",
        "content": "The part came fast. Reasonably priced."
      },
      {
        "rating": "5.0/5",
        "reviewer": "Margaret C",
        "date": "November 27, 2019",
        "title": "Margaret C",
        "content": "Delivery was speedy. Bulbs easy to install. I would order again."
      },
      {
        "rating": "4.0/5",
        "reviewer": "David W",
        "date": "April 12, 2018",
        "title": "David W",
        "content": "I received my replacement refrigerator bulbs in a carefully packed box. The bulbs were a perfect fit for the originals. I chose to order through PartSelect due to the clear exploded view diagram that gave me confidence I ordered the correct replacement parts."
      },
      {
        "rating": "4.0/5",
        "reviewer": "Russell C",
        "date": "November 9, 2022",
        "title": "Russell C",
        "content": "Good Evening. I order three bulbs and two were perfect but 1 of the bulbs came broken. Can you send me another one? I hadn't taken it out of the package. Thank you, Russell Crews"
      },
      {
        "rating": "4.0/5",
        "reviewer": "Cynthia I",
        "date": "June 9, 2024",
        "title": "Cynthia I",
        "content": "The part was good. Arrived I. Good time. Works great."
      }
    ],
    "repair_stories": [],
    "symptoms_fixed": "Refrigerator, Range, Wall Oven, Microwave Oven Combo.",
    "works_with": "Refrigerator, Range, Wall Oven, Microwave Oven Combo.",
    "also_replaces": [
      "111257",
      "293547",
      "339665",
      "40A15-2PK",
      "40A15R",
      "40A15RVL",
      "40A15RVL1",
      "4324154",
      "4338591",
      "60A",
      "60A15RVL",
      "630610",
      "65973",
      "69651",
      "8004738",
      "8004883",
      "PM02X0001",
      "PM2X1",
      "PURLOCAL",
      "STD372401 ... Show more"
    ],
    "video_url": ""
  },
  {
    "url": "https://www.partselect.com/PS890565-GE-WR32X10398-Refrigerator-Crisper-Drawer-Cover.htm?SourceCode=18",
    "image_url": "https://partselectcom-gtcdcddbene3cpes.z01.azurefd.net/890565-1-N-GE-WR32X10398-Refrigerator-Crisper-Drawer-Cover.jpg",
    "name": "RCA Refrigerator Crisper Drawer Cover",
    "partselect_number": "PS890565",
    "manufacturer_number": "WR32X10398",
    "description": "★★★★★\n★★★★★\n96 Reviews\nThe crisper drawer cover sits on top of your vegetable crispers and helps to maintain proper crisper temperatures. It also doubles as a sturdy lower shelf for extra storage in your refrigerator. If the drawer cover is damaged or cracked, it will not be able to do either of its jobs, and should be replaced. This replacement cover features shallow, wide grooves to prevent leaks and to catch spills. It also has rail brackets underneath to hold the drawer, allowing the drawer to slide in and out. It is made with some added structural rigidity that makes it stronger and more durable than the original. This model measures 24 1/2 inches long x 19 inches wide x 2 5/8 inches deep.",
    "price": "$\n67.89",
    "stock_status": "In Stock",
    "rating": "4.9/5",
    "reviews_count": 96,
    "reviews": [],
    "repair_stories": [],
    "symptoms_fixed": "Door won’t open or close",
    "works_with": "Refrigerator.",
    "also_replaces": [
      "AP3426095",
      "1021733",
      "WR32X10398",
      "WR32X10353",
      "WR32X1083",
      "WR32X1086",
      "WR32X1094",
      "WR32X1107",
      "WR32X1122"
    ],
    "video_url": "https://www.youtube.com/watch?v=F9sMdGvRMXA"
  },
  {
    "url": "https://www.partselect.com/PS1993870-GE-WR30X10093-Refrigerator-Ice-Maker.htm?SourceCode=18",
    "image_url": "https://partselectcom-gtcdcddbene3cpes.z01.azurefd.net/1993870-1-N-GE-WR30X10093-Refrigerator-Ice-Maker.jpg",
    "name": "RCA Refrigerator Ice Maker",
    "partselect_number": "PS1993870",
    "manufacturer_number": "WR30X10093",
    "description": "★★★★★\n★★★★★\n95 Reviews\nThis 10 by 5 inch ice maker (Electromechanical Icemaker Kit, Ice Maker Assembly) produces ice. This particular model will produce seven crescent shaped cubes every cycle. It is constructed of plastic and metal, and comes in black/white. This kit includes a set of installation instructions, a 4-pin round plug-in connector, 6 post plug-in connectors, tube and fill cup. The ideal temperature of a freezer is zero degrees Fahrenheit. If the temperature in your freezer is at an appropriate level yet ice is still not being made, it could be an issue with the water inlet valve or your ice maker assembly. If you determine it is the ice maker, this is the replacement you need. The ice maker can break from normal wear and accidental damage. Ice makers will need to be replaced every 3-10 years depending on the frequency of usage and water quality. This model is mounted on the freezer wall.",
    "price": "$\n239.86",
    "stock_status": "In Stock",
    "rating": "4.7/5",
    "reviews_count": 95,
    "reviews": [],
    "repair_stories": [],
    "symptoms_fixed": "Ice maker not making ice | Ice maker won’t dispense ice | Leaking | Ice maker dispenses too little ice",
    "works_with": "Refrigerator, Freezer, Ice Maker, Wine and Beverage Cooler.",
    "also_replaces": [
      "AP4345120",
      "1399596",
      "WR30X10093",
      "200D1181G026",
      "66042",
      "JS2",
      "MSE1",
      "SWR29X5110",
      "SWR29X5114",
      "SWR29X5115",
      "SWR29X5119",
      "SWR29X5121",
      "SWR29X5126",
      "SWR29X5127",
      "SWR29X5128",
      "SWR29X5129",
      "SWR29X5130",
      "WR29X10001",
      "WR29X10002",
      "WR29X10080 ... Show more"
    ],
    "video_url": "https://www.youtube.com/watch?v=QlZjvDqmxTE"
  },
  {
    "url": "https://www.partselect.com/PS16554876-GE-WR23X37285-LIGHT-SWITCH.htm?SourceCode=18",
    "image_url": "https://partselectcom-gtcdcddbene3cpes.z01.azurefd.net/16554876-1-N-GE-WR23X37285-LIGHT-SWITCH.jpg",
    "name": "RCA Refrigerator Light Switch",
    "partselect_number": "PS16554876",
    "manufacturer_number": "WR23X37285",
    "description": "★★★★★\n★★★★★\n65 Reviews",
    "price": "$32.93",
    "stock_status": "In Stock",
    "rating": "4.78 out of 5",
    "reviews_count": 65
  },
  {
    "url": "https://www.partselect.com/PS298977-GE-WR2X8345-Refrigerator-Door-Shelf-Retainer-Bar-End-Cap-Left-Or-Right-Side.htm?SourceCode=18",
    "image_url": "https://partselectcom-gtcdcddbene3cpes.z01.azurefd.net/298977-1-N-GE-WR2X8345-Refrigerator-Door-Shelf-Retainer-Bar-End-Cap-Left-Or-Right-Side.jpg",
    "name": "RCA Refrigerator Door Shelf Retainer Bar End Cap Left Or Right Side",
    "partselect_number": "PS298977",
    "manufacturer_number": "WR2X8345",
    "description": "★★★★★\n★★★★★\n15 Reviews\nThis end cap is sold individually. It can be used for the right or left side of either the freezer or refrigerator door shelves.",
    "price": "$37.39",
    "stock_status": "In Stock",
    "rating": "4.73 out of 5",
    "reviews_count": 15
  },
  {
    "url": "https://www.partselect.com/PS2359946-GE-WR24X10231-Fresh-Food-Door-Gasket-White.htm?SourceCode=18",
    "image_url": "https://partselectcom-gtcdcddbene3cpes.z01.azurefd.net/2359946-1-N-GE-WR24X10231-Fresh-Food-Door-Gasket-White.jpg",
    "name": "RCA Refrigerator Fresh Food Door Gasket - White",
    "partselect_number": "PS2359946",
    "manufacturer_number": "WR24X10231",
    "description": "★★★★★\n★★★★★\n2 Reviews\nThis fresh food door gasket is used to seal the refrigerator door when closed to keep the cool air inside and the room air out.",
    "price": "$67.15",
    "stock_status": "In Stock",
    "rating": "5.00 out of 5",
    "reviews_count": 2
  },
  {
    "url": "https://www.partselect.com/PS299562-GE-WR2X9144-Refrigerator-Retainer-Bar-End-Cap-Left-Or-Right-Side.htm?SourceCode=18",
    "image_url": "https://partselectcom-gtcdcddbene3cpes.z01.azurefd.net/299562-1-N-GE-WR2X9144-Refrigerator-Retainer-Bar-End-Cap-Left-Or-Right-Side.jpg",
    "name": "RCA Refrigerator Retainer Bar End Cap Left Or Right Side",
    "partselect_number": "PS299562",
    "manufacturer_number": "WR2X9144",
    "description": "★★★★★\n★★★★★\n13 Reviews\nSold individually.",
    "price": "$40.27",
    "stock_status": "In Stock",
    "rating": "4.85 out of 5",
    "reviews_count": 13
  },
  {
    "url": "https://www.partselect.com/PS2364915-GE-WR24X10228-Freezer-Door-Gasket.htm?SourceCode=18",
    "image_url": "https://partselectcom-gtcdcddbene3cpes.z01.azurefd.net/2364915-1-N-GE-WR24X10228-Freezer-Door-Gasket.jpg",
    "name": "RCA Refrigerator Freezer Door Gasket",
    "partselect_number": "PS2364915",
    "manufacturer_number": "WR24X10228",
    "description": "★★★★★\n★★★★★\n11 Reviews\nThis white door gasket is used to seal the freezer door when closed.",
    "price": "$71.95",
    "stock_status": "In Stock",
    "rating": "4.45 out of 5",
    "reviews_count": 11
  },
  {
    "url": "https://www.partselect.com/PS11764031-GE-WR55X24064-Refrigerator-Run-Capacitor.htm?SourceCode=18",
    "image_url": "https://partselectcom-gtcdcddbene3cpes.z01.azurefd.net/11764031-1-N-GE-WR55X24064-Refrigerator-Run-Capacitor.jpg",
    "name": "RCA Refrigerator Run Capacitor",
    "partselect_number": "PS11764031",
    "manufacturer_number": "WR55X24064",
    "description": "★★★★★\n★★★★★\n7 Reviews\nThis part helps the compressor kick on and off while maintaining a constant temperature to keep things frozen in your freezer. This part has been updated by the manufacturer and may appear different than the original, but should function the same.",
    "price": "$57.99",
    "stock_status": "In Stock",
    "rating": "4.29 out of 5",
    "reviews_count": 7
  },
  {
    "url": "https://www.partselect.com/PS290199-GE-WR13X10020-Refrigerator-Bottom-Hinge-Assembly.htm?SourceCode=18",
    "image_url": "https://partselectcom-gtcdcddbene3cpes.z01.azurefd.net/290199-1-N-GE-WR13X10020-Refrigerator-Bottom-Hinge-Assembly.jpg",
    "name": "RCA Refrigerator Bottom Hinge Assembly",
    "partselect_number": "PS290199",
    "manufacturer_number": "WR13X10020",
    "description": "★★★★★\n★★★★★\n30 Reviews\nComes with both cam risers. This hinge kit is suitable for the bottom of either the freezer door or the refrigerator door of some refrigerators.",
    "price": "$46.99",
    "stock_status": "In Stock",
    "rating": "4.93 out of 5",
    "reviews_count": 30
  },
  {
    "url": "https://www.partselect.com/PS285351-GE-WR02X10967-GROMMET-AND-GASKET-Assembly.htm?SourceCode=18",
    "image_url": "https://partselectcom-gtcdcddbene3cpes.z01.azurefd.net/285351-1-N-GE-WR02X10967-GROMMET-AND-GASKET-Assembly.jpg",
    "name": "RCA Refrigerator Grommet And Gasket Assembly",
    "partselect_number": "PS285351",
    "manufacturer_number": "WR02X10967",
    "price": "$37.19",
    "stock_status": "In Stock"
  },
  {
    "url": "https://www.partselect.com/PS298758-GE-WR2X7975-Refrigerator-Door-Shelf-Retainer-Bar-End-Cap-Left-Or-Right-Side.htm?SourceCode=18",
    "image_url": "https://partselectcom-gtcdcddbene3cpes.z01.azurefd.net/298758-1-N-GE-WR2X7975-Refrigerator-Door-Shelf-Retainer-Bar-End-Cap-Left-Or-Right-Side.jpg",
    "name": "RCA Refrigerator Door Shelf Retainer Bar End Cap Left Or Right Side",
    "partselect_number": "PS298758",
    "manufacturer_number": "WR2X7975",
    "description": "★★★★★\n★★★★★\n3 Reviews\nThis end cap can be used for the right or left side of the refrigerator door shelf or the freezer door shelf.",
    "price": "$42.09",
    "stock_status": "In Stock",
    "rating": "3.67 out of 5",
    "reviews_count": 3
  },
  {
    "url": "https://www.partselect.com/PS11766700-GE-WR07X26748-Refrigerator-Compressor-Start-Relay.htm?SourceCode=18",
    "image_url": "https://partselectcom-gtcdcddbene3cpes.z01.azurefd.net/11766700-1-N-GE-WR07X26748-Refrigerator-Compressor-Start-Relay.jpg",
    "name": "RCA Refrigerator Compressor Start Relay",
    "partselect_number": "PS11766700",
    "manufacturer_number": "WR07X26748",
    "description": "★★★★★\n★★★★★\n4 Reviews\nThis part is the replacement compressor start relay for your refrigerator. It is made of black plastic and is approximately 1 ¼ inches long and 1 inch wide. The compressor start relay attaches to the compressor and helps to start the compressor motor. If the compressor will not start, or if your refrigerator or freezer is too warm, you may need to replace the compressor start relay. This part is sold individually. It is an OEM part sourced directly from the manufacturer.",
    "price": "$20.74",
    "stock_status": "In Stock",
    "rating": "4.75 out of 5",
    "reviews_count": 4
  },
  {
    "url": "https://www.partselect.com/PS294617-GE-WR1X1794-Freezer-Spacer-Door.htm?SourceCode=18",
    "image_url": "https://partselectcom-gtcdcddbene3cpes.z01.azurefd.net/294617-1-N-GE-WR1X1794-Freezer-Spacer-Door.jpg",
    "name": "RCA Refrigerator Freezer Spacer Door",
    "partselect_number": "PS294617",
    "manufacturer_number": "WR1X1794",
    "description": "★★★★★\n★★★★★\n2 Reviews",
    "price": "$13.95",
    "stock_status": "In Stock",
    "rating": "5.00 out of 5",
    "reviews_count": 2
  },
  {
    "url": "https://www.partselect.com/PS285117-GE-WR02X10701-Air-Duct-Foam.htm?SourceCode=18",
    "image_url": "https://partselectcom-gtcdcddbene3cpes.z01.azurefd.net/285117-1-N-GE-WR02X10701-Air-Duct-Foam.jpg",
    "name": "RCA Refrigerator Air Duct Foam",
    "partselect_number": "PS285117",
    "manufacturer_number": "WR02X10701",
    "description": "★★★★★\n★★★★★\n4 Reviews",
    "price": "$26.68",
    "stock_status": "In Stock",
    "rating": "5.00 out of 5",
    "reviews_count": 4
  },
  {
    "url": "https://www.partselect.com/PS296972-GE-WR24X449-Freezer-Door-Gasket.htm?SourceCode=18",
    "image_url": "https://partselectcom-gtcdcddbene3cpes.z01.azurefd.net/296972-1-N-GE-WR24X449-Freezer-Door-Gasket.jpg",
    "name": "RCA Refrigerator Freezer Door Gasket",
    "partselect_number": "PS296972",
    "manufacturer_number": "WR24X449",
    "description": "★★★★★\n★★★★★\n5 Reviews\nThis white door gasket is used to seal the freezer door when closed.",
    "price": "$121.55",
    "stock_status": "In Stock",
    "rating": "4.80 out of 5",
    "reviews_count": 5
  },
  {
    "url": "https://www.partselect.com/PS296961-GE-WR24X437-Refrigerator-Fresh-Food-Door-Gasket.htm?SourceCode=18",
    "image_url": "https://partselectcom-gtcdcddbene3cpes.z01.azurefd.net/296961-1-N-GE-WR24X437-Refrigerator-Fresh-Food-Door-Gasket.jpg",
    "name": "RCA Refrigerator Fresh Food Door Gasket",
    "partselect_number": "PS296961",
    "manufacturer_number": "WR24X437",
    "description": "★★★★★\n★★★★★\n2 Reviews\nThis white refrigerator door gasket is used to seal the fridge door when closed.",
    "price": "$95.98",
    "stock_status": "In Stock",
    "rating": "5.00 out of 5",
    "reviews_count": 2
  },
  {
    "url": "https://www.partselect.com/PS304731-GE-WR60X187-Condenser-Fan-Motor-115V.htm?SourceCode=18",
    "image_url": "https://partselectcom-gtcdcddbene3cpes.z01.azurefd.net/304731-1-N-GE-WR60X187-Condenser-Fan-Motor-115V.jpg",
    "name": "RCA Refrigerator Condenser Fan Motor - 115v",
    "partselect_number": "PS304731",
    "manufacturer_number": "WR60X187",
    "description": "★★★★★\n★★★★★\n6 Reviews\nThis part comes with 3 round pin connection terminals. This fan motor circulates the air through the refrigerator grille and cools the compressor and condenser coils. It also helps to evaporate extra water in the drain pan.",
    "price": "$215.63",
    "stock_status": "In Stock",
    "rating": "4.50 out of 5",
    "reviews_count": 6
  },
  {
    "url": "https://www.partselect.com/PS304684-GE-WR60X114-Evaporator-Fan-Blade-Kit.htm?SourceCode=18",
    "image_url": "https://partselectcom-gtcdcddbene3cpes.z01.azurefd.net/304684-1-N-GE-WR60X114-Evaporator-Fan-Blade-Kit.jpg",
    "name": "RCA Refrigerator Evaporator Fan Blade Kit",
    "partselect_number": "PS304684",
    "manufacturer_number": "WR60X114",
    "description": "★★★★★\n★★★★★\n6 Reviews\nThis kit features a 5-blade plastic evaporator fan blade that rotates CCW and measures 4.5-inches in diameter and has a 3/8-inch-tall shaft. This kit also has a metal compression ring that secures the fan to the evaporator. The evaporator mechanism is normally located in the freezer and is responsible for pulling the warmer air over the condenser coils, cooling it off and then blowing and circulating that cooler air through the rest of the refrigerator. If the freezer compartment has a frost buildup or if there is a lack of cooling and airflow in your refrigerator, this fan likely needs to be replaced. To replace your evaporator fan, you will likely need a screwdriver and a set of pliers and check your user manual for the exact location of your evaporator fan.",
    "price": "$30.64",
    "stock_status": "In Stock",
    "rating": "3.83 out of 5",
    "reviews_count": 6
  },
  {
    "url": "https://www.partselect.com/PS653234-GE-WZ4X416-WZ04X0408.htm?SourceCode=18",
    "image_url": "https://partselectcom-gtcdcddbene3cpes.z01.azurefd.net/653234-1-N-GE-WZ4X416-WZ04X0408.jpg",
    "name": "RCA Refrigerator Wz04x0408",
    "partselect_number": "PS653234",
    "manufacturer_number": "WZ4X416",
    "price": "$13.81",
    "stock_status": "In Stock"
  },
  {
    "url": "https://www.partselect.com/PS759476-GE-WR23X10300-Refrigerator-Cord.htm?SourceCode=18",
    "image_url": "https://partselectcom-gtcdcddbene3cpes.z01.azurefd.net/759476-1-N-GE-WR23X10300-Refrigerator-Cord.jpg",
    "name": "RCA Refrigerator Cord",
    "partselect_number": "PS759476",
    "manufacturer_number": "WR23X10300",
    "description": "★★★★★\n★★★★★\n4 Reviews\nThis heavy-duty cord has a three-pronged plug (2 electrical, 1 grounding). The power cord supplies power to your refrigerator, allowing it to keep the contents inside cool. There could be an issue with your cord if you notice that the refrigerator will not turn on, or intermittently turns on and off. Check the cord for fraying, or other visible damage. If the power cord shows any signs of damage, replace the cord immediately as it could become an electrical or fire hazard. Before you begin this repair, ensure that the power is disconnected from the unit, and that all food that could ruin is stored away while the power is off.",
    "price": "$37.95",
    "stock_status": "In Stock",
    "rating": "5.00 out of 5",
    "reviews_count": 4
  },
  {
    "url": "https://www.partselect.com/PS303266-GE-WR49X393-Defrost-Heater.htm?SourceCode=18",
    "image_url": "https://partselectcom-gtcdcddbene3cpes.z01.azurefd.net/303266-1-N-GE-WR49X393-Defrost-Heater.jpg",
    "name": "RCA Refrigerator Defrost Heater",
    "partselect_number": "PS303266",
    "manufacturer_number": "WR49X393",
    "description": "★★★★★\n★★★★★\n1 Review\nThis part is located at the bottom of the evaporator. The defrost heater heats the evaporator in the defrost mode of operation to keep the cooling coils from frosting over.",
    "price": "$75.19",
    "stock_status": "Special Order",
    "rating": "5.00 out of 5",
    "reviews_count": 1
  },
  {
    "url": "https://www.partselect.com/PS297895-GE-WR2X4550-Ice-Dispensing-Drive-Cup.htm?SourceCode=18",
    "image_url": "https://partselectcom-gtcdcddbene3cpes.z01.azurefd.net/297895-1-N-GE-WR2X4550-Ice-Dispensing-Drive-Cup.jpg",
    "name": "RCA Refrigerator Ice Dispensing Drive Cup",
    "partselect_number": "PS297895",
    "manufacturer_number": "WR2X4550",
    "description": "Found at the end of the auger in the ice container - replace when the icemaker doesn't dispense ice.",
    "price": "$32.62",
    "stock_status": "In Stock"
  },
  {
    "url": "https://www.partselect.com/PS12727537-GE-WR86X25269-R134-DRIER.htm?SourceCode=18",
    "image_url": "https://partselectcom-gtcdcddbene3cpes.z01.azurefd.net/12727537-1-N-GE-WR86X25269-R134-DRIER.jpg",
    "name": "RCA Refrigerator R134 Drier",
    "partselect_number": "PS12727537",
    "manufacturer_number": "WR86X25269",
    "description": "The filter dryer filters refrigerant that travels through the sealed system of the refrigerator.",
    "price": "$57.37",
    "stock_status": "In Stock"
  },
  {
    "url": "https://www.partselect.com/PS296968-GE-WR24X445-Freezer-Door-Gasket.htm?SourceCode=18",
    "image_url": "https://partselectcom-gtcdcddbene3cpes.z01.azurefd.net/296968-1-N-GE-WR24X445-Freezer-Door-Gasket.jpg",
    "name": "RCA Refrigerator Freezer Door Gasket",
    "partselect_number": "PS296968",
    "manufacturer_number": "WR24X445",
    "description": "★★★★★\n★★★★★\n1 Review",
    "price": "$156.70",
    "stock_status": "In Stock",
    "rating": "5.00 out of 5",
    "reviews_count": 1
  },
  {
    "url": "https://www.partselect.com/PS300166-GE-WR30X311-Refrigerator-Ice-Cube-Tray.htm?SourceCode=18",
    "image_url": "https://partselectcom-gtcdcddbene3cpes.z01.azurefd.net/300166-1-N-GE-WR30X311-Refrigerator-Ice-Cube-Tray.jpg",
    "name": "RCA Refrigerator Ice Cube Tray",
    "partselect_number": "PS300166",
    "manufacturer_number": "WR30X311",
    "description": "★★★★★\n★★★★★\n1 Review\n14 Cube.",
    "price": "$13.95",
    "stock_status": "In Stock",
    "rating": "5.00 out of 5",
    "reviews_count": 1
  },
  {
    "url": "https://www.partselect.com/PS297951-GE-WR2X4754-Fill-Tube-Clamp.htm?SourceCode=18",
    "image_url": "https://partselectcom-gtcdcddbene3cpes.z01.azurefd.net/297951-1-N-GE-WR2X4754-Fill-Tube-Clamp.jpg",
    "name": "RCA Refrigerator Fill Tube Clamp",
    "partselect_number": "PS297951",
    "manufacturer_number": "WR2X4754",
    "description": "The fill tube clamp is used in refrigerators to support the water tube. If the tubing or hose is working but is loose inside the unit, the clamp could be broken or damaged. If this is an issue your refrigerator is experiencing, replacing the clamp can be the solution. These tube clamps are sold individually and the screw is not included. Make sure to unplug your refrigerator from the power source before installing this part. Refer to the manual provided by the manufacturer for further instructions on this repair.",
    "price": "$13.95",
    "stock_status": "Special Order"
  },
  {
    "url": "https://www.partselect.com/PS299055-GE-WR2X8474-Refrigerator-Tube-Grommet.htm?SourceCode=18",
    "image_url": "https://partselectcom-gtcdcddbene3cpes.z01.azurefd.net/299055-1-N-GE-WR2X8474-Refrigerator-Tube-Grommet.jpg",
    "name": "RCA Refrigerator Tube Grommet",
    "partselect_number": "PS299055",
    "manufacturer_number": "WR2X8474",
    "description": "★★★★★\n★★★★★\n4 Reviews\nThis fill tube grommet is used on the icemaker.",
    "price": "$41.95",
    "stock_status": "In Stock",
    "rating": "5.00 out of 5",
    "reviews_count": 4
  },
  {
    "url": "https://www.partselect.com/PS303956-GE-WR51X465-Defrost-Heater-Kit.htm?SourceCode=18",
    "image_url": "https://partselectcom-gtcdcddbene3cpes.z01.azurefd.net/303956-1-N-GE-WR51X465-Defrost-Heater-Kit.jpg",
    "name": "RCA Refrigerator Defrost Heater Kit",
    "partselect_number": "PS303956",
    "manufacturer_number": "WR51X465",
    "description": "★★★★★\n★★★★★\n1 Review\nThis part has crimp-style connectors.",
    "price": "$126.05",
    "stock_status": "In Stock",
    "rating": "4.00 out of 5",
    "reviews_count": 1
  },
  {
    "url": "https://www.partselect.com/PS299019-GE-WR2X8429-Shelf-Support-Stud.htm?SourceCode=18",
    "image_url": "https://partselectcom-gtcdcddbene3cpes.z01.azurefd.net/299019-1-N-GE-WR2X8429-Shelf-Support-Stud.jpg",
    "name": "RCA Refrigerator Shelf Support Stud",
    "partselect_number": "PS299019",
    "manufacturer_number": "WR2X8429",
    "price": "$13.95",
    "stock_status": "Special Order"
  },
  {
    "name": "",
    "url": "https://www.partselect.com/RCA-Refrigerator-Trays-and-Shelves.htm",
    "description": "RCA Refrigerator Trays and Shelves"
  },
  {
    "name": "",
    "url": "https://www.partselect.com/RCA-Refrigerator-Drawers-and-Glides.htm",
    "description": "RCA Refrigerator Drawers and Glides"
  },
  {
    "name": "",
    "url": "https://www.partselect.com/RCA-Refrigerator-Ice-Makers.htm",
    "description": "RCA Refrigerator Ice Makers"
  },
  {
    "name": "",
    "url": "https://www.partselect.com/RCA-Refrigerator-Seals-and-Gaskets.htm",
    "description": "RCA Refrigerator Seals and Gaskets"
  },
  {
    "name": "",
    "url": "https://www.partselect.com/RCA-Refrigerator-Hardware.htm",
    "description": "RCA Refrigerator Hardware"
  },
  {
    "name": "",
    "url": "https://www.partselect.com/RCA-Refrigerator-Doors.htm",
    "description": "RCA Refrigerator Doors"
  },
  {
    "name": "",
    "url": "https://www.partselect.com/RCA-Refrigerator-Hinges.htm",
    "description": "RCA Refrigerator Hinges"
  }
]