[
  {
    "url": "https://www.partselect.com/PS11746591-Whirlpool-WP8565925-Dishwasher-Rack-Track-Stop.htm?SourceCode=18",
    "image_url": "https://partselectcom-gtcdcddbene3cpes.z01.azurefd.net/11746591-1-N-Whirlpool-WP8565925-Dishwasher-Rack-Track-Stop.jpg",
    "name": "Roper Dishwasher Rack Track Stop",
    "partselect_number": "PS11746591",
    "manufacturer_number": "WP8565925",
    "description": "★★★★★\n★★★★★\n107 Reviews\nThe rack track stop on your dishwasher is designed to stop the dish rack at the appropriate place when opening and closing the rack. If your dishwasher is not cleaning your dishes properly, the rack stop may need to be replaced. The replacement part may differ slightly from the broken part, depending on the model. However, the different styles are interchangeable. This product is sold individually and comes in both a white and grey plastic version. Many of our customers found this repair to be very easy and takes less than 30 minutes to complete. Simply snap the old part out and snap the new part into place. You will not require any tools to complete the job. This is an authentic part approved by the manufacturer.",
    "price": "$\n9.65",
    "stock_status": "In Stock",
    "rating": "4.7/5",
    "reviews_count": 107,
    "reviews": [
      {
        "rating": "5.0/5",
        "reviewer": "Heyyoung H",
        "date": "October 21, 2020",
        "title": "Heyyoung H",
        "content": "Part fit on easily and made the tray useable again."
      },
      {
        "rating": "5.0/5",
        "reviewer": "Michael M",
        "date": "December 27, 2024",
        "title": "Michael M",
        "content": "The part was super easy to replace, and fit exact. The process to find the part was extremely easy, thanks to the diagram labeled with every part avaliable."
      },
      {
        "rating": "5.0/5",
        "reviewer": "Gena S",
        "date": "January 11, 2025",
        "title": "Gena S",
        "content": "Solid build. Snapped right in"
      },
      {
        "rating": "5.0/5",
        "reviewer": "Shane S",
        "date": "February 15, 2025",
        "title": "Shane S",
        "content": "Better then the original."
      },
      {
        "rating": "5.0/5",
        "reviewer": "Mike C",
        "date": "July 31, 2018",
        "title": "Mike C",
        "content": "Came fast, fit exactly"
      },
      {
        "rating": "5.0/5",
        "reviewer": "Victor I",
        "date": "January 25, 2018",
        "title": "Victor I",
        "content": "excellent"
      },
      {
        "rating": "5.0/5",
        "reviewer": "Brian D",
        "date": "November 23, 2021",
        "title": "Brian D",
        "content": "Absolutely perfect"
      },
      {
        "rating": "5.0/5",
        "reviewer": "Regina Y",
        "date": "February 5, 2018",
        "title": "Regina Y",
        "content": "Im a 76 yr old woman and managed to install the part in just a few seconds. Now it cant get any easier than that!"
      },
      {
        "rating": "5.0/5",
        "reviewer": "Stephen K",
        "date": "February 2, 2018",
        "title": "Stephen K",
        "content": "The replacement part was easy to install and better than the original factory part. Delivery was very quick."
      },
      {
        "rating": "5.0/5",
        "reviewer": "JOSEPH A",
        "date": "January 17, 2020",
        "title": "JOSEPH A",
        "content": "This saved my dishwasher rack rack from sliding off the metal extending sliding arms. The part arrived fast, the quality was identical to the replacement, and it was installed in seconds."
      }
    ],
    "repair_stories": [],
    "symptoms_fixed": "Door latch failure | Not cleaning dishes properly | Door won’t close",
    "works_with": "Dishwasher.",
    "also_replaces": [
      "AP6013365",
      "8270105",
      "8270106",
      "8524581",
      "8524582",
      "8562015",
      "8565920",
      "8565925",
      "W10082860",
      "W10082861",
      "W10199682",
      "W10508950",
      "WP8565925VP",
      "WPW10082861VP",
      "WPW10508950",
      "WPW10508950VP"
    ],
    "video_url": "https://www.youtube.com/watch?v=siE-8HethWg"
  },
  {
    "url": "https://www.partselect.com/PS8260087-Whirlpool-W10518394-Dishwasher-Heating-Element.htm?SourceCode=18",
    "image_url": "https://partselectcom-gtcdcddbene3cpes.z01.azurefd.net/8260087-1-N-Whirlpool-W10518394-Dishwasher-Heating-Element.jpg",
    "name": "Roper Dishwasher Heating Element",
    "partselect_number": "PS8260087",
    "manufacturer_number": "W10518394",
    "description": "★★★★★\n★★★★★\n113 Reviews\nThis manufacturer-certified heating element is used to create heat during the dry cycle and increase water temperature during portions of the wash cycle when certain options are selected. If your dishes are not drying or the water in the dishwasher is not getting hot you may need to replace the element. This kit includes the heater, two heater fasteners, and is a genuine OEM part. Please remember to disconnect the power before starting the repair. Use a multi-meter to test your heating element for continuity to determine whether this is the part that is causing your symptom. This part does not include any washers. To make your repair, disconnect the wires from the bottom of the element in the back, remove the plastic nuts holding it in place, remove the element, and repeat these steps in reverse order to install your new part. This is an easy repair that requires only a screwdriver, wrench set, and should take less than 30 minutes.",
    "price": "$\n66.09",
    "stock_status": "In Stock",
    "rating": "4.5/5",
    "reviews_count": 113,
    "reviews": [],
    "repair_stories": [],
    "symptoms_fixed": "Not drying dishes properly | Not cleaning dishes properly | Will Not Start | Leaking",
    "works_with": "Dishwasher.",
    "also_replaces": [
      "AP5690151",
      "2977737",
      "W10518394",
      "8194250",
      "8563007",
      "8563464",
      "8572861",
      "W10134009",
      "W10441445",
      "W10518394VP"
    ],
    "video_url": "https://www.youtube.com/watch?v=Co8dQ7rzTMQ"
  },
  {
    "url": "https://www.partselect.com/PS11745496-Whirlpool-WP8269145-Dishwasher-Mounting-Bracket.htm?SourceCode=18",
    "image_url": "https://partselectcom-gtcdcddbene3cpes.z01.azurefd.net/11745496-1-N-Whirlpool-WP8269145-Dishwasher-Mounting-Bracket.jpg",
    "name": "Roper Dishwasher Mounting Bracket",
    "partselect_number": "PS11745496",
    "manufacturer_number": "WP8269145",
    "description": "★★★★★\n★★★★★\n14 Reviews\nThe mounting bracket is sold individually, without screws. This part secures the upper side of the dishwasher to the underside of the counter or cabinet to prevent the dishwasher from moving, shaking, or tilting forward. The bracket is made entirely of metal. It is recommended to check all brackets, if applicable, because they often wear at the same rate and both may need to be replaced. This is an OEM part that is sourced from the authentic manufacturer. Tools needed are a pair of needle nose pliers and a screwdriver.",
    "price": "$\n13.53",
    "stock_status": "In Stock",
    "rating": "4.6/5",
    "reviews_count": 14,
    "reviews": [],
    "repair_stories": [],
    "symptoms_fixed": "Door latch failure | Door won’t close | Leaking",
    "works_with": "Dishwasher.",
    "also_replaces": [
      "AP6012289",
      "8269145",
      "WP8269145VP"
    ],
    "video_url": "https://www.youtube.com/watch?v=X7SLvFAiTkw"
  },
  {
    "url": "https://www.partselect.com/PS5136129-Whirlpool-W10542314-Dishwasher-Door-Gasket-w-Strike-Black.htm?SourceCode=18",
    "image_url": "https://partselectcom-gtcdcddbene3cpes.z01.azurefd.net/5136129-1-N-Whirlpool-W10542314-Dishwasher-Door-Gasket-w-Strike-Black.jpg",
    "name": "Roper Dishwasher Door Gasket W/strike (black)",
    "partselect_number": "PS5136129",
    "manufacturer_number": "W10542314",
    "description": "★★★★★\n★★★★★\n65 Reviews\nThis dishwasher door gasket and strike kit is an essential component for maintaining a watertight seal around the dishwasher door and ensuring proper latch operation. The gasket prevents water leakage by forming a tight seal between the door and the tub, while the strike works as a mechanical actuator for the door switch and provides tension for a secure seal. Over time, wear and tear may cause tears, gaps, or cuts in the gasket, leading to leaks. This genuine OEM replacement kit is compatible with select models of Whirlpool, KitchenAid, Maytag, Jenn-Air, Amana, Inglis, and Magic Chef dishwashers. For proper installation, unplug the dishwasher or turn off the circuit breaker to ensure safety. Refer to the installation guide or video for step-by-step instructions, and wear protective gloves while replacing the gasket and strike.",
    "price": "$72.45",
    "stock_status": "In Stock",
    "rating": "4.66 out of 5",
    "reviews_count": 65
  },
  {
    "url": "https://www.partselect.com/PS11753379-Whirlpool-WPW10348269-Dishwasher-Drain-Pump-120v-60hz.htm?SourceCode=18",
    "image_url": "https://partselectcom-gtcdcddbene3cpes.z01.azurefd.net/11753379-1-N-Whirlpool-WPW10348269-Dishwasher-Drain-Pump-120v-60hz.jpg",
    "name": "Roper Dishwasher Drain Pump 120v 60hz",
    "partselect_number": "PS11753379",
    "manufacturer_number": "WPW10348269",
    "description": "★★★★★\n★★★★★\n62 Reviews\nThis drain pump is used in dishwashers to remove water from the dishwasher tub. If the impeller in the dishwasher is damaged or the motor has been shorted out and will not drain, it is possible the body is cracked, causing leakage. To prevent this from happening, replace the drain pump. The tools needed for this installation are: Phillips screwdriver, 5/16 inch nut driver, 5/8 inch wrench, and a flathead screwdriver. Remember to unplug your dishwasher from the power source before beginning this installation project. Refer to the manual provided by the manufacturer for further installation instructions.",
    "price": "$80.06",
    "stock_status": "In Stock",
    "rating": "4.77 out of 5",
    "reviews_count": 62
  },
  {
    "url": "https://www.partselect.com/PS11750255-Whirlpool-WPW10204131-Dishwasher-Rack-Adjuster.htm?SourceCode=18",
    "image_url": "https://partselectcom-gtcdcddbene3cpes.z01.azurefd.net/11750255-1-N-Whirlpool-WPW10204131-Dishwasher-Rack-Adjuster.jpg",
    "name": "Roper Dishwasher Rack Adjuster",
    "partselect_number": "PS11750255",
    "manufacturer_number": "WPW10204131",
    "description": "★★★★★\n★★★★★\n38 Reviews\nThis OEM dishrack roller and adjuster is found in your dishwasher. They work together to support and facilitate the smooth movement of your dishrack. The dishrack rollers are small wheels located on the sides of the dishrack and allow it to slide in and out effortlessly. Meanwhile, the dishrack adjuster is used to adjust the height via the selector at the back of this component. Over time, the rollers wear out. You may experience resistance or difficulty when sliding the dishrack in or out. If left unreplaced, your rollers or adjuster may break, causing dishes to tilt, collide, or fall over during the wash cycle. When removing a roller and adjuster from your appliance, you will need to pull out the dishrack partway. Detach the assembly by depressing the tabs on the two end stops before lifting them up. Keep in mind that the roller and adjuster are sold together, but the dishrack itself is sold separately.",
    "price": "$9.65",
    "stock_status": "In Stock",
    "rating": "4.71 out of 5",
    "reviews_count": 38
  },
  {
    "url": "https://www.partselect.com/PS11743423-Whirlpool-WP661566-Dishwasher-High-Limit-Thermostat.htm?SourceCode=18",
    "image_url": "https://partselectcom-gtcdcddbene3cpes.z01.azurefd.net/11743423-1-N-Whirlpool-WP661566-Dishwasher-High-Limit-Thermostat.jpg",
    "name": "Roper Dishwasher High Limit Thermostat",
    "partselect_number": "PS11743423",
    "manufacturer_number": "WP661566",
    "description": "★★★★★\n★★★★★\n9 Reviews\nThis part acts as as safety mechanism that keeps the dryer from overheating. Once the dryer temperature reaches a certain point, this part will shut down power to the heating element.",
    "price": "$26.83",
    "stock_status": "In Stock",
    "rating": "4.89 out of 5",
    "reviews_count": 9
  },
  {
    "url": "https://www.partselect.com/PS11745488-Whirlpool-WP8268961-Dishwasher-Friction-Sleeve.htm?SourceCode=18",
    "image_url": "https://partselectcom-gtcdcddbene3cpes.z01.azurefd.net/11745488-1-N-Whirlpool-WP8268961-Dishwasher-Friction-Sleeve.jpg",
    "name": "Roper Dishwasher Friction Sleeve",
    "partselect_number": "PS11745488",
    "manufacturer_number": "WP8268961",
    "description": "★★★★★\n★★★★★\n37 Reviews\nThis part helps to keep your door quiet when it opens and closes.",
    "price": "$8.68",
    "stock_status": "In Stock",
    "rating": "4.86 out of 5",
    "reviews_count": 37
  },
  {
    "url": "https://www.partselect.com/PS11731683-Whirlpool-W10864081-Dishwasher-Seal.htm?SourceCode=18",
    "image_url": "https://partselectcom-gtcdcddbene3cpes.z01.azurefd.net/11731683-1-N-Whirlpool-W10864081-Dishwasher-Seal.jpg",
    "name": "Roper Dishwasher Seal",
    "partselect_number": "PS11731683",
    "manufacturer_number": "W10864081",
    "description": "★★★★★\n★★★★★\n13 Reviews\nThis is a seal, but you may also know it as a door gasket and it is for your dishwasher. The seal forms a watertight barrier between the door and the dishwasher tub, deterring water from escaping during a wash cycle. If your dishwasher is leaking you will need to replace the seal, as it is likely damaged. The first step should be to check the seal for buildup of food particles near the sides and the bottom of your appliance.",
    "price": "$76.91",
    "stock_status": "In Stock",
    "rating": "3.85 out of 5",
    "reviews_count": 13
  },
  {
    "url": "https://www.partselect.com/PS11745451-Whirlpool-WP8268655-Dishwasher-Upper-Rack-Wheel-w-Mount.htm?SourceCode=18",
    "image_url": "https://partselectcom-gtcdcddbene3cpes.z01.azurefd.net/11745451-1-N-Whirlpool-WP8268655-Dishwasher-Upper-Rack-Wheel-w-Mount.jpg",
    "name": "Roper Dishwasher Upper Rack Wheel W/mount",
    "partselect_number": "PS11745451",
    "manufacturer_number": "WP8268655",
    "description": "★★★★★\n★★★★★\n67 Reviews\nThis is a replacement upper dish rack wheel with mount for your dishwasher. The mount supports the dish rack, and the wheel allows the rack to slide out easily. To replace this part, remove the rack stops and pull out the upper dish rack. This wheel mount pops off, and the new one can be snapped into place.",
    "price": "$25.87",
    "stock_status": "In Stock",
    "rating": "4.87 out of 5",
    "reviews_count": 67
  },
  {
    "url": "https://www.partselect.com/PS11755402-Whirlpool-WPW10477552-Terminal-Nut.htm?SourceCode=18",
    "image_url": "https://partselectcom-gtcdcddbene3cpes.z01.azurefd.net/11755402-1-N-Whirlpool-WPW10477552-Terminal-Nut.jpg",
    "name": "Roper Dishwasher Terminal Nut",
    "partselect_number": "PS11755402",
    "manufacturer_number": "WPW10477552",
    "description": "★★★★★\n★★★★★\n1 Review",
    "price": "$9.65",
    "stock_status": "In Stock",
    "rating": "3.00 out of 5",
    "reviews_count": 1
  },
  {
    "url": "https://www.partselect.com/PS11753142-Whirlpool-WPW10337934-Spring.htm?SourceCode=18",
    "image_url": "https://partselectcom-gtcdcddbene3cpes.z01.azurefd.net/11753142-1-N-Whirlpool-WPW10337934-Spring.jpg",
    "name": "Roper Dishwasher Spring",
    "partselect_number": "PS11753142",
    "manufacturer_number": "WPW10337934",
    "description": "★★★★★\n★★★★★\n9 Reviews\nThis door spring is a genuine OEM replacement part for your dishwasher. The spring ensures that your dishwasher door does not fall open too quickly. If this occurs, one or both springs should be replaced. This part consists of one spring. To replace the spring, you will need to pull the dishwasher about six inches to a foot out from the cabinet. Replacing the spring has been rated as an easy repair by our customers.",
    "price": "$23.47",
    "stock_status": "In Stock",
    "rating": "4.56 out of 5",
    "reviews_count": 9
  },
  {
    "url": "https://www.partselect.com/PS2360984-Whirlpool-W10258275-Dishwasher-Bimetal-Fuse.htm?SourceCode=18",
    "image_url": "https://partselectcom-gtcdcddbene3cpes.z01.azurefd.net/2360984-1-N-Whirlpool-W10258275-Dishwasher-Bimetal-Fuse.jpg",
    "name": "Roper Dishwasher Bimetal Fuse",
    "partselect_number": "PS2360984",
    "manufacturer_number": "W10258275",
    "description": "★★★★★\n★★★★★\n41 Reviews\nThis part is used as a safety device to protect the dishwasher circuit from overload. If the temperature gets to high it will shut off the electrical current to the heating unit in the appliance. Also known as Thermal Fuse.",
    "price": "$30.02",
    "stock_status": "In Stock",
    "rating": "4.78 out of 5",
    "reviews_count": 41
  },
  {
    "url": "https://www.partselect.com/PS11745444-Whirlpool-WP8268433-Dishwasher-Spray-Arm-Seal.htm?SourceCode=18",
    "image_url": "https://partselectcom-gtcdcddbene3cpes.z01.azurefd.net/11745444-1-N-Whirlpool-WP8268433-Dishwasher-Spray-Arm-Seal.jpg",
    "name": "Roper Dishwasher Spray Arm Seal",
    "partselect_number": "PS11745444",
    "manufacturer_number": "WP8268433",
    "description": "★★★★★\n★★★★★\n6 Reviews\nThis seal is located between the spray arm and the water feed tube.",
    "price": "$11.59",
    "stock_status": "In Stock",
    "rating": "4.17 out of 5",
    "reviews_count": 6
  },
  {
    "url": "https://www.partselect.com/PS11743008-Whirlpool-WP596669-Washer-Hose-Clamp.htm?SourceCode=18",
    "image_url": "https://partselectcom-gtcdcddbene3cpes.z01.azurefd.net/11743008-1-N-Whirlpool-WP596669-Washer-Hose-Clamp.jpg",
    "name": "Roper Dishwasher Washer Hose Clamp",
    "partselect_number": "PS11743008",
    "manufacturer_number": "WP596669",
    "description": "★★★★★\n★★★★★\n1 Review\nThis hose clamp is used in a wide variety of household appliances. Most often it is found in washers, dishwashers, refrigerators, freezers, dehumidifiers, garbage disposals, or air conditioners. This clamp is used to securely attach a hose to another part of your appliance, which helps prevent leaks from those connections. Depending on the appliance, it can attach hoses to drain pumps, water inlet valves, pressure switches, and injector nozzles. We recommend you refer to model-specific diagrams for appropriate uses and exact placement. This hose clamp is made of metal, and is sold individually. To access and replace this part you will need a nut driver, pliers, and screwdrivers. Before you begin any repair work, make sure you have unplugged your appliance, and shut off the water supply if applicable.",
    "price": "$7.71",
    "stock_status": "In Stock",
    "rating": "5.00 out of 5",
    "reviews_count": 1
  },
  {
    "url": "https://www.partselect.com/PS11741622-Whirlpool-WP3400918-Dishwasher-Push-In-Retainer-Clip.htm?SourceCode=18",
    "image_url": "https://partselectcom-gtcdcddbene3cpes.z01.azurefd.net/11741622-1-N-Whirlpool-WP3400918-Dishwasher-Push-In-Retainer-Clip.jpg",
    "name": "Roper Dishwasher Push-in Retainer Clip",
    "partselect_number": "PS11741622",
    "manufacturer_number": "WP3400918",
    "description": "★★★★★\n★★★★★\n8 Reviews\nSold individually.",
    "price": "$26.83",
    "stock_status": "In Stock",
    "rating": "4.25 out of 5",
    "reviews_count": 8
  },
  {
    "url": "https://www.partselect.com/PS11730996-Whirlpool-W10844024-Dishwasher-Water-Inlet-Valve.htm?SourceCode=18",
    "image_url": "https://partselectcom-gtcdcddbene3cpes.z01.azurefd.net/11730996-1-N-Whirlpool-W10844024-Dishwasher-Water-Inlet-Valve.jpg",
    "name": "Roper Dishwasher Water Inlet Valve",
    "partselect_number": "PS11730996",
    "manufacturer_number": "W10844024",
    "description": "★★★★★\n★★★★★\n18 Reviews\nThis water inlet valve should be located behind the lower kickplate panel in either the right or left corner. The attaching solenoids on the valve open and close according to the desired amount of water needed. NOTE: As per the manufacture this part has been updated from the original part. It may be a different color, and you may need to order an elbow (# W10685193) for the new designed valve to work.",
    "price": "$47.48",
    "stock_status": "In Stock",
    "rating": "4.28 out of 5",
    "reviews_count": 18
  },
  {
    "url": "https://www.partselect.com/PS1487167-Whirlpool-8212560-Side-Mounting-Bracket-Kit.htm?SourceCode=18",
    "image_url": "https://partselectcom-gtcdcddbene3cpes.z01.azurefd.net/1487167-1-N-Whirlpool-8212560-Side-Mounting-Bracket-Kit.jpg",
    "name": "Roper Dishwasher Side Mounting Bracket Kit",
    "partselect_number": "PS1487167",
    "manufacturer_number": "8212560",
    "description": "★★★★★\n★★★★★\n7 Reviews\nThis mounting kit can be used on solid surface countertops.",
    "price": "$24.91",
    "stock_status": "In Stock",
    "rating": "4.86 out of 5",
    "reviews_count": 7
  },
  {
    "url": "https://www.partselect.com/PS11740613-Whirlpool-WP285655-Washer-Hose-Clamp.htm?SourceCode=18",
    "image_url": "https://partselectcom-gtcdcddbene3cpes.z01.azurefd.net/11740613-1-N-Whirlpool-WP285655-Washer-Hose-Clamp.jpg",
    "name": "Roper Dishwasher Washer Hose Clamp",
    "partselect_number": "PS11740613",
    "manufacturer_number": "WP285655",
    "description": "★★★★★\n★★★★★\n2 Reviews\nThe hose clamp is used to hold the water hose in place which will prevent the hose from leaking water. Sometimes the clamp may lose its ability to latch on, causing a leaking washer. For the installation, you will need a flat head screw driver to replace the clamp and a drill to access the screws to remove the front of the washer. Be careful if you do not have specific clamp pliers as the clamp could fly off. Once the front of the washer has been removed, take a quick look for water damage or any obvious signs of where the leak is coming from. If it is not obvious, run water to test.",
    "price": "$9.65",
    "stock_status": "In Stock",
    "rating": "3.00 out of 5",
    "reviews_count": 2
  },
  {
    "url": "https://www.partselect.com/PS11745449-Whirlpool-WP8268645-Dishwasher-Wheel-Assembly.htm?SourceCode=18",
    "image_url": "https://partselectcom-gtcdcddbene3cpes.z01.azurefd.net/11745449-1-N-Whirlpool-WP8268645-Dishwasher-Wheel-Assembly.jpg",
    "name": "Roper Dishwasher Wheel Assembly",
    "partselect_number": "PS11745449",
    "manufacturer_number": "WP8268645",
    "description": "★★★★★\n★★★★★\n14 Reviews\nSold Individually - 4 required on rack.",
    "price": "$43.15",
    "stock_status": "In Stock",
    "rating": "4.64 out of 5",
    "reviews_count": 14
  },
  {
    "url": "https://www.partselect.com/PS358548-Whirlpool-4317824-Dishwasher-Power-Cord-Kit.htm?SourceCode=18",
    "image_url": "https://partselectcom-gtcdcddbene3cpes.z01.azurefd.net/358548-1-N-Whirlpool-4317824-Dishwasher-Power-Cord-Kit.jpg",
    "name": "Roper Dishwasher Power Cord Kit",
    "partselect_number": "PS358548",
    "manufacturer_number": "4317824",
    "description": "★★★★★\n★★★★★\n1 Review\nIncludes power cord and all necessary parts needed for complete installation of cord.",
    "price": "$19.75",
    "stock_status": "In Stock",
    "rating": "5.00 out of 5",
    "reviews_count": 1
  },
  {
    "url": "https://www.partselect.com/PS11741264-Whirlpool-WP3368999-Dishwasher-Door-Spring.htm?SourceCode=18",
    "image_url": "https://partselectcom-gtcdcddbene3cpes.z01.azurefd.net/11741264-1-N-Whirlpool-WP3368999-Dishwasher-Door-Spring.jpg",
    "name": "Roper Dishwasher Door Spring",
    "partselect_number": "PS11741264",
    "manufacturer_number": "WP3368999",
    "description": "★★★★★\n★★★★★\n6 Reviews\nThese detergent cup dispenser springs are sold individually.",
    "price": "$7.95",
    "stock_status": "In Stock",
    "rating": "4.83 out of 5",
    "reviews_count": 6
  },
  {
    "url": "https://www.partselect.com/PS11740642-Whirlpool-WP302711-Dishwasher-Pump-Outlet-Seal.htm?SourceCode=18",
    "image_url": "https://partselectcom-gtcdcddbene3cpes.z01.azurefd.net/11740642-1-N-Whirlpool-WP302711-Dishwasher-Pump-Outlet-Seal.jpg",
    "name": "Roper Dishwasher Pump Outlet Seal",
    "partselect_number": "PS11740642",
    "manufacturer_number": "WP302711",
    "description": "★★★★★\n★★★★★\n2 Reviews\nThis part is the replacement pump outlet seal or seal ring for your dishwasher. It is made of black rubber and is sold individually. The seal ring creates a seal between the upper compartment of the pump to the pump body. If the seal ring fails, you won’t have good water pressure, and therefore your dishes won’t come clean properly. Improperly cleaned dishes are a good indicator of a bad seal ring. Be sure to disconnect your dishwasher to the water and power sources before you begin this repair. This is an OEM part sourced directly from the manufacturer.",
    "price": "$24.95",
    "stock_status": "In Stock",
    "rating": "5.00 out of 5",
    "reviews_count": 2
  },
  {
    "url": "https://www.partselect.com/PS11751313-Whirlpool-WPW10258149-Dishwasher-Manifold.htm?SourceCode=18",
    "image_url": "https://partselectcom-gtcdcddbene3cpes.z01.azurefd.net/11751313-1-N-Whirlpool-WPW10258149-Dishwasher-Manifold.jpg",
    "name": "Roper Dishwasher Manifold",
    "partselect_number": "PS11751313",
    "manufacturer_number": "WPW10258149",
    "description": "★★★★★\n★★★★★\n11 Reviews\nThis part connects the spray arm to the main water tube. Also known as a water supply tube. Note: This part has been updated from the original.",
    "price": "$49.93",
    "stock_status": "In Stock",
    "rating": "4.73 out of 5",
    "reviews_count": 11
  },
  {
    "url": "https://www.partselect.com/PS11745437-Whirlpool-WP8268342-Dishwasher-Lower-Spray-Arm-Support-Hub.htm?SourceCode=18",
    "image_url": "https://partselectcom-gtcdcddbene3cpes.z01.azurefd.net/11745437-1-N-Whirlpool-WP8268342-Dishwasher-Lower-Spray-Arm-Support-Hub.jpg",
    "name": "Roper Dishwasher Lower Spray Arm Support/hub",
    "partselect_number": "PS11745437",
    "manufacturer_number": "WP8268342",
    "description": "★★★★★\n★★★★★\n3 Reviews\nThis part is used with the lower spray arm.",
    "price": "$46.99",
    "stock_status": "In Stock",
    "rating": "5.00 out of 5",
    "reviews_count": 3
  },
  {
    "url": "https://www.partselect.com/PS11745501-Whirlpool-WP8269209-Dishwasher-Door-Switch.htm?SourceCode=18",
    "image_url": "https://partselectcom-gtcdcddbene3cpes.z01.azurefd.net/11745501-1-N-Whirlpool-WP8269209-Dishwasher-Door-Switch.jpg",
    "name": "Roper Dishwasher Door Switch",
    "partselect_number": "PS11745501",
    "manufacturer_number": "WP8269209",
    "description": "★★★★★\n★★★★★\n5 Reviews\nThis dishwasher door switch will shut your dishwasher off when the door is opened.",
    "price": "$27.39",
    "stock_status": "In Stock",
    "rating": "4.60 out of 5",
    "reviews_count": 5
  },
  {
    "url": "https://www.partselect.com/PS11753469-Whirlpool-WPW10350382-Dishwasher-Upper-Dishrack.htm?SourceCode=18",
    "image_url": "https://partselectcom-gtcdcddbene3cpes.z01.azurefd.net/11753469-1-N-Whirlpool-WPW10350382-Dishwasher-Upper-Dishrack.jpg",
    "name": "Roper Dishwasher Upper Dishrack",
    "partselect_number": "PS11753469",
    "manufacturer_number": "WPW10350382",
    "description": "★★★★★\n★★★★★\n4 Reviews\nWheels NOT included.",
    "price": "$177.64",
    "stock_status": "In Stock",
    "rating": "4.75 out of 5",
    "reviews_count": 4
  },
  {
    "url": "https://www.partselect.com/PS11745477-Whirlpool-WP8268866-Dishwasher-Silverware-Basket.htm?SourceCode=18",
    "image_url": "https://partselectcom-gtcdcddbene3cpes.z01.azurefd.net/11745477-1-N-Whirlpool-WP8268866-Dishwasher-Silverware-Basket.jpg",
    "name": "Roper Dishwasher Silverware Basket",
    "partselect_number": "PS11745477",
    "manufacturer_number": "WP8268866",
    "description": "★★★★★\n★★★★★\n4 Reviews\nThis is a basket for washing flatware or silverware in your dishwasher.",
    "price": "$54.27",
    "stock_status": "In Stock",
    "rating": "5.00 out of 5",
    "reviews_count": 4
  },
  {
    "url": "https://www.partselect.com/PS11741854-Whirlpool-WP356138-Washer-Hose-Clamp.htm?SourceCode=18",
    "image_url": "https://partselectcom-gtcdcddbene3cpes.z01.azurefd.net/11741854-1-N-Whirlpool-WP356138-Washer-Hose-Clamp.jpg",
    "name": "Roper Dishwasher Washer Hose Clamp",
    "partselect_number": "PS11741854",
    "manufacturer_number": "WP356138",
    "description": "★★★★★\n★★★★★\n1 Review\nThis clamp helps to prevent leaking by holding the end of water hose in place.",
    "price": "$9.85",
    "stock_status": "In Stock",
    "rating": "2.00 out of 5",
    "reviews_count": 1
  },
  {
    "url": "https://www.partselect.com/PS886319-Whirlpool-8193882-Door-Latch-Bracket-Kit-NO-Handle.htm?SourceCode=18",
    "image_url": "https://partselectcom-gtcdcddbene3cpes.z01.azurefd.net/886319-1-N-Whirlpool-8193882-Door-Latch-Bracket-Kit-NO-Handle.jpg",
    "name": "Roper Dishwasher Door Latch Bracket Kit - No Handle",
    "partselect_number": "PS886319",
    "manufacturer_number": "8193882",
    "description": "★★★★★\n★★★★★\n9 Reviews\nHandle is not included with this part.",
    "price": "$48.45",
    "stock_status": "In Stock",
    "rating": "4.33 out of 5",
    "reviews_count": 9
  },
  {
    "url": "https://www.partselect.com/PS11741266-Whirlpool-WP3369011-Dishwasher-Pump-Housing-Kit.htm?SourceCode=18",
    "image_url": "https://partselectcom-gtcdcddbene3cpes.z01.azurefd.net/11741266-1-N-Whirlpool-WP3369011-Dishwasher-Pump-Housing-Kit.jpg",
    "name": "Roper Dishwasher Pump Housing Kit",
    "partselect_number": "PS11741266",
    "manufacturer_number": "WP3369011",
    "description": "This is the pump housing only.",
    "price": "$56.38",
    "stock_status": "In Stock"
  },
  {
    "url": "https://www.partselect.com/PS12069388-Whirlpool-8193951A-Dishwasher-Impeller-And-Seal-Kit.htm?SourceCode=18",
    "image_url": "https://partselectcom-gtcdcddbene3cpes.z01.azurefd.net/12069388-1-N-Whirlpool-8193951A-Dishwasher-Impeller-And-Seal-Kit.jpg",
    "name": "Roper Dishwasher Impeller And Seal Kit",
    "partselect_number": "PS12069388",
    "manufacturer_number": "8193951A",
    "description": "★★★★★\n★★★★★\n5 Reviews\nThis is the replacement impeller kit for your dishwasher. This impeller kit comes with 4 pieces, including the impeller and seals which you will need for the repair. The impeller and seal kit is mounted on the dishwasher motor. If your dishwasher is not cleaning dishes properly, it may be an indication that your impeller has gone bad, and you are not getting proper water pressure. If the seals have gone bad, your dishwasher may start to leak. If you are having either of these problems, you may need to replace the impeller kit. Be sure to disconnect the water and power source from the dishwasher before you begin this repair. This is an OEM part sourced directly from the manufacturer.",
    "price": "$89.19",
    "stock_status": "In Stock",
    "rating": "4.20 out of 5",
    "reviews_count": 5
  },
  {
    "url": "https://www.partselect.com/PS11741351-Whirlpool-WP3379369-Dishwasher-Upper-Wash-Assembly.htm?SourceCode=18",
    "image_url": "https://partselectcom-gtcdcddbene3cpes.z01.azurefd.net/11741351-1-N-Whirlpool-WP3379369-Dishwasher-Upper-Wash-Assembly.jpg",
    "name": "Roper Dishwasher Upper Wash Assembly",
    "partselect_number": "PS11741351",
    "manufacturer_number": "WP3379369",
    "description": "★★★★★\n★★★★★\n9 Reviews\nNOTE: *Original may have two screw holes, only one screw is needed now.",
    "price": "$43.51",
    "stock_status": "In Stock",
    "rating": "4.22 out of 5",
    "reviews_count": 9
  },
  {
    "url": "https://www.partselect.com/PS11747044-Whirlpool-WP9740674-Dishwasher-Drain-Cover-Gasket.htm?SourceCode=18",
    "image_url": "https://partselectcom-gtcdcddbene3cpes.z01.azurefd.net/11747044-1-N-Whirlpool-WP9740674-Dishwasher-Drain-Cover-Gasket.jpg",
    "name": "Roper Dishwasher Drain Cover Gasket",
    "partselect_number": "PS11747044",
    "manufacturer_number": "WP9740674",
    "description": "★★★★★\n★★★★★\n1 Review",
    "price": "$9.95",
    "stock_status": "In Stock",
    "rating": "5.00 out of 5",
    "reviews_count": 1
  },
  {
    "url": "https://www.partselect.com/PS11769017-Whirlpool-W10871196-Kickplate-Black.htm?SourceCode=18",
    "image_url": "https://partselectcom-gtcdcddbene3cpes.z01.azurefd.net/11769017-1-N-Whirlpool-W10871196-Kickplate-Black.jpg",
    "name": "Roper Dishwasher Kickplate - Black",
    "partselect_number": "PS11769017",
    "manufacturer_number": "W10871196",
    "description": "★★★★★\n★★★★★\n4 Reviews\nNew Black Single Metal Access Panel Replacement Kit. Replaces old two part toe kick plates. Reuse insulation off old panel or see Recommended Parts.",
    "price": "$73.87",
    "stock_status": "In Stock",
    "rating": "4.50 out of 5",
    "reviews_count": 4
  },
  {
    "url": "https://www.partselect.com/PS374015-Whirlpool-4396277-BARRIER.htm?SourceCode=18",
    "image_url": "https://partselectcom-gtcdcddbene3cpes.z01.azurefd.net/374015-1-N-Whirlpool-4396277-BARRIER.jpg",
    "name": "Roper Dishwasher Barrier",
    "partselect_number": "PS374015",
    "manufacturer_number": "4396277",
    "description": "Manufacturer Part Number 4396277",
    "price": "$26.68",
    "stock_status": "In Stock"
  },
  {
    "url": "https://www.partselect.com/PS382470-Whirlpool-661651-Water-Tube.htm?SourceCode=18",
    "image_url": "https://partselectcom-gtcdcddbene3cpes.z01.azurefd.net/382470-1-N-Whirlpool-661651-Water-Tube.jpg",
    "name": "Roper Dishwasher Water Tube",
    "partselect_number": "PS382470",
    "manufacturer_number": "661651",
    "price": "$54.95",
    "stock_status": "In Stock"
  },
  {
    "url": "https://www.partselect.com/PS11748196-Whirlpool-WPW10082896-Dishwasher-Heater-Element.htm?SourceCode=18",
    "image_url": "https://partselectcom-gtcdcddbene3cpes.z01.azurefd.net/11748196-1-N-Whirlpool-WPW10082896-Dishwasher-Heater-Element.jpg",
    "name": "Roper Dishwasher Heater Element",
    "partselect_number": "PS11748196",
    "manufacturer_number": "WPW10082896",
    "description": "★★★★★\n★★★★★\n1 Review\nThis dishwasher heating element is not designed to heat the water that enters it, but is designed to maintain the heat of the water that enters the dishwasher. It is located on the bottom of the dishwasher.",
    "price": "$72.22",
    "stock_status": "On Order",
    "rating": "5.00 out of 5",
    "reviews_count": 1
  },
  {
    "url": "https://www.partselect.com/PS11745491-Whirlpool-WP8268990-Hinge-Bushing.htm?SourceCode=18",
    "image_url": "https://partselectcom-gtcdcddbene3cpes.z01.azurefd.net/11745491-1-N-Whirlpool-WP8268990-Hinge-Bushing.jpg",
    "name": "Roper Dishwasher Hinge Bushing",
    "partselect_number": "PS11745491",
    "manufacturer_number": "WP8268990",
    "description": "★★★★★\n★★★★★\n2 Reviews\nManufacturer Part Number WP8268990",
    "price": "$56.79",
    "stock_status": "In Stock",
    "rating": "5.00 out of 5",
    "reviews_count": 2
  },
  {
    "url": "https://www.partselect.com/PS11755794-Whirlpool-WPW10508676-Tube-Nut.htm?SourceCode=18",
    "image_url": "https://partselectcom-gtcdcddbene3cpes.z01.azurefd.net/11755794-1-N-Whirlpool-WPW10508676-Tube-Nut.jpg",
    "name": "Roper Dishwasher Tube Nut",
    "partselect_number": "PS11755794",
    "manufacturer_number": "WPW10508676",
    "price": "$15.95",
    "stock_status": "On Order"
  },
  {
    "url": "https://www.partselect.com/PS11741273-Whirlpool-WP3369177-Dishwasher-Separator-Seal.htm?SourceCode=18",
    "image_url": "https://partselectcom-gtcdcddbene3cpes.z01.azurefd.net/11741273-1-N-Whirlpool-WP3369177-Dishwasher-Separator-Seal.jpg",
    "name": "Roper Dishwasher Separator Seal",
    "partselect_number": "PS11741273",
    "manufacturer_number": "WP3369177",
    "description": "Manufacturer Part Number WP3369177",
    "price": "$11.95",
    "stock_status": "In Stock"
  },
  {
    "url": "https://www.partselect.com/PS11745469-Whirlpool-WP8268825-Tower-Protector.htm?SourceCode=18",
    "image_url": "https://partselectcom-gtcdcddbene3cpes.z01.azurefd.net/11745469-1-N-Whirlpool-WP8268825-Tower-Protector.jpg",
    "name": "Roper Dishwasher Tower Protector",
    "partselect_number": "PS11745469",
    "manufacturer_number": "WP8268825",
    "description": "★★★★★\n★★★★★\n1 Review\nManufacturer Part Number WP8268825",
    "price": "$51.43",
    "stock_status": "Special Order",
    "rating": "5.00 out of 5",
    "reviews_count": 1
  },
  {
    "url": "https://www.partselect.com/PS11741336-Whirlpool-WP3376961-Dishwasher-Lower-Dishrack-Wheel.htm?SourceCode=18",
    "image_url": "https://partselectcom-gtcdcddbene3cpes.z01.azurefd.net/11741336-1-N-Whirlpool-WP3376961-Dishwasher-Lower-Dishrack-Wheel.jpg",
    "name": "Roper Dishwasher Lower Dishrack Wheel",
    "partselect_number": "PS11741336",
    "manufacturer_number": "WP3376961",
    "description": "Sold Individually.",
    "price": "$45.03",
    "stock_status": "In Stock"
  },
  {
    "url": "https://www.partselect.com/PS11746224-Whirlpool-WP8539066-Dishwasher-Basket-Silverware.htm?SourceCode=18",
    "image_url": "https://partselectcom-gtcdcddbene3cpes.z01.azurefd.net/11746224-1-N-Whirlpool-WP8539066-Dishwasher-Basket-Silverware.jpg",
    "name": "Roper Dishwasher Basket Silverware",
    "partselect_number": "PS11746224",
    "manufacturer_number": "WP8539066",
    "description": "★★★★★\n★★★★★\n1 Review\nThis is a basket for washing flatware or silverware in your dishwasher.",
    "price": "$48.95",
    "stock_status": "Special Order",
    "rating": "5.00 out of 5",
    "reviews_count": 1
  },
  {
    "url": "https://www.partselect.com/PS11743937-Whirlpool-WP719929-Dishwasher-Ball-Check.htm?SourceCode=18",
    "image_url": "https://partselectcom-gtcdcddbene3cpes.z01.azurefd.net/11743937-1-N-Whirlpool-WP719929-Dishwasher-Ball-Check.jpg",
    "name": "Roper Dishwasher Ball Check",
    "partselect_number": "PS11743937",
    "manufacturer_number": "WP719929",
    "price": "$10.95",
    "stock_status": "Special Order"
  },
  {
    "url": "https://www.partselect.com/PS11741247-Whirlpool-WP3367052-Hose-Clamp.htm?SourceCode=18",
    "image_url": "https://partselectcom-gtcdcddbene3cpes.z01.azurefd.net/11741247-1-N-Whirlpool-WP3367052-Hose-Clamp.jpg",
    "name": "Roper Dishwasher Hose Clamp",
    "partselect_number": "PS11741247",
    "manufacturer_number": "WP3367052",
    "price": "$9.95",
    "stock_status": "In Stock"
  },
  {
    "url": "https://www.partselect.com/PS11745494-Whirlpool-WP8269024-Dishwasher-Middle-Spray-Arm.htm?SourceCode=18",
    "image_url": "https://partselectcom-gtcdcddbene3cpes.z01.azurefd.net/11745494-1-N-Whirlpool-WP8269024-Dishwasher-Middle-Spray-Arm.jpg",
    "name": "Roper Dishwasher Middle Spray Arm",
    "partselect_number": "PS11745494",
    "manufacturer_number": "WP8269024",
    "description": "Water is forced through this spray arm by the unit's pump and motor assembly. The force of the water propels the spray arms, spraying water and detergent onto the dishes on the dishrack.",
    "price": "$45.49",
    "stock_status": "In Stock"
  },
  {
    "url": "https://www.partselect.com/PS382766-Whirlpool-675679-Dishwasher-Tine-Tips.htm?SourceCode=18",
    "image_url": "https://partselectcom-gtcdcddbene3cpes.z01.azurefd.net/382766-1-N-Whirlpool-675679-Dishwasher-Tine-Tips.jpg",
    "name": "Roper Dishwasher Tine Tips",
    "partselect_number": "PS382766",
    "manufacturer_number": "675679",
    "description": "★★★★★\n★★★★★\n1 Review\nHave to be installed with adhesive which is sold separately.",
    "price": "$26.95",
    "stock_status": "Special Order",
    "rating": "5.00 out of 5",
    "reviews_count": 1
  },
  {
    "url": "https://www.partselect.com/PS2362272-Whirlpool-4396838RC-Dishrack-Repair-Kit.htm?SourceCode=18",
    "image_url": "https://partselectcom-gtcdcddbene3cpes.z01.azurefd.net/2362272-1-N-Whirlpool-4396838RC-Dishrack-Repair-Kit.jpg",
    "name": "Roper Dishwasher Dishrack Repair Kit",
    "partselect_number": "PS2362272",
    "manufacturer_number": "4396838RC",
    "description": "★★★★★\n★★★★★\n1 Review\nThis kit includes vinyl touch-up paint, tip tines, and instructions.",
    "price": "$52.42",
    "stock_status": "In Stock",
    "rating": "5.00 out of 5",
    "reviews_count": 1
  },
  {
    "url": "https://www.partselect.com/PS343883-Whirlpool-3376405-ELBOW.htm?SourceCode=18",
    "image_url": "https://partselectcom-gtcdcddbene3cpes.z01.azurefd.net/343883-1-N-Whirlpool-3376405-ELBOW.jpg",
    "name": "Roper Dishwasher Elbow",
    "partselect_number": "PS343883",
    "manufacturer_number": "3376405",
    "price": "$12.95",
    "stock_status": "Special Order"
  }
]