[
  {
    "url": "https://www.partselect.com/PS11739119-Whirlpool-WP2188656-Refrigerator-Crisper-Drawer-w-Humidity-Control.htm?SourceCode=18",
    "image_url": "https://partselectcom-gtcdcddbene3cpes.z01.azurefd.net/11739119-1-N-Whirlpool-WP2188656-Refrigerator-Crisper-Drawer-w-Humidity-Control.jpg",
    "name": "Roper Refrigerator Crisper Drawer W/humidity Control",
    "partselect_number": "PS11739119",
    "manufacturer_number": "WP2188656",
    "description": "★★★★★\n★★★★★\n486 Reviews\nThe crisper drawer (Crisper Pan, Refrigerator Crisper Drawer) with humidity control is meant to keep your vegetables and fruit as fresh as possible by allowing you to regulate the humidity levels within the drawer. It attaches on the inside of your refrigerator to the bottom of the crisper shelf. This drawer can break from misuse or accidental damage. It is also subject to material fatigue over time. If broken or damaged, it may be difficult to slide the drawer in and out, and it should be replaced. This plastic drawer measures 14.92 inches long, 7.6 inches high, and 16.5 inches wide and comes in white/clear.",
    "price": "$\n73.27",
    "stock_status": "In Stock",
    "rating": "4.8/5",
    "reviews_count": 486,
    "reviews": [],
    "repair_stories": [],
    "symptoms_fixed": "Door won’t open or close | Ice maker not making ice | Leaking | Ice maker won’t dispense ice",
    "works_with": "Refrigerator.",
    "also_replaces": [
      "AP6006055",
      "2173384",
      "2173386",
      "2173694",
      "2173714",
      "2173715",
      "2174109",
      "2174416",
      "2175075",
      "2179281",
      "2179347",
      "2188652",
      "2188656",
      "2189529",
      "2189629",
      "2194072",
      "2194078",
      "2194081",
      "2194087",
      "2194904 ... Show more"
    ],
    "video_url": "https://www.youtube.com/watch?v=yqWpzesAc6U"
  },
  {
    "url": "https://www.partselect.com/PS11739091-Whirlpool-WP2187172-Refrigerator-Door-Bin.htm?SourceCode=18",
    "image_url": "https://partselectcom-gtcdcddbene3cpes.z01.azurefd.net/11739091-1-N-Whirlpool-WP2187172-Refrigerator-Door-Bin.jpg",
    "name": "Roper Refrigerator Door Bin",
    "partselect_number": "PS11739091",
    "manufacturer_number": "WP2187172",
    "description": "★★★★★\n★★★★★\n255 Reviews\nThe white refrigerator door bin is an essential component for maximizing the storage capacity of your appliance. Measuring approximately 16.25\" wide, 3.25\" high, and 6.25\" deep, it securely holds jars, bottles, and other items in an accessible location on the refrigerator door. This bin is made from sturdy materials to withstand daily use and is designed to fit seamlessly into compatible refrigerator models. Installation is straightforward—simply follow the instructions provided in your owner’s manual. Confirm compatibility by matching the bin’s dimensions to your appliance before purchasing.",
    "price": "$\n39.86",
    "stock_status": "In Stock",
    "rating": "5.0/5",
    "reviews_count": 255,
    "reviews": [],
    "repair_stories": [],
    "symptoms_fixed": "Leaking | Door won’t open or close | Ice maker not making ice",
    "works_with": "Refrigerator.",
    "also_replaces": [
      "AP6006028",
      "2187172",
      "2187172K",
      "2187194",
      "2187194K",
      "WP2187172VP"
    ],
    "video_url": ""
  },
  {
    "url": "https://www.partselect.com/PS11739122-Whirlpool-WP2188664-Refrigerator-Meat-Vegetable-Drawer-w-Handle.htm?SourceCode=18",
    "image_url": "https://partselectcom-gtcdcddbene3cpes.z01.azurefd.net/11739122-1-N-Whirlpool-WP2188664-Refrigerator-Meat-Vegetable-Drawer-w-Handle.jpg",
    "name": "Roper Refrigerator Meat/vegetable Drawer W/handle",
    "partselect_number": "PS11739122",
    "manufacturer_number": "WP2188664",
    "description": "★★★★★\n★★★★★\n154 Reviews\nThis OEM, clear convertible meat drawer can be used to store meats or vegetables and is designed for the lower portion of your refrigerator, generally. It has its own cold air duct to allow cold air from the freezer to flow into the drawer. You could have a broken or faulty drawer if you find that the food is kept within is spoiling or drying out quickly. The drawer should slide open and closed with ease. If your drawer will not easily slide open or closed, check the tracks that the drawer slides on. If the tracks are not damaged, the drawer itself could be at fault and should be replaced. Inspect it for visible damage like cracking or warping, which should be obvious. This part measures approximately 16 7/16 inches wide x 14 5/16 inches deep x 7 5/8 inches high and is a genuine OEM replacement part. It is sold individually. Note that there are several different types and options for the lower vegetable and meat drawers for your refrigerator, and you should check your user manual carefully to ensure that this is the drawer you are looking for.",
    "price": "$\n61.97",
    "stock_status": "In Stock",
    "rating": "4.8/5",
    "reviews_count": 154,
    "reviews": [],
    "repair_stories": [],
    "symptoms_fixed": "Door won’t open or close | Leaking",
    "works_with": "Refrigerator.",
    "also_replaces": [
      "AP6006058",
      "2173385",
      "2173387",
      "2173696",
      "2175073",
      "2175076",
      "2179276",
      "2179279",
      "2179282",
      "2179348",
      "2188654",
      "2188664",
      "2188665",
      "2188724",
      "2189530",
      "2189630",
      "2194074",
      "2194076",
      "2194079",
      "2194082 ... Show more"
    ],
    "video_url": "https://www.youtube.com/watch?v=SaXgE3UwJ-k"
  },
  {
    "url": "https://www.partselect.com/PS884734-Whirlpool-8009-Refrigerator-Light-Bulb-40w.htm?SourceCode=18",
    "image_url": "https://partselectcom-gtcdcddbene3cpes.z01.azurefd.net/884734-1-N-Whirlpool-8009-Refrigerator-Light-Bulb-40w.jpg",
    "name": "Roper Refrigerator Light Bulb (40w)",
    "partselect_number": "PS884734",
    "manufacturer_number": "8009",
    "description": "★★★★★\n★★★★★\n78 Reviews\nThis an authentic OEM 40-Watt replacement light bulb, used in a number of household appliances. It is specially designed to withstand extreme temperatures, which is why these replacement bulbs are most often used to light the inside of refrigerators and ranges. It features a standard socket base, which means you simply unscrew the burnt-out bulb and screw in the replacement. Depending on the appliance you may require a screwdriver or nut driver to access the light bulb. We recommend you wear work gloves while handling this replacement part. It is constructed of glass and metal and is sold individually. Depending on the appliance and location of the bulb within it, you may want to consider disconnecting power and using a flashlight for easier access to unscrewing and re-screwing in your bulb during this repair.",
    "price": "$16.44",
    "stock_status": "In Stock",
    "rating": "4.64 out of 5",
    "reviews_count": 78
  },
  {
    "url": "https://www.partselect.com/PS11739042-Whirlpool-WP2182179-Refrigerator-Lower-Door-Closing-Cam.htm?SourceCode=18",
    "image_url": "https://partselectcom-gtcdcddbene3cpes.z01.azurefd.net/11739042-1-N-Whirlpool-WP2182179-Refrigerator-Lower-Door-Closing-Cam.jpg",
    "name": "Roper Refrigerator Lower Door Closing Cam",
    "partselect_number": "PS11739042",
    "manufacturer_number": "WP2182179",
    "description": "★★★★★\n★★★★★\n94 Reviews\nThe lower door closing cam is used in refrigerator doors, it can be located on the fresh food side or the freezer side. It helps hold the door open. This cam is made out of plastic, so it might crack or wear down over time. If your door will not open and close properly you may need to replace the door closing cam. To successfully install this part, you will need a 5/16 nut driver and a small flat blade screwdriver. Before you begin, unplug your appliance and disconnect the water supply. Lubricating this part may help with installation. This replacement part is sold individually. This part will fit both the left and right side of your refrigerator door. To make the repair, remove the top hinge cover, then the top hinge support. Lift the door from the bottom support and remove the old door cams. Replace the cams, using a little lubricant if necessary, and place the door back on the lower hinge support. Replace the top hinge support and your repair is complete!",
    "price": "$9.65",
    "stock_status": "In Stock",
    "rating": "4.56 out of 5",
    "reviews_count": 94
  },
  {
    "url": "https://www.partselect.com/PS358591-Whirlpool-4317943-Replacement-Ice-Maker.htm?SourceCode=18",
    "image_url": "https://partselectcom-gtcdcddbene3cpes.z01.azurefd.net/358591-1-N-Whirlpool-4317943-Replacement-Ice-Maker.jpg",
    "name": "Roper Refrigerator Replacement Ice Maker",
    "partselect_number": "PS358591",
    "manufacturer_number": "4317943",
    "description": "★★★★★\n★★★★★\n249 Reviews\nThis ice maker (Complete Icemaker Assembly, Whirlpool Icemaker Kit, Ice Maker Assembly, Refrigerator Ice Maker, Icemaker) receives water from the water inlet valve, freezes it, and dispenses it into the ice bucket until the bucket is full. Ice makers will need to be replaced every 3-10 years depending on the frequency of usage, and water quality. You can perform a voltage test with a multimeter or perform an inlet valve test. If you’re unable to make ice, or notice leaks then it may be a sign your ice maker is damaged and could be in need of a replacement. This model measures approximately 11x5 inches, is constructed of plastic and metal, and comes in black/silver. This ice maker is a complete assembly; the whole assembly attaches to the wall of your freezer. ***NOTE: Ice maker does NOT come with the bail or shut off arm. You must order them separately if required. It does come complete with flat and round plug wiring harness, the mounting hardware, and the instructions. The harness can be reused. The ice maker will not fit refrigerators that have the ice auger mounted on the door.",
    "price": "$131.03",
    "stock_status": "In Stock",
    "rating": "4.76 out of 5",
    "reviews_count": 249
  },
  {
    "url": "https://www.partselect.com/PS11757023-Whirlpool-WPW10662129-Refrigerator-Capacitor.htm?SourceCode=18",
    "image_url": "https://partselectcom-gtcdcddbene3cpes.z01.azurefd.net/11757023-1-N-Whirlpool-WPW10662129-Refrigerator-Capacitor.jpg",
    "name": "Roper Refrigerator Capacitor",
    "partselect_number": "PS11757023",
    "manufacturer_number": "WPW10662129",
    "description": "★★★★★\n★★★★★\n43 Reviews\nThis capacitor (Refrigerator and Freezer Compressor Run Capacitor, Run Capacitor) provides the voltage or energy current required to start the compressor and keep it running. It allows the compressor in your appliance to easily cycle on and off. This capacitor mounts directly onto the compressor starting relay. If the capacitor is faulty the compressor may get unusually hot and draw excessive amperage. It the compressor overheats, it may fail to run until it cools down again. The compressor may also get noisy from overheating. If this part is totally electrically open, it is defective (often due to overheating) and needs to be replaced. The part measures 1 inch by 1-1/2 inches, and is constructed of plastic with two metal wire terminals. This item includes 1 capacitor, sold individually. This part comes in black.",
    "price": "$41.66",
    "stock_status": "In Stock",
    "rating": "4.28 out of 5",
    "reviews_count": 43
  },
  {
    "url": "https://www.partselect.com/PS12728638-Whirlpool-W11384469-Refrigerator-Door-Switch.htm?SourceCode=18",
    "image_url": "https://partselectcom-gtcdcddbene3cpes.z01.azurefd.net/12728638-1-N-Whirlpool-W11384469-Refrigerator-Door-Switch.jpg",
    "name": "Roper Refrigerator Door Switch",
    "partselect_number": "PS12728638",
    "manufacturer_number": "W11384469",
    "description": "★★★★★\n★★★★★\n94 Reviews\nDoor switch turns the light off when you close the door.",
    "price": "$27.11",
    "stock_status": "In Stock",
    "rating": "4.63 out of 5",
    "reviews_count": 94
  },
  {
    "url": "https://www.partselect.com/PS3497634-Whirlpool-W10408179-Refrigerator-Water-Inlet-Valve.htm?SourceCode=18",
    "image_url": "https://partselectcom-gtcdcddbene3cpes.z01.azurefd.net/3497634-1-N-Whirlpool-W10408179-Refrigerator-Water-Inlet-Valve.jpg",
    "name": "Roper Refrigerator Water Inlet Valve",
    "partselect_number": "PS3497634",
    "manufacturer_number": "W10408179",
    "description": "★★★★★\n★★★★★\n98 Reviews\nThe water inlet valve (Refrigerator Water Inlet Valve Kit) provides water for the ice maker and water dispenser. This part is located at the back of the refrigerator, and connects to the water supply. If your water inlet valve is malfunctioning, you could be getting a lack of water to the inside of your refrigerator. Your ice maker may not produce cubes or your water dispenser may not work. This breakage can occur from material fatigue or normal use, and is a sign the part should be replaced soon. The water inlet valve must be replaced if the solenoids no longer have continuity or the valve has internal blockage. The part measures approximately 6.5 inches long and 3 inches wide and is constructed of plastic and metal. It comes in blue/green/red.",
    "price": "$99.53",
    "stock_status": "In Stock",
    "rating": "4.70 out of 5",
    "reviews_count": 98
  },
  {
    "url": "https://www.partselect.com/PS11752991-Whirlpool-WPW10329686-Refrigerator-Door-Cam.htm?SourceCode=18",
    "image_url": "https://partselectcom-gtcdcddbene3cpes.z01.azurefd.net/11752991-1-N-Whirlpool-WPW10329686-Refrigerator-Door-Cam.jpg",
    "name": "Roper Refrigerator Door Cam",
    "partselect_number": "PS11752991",
    "manufacturer_number": "WPW10329686",
    "description": "★★★★★\n★★★★★\n72 Reviews\nThe Door Cam is a black plastic part which helps the door pivot shut while keeping the door and hinge in proper alignment. Lubricating this part upon installation may help it move easier. It attaches onto the door hinge and should be replaced if broken or if there is noticeable damage. Refer to your model number and user manual to ensure this is the correct part for you. To do this repair you will need a 5/6 nut driver, a 5/16 socket, and a ratchet. For safety purposes, do not forget to turn off your appliance before making this repair. Note that this piece is black, and as per the manufacturer requires a new screw to mount the door cam which is sold individually. Please also note that this is the closing cam for the lower door, and the upper door cam is sold as a separate kit.",
    "price": "$9.65",
    "stock_status": "In Stock",
    "rating": "4.72 out of 5",
    "reviews_count": 72
  },
  {
    "url": "https://www.partselect.com/PS11739083-Whirlpool-WP2186443-Refrigerator-Housing-Water-Filter.htm?SourceCode=18",
    "image_url": "https://partselectcom-gtcdcddbene3cpes.z01.azurefd.net/11739083-1-N-Whirlpool-WP2186443-Refrigerator-Housing-Water-Filter.jpg",
    "name": "Roper Refrigerator Housing Water Filter",
    "partselect_number": "PS11739083",
    "manufacturer_number": "WP2186443",
    "description": "★★★★★\n★★★★★\n25 Reviews\nThe filter is NOT included with this part. This part has a 1/4\" and a 5/16\" push on fittings - that way, you can push in the water lines for easy installation.",
    "price": "$55.05",
    "stock_status": "In Stock",
    "rating": "4.56 out of 5",
    "reviews_count": 25
  },
  {
    "url": "https://www.partselect.com/PS11750123-Whirlpool-WPW10197428-Refrigerator-Compressor-Start-Relay.htm?SourceCode=18",
    "image_url": "https://partselectcom-gtcdcddbene3cpes.z01.azurefd.net/11750123-1-N-Whirlpool-WPW10197428-Refrigerator-Compressor-Start-Relay.jpg",
    "name": "Roper Refrigerator Compressor Start Relay",
    "partselect_number": "PS11750123",
    "manufacturer_number": "WPW10197428",
    "description": "★★★★★\n★★★★★\n7 Reviews\nThis compressor start relay is for refrigerators. The compressor start relay attaches to the compressor and helps start the compressor motor. Safely store any food that could deteriorate while the power is off and unplug the refrigerator before installing this part.",
    "price": "$48.40",
    "stock_status": "In Stock",
    "rating": "5.00 out of 5",
    "reviews_count": 7
  },
  {
    "url": "https://www.partselect.com/PS11740365-Whirlpool-WP2315576-Refrigerator-Single-Water-Inlet-Valve-120v-60hz-35w.htm?SourceCode=18",
    "image_url": "https://partselectcom-gtcdcddbene3cpes.z01.azurefd.net/11740365-1-N-Whirlpool-WP2315576-Refrigerator-Single-Water-Inlet-Valve-120v-60hz-35w.jpg",
    "name": "Roper Refrigerator Single Water Inlet Valve 120v 60hz 35w",
    "partselect_number": "PS11740365",
    "manufacturer_number": "WP2315576",
    "description": "★★★★★\n★★★★★\n28 Reviews\nThe single water inlet valve, also known as a water solenoid valve, is used for refrigerators. This part is a solenoid-operated switch that releases water from the supply line to the water valve and into the icemaker mold when activated. If your icemaker is making small cubes, does not dispense ice or water, or leaks, this replacement could solve the issue. The tools needed for this repair are a 1/4 inch nut driver and a utility knife. Refer to the diagram provided by the manufacturer for further instructions. As a safety precaution, remember to unplug your dryer from the power source.",
    "price": "$51.79",
    "stock_status": "In Stock",
    "rating": "4.64 out of 5",
    "reviews_count": 28
  },
  {
    "url": "https://www.partselect.com/PS11738900-Whirlpool-WP2149705-Door-Light-Switch.htm?SourceCode=18",
    "image_url": "https://partselectcom-gtcdcddbene3cpes.z01.azurefd.net/11738900-1-N-Whirlpool-WP2149705-Door-Light-Switch.jpg",
    "name": "Roper Refrigerator Door Light Switch",
    "partselect_number": "PS11738900",
    "manufacturer_number": "WP2149705",
    "description": "★★★★★\n★★★★★\n15 Reviews\nThe purpose of the light switch in your refrigerator is to automatically turn on the light when the door is opened. If the light does not come on automatically when you open the door, the contacts inside the light switch may be burned out, meaning it is time to replace the switch. This package contains both the new light switch and a small plastic spacer. To complete this repair, you will need to remove the control panel section of your refrigerator. The only tools you will require for this repair are a 1/4-inch nut driver and maybe a small flat blade screwdriver. Be sure to disconnect the power source from the refrigerator before completing this repair.",
    "price": "$36.81",
    "stock_status": "In Stock",
    "rating": "4.20 out of 5",
    "reviews_count": 15
  },
  {
    "url": "https://www.partselect.com/PS358690-Whirlpool-4318165-Refrigerator-Door-Closing-Cam-Kit.htm?SourceCode=18",
    "image_url": "https://partselectcom-gtcdcddbene3cpes.z01.azurefd.net/358690-1-N-Whirlpool-4318165-Refrigerator-Door-Closing-Cam-Kit.jpg",
    "name": "Roper Refrigerator Door Closing Cam Kit",
    "partselect_number": "PS358690",
    "manufacturer_number": "4318165",
    "description": "★★★★★\n★★★★★\n30 Reviews\nThis door closing cam kit is intended for use with the bottom of refrigerator and freezer door hinges. The cam helps with the closing of the doors and to keep them slightly in position when opened.",
    "price": "$19.35",
    "stock_status": "In Stock",
    "rating": "4.70 out of 5",
    "reviews_count": 30
  },
  {
    "url": "https://www.partselect.com/PS371829-Whirlpool-4388286-Refrigerator-Door-Shelf-End-Cap-Kit.htm?SourceCode=18",
    "image_url": "https://partselectcom-gtcdcddbene3cpes.z01.azurefd.net/371829-1-N-Whirlpool-4388286-Refrigerator-Door-Shelf-End-Cap-Kit.jpg",
    "name": "Roper Refrigerator Door Shelf End Cap Kit",
    "partselect_number": "PS371829",
    "manufacturer_number": "4388286",
    "description": "★★★★★\n★★★★★\n17 Reviews\nThis door shelf end cap kit contains two white end caps, two adhesive strips, and an instructions sheet. Each end cap can be used as either for the left side or the right side.",
    "price": "$18.38",
    "stock_status": "In Stock",
    "rating": "4.88 out of 5",
    "reviews_count": 17
  },
  {
    "url": "https://www.partselect.com/PS11739110-Whirlpool-WP2188234-Flip-Up-Shelf.htm?SourceCode=18",
    "image_url": "https://partselectcom-gtcdcddbene3cpes.z01.azurefd.net/11739110-1-N-Whirlpool-WP2188234-Flip-Up-Shelf.jpg",
    "name": "Roper Refrigerator Flip-up Shelf",
    "partselect_number": "PS11739110",
    "manufacturer_number": "WP2188234",
    "description": "★★★★★\n★★★★★\n3 Reviews\nManufacturer Part Number WP2188234",
    "price": "$43.15",
    "stock_status": "On Order",
    "rating": "5.00 out of 5",
    "reviews_count": 3
  },
  {
    "url": "https://www.partselect.com/PS385132-Whirlpool-72017-Refrigerator-Touchup-Paint-White.htm?SourceCode=18",
    "image_url": "https://partselectcom-gtcdcddbene3cpes.z01.azurefd.net/385132-1-N-Whirlpool-72017-Refrigerator-Touchup-Paint-White.jpg",
    "name": "Roper Refrigerator Touchup Paint (white)",
    "partselect_number": "PS385132",
    "manufacturer_number": "72017",
    "description": "★★★★★\n★★★★★\n7 Reviews\nThis touch-up paint can be used on a wide variety of household appliances. It is most often used on washers, dryer, refrigerators, dishwashers, ranges, freezers, trash compactors, or microwaves. It is an 18 ml, or.6 fluid ounces, bottle of touch-up paint. It also features a brush for easy application. This quick-drying, long-lasting paint is perfect for fixing any nicks, scratches, or chips on the exterior of your appliance. This paint is white in color, and provides a durable finish.",
    "price": "$11.59",
    "stock_status": "In Stock",
    "rating": "4.29 out of 5",
    "reviews_count": 7
  },
  {
    "url": "https://www.partselect.com/PS11739204-Whirlpool-WP2195916K-Refrigerator-Door-Shelf-End-Cap.htm?SourceCode=18",
    "image_url": "https://partselectcom-gtcdcddbene3cpes.z01.azurefd.net/11739204-1-N-Whirlpool-WP2195916K-Refrigerator-Door-Shelf-End-Cap.jpg",
    "name": "Roper Refrigerator Door Shelf End Cap",
    "partselect_number": "PS11739204",
    "manufacturer_number": "WP2195916K",
    "description": "★★★★★\n★★★★★\n6 Reviews\nSold Individually.",
    "price": "$15.47",
    "stock_status": "In Stock",
    "rating": "3.83 out of 5",
    "reviews_count": 6
  },
  {
    "url": "https://www.partselect.com/PS11738928-Whirlpool-WP2156006-Refrigerator-End-Cap-Trim-Piece.htm?SourceCode=18",
    "image_url": "https://partselectcom-gtcdcddbene3cpes.z01.azurefd.net/11738928-1-N-Whirlpool-WP2156006-Refrigerator-End-Cap-Trim-Piece.jpg",
    "name": "Roper Refrigerator End Cap Trim Piece",
    "partselect_number": "PS11738928",
    "manufacturer_number": "WP2156006",
    "description": "★★★★★\n★★★★★\n4 Reviews\nSold individually.",
    "price": "$10.62",
    "stock_status": "On Order",
    "rating": "4.00 out of 5",
    "reviews_count": 4
  },
  {
    "url": "https://www.partselect.com/PS323891-Whirlpool-2159057-Refrigerator-Fresh-Food-Door-Gasket.htm?SourceCode=18",
    "image_url": "https://partselectcom-gtcdcddbene3cpes.z01.azurefd.net/323891-1-N-Whirlpool-2159057-Refrigerator-Fresh-Food-Door-Gasket.jpg",
    "name": "Roper Refrigerator Fresh Food Door Gasket",
    "partselect_number": "PS323891",
    "manufacturer_number": "2159057",
    "description": "★★★★★\n★★★★★\n4 Reviews\nThis door gasket is used to seal the refrigerator door when closed to keep the cool air inside and the room air out.",
    "price": "$101.47",
    "stock_status": "In Stock",
    "rating": "3.75 out of 5",
    "reviews_count": 4
  },
  {
    "url": "https://www.partselect.com/PS11739035-Whirlpool-WP2180353-Refrigerator-Ice-Dispenser-Door-Chute.htm?SourceCode=18",
    "image_url": "https://partselectcom-gtcdcddbene3cpes.z01.azurefd.net/11739035-1-N-Whirlpool-WP2180353-Refrigerator-Ice-Dispenser-Door-Chute.jpg",
    "name": "Roper Refrigerator Ice Dispenser Door Chute",
    "partselect_number": "PS11739035",
    "manufacturer_number": "WP2180353",
    "description": "★★★★★\n★★★★★\n9 Reviews\n*Please note, this door chute is no longer being manufactured with a heater.",
    "price": "$16.44",
    "stock_status": "In Stock",
    "rating": "4.89 out of 5",
    "reviews_count": 9
  },
  {
    "url": "https://www.partselect.com/PS11739755-Whirlpool-WP2218132K-Meat-Drawer.htm?SourceCode=18",
    "image_url": "https://partselectcom-gtcdcddbene3cpes.z01.azurefd.net/11739755-1-N-Whirlpool-WP2218132K-Meat-Drawer.jpg",
    "name": "Roper Refrigerator Meat Drawer",
    "partselect_number": "PS11739755",
    "manufacturer_number": "WP2218132K",
    "description": "★★★★★\n★★★★★\n21 Reviews\nSold individually.",
    "price": "$105.04",
    "stock_status": "In Stock",
    "rating": "4.95 out of 5",
    "reviews_count": 21
  },
  {
    "url": "https://www.partselect.com/PS11739157-Whirlpool-WP2192009-Refrigerator-Crisper-Pan.htm?SourceCode=18",
    "image_url": "https://partselectcom-gtcdcddbene3cpes.z01.azurefd.net/11739157-1-N-Whirlpool-WP2192009-Refrigerator-Crisper-Pan.jpg",
    "name": "Roper Refrigerator Crisper Pan",
    "partselect_number": "PS11739157",
    "manufacturer_number": "WP2192009",
    "description": "★★★★★\n★★★★★\n6 Reviews\nDrawer only.",
    "price": "$88.31",
    "stock_status": "In Stock",
    "rating": "5.00 out of 5",
    "reviews_count": 6
  },
  {
    "url": "https://www.partselect.com/PS347819-Whirlpool-350930-White-Appliance-Paint-12oz.htm?SourceCode=18",
    "image_url": "https://partselectcom-gtcdcddbene3cpes.z01.azurefd.net/347819-1-N-Whirlpool-350930-White-Appliance-Paint-12oz.jpg",
    "name": "Roper Refrigerator White Appliance Paint (12oz)",
    "partselect_number": "PS347819",
    "manufacturer_number": "350930",
    "description": "★★★★★\n★★★★★\n3 Reviews\nAppliance spray paint is a great way to cover up any chips and scratches that have appeared on your appliances. Instead of replacing the part entirely, this is an easy fix. This is also a great way to give a fresh new look to any handles or areas that have discoloring due to wear. Make sure to clean the area before you begin and wear a protective mask for safety. Give the can a good shake and spray a few inches away from the surface. Apply the paint until the area is fully covered as desired. Wait until the paint has dried before using the appliance.",
    "price": "$24.20",
    "stock_status": "In Stock",
    "rating": "5.00 out of 5",
    "reviews_count": 3
  },
  {
    "url": "https://www.partselect.com/PS2341896-Whirlpool-W10190935-Ice-Maker-Control-Assembly.htm?SourceCode=18",
    "image_url": "https://partselectcom-gtcdcddbene3cpes.z01.azurefd.net/2341896-1-N-Whirlpool-W10190935-Ice-Maker-Control-Assembly.jpg",
    "name": "Roper Refrigerator Ice Maker Control Assembly",
    "partselect_number": "PS2341896",
    "manufacturer_number": "W10190935",
    "description": "★★★★★\n★★★★★\n31 Reviews\nThe “Icemaker Control Assembly” (Module & Motor Assembly, Ice Maker Control Module, Icemaker Module, Refrigerator Ice Maker Module) is what controls the actions of your ice maker. The control turns the timing cams and the ejector blades. It controls most of the basic parts and functions such as the heater, water inlet valve, the cube size, and cube ejection. If your ice maker control is broken it can no longer properly control the ice maker functions. It may not produce any ice, make small ice cubes, or have intermittent operation. This can occur due to normal wear and tear. The icemaker control assembly is attached to the ice maker mold, and is under the white cover. Test the icemaker control assembly by using a multimeter. If this reveals the assembly to be defective, you will need to replace this part. It is approximately 4.25 inches square, beige, and is constructed of plastic and metal. This replacement part features one icemaker control assembly, including the control module and the motor.",
    "price": "$61.70",
    "stock_status": "In Stock",
    "rating": "4.84 out of 5",
    "reviews_count": 31
  },
  {
    "url": "https://www.partselect.com/PS358766-Whirlpool-4318297-Door-Shelf-End-Cap-Set.htm?SourceCode=18",
    "image_url": "https://partselectcom-gtcdcddbene3cpes.z01.azurefd.net/358766-1-N-Whirlpool-4318297-Door-Shelf-End-Cap-Set.jpg",
    "name": "Roper Refrigerator Door Shelf End Cap Set",
    "partselect_number": "PS358766",
    "manufacturer_number": "4318297",
    "description": "★★★★★\n★★★★★\n20 Reviews\nThis door shelf end cap set contains two white end caps and adhesive tape.",
    "price": "$21.51",
    "stock_status": "On Order",
    "rating": "4.70 out of 5",
    "reviews_count": 20
  },
  {
    "url": "https://www.partselect.com/PS11739221-Whirlpool-WP2196100-Refrigerator-Shelf-Retainer-End-Cap.htm?SourceCode=18",
    "image_url": "https://partselectcom-gtcdcddbene3cpes.z01.azurefd.net/11739221-1-N-Whirlpool-WP2196100-Refrigerator-Shelf-Retainer-End-Cap.jpg",
    "name": "Roper Refrigerator Shelf Retainer End Cap",
    "partselect_number": "PS11739221",
    "manufacturer_number": "WP2196100",
    "description": "★★★★★\n★★★★★\n1 Review\nSold individually.",
    "price": "$9.75",
    "stock_status": "In Stock",
    "rating": "5.00 out of 5",
    "reviews_count": 1
  },
  {
    "url": "https://www.partselect.com/PS11751714-Whirlpool-WPW10276354-Refrigerator-Spill-guard-Glass-Shelf.htm?SourceCode=18",
    "image_url": "https://partselectcom-gtcdcddbene3cpes.z01.azurefd.net/11751714-1-N-Whirlpool-WPW10276354-Refrigerator-Spill-guard-Glass-Shelf.jpg",
    "name": "Roper Refrigerator Spill Guard Glass Shelf",
    "partselect_number": "PS11751714",
    "manufacturer_number": "WPW10276354",
    "description": "★★★★★\n★★★★★\n16 Reviews\nThis is the frame and the glass together. Follow the directions in the owner's manual to install refrigerator shelf WPW10276354 in your refrigerator. Wear work gloves to protect your hands.",
    "price": "$132.62",
    "stock_status": "In Stock",
    "rating": "4.75 out of 5",
    "reviews_count": 16
  },
  {
    "url": "https://www.partselect.com/PS11739007-Whirlpool-WP2176225-Refrigerator-Crisper-Drawer-Glass.htm?SourceCode=18",
    "image_url": "https://partselectcom-gtcdcddbene3cpes.z01.azurefd.net/11739007-1-N-Whirlpool-WP2176225-Refrigerator-Crisper-Drawer-Glass.jpg",
    "name": "Roper Refrigerator Crisper Drawer Glass",
    "partselect_number": "PS11739007",
    "manufacturer_number": "WP2176225",
    "description": "★★★★★\n★★★★★\n32 Reviews\nFrame Not Included. Glass Only.",
    "price": "$118.43",
    "stock_status": "On Order",
    "rating": "4.88 out of 5",
    "reviews_count": 32
  },
  {
    "url": "https://www.partselect.com/PS317560-Whirlpool-1129316-Add-On-Ice-Maker-Assembly.htm?SourceCode=18",
    "image_url": "https://partselectcom-gtcdcddbene3cpes.z01.azurefd.net/317560-1-N-Whirlpool-1129316-Add-On-Ice-Maker-Assembly.jpg",
    "name": "Roper Refrigerator Add-on Ice Maker Assembly",
    "partselect_number": "PS317560",
    "manufacturer_number": "1129316",
    "description": "★★★★★\n★★★★★\n7 Reviews\nThis icemaker kit comes with a flat plug, wiring harness, fill tube, water inlet valve, ice bin, mounting hardware, and instructions.",
    "price": "$77.85",
    "stock_status": "In Stock",
    "rating": "4.43 out of 5",
    "reviews_count": 7
  },
  {
    "url": "https://www.partselect.com/PS11739650-Whirlpool-WP2207942-Compartment-Door-Clear.htm?SourceCode=18",
    "image_url": "https://partselectcom-gtcdcddbene3cpes.z01.azurefd.net/11739650-1-N-Whirlpool-WP2207942-Compartment-Door-Clear.jpg",
    "name": "Roper Refrigerator Compartment Door (clear)",
    "partselect_number": "PS11739650",
    "manufacturer_number": "WP2207942",
    "description": "★★★★★\n★★★★★\n4 Reviews",
    "price": "$48.45",
    "stock_status": "In Stock",
    "rating": "4.75 out of 5",
    "reviews_count": 4
  },
  {
    "url": "https://www.partselect.com/PS11740473-Whirlpool-WP2325483-Pin-Hinge.htm?SourceCode=18",
    "image_url": "https://partselectcom-gtcdcddbene3cpes.z01.azurefd.net/11740473-1-N-Whirlpool-WP2325483-Pin-Hinge.jpg",
    "name": "Roper Refrigerator Pin Hinge",
    "partselect_number": "PS11740473",
    "manufacturer_number": "WP2325483",
    "price": "$9.75",
    "stock_status": "In Stock"
  },
  {
    "url": "https://www.partselect.com/PS11754562-Whirlpool-WPW10421484-Refrigerator-Door-Trim-White.htm?SourceCode=18",
    "image_url": "https://partselectcom-gtcdcddbene3cpes.z01.azurefd.net/11754562-1-N-Whirlpool-WPW10421484-Refrigerator-Door-Trim-White.jpg",
    "name": "Roper Refrigerator Door Trim (white)",
    "partselect_number": "PS11754562",
    "manufacturer_number": "WPW10421484",
    "description": "★★★★★\n★★★★★\n2 Reviews\nThis door trim is used in refrigerators and is connected to the door handle. If the mounting tap is broken or there is discolouration from usage, it is best to replace this part to ensure it works well and looks good. The tools needed for this repair is a small screwdriver. To repair, first pull out the old door trim by placing the screwdriver in the gap between the trip and door handle and pushing upwards. Once you remove the old trim, you can replace it with the new door trim by aligning the slots on the trim with screws on the door. Slide the door trim down to install it. Remember to unplug appliance from the power source as a safety precaution before installation. For further installation instructions, refer to the manual guide provided by the manufacturer.",
    "price": "$57.18",
    "stock_status": "In Stock",
    "rating": "5.00 out of 5",
    "reviews_count": 2
  },
  {
    "url": "https://www.partselect.com/PS11739228-Whirlpool-WP2196483-Refrigerator-Single-Shelf-Stud.htm?SourceCode=18",
    "image_url": "https://partselectcom-gtcdcddbene3cpes.z01.azurefd.net/11739228-1-N-Whirlpool-WP2196483-Refrigerator-Single-Shelf-Stud.jpg",
    "name": "Roper Refrigerator Single Shelf Stud",
    "partselect_number": "PS11739228",
    "manufacturer_number": "WP2196483",
    "description": "★★★★★\n★★★★★\n3 Reviews\nThis part screws into the side of the wall in your fresh food compartment and supports a shelf.",
    "price": "$10.73",
    "stock_status": "In Stock",
    "rating": "5.00 out of 5",
    "reviews_count": 3
  },
  {
    "url": "https://www.partselect.com/PS372186-Whirlpool-4388736-Refrigerator-Ice-Bin-Auger-Drum.htm?SourceCode=18",
    "image_url": "https://partselectcom-gtcdcddbene3cpes.z01.azurefd.net/372186-1-N-Whirlpool-4388736-Refrigerator-Ice-Bin-Auger-Drum.jpg",
    "name": "Roper Refrigerator Ice Bin Auger Drum",
    "partselect_number": "PS372186",
    "manufacturer_number": "4388736",
    "description": "★★★★★\n★★★★★\n30 Reviews\nThis white ice bin auger drum comes with a washer.",
    "price": "$45.54",
    "stock_status": "In Stock",
    "rating": "4.93 out of 5",
    "reviews_count": 30
  },
  {
    "url": "https://www.partselect.com/PS11740399-Whirlpool-WP2319265T-Door-Gasket.htm?SourceCode=18",
    "image_url": "https://partselectcom-gtcdcddbene3cpes.z01.azurefd.net/11740399-1-N-Whirlpool-WP2319265T-Door-Gasket.jpg",
    "name": "Roper Refrigerator Door Gasket",
    "partselect_number": "PS11740399",
    "manufacturer_number": "WP2319265T",
    "description": "This door gasket is used to make an air-tight seal for the cabinet when the door is closed",
    "price": "$104.45",
    "stock_status": "In Stock"
  },
  {
    "url": "https://www.partselect.com/PS11740350-Whirlpool-WP2314549-Refrigerator-Crisper-Cover-Frame.htm?SourceCode=18",
    "image_url": "https://partselectcom-gtcdcddbene3cpes.z01.azurefd.net/11740350-1-N-Whirlpool-WP2314549-Refrigerator-Crisper-Cover-Frame.jpg",
    "name": "Roper Refrigerator Crisper Cover Frame",
    "partselect_number": "PS11740350",
    "manufacturer_number": "WP2314549",
    "description": "★★★★★\n★★★★★\n17 Reviews\nThis is just the frame. The glass is sold separately.",
    "price": "$107.11",
    "stock_status": "In Stock",
    "rating": "4.35 out of 5",
    "reviews_count": 17
  },
  {
    "url": "https://www.partselect.com/PS372050-Whirlpool-4388538-Refrigerator-Shelf-Support-Stud.htm?SourceCode=18",
    "image_url": "https://partselectcom-gtcdcddbene3cpes.z01.azurefd.net/372050-1-N-Whirlpool-4388538-Refrigerator-Shelf-Support-Stud.jpg",
    "name": "Roper Refrigerator Shelf Support Stud",
    "partselect_number": "PS372050",
    "manufacturer_number": "4388538",
    "description": "★★★★★\n★★★★★\n10 Reviews\nThis kit contains two options - One that is a push and turn and the other that is a screw in.",
    "price": "$23.47",
    "stock_status": "In Stock",
    "rating": "4.80 out of 5",
    "reviews_count": 10
  },
  {
    "url": "https://www.partselect.com/PS11740459-Whirlpool-WP2323198-Refrigerator-Heater-Defrost.htm?SourceCode=18",
    "image_url": "https://partselectcom-gtcdcddbene3cpes.z01.azurefd.net/11740459-1-N-Whirlpool-WP2323198-Refrigerator-Heater-Defrost.jpg",
    "name": "Roper Refrigerator Heater Defrost",
    "partselect_number": "PS11740459",
    "manufacturer_number": "WP2323198",
    "description": "★★★★★\n★★★★★\n4 Reviews\nThe heater is located at the bottom of the evaporator. The defrost heater heats the evaporator in the defrost mode of operation. The thermostat must be replaced when replacing the defrost heater.",
    "price": "$46.01",
    "stock_status": "In Stock",
    "rating": "5.00 out of 5",
    "reviews_count": 4
  },
  {
    "url": "https://www.partselect.com/PS11739780-Whirlpool-WP2221946W-Refrigerator-Door-Handle-White.htm?SourceCode=18",
    "image_url": "https://partselectcom-gtcdcddbene3cpes.z01.azurefd.net/11739780-1-N-Whirlpool-WP2221946W-Refrigerator-Door-Handle-White.jpg",
    "name": "Roper Refrigerator Door Handle (white)",
    "partselect_number": "PS11739780",
    "manufacturer_number": "WP2221946W",
    "description": "★★★★★\n★★★★★\n3 Reviews\nHandle only.",
    "price": "$70.03",
    "stock_status": "In Stock",
    "rating": "4.67 out of 5",
    "reviews_count": 3
  },
  {
    "url": "https://www.partselect.com/PS372051-Whirlpool-4388539-Refrigerator-Shelf-Support-Stud.htm?SourceCode=18",
    "image_url": "https://partselectcom-gtcdcddbene3cpes.z01.azurefd.net/372051-1-N-Whirlpool-4388539-Refrigerator-Shelf-Support-Stud.jpg",
    "name": "Roper Refrigerator Shelf Support Stud",
    "partselect_number": "PS372051",
    "manufacturer_number": "4388539",
    "description": "★★★★★\n★★★★★\n2 Reviews\nThis part includes 2 shelf support studs.",
    "price": "$19.75",
    "stock_status": "In Stock",
    "rating": "5.00 out of 5",
    "reviews_count": 2
  },
  {
    "url": "https://www.partselect.com/PS11743313-Whirlpool-WP627985-Refrigerator-Cycling-Thermostat.htm?SourceCode=18",
    "image_url": "https://partselectcom-gtcdcddbene3cpes.z01.azurefd.net/11743313-1-N-Whirlpool-WP627985-Refrigerator-Cycling-Thermostat.jpg",
    "name": "Roper Refrigerator Cycling Thermostat",
    "partselect_number": "PS11743313",
    "manufacturer_number": "WP627985",
    "description": "★★★★★\n★★★★★\n1 Review\nThe ice maker thermostat, also known as the cycling thermostat, controls and regulates the ice maker ejection cycle by monitoring the temperature inside the freezer to determine when to release the ice into the bin and start the ice making cycle again. If your ice maker is making unusual noises, or if the ice maker is not making or dispensing ice, there could be an issue with the thermostat. Before you begin this repair, make sure the power is disconnected from your refrigerator, and that any food that may spoil is safely stored. This is an OEM part and is sourced directly from the manufacturer. This thermostat is sold individually, and comes with two attachment clips.",
    "price": "$50.83",
    "stock_status": "In Stock",
    "rating": "5.00 out of 5",
    "reviews_count": 1
  },
  {
    "url": "https://www.partselect.com/PS886371-Whirlpool-8201537-Water-Dispenser-Fitting-and-Tube-Assembly.htm?SourceCode=18",
    "image_url": "https://partselectcom-gtcdcddbene3cpes.z01.azurefd.net/886371-1-N-Whirlpool-8201537-Water-Dispenser-Fitting-and-Tube-Assembly.jpg",
    "name": "Roper Refrigerator Water Dispenser Fitting And Tube Assembly",
    "partselect_number": "PS886371",
    "manufacturer_number": "8201537",
    "description": "★★★★★\n★★★★★\n7 Reviews\nAnti drip valve NOT included.",
    "price": "$63.65",
    "stock_status": "In Stock",
    "rating": "4.29 out of 5",
    "reviews_count": 7
  },
  {
    "url": "https://www.partselect.com/PS11739602-Whirlpool-WP2204605-Refrigerator-Temperature-Control-Thermostat.htm?SourceCode=18",
    "image_url": "https://partselectcom-gtcdcddbene3cpes.z01.azurefd.net/11739602-1-N-Whirlpool-WP2204605-Refrigerator-Temperature-Control-Thermostat.jpg",
    "name": "Roper Refrigerator Temperature Control Thermostat",
    "partselect_number": "PS11739602",
    "manufacturer_number": "WP2204605",
    "description": "★★★★★\n★★★★★\n6 Reviews\nThis part cycles on and off regularly to keep your refrigerator cold.",
    "price": "$59.12",
    "stock_status": "In Stock",
    "rating": "5.00 out of 5",
    "reviews_count": 6
  },
  {
    "url": "https://www.partselect.com/PS11740010-Whirlpool-WP2266738-Refrigerator-Door-Shelf-Wide-Trim.htm?SourceCode=18",
    "image_url": "https://partselectcom-gtcdcddbene3cpes.z01.azurefd.net/11740010-1-N-Whirlpool-WP2266738-Refrigerator-Door-Shelf-Wide-Trim.jpg",
    "name": "Roper Refrigerator Door Shelf Wide Trim",
    "partselect_number": "PS11740010",
    "manufacturer_number": "WP2266738",
    "description": "★★★★★\n★★★★★\n2 Reviews\nThis part is the replacement door shelf wide trim for your refrigerator. It is made of white plastic and is approximately 22 inches long and 2 inches wide. The shelf trim snaps into an end bracket at either end, and these end brackets attach it to the refrigerator door. The trim then can hold items on the door shelf in place. If your trim is broken, simply lift the tab on the inside of the end bracket and remove the trim. Snap the new trim into the end brackets to complete the repair. This item is sold individually and is a genuine OEM part.",
    "price": "$57.55",
    "stock_status": "In Stock",
    "rating": "4.00 out of 5",
    "reviews_count": 2
  },
  {
    "url": "https://www.partselect.com/PS11740396-Whirlpool-WP2319264B-Door-Gasket.htm?SourceCode=18",
    "image_url": "https://partselectcom-gtcdcddbene3cpes.z01.azurefd.net/11740396-1-N-Whirlpool-WP2319264B-Door-Gasket.jpg",
    "name": "Roper Refrigerator Door Gasket",
    "partselect_number": "PS11740396",
    "manufacturer_number": "WP2319264B",
    "price": "$145.03",
    "stock_status": "In Stock"
  },
  {
    "url": "https://www.partselect.com/PS11738307-Whirlpool-WP1126289-Refrigerator-Crisper-Cover-Frame.htm?SourceCode=18",
    "image_url": "https://partselectcom-gtcdcddbene3cpes.z01.azurefd.net/11738307-1-N-Whirlpool-WP1126289-Refrigerator-Crisper-Cover-Frame.jpg",
    "name": "Roper Refrigerator Crisper Cover Frame",
    "partselect_number": "PS11738307",
    "manufacturer_number": "WP1126289",
    "description": "★★★★★\n★★★★★\n11 Reviews\nFrame ONLY.",
    "price": "$72.70",
    "stock_status": "On Order",
    "rating": "4.91 out of 5",
    "reviews_count": 11
  },
  {
    "url": "https://www.partselect.com/PS11740357-Whirlpool-WP2315530-Refrigerator-Defrost-Heater.htm?SourceCode=18",
    "image_url": "https://partselectcom-gtcdcddbene3cpes.z01.azurefd.net/11740357-1-N-Whirlpool-WP2315530-Refrigerator-Defrost-Heater.jpg",
    "name": "Roper Refrigerator Defrost Heater",
    "partselect_number": "PS11740357",
    "manufacturer_number": "WP2315530",
    "description": "★★★★★\n★★★★★\n1 Review\nThe defrost heater keeps the cooling coils from frosting over.",
    "price": "$70.51",
    "stock_status": "In Stock",
    "rating": "5.00 out of 5",
    "reviews_count": 1
  },
  {
    "url": "https://www.partselect.com/PS11749101-Whirlpool-WPW10152858-Water-Dispenser-Lever-White.htm?SourceCode=18",
    "image_url": "https://partselectcom-gtcdcddbene3cpes.z01.azurefd.net/11749101-1-N-Whirlpool-WPW10152858-Water-Dispenser-Lever-White.jpg",
    "name": "Roper Refrigerator Water Dispenser Lever - White",
    "partselect_number": "PS11749101",
    "manufacturer_number": "WPW10152858",
    "description": "★★★★★\n★★★★★\n3 Reviews\nOnce a glass is pressed against the actuator pad it will cause the dispenser to deliver water when activated.",
    "price": "$50.39",
    "stock_status": "In Stock",
    "rating": "3.00 out of 5",
    "reviews_count": 3
  },
  {
    "url": "https://www.partselect.com/PS11739891-Whirlpool-WP2254618-Refrigerator-Center-Door-Hinge.htm?SourceCode=18",
    "image_url": "https://partselectcom-gtcdcddbene3cpes.z01.azurefd.net/11739891-1-N-Whirlpool-WP2254618-Refrigerator-Center-Door-Hinge.jpg",
    "name": "Roper Refrigerator Center Door Hinge",
    "partselect_number": "PS11739891",
    "manufacturer_number": "WP2254618",
    "description": "★★★★★\n★★★★★\n2 Reviews",
    "price": "$42.09",
    "stock_status": "In Stock",
    "rating": "5.00 out of 5",
    "reviews_count": 2
  },
  {
    "url": "https://www.partselect.com/PS323951-Whirlpool-2159327-Freezer-Door-Gasket.htm?SourceCode=18",
    "image_url": "https://partselectcom-gtcdcddbene3cpes.z01.azurefd.net/323951-1-N-Whirlpool-2159327-Freezer-Door-Gasket.jpg",
    "name": "Roper Refrigerator Freezer Door Gasket",
    "partselect_number": "PS323951",
    "manufacturer_number": "2159327",
    "description": "★★★★★\n★★★★★\n2 Reviews\nThis door gasket is used to seal the freezer door when closed.",
    "price": "$83.37",
    "stock_status": "In Stock",
    "rating": "2.00 out of 5",
    "reviews_count": 2
  },
  {
    "url": "https://www.partselect.com/PS11740304-Whirlpool-WP2309718-Door-Shelf-Trim.htm?SourceCode=18",
    "image_url": "https://partselectcom-gtcdcddbene3cpes.z01.azurefd.net/11740304-1-N-Whirlpool-WP2309718-Door-Shelf-Trim.jpg",
    "name": "Roper Refrigerator Door Shelf Trim",
    "partselect_number": "PS11740304",
    "manufacturer_number": "WP2309718",
    "description": "Sold individually.",
    "price": "$46.99",
    "stock_status": "In Stock"
  },
  {
    "url": "https://www.partselect.com/PS2362118-Whirlpool-2254352A-Ice-Pan.htm?SourceCode=18",
    "image_url": "https://partselectcom-gtcdcddbene3cpes.z01.azurefd.net/2362118-1-N-Whirlpool-2254352A-Ice-Pan.jpg",
    "name": "Roper Refrigerator Ice Pan",
    "partselect_number": "PS2362118",
    "manufacturer_number": "2254352A",
    "description": "★★★★★\n★★★★★\n5 Reviews\nThis part may come in white or clear plastic, but either will still work and fit properly in your appliance.",
    "price": "$27.39",
    "stock_status": "In Stock",
    "rating": "4.20 out of 5",
    "reviews_count": 5
  },
  {
    "url": "https://www.partselect.com/PS11740253-Whirlpool-WP2304673-Refrigerator-Bracket-Dispenser.htm?SourceCode=18",
    "image_url": "https://partselectcom-gtcdcddbene3cpes.z01.azurefd.net/11740253-1-N-Whirlpool-WP2304673-Refrigerator-Bracket-Dispenser.jpg",
    "name": "Roper Refrigerator Bracket Dispenser",
    "partselect_number": "PS11740253",
    "manufacturer_number": "WP2304673",
    "description": "★★★★★\n★★★★★\n1 Review\nManufacturer Part Number WP2304673",
    "price": "$14.95",
    "stock_status": "In Stock",
    "rating": "5.00 out of 5",
    "reviews_count": 1
  },
  {
    "url": "https://www.partselect.com/PS323894-Whirlpool-2159060-Freezer-Door-Gasket.htm?SourceCode=18",
    "image_url": "https://partselectcom-gtcdcddbene3cpes.z01.azurefd.net/323894-1-N-Whirlpool-2159060-Freezer-Door-Gasket.jpg",
    "name": "Roper Refrigerator Freezer Door Gasket",
    "partselect_number": "PS323894",
    "manufacturer_number": "2159060",
    "description": "★★★★★\n★★★★★\n1 Review\nThis magnetic freezer door gasket seals the freezer door when closed and is misty beige in color.",
    "price": "$141.08",
    "stock_status": "In Stock",
    "rating": "1.00 out of 5",
    "reviews_count": 1
  },
  {
    "url": "https://www.partselect.com/PS11722923-Whirlpool-W10803964-Refrigerator-Grille.htm?SourceCode=18",
    "image_url": "https://partselectcom-gtcdcddbene3cpes.z01.azurefd.net/11722923-1-N-Whirlpool-W10803964-Refrigerator-Grille.jpg",
    "name": "Roper Refrigerator Grille",
    "partselect_number": "PS11722923",
    "manufacturer_number": "W10803964",
    "description": "★★★★★\n★★★★★\n4 Reviews\nThis is a kickplate, but you may also know it as a grate or a grille. It is a part for your refrigerator. The purpose of the kickplate is to allow air to circulate by flowing through the grates and into the machine compartment. This circulation of air is necessary because it will then cool the condenser. Black in color.",
    "price": "$56.21",
    "stock_status": "In Stock",
    "rating": "5.00 out of 5",
    "reviews_count": 4
  },
  {
    "url": "https://www.partselect.com/PS11739051-Whirlpool-WP2183003-Freezer-Thimble-Compartment.htm?SourceCode=18",
    "image_url": "https://partselectcom-gtcdcddbene3cpes.z01.azurefd.net/11739051-1-N-Whirlpool-WP2183003-Freezer-Thimble-Compartment.jpg",
    "name": "Roper Refrigerator Freezer Thimble Compartment",
    "partselect_number": "PS11739051",
    "manufacturer_number": "WP2183003",
    "description": "★★★★★\n★★★★★\n1 Review\nManufacturer Part Number WP2183003",
    "price": "$9.95",
    "stock_status": "In Stock",
    "rating": "1.00 out of 5",
    "reviews_count": 1
  },
  {
    "url": "https://www.partselect.com/PS11738298-Whirlpool-WP1119018-Refrigerator-Nut-Bearing.htm?SourceCode=18",
    "image_url": "https://partselectcom-gtcdcddbene3cpes.z01.azurefd.net/11738298-1-N-Whirlpool-WP1119018-Refrigerator-Nut-Bearing.jpg",
    "name": "Roper Refrigerator Nut Bearing",
    "partselect_number": "PS11738298",
    "manufacturer_number": "WP1119018",
    "description": "★★★★★\n★★★★★\n1 Review",
    "price": "$9.95",
    "stock_status": "In Stock",
    "rating": "4.00 out of 5",
    "reviews_count": 1
  },
  {
    "url": "https://www.partselect.com/PS11739628-Whirlpool-WP2206671W-Refrigerator-Overflow-Grille.htm?SourceCode=18",
    "image_url": "https://partselectcom-gtcdcddbene3cpes.z01.azurefd.net/11739628-1-N-Whirlpool-WP2206671W-Refrigerator-Overflow-Grille.jpg",
    "name": "Roper Refrigerator Overflow Grille",
    "partselect_number": "PS11739628",
    "manufacturer_number": "WP2206671W",
    "description": "★★★★★\n★★★★★\n4 Reviews\nThis part is located at the base of the dispenser bay catches small spills and allows them to evaporate. The drip tray is removable for easy cleaning.",
    "price": "$47.97",
    "stock_status": "On Order",
    "rating": "5.00 out of 5",
    "reviews_count": 4
  },
  {
    "url": "https://www.partselect.com/PS376600-Whirlpool-482469-Freezer-Evaporator-Fan-Motor-Kit.htm?SourceCode=18",
    "image_url": "https://partselectcom-gtcdcddbene3cpes.z01.azurefd.net/376600-1-N-Whirlpool-482469-Freezer-Evaporator-Fan-Motor-Kit.jpg",
    "name": "Roper Refrigerator Freezer Evaporator Fan Motor Kit",
    "partselect_number": "PS376600",
    "manufacturer_number": "482469",
    "description": "★★★★★\n★★★★★\n5 Reviews\nThis refrigerator evaporator fan motor kit comes with a wiring harness and a four-inch push on fan blade. If your current evaporator fan motor has shorted out and does not circulate the cold air from the freezer into the fresh food compartment, or you notice that your refrigerator is too warm, you may have to replace the evaporator fan. The evaporator fan motor is located behind the back panel of your freezer. You will need to remove any shelves, as well as the back panel to access this part for repair. Be sure to disconnect the power source from the refrigerator before you begin this repair.",
    "price": "$87.25",
    "stock_status": "In Stock",
    "rating": "4.40 out of 5",
    "reviews_count": 5
  },
  {
    "url": "https://www.partselect.com/PS11752736-Whirlpool-WPW10318948-Refrigerator-Wire-Shelf.htm?SourceCode=18",
    "image_url": "https://partselectcom-gtcdcddbene3cpes.z01.azurefd.net/11752736-1-N-Whirlpool-WPW10318948-Refrigerator-Wire-Shelf.jpg",
    "name": "Roper Refrigerator Wire Shelf",
    "partselect_number": "PS11752736",
    "manufacturer_number": "WPW10318948",
    "description": "★★★★★\n★★★★★\n3 Reviews\nSold individually. This shelf measures to be approx. 13\" by 12.5\".",
    "price": "$118.70",
    "stock_status": "In Stock",
    "rating": "1.67 out of 5",
    "reviews_count": 3
  },
  {
    "url": "https://www.partselect.com/PS11738953-Whirlpool-WP2163629-Refrigerator-Door-Shelf-Trim.htm?SourceCode=18",
    "image_url": "https://partselectcom-gtcdcddbene3cpes.z01.azurefd.net/11738953-1-N-Whirlpool-WP2163629-Refrigerator-Door-Shelf-Trim.jpg",
    "name": "Roper Refrigerator Door Shelf Trim",
    "partselect_number": "PS11738953",
    "manufacturer_number": "WP2163629",
    "description": "★★★★★\n★★★★★\n3 Reviews\nThis door trim is located on the inside of the fridge/freezer door. It is held in with two end caps, and is used to store items in the door.",
    "price": "$39.15",
    "stock_status": "In Stock",
    "rating": "5.00 out of 5",
    "reviews_count": 3
  },
  {
    "url": "https://www.partselect.com/PS11738914-Whirlpool-WP2155013-Refrigerator-Bottom-Kickplate-Clip.htm?SourceCode=18",
    "image_url": "https://partselectcom-gtcdcddbene3cpes.z01.azurefd.net/11738914-1-N-Whirlpool-WP2155013-Refrigerator-Bottom-Kickplate-Clip.jpg",
    "name": "Roper Refrigerator Bottom Kickplate Clip",
    "partselect_number": "PS11738914",
    "manufacturer_number": "WP2155013",
    "description": "★★★★★\n★★★★★\n4 Reviews\nThis clip is sold individually.",
    "price": "$9.95",
    "stock_status": "In Stock",
    "rating": "4.50 out of 5",
    "reviews_count": 4
  },
  {
    "url": "https://www.partselect.com/PS11739560-Whirlpool-WP2201567-Shim-Bottom-Hinge.htm?SourceCode=18",
    "image_url": "https://partselectcom-gtcdcddbene3cpes.z01.azurefd.net/11739560-1-N-Whirlpool-WP2201567-Shim-Bottom-Hinge.jpg",
    "name": "Roper Refrigerator Shim Bottom Hinge",
    "partselect_number": "PS11739560",
    "manufacturer_number": "WP2201567",
    "price": "$9.95",
    "stock_status": "On Order"
  },
  {
    "url": "https://www.partselect.com/PS371538-Whirlpool-4387913-Compressor-Relay-and-Overload.htm?SourceCode=18",
    "image_url": "https://partselectcom-gtcdcddbene3cpes.z01.azurefd.net/371538-1-N-Whirlpool-4387913-Compressor-Relay-and-Overload.jpg",
    "name": "Roper Refrigerator Compressor Relay And Overload",
    "partselect_number": "PS371538",
    "manufacturer_number": "4387913",
    "description": "May differ in appearance, but functions same as original. The overload protects a motor from overheating and the relay boosts the compressor.",
    "price": "$50.44",
    "stock_status": "In Stock"
  },
  {
    "url": "https://www.partselect.com/PS11739924-Whirlpool-WP2256126-Refrigerator-Water-Dispenser-Reservoir-Tubing.htm?SourceCode=18",
    "image_url": "https://partselectcom-gtcdcddbene3cpes.z01.azurefd.net/11739924-1-N-Whirlpool-WP2256126-Refrigerator-Water-Dispenser-Reservoir-Tubing.jpg",
    "name": "Roper Refrigerator Water Dispenser Reservoir Tubing",
    "partselect_number": "PS11739924",
    "manufacturer_number": "WP2256126",
    "description": "★★★★★\n★★★★★\n1 Review\nThis kit no longer includes the connectors. It is only the tubing/water reservoir. Note: This tubing requires an adapter coupler (PS369735) to take the tubing from 1/4 inch to 5/16 inch.",
    "price": "$84.23",
    "stock_status": "In Stock",
    "rating": "5.00 out of 5",
    "reviews_count": 1
  },
  {
    "url": "https://www.partselect.com/PS11742707-Whirlpool-WP487802-Refrigerator-Hinge-Washer.htm?SourceCode=18",
    "image_url": "https://partselectcom-gtcdcddbene3cpes.z01.azurefd.net/11742707-1-N-Whirlpool-WP487802-Refrigerator-Hinge-Washer.jpg",
    "name": "Roper Refrigerator Hinge Washer",
    "partselect_number": "PS11742707",
    "manufacturer_number": "WP487802",
    "price": "$7.95",
    "stock_status": "In Stock"
  },
  {
    "url": "https://www.partselect.com/PS16730893-Whirlpool-W11594405-AXLE.htm?SourceCode=18",
    "image_url": "https://partselectcom-gtcdcddbene3cpes.z01.azurefd.net/16730893-1-N-Whirlpool-W11594405-AXLE.jpg",
    "name": "Roper Refrigerator Axle",
    "partselect_number": "PS16730893",
    "manufacturer_number": "W11594405",
    "description": "★★★★★\n★★★★★\n1 Review\nSold individually.",
    "price": "$16.95",
    "stock_status": "In Stock",
    "rating": "2.00 out of 5",
    "reviews_count": 1
  },
  {
    "url": "https://www.partselect.com/PS11739841-Whirlpool-WP2225929-Start-Device.htm?SourceCode=18",
    "image_url": "https://partselectcom-gtcdcddbene3cpes.z01.azurefd.net/11739841-1-N-Whirlpool-WP2225929-Start-Device.jpg",
    "name": "Roper Refrigerator Start Device",
    "partselect_number": "PS11739841",
    "manufacturer_number": "WP2225929",
    "description": "★★★★★\n★★★★★\n2 Reviews\nThis part is both the start relay and the overload. The start relay boosts the compressor, and then shuts off as soon as the motor gets up to speed and the overload provides extra protection against excessive temperatures.",
    "price": "$64.63",
    "stock_status": "In Stock",
    "rating": "5.00 out of 5",
    "reviews_count": 2
  },
  {
    "url": "https://www.partselect.com/PS11738293-Whirlpool-WP1118001-Refrigerator-Side-Hinge-Plate.htm?SourceCode=18",
    "image_url": "https://partselectcom-gtcdcddbene3cpes.z01.azurefd.net/11738293-1-N-Whirlpool-WP1118001-Refrigerator-Side-Hinge-Plate.jpg",
    "name": "Roper Refrigerator Side Hinge Plate",
    "partselect_number": "PS11738293",
    "manufacturer_number": "WP1118001",
    "description": "★★★★★\n★★★★★\n1 Review\nManufacturer Part Number WP1118001",
    "price": "$9.95",
    "stock_status": "In Stock",
    "rating": "5.00 out of 5",
    "reviews_count": 1
  },
  {
    "url": "https://www.partselect.com/PS11739113-Whirlpool-WP2188242-Refrigerator-Ice-Dispenser-Kit-Motor-120v-60hz.htm?SourceCode=18",
    "image_url": "https://partselectcom-gtcdcddbene3cpes.z01.azurefd.net/11739113-1-N-Whirlpool-WP2188242-Refrigerator-Ice-Dispenser-Kit-Motor-120v-60hz.jpg",
    "name": "Roper Refrigerator Ice Dispenser Kit Motor 120v 60hz",
    "partselect_number": "PS11739113",
    "manufacturer_number": "WP2188242",
    "description": "★★★★★\n★★★★★\n1 Review\nThis motor rotates the auger. When the auger rotates, it pushes ice out of the bin, through a chute to the user.",
    "price": "$150.05",
    "stock_status": "In Stock",
    "rating": "5.00 out of 5",
    "reviews_count": 1
  },
  {
    "url": "https://www.partselect.com/PS11738908-Whirlpool-WP2152713-Refrigerator-Soleniod-Assembly.htm?SourceCode=18",
    "image_url": "https://partselectcom-gtcdcddbene3cpes.z01.azurefd.net/11738908-1-N-Whirlpool-WP2152713-Refrigerator-Soleniod-Assembly.jpg",
    "name": "Roper Refrigerator Soleniod Assembly",
    "partselect_number": "PS11738908",
    "manufacturer_number": "WP2152713",
    "description": "★★★★★\n★★★★★\n3 Reviews\nThis part consists of a cube and arm that upon activation opens the ice container gate and allows the ice cubes to enter into the chute and into the ice and water dispenser.",
    "price": "$100.75",
    "stock_status": "In Stock",
    "rating": "4.00 out of 5",
    "reviews_count": 3
  },
  {
    "url": "https://www.partselect.com/PS11740400-Whirlpool-WP2319266T-Door-Gasket.htm?SourceCode=18",
    "image_url": "https://partselectcom-gtcdcddbene3cpes.z01.azurefd.net/11740400-1-N-Whirlpool-WP2319266T-Door-Gasket.jpg",
    "name": "Roper Refrigerator Door Gasket",
    "partselect_number": "PS11740400",
    "manufacturer_number": "WP2319266T",
    "description": "★★★★★\n★★★★★\n1 Review\nThis white door gasket is used to seal the refrigerator door when closed to keep the cool air inside and the room air out.",
    "price": "$86.28",
    "stock_status": "In Stock",
    "rating": "5.00 out of 5",
    "reviews_count": 1
  },
  {
    "url": "https://www.partselect.com/PS16730651-Whirlpool-W11578915-Condenser-Motor.htm?SourceCode=18",
    "image_url": "https://partselectcom-gtcdcddbene3cpes.z01.azurefd.net/16730651-1-N-Whirlpool-W11578915-Condenser-Motor.jpg",
    "name": "Roper Refrigerator Condenser Motor",
    "partselect_number": "PS16730651",
    "manufacturer_number": "W11578915",
    "description": "★★★★★\n★★★★★\n1 Review\nManufacturer Part Number W11578915",
    "price": "$54.83",
    "stock_status": "In Stock",
    "rating": "5.00 out of 5",
    "reviews_count": 1
  },
  {
    "url": "https://www.partselect.com/PS323900-Whirlpool-2159075-Fresh-Food-Door-Gasket.htm?SourceCode=18",
    "image_url": "https://partselectcom-gtcdcddbene3cpes.z01.azurefd.net/323900-1-N-Whirlpool-2159075-Fresh-Food-Door-Gasket.jpg",
    "name": "Roper Refrigerator Fresh Food Door Gasket",
    "partselect_number": "PS323900",
    "manufacturer_number": "2159075",
    "description": "★★★★★\n★★★★★\n1 Review\nThis door gasket is used to seal the refrigerator door when closed to keep the cool air inside and the room air out.",
    "price": "$148.79",
    "stock_status": "In Stock",
    "rating": "4.00 out of 5",
    "reviews_count": 1
  },
  {
    "url": "https://www.partselect.com/PS11739126-Whirlpool-WP2188755-Rear-Compressor-Cover.htm?SourceCode=18",
    "image_url": "https://partselectcom-gtcdcddbene3cpes.z01.azurefd.net/11739126-1-N-Whirlpool-WP2188755-Rear-Compressor-Cover.jpg",
    "name": "Roper Refrigerator Rear Compressor Cover",
    "partselect_number": "PS11739126",
    "manufacturer_number": "WP2188755",
    "description": "★★★★★\n★★★★★\n5 Reviews\nUsed to cover up the compressor components.",
    "price": "$72.70",
    "stock_status": "In Stock",
    "rating": "4.40 out of 5",
    "reviews_count": 5
  },
  {
    "url": "https://www.partselect.com/PS11743305-Whirlpool-WP627018-Refrigerator-Compression-Nut.htm?SourceCode=18",
    "image_url": "https://partselectcom-gtcdcddbene3cpes.z01.azurefd.net/11743305-1-N-Whirlpool-WP627018-Refrigerator-Compression-Nut.jpg",
    "name": "Roper Refrigerator Compression Nut",
    "partselect_number": "PS11743305",
    "manufacturer_number": "WP627018",
    "description": "★★★★★\n★★★★★\n2 Reviews\nThe compression nut is used as a connection between the water supply line and other components in your refrigerator such as your ice maker and your water dispenser. Tools required for this repair include a pair of pliers and a socket set. Before installing this part you should take all perishable foods out of your refrigerator and store them somewhere cool, unplug the refrigerator from the power source, and shut off the water supply. This repair may require you to wear work gloves to protect your hands, and is considered an easy do-it-yourself fix.",
    "price": "$11.95",
    "stock_status": "In Stock",
    "rating": "5.00 out of 5",
    "reviews_count": 2
  },
  {
    "url": "https://www.partselect.com/PS11752583-Whirlpool-WPW10312300-Refrigerator-Ice-Container-And-Auger-Assembly.htm?SourceCode=18",
    "image_url": "https://partselectcom-gtcdcddbene3cpes.z01.azurefd.net/11752583-1-N-Whirlpool-WPW10312300-Refrigerator-Ice-Container-And-Auger-Assembly.jpg",
    "name": "Roper Refrigerator Ice Container And Auger Assembly",
    "partselect_number": "PS11752583",
    "manufacturer_number": "WPW10312300",
    "description": "★★★★★\n★★★★★\n16 Reviews\nThis part may come with a plastic or metal auger depending on the factory. It will work with your appliance if found with the model number. (Make sure you install properly at back of ice container, because it must be engaged for the crushed ice feature to work).",
    "price": "$293.61",
    "stock_status": "In Stock",
    "rating": "4.56 out of 5",
    "reviews_count": 16
  },
  {
    "url": "https://www.partselect.com/PS11754263-Whirlpool-WPW10401596-Refrigerator-Wire-Shelf.htm?SourceCode=18",
    "image_url": "https://partselectcom-gtcdcddbene3cpes.z01.azurefd.net/11754263-1-N-Whirlpool-WPW10401596-Refrigerator-Wire-Shelf.jpg",
    "name": "Roper Refrigerator Wire Shelf",
    "partselect_number": "PS11754263",
    "manufacturer_number": "WPW10401596",
    "description": "★★★★★\n★★★★★\n2 Reviews\nSold individually.",
    "price": "$48.95",
    "stock_status": "In Stock",
    "rating": "2.50 out of 5",
    "reviews_count": 2
  },
  {
    "url": "https://www.partselect.com/PS11745970-Whirlpool-WP841180A-Refrigerator-Tray.htm?SourceCode=18",
    "image_url": "https://partselectcom-gtcdcddbene3cpes.z01.azurefd.net/11745970-1-N-Whirlpool-WP841180A-Refrigerator-Tray.jpg",
    "name": "Roper Refrigerator Tray",
    "partselect_number": "PS11745970",
    "manufacturer_number": "WP841180A",
    "description": "★★★★★\n★★★★★\n1 Review\nThis fourteen cube ice cube tray is eleven inches long. It is all white in color and is made entirely of plastic.",
    "price": "$9.95",
    "stock_status": "In Stock",
    "rating": "5.00 out of 5",
    "reviews_count": 1
  },
  {
    "url": "https://www.partselect.com/PS11738984-Whirlpool-WP2172748-Refrigerator-Crisper-Drawer-Support-Cut-to-Fit.htm?SourceCode=18",
    "image_url": "https://partselectcom-gtcdcddbene3cpes.z01.azurefd.net/11738984-1-N-Whirlpool-WP2172748-Refrigerator-Crisper-Drawer-Support-Cut-to-Fit.jpg",
    "name": "Roper Refrigerator Crisper Drawer Support Cut To Fit",
    "partselect_number": "PS11738984",
    "manufacturer_number": "WP2172748",
    "description": "★★★★★\n★★★★★\n1 Review\nThis part may be longer than the original - it might need to be cut to the correct size for your appliance.",
    "price": "$61.69",
    "stock_status": "In Stock",
    "rating": "4.00 out of 5",
    "reviews_count": 1
  },
  {
    "url": "https://www.partselect.com/PS11739707-Whirlpool-WP2212648-Refrigerator-Hinge-Sleeve-Hole-Plug.htm?SourceCode=18",
    "image_url": "https://partselectcom-gtcdcddbene3cpes.z01.azurefd.net/11739707-1-N-Whirlpool-WP2212648-Refrigerator-Hinge-Sleeve-Hole-Plug.jpg",
    "name": "Roper Refrigerator Hinge Sleeve Hole Plug",
    "partselect_number": "PS11739707",
    "manufacturer_number": "WP2212648",
    "description": "Sold individually.",
    "price": "$9.85",
    "stock_status": "In Stock"
  },
  {
    "url": "https://www.partselect.com/PS11739980-Whirlpool-WP2261963-Upper-Door-Hinge.htm?SourceCode=18",
    "image_url": "https://partselectcom-gtcdcddbene3cpes.z01.azurefd.net/11739980-1-N-Whirlpool-WP2261963-Upper-Door-Hinge.jpg",
    "name": "Roper Refrigerator Upper Door Hinge",
    "partselect_number": "PS11739980",
    "manufacturer_number": "WP2261963",
    "description": "★★★★★\n★★★★★\n1 Review\nThis hinge is located on the top of the refrigerator.",
    "price": "$50.91",
    "stock_status": "In Stock",
    "rating": "5.00 out of 5",
    "reviews_count": 1
  },
  {
    "url": "https://www.partselect.com/PS316579-Whirlpool-1123394-Refrigerator-Cold-Control-Thermostat.htm?SourceCode=18",
    "image_url": "https://partselectcom-gtcdcddbene3cpes.z01.azurefd.net/316579-1-N-Whirlpool-1123394-Refrigerator-Cold-Control-Thermostat.jpg",
    "name": "Roper Refrigerator Cold Control Thermostat",
    "partselect_number": "PS316579",
    "manufacturer_number": "1123394",
    "description": "★★★★★\n★★★★★\n2 Reviews\nThis cold control thermostat has a temperature range from 29.5 degrees Fahrenheit to 16.5 degrees Fahrenheit and a capillary length of 35 inches.",
    "price": "$95.98",
    "stock_status": "In Stock",
    "rating": "5.00 out of 5",
    "reviews_count": 2
  },
  {
    "url": "https://www.partselect.com/PS11738901-Whirlpool-WP2149959-Refrigerator-Compressor-Overload-Protector.htm?SourceCode=18",
    "image_url": "https://partselectcom-gtcdcddbene3cpes.z01.azurefd.net/11738901-1-N-Whirlpool-WP2149959-Refrigerator-Compressor-Overload-Protector.jpg",
    "name": "Roper Refrigerator Compressor Overload Protector",
    "partselect_number": "PS11738901",
    "manufacturer_number": "WP2149959",
    "description": "Relay is NOT included. Must be ordered separately.",
    "price": "$50.44",
    "stock_status": "In Stock"
  },
  {
    "url": "https://www.partselect.com/PS11739220-Whirlpool-WP2196090-Refrigerator-Ice-Container.htm?SourceCode=18",
    "image_url": "https://partselectcom-gtcdcddbene3cpes.z01.azurefd.net/11739220-1-N-Whirlpool-WP2196090-Refrigerator-Ice-Container.jpg",
    "name": "Roper Refrigerator Ice Container",
    "partselect_number": "PS11739220",
    "manufacturer_number": "WP2196090",
    "description": "★★★★★\n★★★★★\n1 Review\nAlso known as Ice Bin.",
    "price": "$77.55",
    "stock_status": "In Stock",
    "rating": "5.00 out of 5",
    "reviews_count": 1
  },
  {
    "url": "https://www.partselect.com/PS11739582-Whirlpool-WP2203407B-Refrigerator-Hinge-Cover.htm?SourceCode=18",
    "image_url": "https://partselectcom-gtcdcddbene3cpes.z01.azurefd.net/11739582-1-N-Whirlpool-WP2203407B-Refrigerator-Hinge-Cover.jpg",
    "name": "Roper Refrigerator Hinge Cover",
    "partselect_number": "PS11739582",
    "manufacturer_number": "WP2203407B",
    "description": "Sold individually.",
    "price": "$26.95",
    "stock_status": "In Stock"
  },
  {
    "url": "https://www.partselect.com/PS11743941-Whirlpool-WP72107-Refrigerator-Touch-Up-Paint.htm?SourceCode=18",
    "image_url": "https://partselectcom-gtcdcddbene3cpes.z01.azurefd.net/11743941-1-N-Whirlpool-WP72107-Refrigerator-Touch-Up-Paint.jpg",
    "name": "Roper Refrigerator Touch Up Paint",
    "partselect_number": "PS11743941",
    "manufacturer_number": "WP72107",
    "description": "Manufacturer Part Number WP72107",
    "price": "$14.95",
    "stock_status": "In Stock"
  },
  {
    "url": "https://www.partselect.com/PS16227056-Whirlpool-W11505385-CHUTE.htm?SourceCode=18",
    "image_url": "https://partselectcom-gtcdcddbene3cpes.z01.azurefd.net/16227056-1-N-Whirlpool-W11505385-CHUTE.jpg",
    "name": "Roper Refrigerator Chute",
    "partselect_number": "PS16227056",
    "manufacturer_number": "W11505385",
    "price": "$24.95",
    "stock_status": "In Stock"
  },
  {
    "url": "https://www.partselect.com/PS373131-Whirlpool-4392899-Refrigerator-Touch-Up-Paint.htm?SourceCode=18",
    "image_url": "https://partselectcom-gtcdcddbene3cpes.z01.azurefd.net/373131-1-N-Whirlpool-4392899-Refrigerator-Touch-Up-Paint.jpg",
    "name": "Roper Refrigerator Touch Up Paint",
    "partselect_number": "PS373131",
    "manufacturer_number": "4392899",
    "description": "★★★★★\n★★★★★\n1 Review\nManufacturer Part Number 4392899",
    "price": "$16.95",
    "stock_status": "In Stock",
    "rating": "5.00 out of 5",
    "reviews_count": 1
  },
  {
    "url": "https://www.partselect.com/PS987266-Whirlpool-2313199-Door-Trim.htm?SourceCode=18",
    "image_url": "https://partselectcom-gtcdcddbene3cpes.z01.azurefd.net/987266-1-N-Whirlpool-2313199-Door-Trim.jpg",
    "name": "Roper Refrigerator Door Trim",
    "partselect_number": "PS987266",
    "manufacturer_number": "2313199",
    "description": "Sold Individually. End caps sold separately.",
    "price": "$49.45",
    "stock_status": "In Stock"
  },
  {
    "url": "https://www.partselect.com/PS1817576-Whirlpool-4210463RW-Cleaning-Brush.htm?SourceCode=18",
    "image_url": "https://partselectcom-gtcdcddbene3cpes.z01.azurefd.net/1817576-1-N-Whirlpool-4210463RW-Cleaning-Brush.jpg",
    "name": "Roper Refrigerator Cleaning Brush",
    "partselect_number": "PS1817576",
    "manufacturer_number": "4210463RW",
    "description": "Cleaning brush for coils on refrigerator and freezers, dryer lint filter housings, and more.",
    "price": "$26.68",
    "stock_status": "In Stock"
  },
  {
    "url": "https://www.partselect.com/PS323897-Whirlpool-2159072-Door-Gasket.htm?SourceCode=18",
    "image_url": "https://partselectcom-gtcdcddbene3cpes.z01.azurefd.net/323897-1-N-Whirlpool-2159072-Door-Gasket.jpg",
    "name": "Roper Refrigerator Door Gasket",
    "partselect_number": "PS323897",
    "manufacturer_number": "2159072",
    "description": "This door gasket is used to make an air-tight seal for the cabinet when the door is closed.",
    "price": "$95.01",
    "stock_status": "In Stock"
  },
  {
    "url": "https://www.partselect.com/PS392539-Whirlpool-819091-Shelf-Support-Kit.htm?SourceCode=18",
    "image_url": "https://partselectcom-gtcdcddbene3cpes.z01.azurefd.net/392539-1-N-Whirlpool-819091-Shelf-Support-Kit.jpg",
    "name": "Roper Refrigerator Shelf Support Kit",
    "partselect_number": "PS392539",
    "manufacturer_number": "819091",
    "description": "★★★★★\n★★★★★\n2 Reviews\nThis kit is enough for one right and one left support. There are 2 different styles of supports in this kit.",
    "price": "$26.95",
    "stock_status": "Special Order",
    "rating": "3.50 out of 5",
    "reviews_count": 2
  },
  {
    "url": "https://www.partselect.com/PS11740394-Whirlpool-WP2319263T-Door-Gasket.htm?SourceCode=18",
    "image_url": "https://partselectcom-gtcdcddbene3cpes.z01.azurefd.net/11740394-1-N-Whirlpool-WP2319263T-Door-Gasket.jpg",
    "name": "Roper Refrigerator Door Gasket",
    "partselect_number": "PS11740394",
    "manufacturer_number": "WP2319263T",
    "description": "This door gasket is used to seal the freezer door when closed.",
    "price": "$92.10",
    "stock_status": "In Stock"
  },
  {
    "url": "https://www.partselect.com/PS2345058-Whirlpool-W10233960-COMPRESSOR.htm?SourceCode=18",
    "image_url": "https://partselectcom-gtcdcddbene3cpes.z01.azurefd.net/2345058-1-N-Whirlpool-W10233960-COMPRESSOR.jpg",
    "name": "Roper Refrigerator Compressor",
    "partselect_number": "PS2345058",
    "manufacturer_number": "W10233960",
    "description": "Manufacturer Part Number W10233960",
    "price": "$324.67",
    "stock_status": "In Stock"
  },
  {
    "url": "https://www.partselect.com/PS11739045-Whirlpool-WP2182195-Refrigerator-Cam-Assembly.htm?SourceCode=18",
    "image_url": "https://partselectcom-gtcdcddbene3cpes.z01.azurefd.net/11739045-1-N-Whirlpool-WP2182195-Refrigerator-Cam-Assembly.jpg",
    "name": "Roper Refrigerator Cam Assembly",
    "partselect_number": "PS11739045",
    "manufacturer_number": "WP2182195",
    "price": "$12.95",
    "stock_status": "Special Order"
  },
  {
    "url": "https://www.partselect.com/PS11738905-Whirlpool-WP2151749-Refrigerator-Crisper-Drawer-Shelf-Frame.htm?SourceCode=18",
    "image_url": "https://partselectcom-gtcdcddbene3cpes.z01.azurefd.net/11738905-1-N-Whirlpool-WP2151749-Refrigerator-Crisper-Drawer-Shelf-Frame.jpg",
    "name": "Roper Refrigerator Crisper Drawer Shelf Frame",
    "partselect_number": "PS11738905",
    "manufacturer_number": "WP2151749",
    "description": "★★★★★\n★★★★★\n4 Reviews\nThis is the frame only. The glass is sold separately.",
    "price": "$122.50",
    "stock_status": "On Order",
    "rating": "5.00 out of 5",
    "reviews_count": 4
  },
  {
    "url": "https://www.partselect.com/PS11739951-Whirlpool-WP2258450-Refrigerator-Startdevice-Combination.htm?SourceCode=18",
    "image_url": "https://partselectcom-gtcdcddbene3cpes.z01.azurefd.net/11739951-1-N-Whirlpool-WP2258450-Refrigerator-Startdevice-Combination.jpg",
    "name": "Roper Refrigerator Startdevice Combination",
    "partselect_number": "PS11739951",
    "manufacturer_number": "WP2258450",
    "description": "★★★★★\n★★★★★\n1 Review\nStart relay and overload for production compressor only. The start relay boosts the compressor, and then shuts off as soon as the motor gets up to speed. The overlay provides added protection against excessive current and against excessive temperature use.",
    "price": "$54.40",
    "stock_status": "In Stock",
    "rating": "5.00 out of 5",
    "reviews_count": 1
  },
  {
    "url": "https://www.partselect.com/PS11739583-Whirlpool-WP2203407W-Door-Hinge.htm?SourceCode=18",
    "image_url": "https://partselectcom-gtcdcddbene3cpes.z01.azurefd.net/11739583-1-N-Whirlpool-WP2203407W-Door-Hinge.jpg",
    "name": "Roper Refrigerator Door Hinge",
    "partselect_number": "PS11739583",
    "manufacturer_number": "WP2203407W",
    "price": "$23.95",
    "stock_status": "Special Order"
  },
  {
    "url": "https://www.partselect.com/PS325914-Whirlpool-2171705-Light-Lens.htm?SourceCode=18",
    "image_url": "https://partselectcom-gtcdcddbene3cpes.z01.azurefd.net/325914-1-N-Whirlpool-2171705-Light-Lens.jpg",
    "name": "Roper Refrigerator Light Lens",
    "partselect_number": "PS325914",
    "manufacturer_number": "2171705",
    "description": "Manufacturer Part Number 2171705",
    "price": "$50.44",
    "stock_status": "Special Order"
  },
  {
    "url": "https://www.partselect.com/PS11738985-Whirlpool-WP2172890-Wire-Assembly-Production.htm?SourceCode=18",
    "image_url": "https://partselectcom-gtcdcddbene3cpes.z01.azurefd.net/11738985-1-N-Whirlpool-WP2172890-Wire-Assembly-Production.jpg",
    "name": "Roper Refrigerator Wire Assembly (production)",
    "partselect_number": "PS11738985",
    "manufacturer_number": "WP2172890",
    "price": "$7.95",
    "stock_status": "Special Order"
  },
  {
    "url": "https://www.partselect.com/PS11742479-Whirlpool-WP4387938-Compressor-Overload-Start-Relay.htm?SourceCode=18",
    "image_url": "https://partselectcom-gtcdcddbene3cpes.z01.azurefd.net/11742479-1-N-Whirlpool-WP4387938-Compressor-Overload-Start-Relay.jpg",
    "name": "Roper Refrigerator Compressor Overload & Start Relay",
    "partselect_number": "PS11742479",
    "manufacturer_number": "WP4387938",
    "description": "This part is both the start relay and the overload. The start relay boosts the compressor, and then shuts off as soon as the motor gets up to speed and the overload provides extra protection against excessive temperatures.",
    "price": "$87.25",
    "stock_status": "In Stock"
  },
  {
    "url": "https://www.partselect.com/PS371783-Whirlpool-4388239-Cabinet-Rear-Roller-Kit-of-2.htm?SourceCode=18",
    "image_url": "https://partselectcom-gtcdcddbene3cpes.z01.azurefd.net/371783-1-N-Whirlpool-4388239-Cabinet-Rear-Roller-Kit-of-2.jpg",
    "name": "Roper Refrigerator Cabinet Rear Roller - Kit Of 2",
    "partselect_number": "PS371783",
    "manufacturer_number": "4388239",
    "price": "$49.95",
    "stock_status": "In Stock"
  },
  {
    "url": "https://www.partselect.com/PS11739095-Whirlpool-WP2187464-Ice-Maker-Wire-Harness.htm?SourceCode=18",
    "image_url": "https://partselectcom-gtcdcddbene3cpes.z01.azurefd.net/11739095-1-N-Whirlpool-WP2187464-Ice-Maker-Wire-Harness.jpg",
    "name": "Roper Refrigerator Ice Maker Wire Harness",
    "partselect_number": "PS11739095",
    "manufacturer_number": "WP2187464",
    "description": "This wire harness has a flat connector.",
    "price": "$55.95",
    "stock_status": "In Stock"
  },
  {
    "url": "https://www.partselect.com/PS11739585-Whirlpool-WP2203408W-Door-Hinge.htm?SourceCode=18",
    "image_url": "https://partselectcom-gtcdcddbene3cpes.z01.azurefd.net/11739585-1-N-Whirlpool-WP2203408W-Door-Hinge.jpg",
    "name": "Roper Refrigerator Door Hinge",
    "partselect_number": "PS11739585",
    "manufacturer_number": "WP2203408W",
    "description": "Manufacturer Part Number WP2203408W",
    "price": "$24.95",
    "stock_status": "Special Order"
  },
  {
    "url": "https://www.partselect.com/PS371885-Whirlpool-4388357-COVER-EVAP.htm?SourceCode=18",
    "image_url": "https://partselectcom-gtcdcddbene3cpes.z01.azurefd.net/371885-1-N-Whirlpool-4388357-COVER-EVAP.jpg",
    "name": "Roper Refrigerator Cover-evap",
    "partselect_number": "PS371885",
    "manufacturer_number": "4388357",
    "description": "Manufacturer Part Number 4388357",
    "price": "$100.89",
    "stock_status": "Special Order"
  },
  {
    "url": "https://www.partselect.com/PS11738897-Whirlpool-WP2148279-Refrigerator-Crisper-Pan.htm?SourceCode=18",
    "image_url": "https://partselectcom-gtcdcddbene3cpes.z01.azurefd.net/11738897-1-N-Whirlpool-WP2148279-Refrigerator-Crisper-Pan.jpg",
    "name": "Roper Refrigerator Crisper Pan",
    "partselect_number": "PS11738897",
    "manufacturer_number": "WP2148279",
    "description": "★★★★★\n★★★★★\n1 Review\nThis crisper drawer is for refrigerators and stores fruits and vegetables at a humidity level that helps keep them fresh longer.",
    "price": "$103.74",
    "stock_status": "In Stock",
    "rating": "5.00 out of 5",
    "reviews_count": 1
  },
  {
    "url": "https://www.partselect.com/PS11739715-Whirlpool-WP2214067-Overload.htm?SourceCode=18",
    "image_url": "https://partselectcom-gtcdcddbene3cpes.z01.azurefd.net/11739715-1-N-Whirlpool-WP2214067-Overload.jpg",
    "name": "Roper Refrigerator Overload",
    "partselect_number": "PS11739715",
    "manufacturer_number": "WP2214067",
    "description": "This part provides added protection for the compressor motor because it protects against excessive current and excessive temperature use.",
    "price": "$62.95",
    "stock_status": "In Stock"
  }
]