[
  {
    "url": "https://www.partselect.com/PS4163672-Samsung-DA81-01345B-Refrigerator-French-Door-Spring.htm?SourceCode=18",
    "image_url": "https://partselectcom-gtcdcddbene3cpes.z01.azurefd.net/4163672-1-N-Samsung-DA81-01345B-Refrigerator-French-Door-Spring.jpg",
    "name": "Samsung Refrigerator French Door Spring",
    "partselect_number": "PS4163672",
    "manufacturer_number": "DA81-01345B",
    "description": "★★★★★\n★★★★★\n69 Reviews\nThe French door divider spring fits most Samsung French door style refrigerators. The spring applies tension between components in the refrigerator, which engages and retracts the door flap. This will allow the door to close properly. If the spring is broken, damaged, or faulty the door flap will swing open and block the door from closing, and you should look to replace the part straight away to prevent further damage to the door. The spring is a genuine OEM part, is made of metal, and measures at 1 1/2\" long. This part is also known as a refrigerator door mullion spring.",
    "price": "$\n7.79",
    "stock_status": "In Stock",
    "rating": "4.7/5",
    "reviews_count": 69,
    "reviews": [],
    "repair_stories": [],
    "symptoms_fixed": "Door won’t open or close",
    "works_with": "Refrigerator.",
    "also_replaces": [
      "AP4577072",
      "DA61-07471A",
      "DA81-01345A",
      "WR02X12650"
    ],
    "video_url": "https://www.youtube.com/watch?v=UpuXX86iFAU"
  },
  {
    "url": "https://www.partselect.com/PS4163673-Samsung-DA81-01346A-Spring-Pin.htm?SourceCode=18",
    "image_url": "https://partselectcom-gtcdcddbene3cpes.z01.azurefd.net/4163673-1-N-Samsung-DA81-01346A-Spring-Pin.jpg",
    "name": "Samsung Refrigerator Spring Pin",
    "partselect_number": "PS4163673",
    "manufacturer_number": "DA81-01346A",
    "description": "★★★★★\n★★★★★\n18 Reviews\nThis pin acts as a sleeve for the French door spring in a refrigerator. This is a genuine OEM part that is sold individually and works with the spring within the door mullion to seal the door shut. If you need to replace the sleeve, check whether the spring in the door is still intact as well. You will only need to replace one spring sleeve pin per door, as there is only one sleeve on the upper part of the spring. To remove the spring and replace the mullion, do so with a set of needle-nose pliers and lift the lower side of the spring to easily pull it out, then you can replace the sleeve.?",
    "price": "$\n6.81",
    "stock_status": "In Stock",
    "rating": "4.7/5",
    "reviews_count": 18,
    "reviews": [],
    "repair_stories": [],
    "symptoms_fixed": "Door won’t open or close",
    "works_with": "Refrigerator.",
    "also_replaces": [
      "AP4162150"
    ],
    "video_url": "https://www.youtube.com/watch?v=UpuXX86iFAU"
  },
  {
    "url": "https://www.partselect.com/PS12115595-Samsung-DA97-15217D-Ice-Maker-Assembly.htm?SourceCode=18",
    "image_url": "https://partselectcom-gtcdcddbene3cpes.z01.azurefd.net/12115595-1-N-Samsung-DA97-15217D-Ice-Maker-Assembly.jpg",
    "name": "Samsung Refrigerator Ice Maker Assembly",
    "partselect_number": "PS12115595",
    "manufacturer_number": "DA97-15217D",
    "description": "★★★★★\n★★★★★\n13 Reviews\nThe ice maker assembly contains the complete ice maker and housing. The assembly may include multiple parts; refer to your parts diagram for a complete list of parts included.",
    "price": "$\n109.69",
    "stock_status": "On Order",
    "rating": "4.8/5",
    "reviews_count": 13,
    "reviews": [],
    "repair_stories": [],
    "symptoms_fixed": "",
    "works_with": "",
    "also_replaces": [],
    "video_url": "https://www.youtube.com/watch?v=bWC44fHn0As"
  },
  {
    "url": "https://www.partselect.com/PS11766800-Samsung-DA97-14474C-Ice-Bucket.htm?SourceCode=18",
    "image_url": "https://partselectcom-gtcdcddbene3cpes.z01.azurefd.net/11766800-1-N-Samsung-DA97-14474C-Ice-Bucket.jpg",
    "name": "Samsung Refrigerator Ice Bucket",
    "partselect_number": "PS11766800",
    "manufacturer_number": "DA97-14474C",
    "description": "★★★★★\n★★★★★\n10 Reviews\nThis ice tray or ice bin assembly is a genuine OEM replacement part designed for your Samsung refrigerator. The assembly is made of white plastic and has dimensions of 21 inches by 13.25 inches. It is responsible for holding the ice produced by the ice maker, so it is ready to be dispensed whenever you need it. If the ice tray assembly is faulty, you will likely have difficulties getting ice from your refrigerator, and you may notice an unusual noise coming from the ice dispenser when you attempt to use it. This part is sold individually.",
    "price": "$214.07",
    "stock_status": "In Stock",
    "rating": "4.90 out of 5",
    "reviews_count": 10
  },
  {
    "url": "https://www.partselect.com/PS4143931-Samsung-DA61-03230B-Hinge.htm?SourceCode=18",
    "image_url": "https://partselectcom-gtcdcddbene3cpes.z01.azurefd.net/4143931-1-N-Samsung-DA61-03230B-Hinge.jpg",
    "name": "Samsung Refrigerator Hinge",
    "partselect_number": "PS4143931",
    "manufacturer_number": "DA61-03230B",
    "description": "★★★★★\n★★★★★\n5 Reviews\nThis is a French door hinge that is compatible with various models of refrigerators and is used to control the mullion (long plastic strips) on the inside portion of the French doors. If you notice that your doors open and the mullion either moves freely or is stuck, this hinge needs to be replaced immediately to prevent issues with frost buildup, energy efficiency and temperature fluctuations. Replacing this hinge is quite simple, and you will only need a flathead and Philips-head screwdriver to do it. First, remove the screw covers from the securing screws for the mullion. Unscrew and remove the securing screws with your Philips-head screwdriver, and then pull the mullion up and out carefully to dislodge it from the fridge door. Near the middle of the mullion, disconnect the wire harness to remove the mullion completely. Remove the hinge cover with a flathead screwdriver to expose the hinge, and then carefully remove and replace the old hinge onto its attaching spring. Then you can simply reassemble the rest of the door assembly, along with the hinge cover and wire harness.",
    "price": "$6.74",
    "stock_status": "On Order",
    "rating": "4.60 out of 5",
    "reviews_count": 5
  },
  {
    "url": "https://www.partselect.com/PS4174247-Samsung-DA97-06419C-Door-Bin.htm?SourceCode=18",
    "image_url": "https://partselectcom-gtcdcddbene3cpes.z01.azurefd.net/4174247-1-N-Samsung-DA97-06419C-Door-Bin.jpg",
    "name": "Samsung Refrigerator Door Bin",
    "partselect_number": "PS4174247",
    "manufacturer_number": "DA97-06419C",
    "description": "★★★★★\n★★★★★\n14 Reviews\nThis door guard, commonly referred to as door shelf or bin, is specially made for Samsung refrigerators. It is an authentic OEM replacement part, sourced directly from Samsung to ensure the best fit with your model. It has a white base and clear plastic guard and measures approximately 15 inches in length and 9 inches in width. This door shelf fits on to mounting brackets on the inner portion of your fridge door. It provides extra storage space for your food items. If your door shelf is showing signs of aging or it is visibly damaged, it is best to replace it as soon as possible to avoid potentially damaging the door frame.",
    "price": "$91.11",
    "stock_status": "In Stock",
    "rating": "4.86 out of 5",
    "reviews_count": 14
  },
  {
    "url": "https://www.partselect.com/PS4145262-Samsung-DA61-08305A-Hinge.htm?SourceCode=18",
    "image_url": "https://partselectcom-gtcdcddbene3cpes.z01.azurefd.net/4145262-1-N-Samsung-DA61-08305A-Hinge.jpg",
    "name": "Samsung Refrigerator Hinge",
    "partselect_number": "PS4145262",
    "manufacturer_number": "DA61-08305A",
    "description": "★★★★★\n★★★★★\n6 Reviews\nThis French door hinge is an authentic OEM part used in refrigerators. It is used to provide support and stability to the door allowing it to open and close smoothly. The hinge is vulnerable to wear and tear, and mechanical damage over time. A faulty door hinge will result in difficulty opening/closing the door, door misalignment, inadequate sealing, and increased energy consumption. To begin this repair, locate the screws that hold the hinge to the refrigerator frame and remove them. Carefully lift the door off the hinge and set it aside. Remove the faulty hinge and position the new one in its place. Reattach the door to the new hinge and secure the hinge to the refrigerator frame using the appropriate fasteners.",
    "price": "$11.59",
    "stock_status": "On Order",
    "rating": "4.33 out of 5",
    "reviews_count": 6
  },
  {
    "url": "https://www.partselect.com/PS4138666-Samsung-DA32-10104N-Temperature-Sensor.htm?SourceCode=18",
    "image_url": "https://partselectcom-gtcdcddbene3cpes.z01.azurefd.net/4138666-1-N-Samsung-DA32-10104N-Temperature-Sensor.jpg",
    "name": "Samsung Refrigerator Temperature Sensor",
    "partselect_number": "PS4138666",
    "manufacturer_number": "DA32-10104N",
    "description": "★★★★★\n★★★★★\n2 Reviews\nThis a genuine OEM temperature sensor, designed for use with refrigerators, and is an individual part. This temperature sensor is responsible for detecting and adjusting the temperature in your refrigerator. If your refrigerator is having issues with being either too cold, or too warm, it is likely that this sensor needs to be replaced. To replace it, ensure that your refrigerator is turned off before you locate it with your user manual and replace it.",
    "price": "$33.90",
    "stock_status": "On Order",
    "rating": "5.00 out of 5",
    "reviews_count": 2
  },
  {
    "url": "https://www.partselect.com/PS4176653-Samsung-DA97-12650A-Refrigerator-Door-Shelf-Bin-Right.htm?SourceCode=18",
    "image_url": "https://partselectcom-gtcdcddbene3cpes.z01.azurefd.net/4176653-1-N-Samsung-DA97-12650A-Refrigerator-Door-Shelf-Bin-Right.jpg",
    "name": "Samsung Refrigerator Door Shelf Bin (right)",
    "partselect_number": "PS4176653",
    "manufacturer_number": "DA97-12650A",
    "description": "★★★★★\n★★★★★\n9 Reviews\nThis is a clear plastic door shelf bin for your refrigerator. This bin measures 13.75 inches long, 3.75 inches tall, and is 7.375 inches deep on its left side and 8 inches deep on its right side. This bin is designed for and only fits on the right side of the refrigerator to hold condiments or other food items. This shelf bin is an OEM part that is sold by itself, and simply hooks into place to install.",
    "price": "$154.86",
    "stock_status": "On Order",
    "rating": "4.67 out of 5",
    "reviews_count": 9
  },
  {
    "url": "https://www.partselect.com/PS11747806-Whirlpool-WPA3073101-Light-Bulb-120V-25W.htm?SourceCode=18",
    "image_url": "https://partselectcom-gtcdcddbene3cpes.z01.azurefd.net/11747806-1-N-Whirlpool-WPA3073101-Light-Bulb-120V-25W.jpg",
    "name": "Samsung Refrigerator Light Bulb - 120v 25w",
    "partselect_number": "PS11747806",
    "manufacturer_number": "WPA3073101",
    "description": "★★★★★\n★★★★★\n10 Reviews\nThis light bulb is a 120 volt, 25 watt incandescent appliance light bulb with a small base screw-in that fits in a variety of appliances such as microwaves, refrigerators, freezers, cooktops, or stoves. Its purpose is to light up the appliance when the door is open. This is a genuine OEM part. You may need to replace the light bulb if the existing bulb is burnt out or broken. This light bulb is sold individually and is a common wear part, it is recommended to order a spare.",
    "price": "$14.50",
    "stock_status": "In Stock",
    "rating": "4.10 out of 5",
    "reviews_count": 10
  },
  {
    "url": "https://www.partselect.com/PS5575404-Samsung-DA97-12935A-Reflector-Guard-Assembly.htm?SourceCode=18",
    "image_url": "https://partselectcom-gtcdcddbene3cpes.z01.azurefd.net/5575404-1-N-Samsung-DA97-12935A-Reflector-Guard-Assembly.jpg",
    "name": "Samsung Refrigerator Reflector Guard Assembly",
    "partselect_number": "PS5575404",
    "manufacturer_number": "DA97-12935A",
    "description": "★★★★★\n★★★★★\n1 Review\nThis white door bin assembly in your fridge offers organized storage for bottles, jars, and drinks, with a transparent guard to prevent them from tipping or falling out when the door is opened. Measuring approximately 12 inches by 7 inches, this durable plastic bin features a front handle for easy access. It is mounted on the slots of the interior side of the door. If broken, you may notice items slipping out, along with visible cracks or detachment. This genuine OEM replacement part is sold individually, so ensure you purchase the correct quantity for your model.",
    "price": "$126.43",
    "stock_status": "In Stock",
    "rating": "1.00 out of 5",
    "reviews_count": 1
  },
  {
    "url": "https://www.partselect.com/PS4176661-Samsung-DA97-12657A-Door-Shelf.htm?SourceCode=18",
    "image_url": "https://partselectcom-gtcdcddbene3cpes.z01.azurefd.net/4176661-1-N-Samsung-DA97-12657A-Door-Shelf.jpg",
    "name": "Samsung Refrigerator Door Shelf",
    "partselect_number": "PS4176661",
    "manufacturer_number": "DA97-12657A",
    "description": "★★★★★\n★★★★★\n4 Reviews\nThis door guard, commonly referred to as a door bin or door basket is specially made to fit with Samsung refrigerators. This door bin has a white base and a clear guard made of highly durable plastic. It provides extra storage space which can be used to carry small containers, bottles, and jars. This door bin is designed to fit on the left side of the refrigerator door. Be sure to inspect all the door bins in your fridge to ensure you order the correct number. Each door bin is sold individually.",
    "price": "$127.36",
    "stock_status": "In Stock",
    "rating": "5.00 out of 5",
    "reviews_count": 4
  },
  {
    "url": "https://www.partselect.com/PS4138376-Samsung-DA31-00146E-Evaporator-Fan-Motor.htm?SourceCode=18",
    "image_url": "https://partselectcom-gtcdcddbene3cpes.z01.azurefd.net/4138376-1-N-Samsung-DA31-00146E-Evaporator-Fan-Motor.jpg",
    "name": "Samsung Refrigerator Evaporator Fan Motor",
    "partselect_number": "PS4138376",
    "manufacturer_number": "DA31-00146E",
    "description": "★★★★★\n★★★★★\n3 Reviews\nThis evaporator fan motor is in the back of the freezer, and circulates air over the refrigerator coils. These coils will convert the heat into cool air, which is then circulated. When the evaporator fan motor fails, it often generates a lot of noise in the freezer area. If you notice that your refrigerator or freezer is noisy, or is not cooling like it should, you may need to replace the evaporator fan motor. The base of this part is approximately 3 inches in length and 2 inches in width. The shaft of this part is an additional 2 inches in length.",
    "price": "$124.57",
    "stock_status": "On Order",
    "rating": "4.67 out of 5",
    "reviews_count": 3
  },
  {
    "url": "https://www.partselect.com/PS4175979-Samsung-DA97-08693B-Upper-Crisper-Drawer.htm?SourceCode=18",
    "image_url": "https://partselectcom-gtcdcddbene3cpes.z01.azurefd.net/4175979-1-N-Samsung-DA97-08693B-Upper-Crisper-Drawer.jpg",
    "name": "Samsung Refrigerator Upper Crisper Drawer",
    "partselect_number": "PS4175979",
    "manufacturer_number": "DA97-08693B",
    "description": "★★★★★\n★★★★★\n4 Reviews\nThis new DA97-08693B Refrigerator Crisper Drawer from Samsung is a genuine OEM part. The crisper drawer stores fruits and vegetables at a humidity level that helps keep them fresh longer.",
    "price": "$194.86",
    "stock_status": "On Order",
    "rating": "4.00 out of 5",
    "reviews_count": 4
  },
  {
    "url": "https://www.partselect.com/PS4145248-Samsung-DA61-08229A-Drawer-Handle-Support-Left.htm?SourceCode=18",
    "image_url": "https://partselectcom-gtcdcddbene3cpes.z01.azurefd.net/4145248-1-N-Samsung-DA61-08229A-Drawer-Handle-Support-Left.jpg",
    "name": "Samsung Refrigerator Drawer Handle Support (left)",
    "partselect_number": "PS4145248",
    "manufacturer_number": "DA61-08229A",
    "description": "★★★★★\n★★★★★\n1 Review\nManufacturer Part Number DA61-08229A",
    "price": "$19.55",
    "stock_status": "In Stock",
    "rating": "5.00 out of 5",
    "reviews_count": 1
  },
  {
    "url": "https://www.partselect.com/PS4151582-Samsung-DA63-06542A-Gasket-Right-Or-Left-Side.htm?SourceCode=18",
    "image_url": "https://partselectcom-gtcdcddbene3cpes.z01.azurefd.net/4151582-1-N-Samsung-DA63-06542A-Gasket-Right-Or-Left-Side.jpg",
    "name": "Samsung Refrigerator Gasket (right Or Left Side)",
    "partselect_number": "PS4151582",
    "manufacturer_number": "DA63-06542A",
    "description": "★★★★★\n★★★★★\n5 Reviews\nThis door gasket creates a seal around the door to prevent warm air from entering the refrigerator and are sold individually.",
    "price": "$162.36",
    "stock_status": "In Stock",
    "rating": "3.80 out of 5",
    "reviews_count": 5
  },
  {
    "url": "https://www.partselect.com/PS4175373-Samsung-DA97-07661C-Door-Support-w-Mullion-Heater.htm?SourceCode=18",
    "image_url": "https://partselectcom-gtcdcddbene3cpes.z01.azurefd.net/4175373-1-N-Samsung-DA97-07661C-Door-Support-w-Mullion-Heater.jpg",
    "name": "Samsung Refrigerator Door Support W/mullion Heater",
    "partselect_number": "PS4175373",
    "manufacturer_number": "DA97-07661C",
    "description": "This white-colored flipper or mullion assembly serves as a seal mechanism found between the French doors of your refrigerator. It measures 36 inches in length and 2 inches in width. Positioned along the inner edge of one door, it flips into place to close the gap when the doors meet. A broken assembly might result in loose door closure and escaping cold air, so it is important to replace it to keep your food fresh. This genuine OEM replacement part is sold individually.",
    "price": "$184.15",
    "stock_status": "On Order"
  },
  {
    "url": "https://www.partselect.com/PS12082571-Samsung-DA63-08646A-Refrigerator-Door-Bin.htm?SourceCode=18",
    "image_url": "https://partselectcom-gtcdcddbene3cpes.z01.azurefd.net/12082571-1-N-Samsung-DA63-08646A-Refrigerator-Door-Bin.jpg",
    "name": "Samsung Refrigerator Door Bin",
    "partselect_number": "PS12082571",
    "manufacturer_number": "DA63-08646A",
    "description": "★★★★★\n★★★★★\n2 Reviews\nThe door bin attaches to the inside of the refrigerator door and typically holds jars and bottles.",
    "price": "$109.93",
    "stock_status": "On Order",
    "rating": "5.00 out of 5",
    "reviews_count": 2
  },
  {
    "url": "https://www.partselect.com/PS4138377-Samsung-DA31-00146H-Evaporator-Fan-Motor.htm?SourceCode=18",
    "image_url": "https://partselectcom-gtcdcddbene3cpes.z01.azurefd.net/4138377-1-N-Samsung-DA31-00146H-Evaporator-Fan-Motor.jpg",
    "name": "Samsung Refrigerator Evaporator Fan Motor",
    "partselect_number": "PS4138377",
    "manufacturer_number": "DA31-00146H",
    "description": "★★★★★\n★★★★★\n3 Reviews\nThis evaporator fan motor is sourced from the original manufacturer for use in refrigerators. It circulates cold air throughout the refrigerator compartment to maintain consistent cooling. If the evaporator fan motor is faulty, you will notice inconsistent internal temperatures, excessive and unusual noise, and frost build up. To begin the repair, disconnect the refrigerator from power and remove all shelves and food items in front of the rear panel. Remove the mounting screws on the rear panel and carefully detach it to expose the fan motor. Disconnect the wire connectors to the motor and pull it out of the refrigerator. You may reuse the old fan blades if they are in good condition. Insert the new motor in the refrigerator and reattach the mounting screws. Reconnect the wire connector and reassemble the refrigerator in reverse order.",
    "price": "$124.97",
    "stock_status": "In Stock",
    "rating": "4.00 out of 5",
    "reviews_count": 3
  },
  {
    "url": "https://www.partselect.com/PS4156797-Samsung-DA66-00558B-Upper-Hinge-Cam.htm?SourceCode=18",
    "image_url": "https://partselectcom-gtcdcddbene3cpes.z01.azurefd.net/4156797-1-N-Samsung-DA66-00558B-Upper-Hinge-Cam.jpg",
    "name": "Samsung Refrigerator Upper Hinge Cam",
    "partselect_number": "PS4156797",
    "manufacturer_number": "DA66-00558B",
    "description": "This door closer (part number DA66-00558B) is for refrigerators. Door closer DA66-00558B helps the door open and close smoothly. Wear work gloves to protect your hands when installing this part.",
    "price": "$6.88",
    "stock_status": "In Stock"
  },
  {
    "url": "https://www.partselect.com/PS4176215-Samsung-DA97-11117A-Ice-Bin-Bucket-w-Auger.htm?SourceCode=18",
    "image_url": "https://partselectcom-gtcdcddbene3cpes.z01.azurefd.net/4176215-1-N-Samsung-DA97-11117A-Ice-Bin-Bucket-w-Auger.jpg",
    "name": "Samsung Refrigerator Ice Bin Bucket W/auger",
    "partselect_number": "PS4176215",
    "manufacturer_number": "DA97-11117A",
    "description": "★★★★★\n★★★★★\n3 Reviews\nThis genuine OEM ice bucket and auger assembly in your fridge is responsible for collecting and storing ice cubes in your freezer. It comes in a white color. If this bucket is damaged, you may notice ice cubes spilling into the freezer. Replacing it is a simple process of sliding it out of its housing. This replacement part is sold individually.",
    "price": "$194.28",
    "stock_status": "On Order",
    "rating": "5.00 out of 5",
    "reviews_count": 3
  },
  {
    "url": "https://www.partselect.com/PS4156885-Samsung-DA66-00850A-Dispenser-Lever.htm?SourceCode=18",
    "image_url": "https://partselectcom-gtcdcddbene3cpes.z01.azurefd.net/4156885-1-N-Samsung-DA66-00850A-Dispenser-Lever.jpg",
    "name": "Samsung Refrigerator Dispenser Lever",
    "partselect_number": "PS4156885",
    "manufacturer_number": "DA66-00850A",
    "description": "★★★★★\n★★★★★\n5 Reviews\nThis gray dispenser lever is located on the outside of refrigerator door. When pressed, it releases the water or ice from the dispensing system. It needs to be replaced when the lever becomes loose, stuck, or damaged. Please note that this genuine OEM replacement part does not include the spring required for installation. You can purchase the spring separately or use the one from your existing lever.",
    "price": "$26.14",
    "stock_status": "On Order",
    "rating": "4.40 out of 5",
    "reviews_count": 5
  },
  {
    "url": "https://www.partselect.com/PS5575360-Samsung-DA97-11520B-Reflector-Guard-Assembly.htm?SourceCode=18",
    "image_url": "https://partselectcom-gtcdcddbene3cpes.z01.azurefd.net/5575360-1-N-Samsung-DA97-11520B-Reflector-Guard-Assembly.jpg",
    "name": "Samsung Refrigerator Reflector Guard Assembly",
    "partselect_number": "PS5575360",
    "manufacturer_number": "DA97-11520B",
    "description": "★★★★★\n★★★★★\n2 Reviews\nThis assembly guard, also known as a door bin, is specially designed to fit in Samsung refrigerators. It is a genuine OEM replacement bin that is positioned on the right side of the refrigerator door. The bin has a clear plastic guard and a white base that is responsible for holding various bottles, jars, and condiments. The bin may break over time due to normal aging, accidental damage, or from the weight of the items stored in it. You do not need any mounting hardware to install the door bin, simply push the faulty one up and off the mounting brackets and position the new one in its place. Each door bin is sold individually.",
    "price": "$131.55",
    "stock_status": "On Order",
    "rating": "5.00 out of 5",
    "reviews_count": 2
  },
  {
    "url": "https://www.partselect.com/PS11718073-Samsung-DA97-12609B-Refrigerator-Evaporator-Cover-Assembly.htm?SourceCode=18",
    "image_url": "https://partselectcom-gtcdcddbene3cpes.z01.azurefd.net/11718073-1-N-Samsung-DA97-12609B-Refrigerator-Evaporator-Cover-Assembly.jpg",
    "name": "Samsung Refrigerator Evaporator Cover Assembly",
    "partselect_number": "PS11718073",
    "manufacturer_number": "DA97-12609B",
    "description": "Assembly COVER EVAP-REF;AW1-",
    "price": "$225.63",
    "stock_status": "Special Order"
  },
  {
    "url": "https://www.partselect.com/PS4158519-Samsung-DA67-02056A-End-Cap-Handle.htm?SourceCode=18",
    "image_url": "https://partselectcom-gtcdcddbene3cpes.z01.azurefd.net/4158519-1-N-Samsung-DA67-02056A-End-Cap-Handle.jpg",
    "name": "Samsung Refrigerator End Cap Handle",
    "partselect_number": "PS4158519",
    "manufacturer_number": "DA67-02056A",
    "description": "★★★★★\n★★★★★\n2 Reviews\nThis handle end cap, also known as a door handle mounting cap, is a genuine OEM replacement part for Samsung Freezers. It is a gray, stainless steel cap, with measurements of approximately 4 inches by 2 inches. It is designed to secure the door handle to the freezer door. If the handle end cap is faulty, the door handle will be unstable and may fall off. Replace this part promptly to avoid damaging the handle or front panel of your freezer. It is important to note that this part is intended for the right side of the door handle. You will need a different part for the left side. Each handle end cap is sold separately.",
    "price": "$39.15",
    "stock_status": "In Stock",
    "rating": "4.50 out of 5",
    "reviews_count": 2
  },
  {
    "url": "https://www.partselect.com/PS4138681-Samsung-DA32-10105R-Temperature-Sensor.htm?SourceCode=18",
    "image_url": "https://partselectcom-gtcdcddbene3cpes.z01.azurefd.net/4138681-1-N-Samsung-DA32-10105R-Temperature-Sensor.jpg",
    "name": "Samsung Refrigerator Temperature Sensor",
    "partselect_number": "PS4138681",
    "manufacturer_number": "DA32-10105R",
    "description": "★★★★★\n★★★★★\n2 Reviews\nThe Samsung Defrost Sensor (DA32-10105R) is a genuine part designed specifically for Samsung refrigerators. This sensor, sometimes referred to as a defrost thermostat or defrost temperature sensor, is an integral part of your refrigerator's defrost system.",
    "price": "$35.95",
    "stock_status": "In Stock",
    "rating": "4.50 out of 5",
    "reviews_count": 2
  },
  {
    "url": "https://www.partselect.com/PS4176675-Samsung-DA97-12683B-Flipper-Assembly.htm?SourceCode=18",
    "image_url": "https://partselectcom-gtcdcddbene3cpes.z01.azurefd.net/4176675-1-N-Samsung-DA97-12683B-Flipper-Assembly.jpg",
    "name": "Samsung Refrigerator Flipper Assembly",
    "partselect_number": "PS4176675",
    "manufacturer_number": "DA97-12683B",
    "description": "This mullion or flipper assembly in your French-door refrigerator creates an airtight seal between the double doors. It is black in color and is found on the inner edge of one of the doors, flipping out to bridge the gap between the doors when they are shut. This assembly has an integrated spring to provide proper force against the doors. This genuine OEM replacement part is sold individually.",
    "price": "$201.11",
    "stock_status": "In Stock"
  },
  {
    "url": "https://www.partselect.com/PS4144447-Samsung-DA61-04335B-Handle-Spring.htm?SourceCode=18",
    "image_url": "https://partselectcom-gtcdcddbene3cpes.z01.azurefd.net/4144447-1-N-Samsung-DA61-04335B-Handle-Spring.jpg",
    "name": "Samsung Refrigerator Handle Spring",
    "partselect_number": "PS4144447",
    "manufacturer_number": "DA61-04335B",
    "description": "★★★★★\n★★★★★\n1 Review\nManufacturer Part Number DA61-04335B",
    "price": "$6.95",
    "stock_status": "In Stock",
    "rating": "1.00 out of 5",
    "reviews_count": 1
  },
  {
    "url": "https://www.partselect.com/PS4176405-Samsung-DA97-11620B-Refrigerator-Crisper-Drawer.htm?SourceCode=18",
    "image_url": "https://partselectcom-gtcdcddbene3cpes.z01.azurefd.net/4176405-1-N-Samsung-DA97-11620B-Refrigerator-Crisper-Drawer.jpg",
    "name": "Samsung Refrigerator Crisper Drawer",
    "partselect_number": "PS4176405",
    "manufacturer_number": "DA97-11620B",
    "description": "★★★★★\n★★★★★\n2 Reviews\nThe crisper drawer stores fruits and vegetables at a humidity level that helps keep them fresh longer.",
    "price": "$179.86",
    "stock_status": "On Order",
    "rating": "5.00 out of 5",
    "reviews_count": 2
  },
  {
    "url": "https://www.partselect.com/PS16624078-Samsung-DA97-22160A-Ice-Case-Assembly.htm?SourceCode=18",
    "image_url": "https://partselectcom-gtcdcddbene3cpes.z01.azurefd.net/16624078-1-N-Samsung-DA97-22160A-Ice-Case-Assembly.jpg",
    "name": "Samsung Refrigerator Ice Case Assembly",
    "partselect_number": "PS16624078",
    "manufacturer_number": "DA97-22160A",
    "description": "★★★★★\n★★★★★\n1 Review\nManufacturer Part Number DA97-22160A",
    "price": "$149.68",
    "stock_status": "On Order",
    "rating": "5.00 out of 5",
    "reviews_count": 1
  },
  {
    "url": "https://www.partselect.com/PS4172586-Samsung-DA97-04840A-Vegetable-Drawer-Rail-Assembly.htm?SourceCode=18",
    "image_url": "https://partselectcom-gtcdcddbene3cpes.z01.azurefd.net/4172586-1-N-Samsung-DA97-04840A-Vegetable-Drawer-Rail-Assembly.jpg",
    "name": "Samsung Refrigerator Vegetable Drawer Rail Assembly",
    "partselect_number": "PS4172586",
    "manufacturer_number": "DA97-04840A",
    "description": "★★★★★\n★★★★★\n1 Review\nManufacturer Part Number DA97-04840A",
    "price": "$36.21",
    "stock_status": "On Order",
    "rating": "5.00 out of 5",
    "reviews_count": 1
  },
  {
    "url": "https://www.partselect.com/PS4176655-Samsung-DA97-12652A-Reflector-Guard-Assembly.htm?SourceCode=18",
    "image_url": "https://partselectcom-gtcdcddbene3cpes.z01.azurefd.net/4176655-1-N-Samsung-DA97-12652A-Reflector-Guard-Assembly.jpg",
    "name": "Samsung Refrigerator Reflector Guard Assembly",
    "partselect_number": "PS4176655",
    "manufacturer_number": "DA97-12652A",
    "description": "Manufacturer Part Number DA97-12652A",
    "price": "$126.30",
    "stock_status": "In Stock"
  },
  {
    "url": "https://www.partselect.com/PS12707372-Samsung-DA97-11912L-Refrigerator-End-Cap-Handle.htm?SourceCode=18",
    "image_url": "https://partselectcom-gtcdcddbene3cpes.z01.azurefd.net/12707372-1-N-Samsung-DA97-11912L-Refrigerator-End-Cap-Handle.jpg",
    "name": "Samsung Refrigerator End Cap Handle",
    "partselect_number": "PS12707372",
    "manufacturer_number": "DA97-11912L",
    "description": "The control panel assembly houses the selection buttons and display components for the range.",
    "price": "$53.30",
    "stock_status": "In Stock"
  },
  {
    "url": "https://www.partselect.com/PS5575328-Samsung-DA97-08406C-Door-Bin.htm?SourceCode=18",
    "image_url": "https://partselectcom-gtcdcddbene3cpes.z01.azurefd.net/5575328-1-N-Samsung-DA97-08406C-Door-Bin.jpg",
    "name": "Samsung Refrigerator Door Bin",
    "partselect_number": "PS5575328",
    "manufacturer_number": "DA97-08406C",
    "description": "★★★★★\n★★★★★\n3 Reviews\nDoor bin DA97-08406C is an original equipment manufacturer (OEM) part. Door bin DA97-08406C is 13-7/8 wide, 3-7/8 inches tall, 8-3/8 inches deep on the left, and 8-7/8 inches deep on the right. This door bin is used on the right side fresh-food door as the top, middle and bottom bin. Replaces part number DA97-08406B.",
    "price": "$93.07",
    "stock_status": "In Stock",
    "rating": "5.00 out of 5",
    "reviews_count": 3
  },
  {
    "url": "https://www.partselect.com/PS12719908-Samsung-DA97-13805C-Door-Shelf-Bin.htm?SourceCode=18",
    "image_url": "https://partselectcom-gtcdcddbene3cpes.z01.azurefd.net/12719908-1-N-Samsung-DA97-13805C-Door-Shelf-Bin.jpg",
    "name": "Samsung Refrigerator Door Shelf Bin",
    "partselect_number": "PS12719908",
    "manufacturer_number": "DA97-13805C",
    "description": "Manufacturer Part Number DA97-13805C",
    "price": "$102.67",
    "stock_status": "In Stock"
  },
  {
    "url": "https://www.partselect.com/PS5575413-Samsung-DA97-13029A-Crisper-Drawer-Cover-Assembly.htm?SourceCode=18",
    "image_url": "https://partselectcom-gtcdcddbene3cpes.z01.azurefd.net/5575413-1-N-Samsung-DA97-13029A-Crisper-Drawer-Cover-Assembly.jpg",
    "name": "Samsung Refrigerator Crisper Drawer Cover Assembly",
    "partselect_number": "PS5575413",
    "manufacturer_number": "DA97-13029A",
    "description": "★★★★★\n★★★★★\n1 Review\nAssembly COVER-VEG REF;IBACI",
    "price": "$215.23",
    "stock_status": "On Order",
    "rating": "5.00 out of 5",
    "reviews_count": 1
  },
  {
    "url": "https://www.partselect.com/PS4174114-Samsung-DA97-06317A-Filter-Assembly.htm?SourceCode=18",
    "image_url": "https://partselectcom-gtcdcddbene3cpes.z01.azurefd.net/4174114-1-N-Samsung-DA97-06317A-Filter-Assembly.jpg",
    "name": "Samsung Refrigerator Filter Assembly",
    "partselect_number": "PS4174114",
    "manufacturer_number": "DA97-06317A",
    "description": "★★★★★\n★★★★★\n1 Review\nThis refrigerator filter case assembly, also known as a water filter head or housing, is compatible with various models of Samsung fridges. The assembly includes the filter head and water lines. It is designed to hold and protect the water filter. It also connects the water lines and the filter to the internal water supply so that water flowing from inside the fridge can be filtered before it is dispensed. If you are having difficulties dispensing water or making ice, or the filter seems unstable, then the filter case is likely damaged or faulty and will need to be replaced.",
    "price": "$104.71",
    "stock_status": "In Stock",
    "rating": "5.00 out of 5",
    "reviews_count": 1
  },
  {
    "url": "https://www.partselect.com/PS11732736-Samsung-3903-001003-Power-Cord.htm?SourceCode=18",
    "image_url": "https://partselectcom-gtcdcddbene3cpes.z01.azurefd.net/11732736-1-N-Samsung-3903-001003-Power-Cord.jpg",
    "name": "Samsung Refrigerator Power Cord",
    "partselect_number": "PS11732736",
    "manufacturer_number": "3903-001003",
    "description": "This is a power cord made for Samsung refrigerators. If your current power cord is damaged, broken, or no longer supplying power to your fridge, you can disconnect it from the wall outlet, strip it from your fridge, and replace it with this OEM cord. This power cord is sold individually and does not include any other parts or accessories.",
    "price": "$67.85",
    "stock_status": "In Stock"
  },
  {
    "url": "https://www.partselect.com/PS16622120-Samsung-DA63-11175A-Guard-Low.htm?SourceCode=18",
    "image_url": "https://partselectcom-gtcdcddbene3cpes.z01.azurefd.net/16622120-1-N-Samsung-DA63-11175A-Guard-Low.jpg",
    "name": "Samsung Refrigerator Guard (low)",
    "partselect_number": "PS16622120",
    "manufacturer_number": "DA63-11175A",
    "description": "Manufacturer Part Number DA63-11175A",
    "price": "$49.45",
    "stock_status": "On Order"
  },
  {
    "url": "https://www.partselect.com/PS4174833-Samsung-DA97-07020C-Pantry-Cover-Assembly.htm?SourceCode=18",
    "image_url": "https://partselectcom-gtcdcddbene3cpes.z01.azurefd.net/4174833-1-N-Samsung-DA97-07020C-Pantry-Cover-Assembly.jpg",
    "name": "Samsung Refrigerator Pantry Cover Assembly",
    "partselect_number": "PS4174833",
    "manufacturer_number": "DA97-07020C",
    "description": "★★★★★\n★★★★★\n2 Reviews",
    "price": "$147.53",
    "stock_status": "On Order",
    "rating": "5.00 out of 5",
    "reviews_count": 2
  },
  {
    "url": "https://www.partselect.com/PS17501139-Samsung-DA97-08438K-Left-Case-Assembly.htm?SourceCode=18",
    "image_url": "https://partselectcom-gtcdcddbene3cpes.z01.azurefd.net/17501139-1-N-Samsung-DA97-08438K-Left-Case-Assembly.jpg",
    "name": "Samsung Refrigerator Left Case Assembly",
    "partselect_number": "PS17501139",
    "manufacturer_number": "DA97-08438K",
    "price": "$182.23",
    "stock_status": "On Order"
  },
  {
    "url": "https://www.partselect.com/PS5575289-Samsung-DA97-05037D-Ice-Maker-Support-Assembly.htm?SourceCode=18",
    "image_url": "https://partselectcom-gtcdcddbene3cpes.z01.azurefd.net/5575289-1-N-Samsung-DA97-05037D-Ice-Maker-Support-Assembly.jpg",
    "name": "Samsung Refrigerator Ice Maker Support Assembly",
    "partselect_number": "PS5575289",
    "manufacturer_number": "DA97-05037D",
    "description": "★★★★★\n★★★★★\n5 Reviews\nThe Samsung DA97-05037D ice maker is a high quality replacement for your refrigerator. It is easy to install and comes with all the necessary hardware. This ice maker is designed to produce up to 10 pounds of ice per day and can store up to 4 pounds of ice",
    "price": "$239.86",
    "stock_status": "On Order",
    "rating": "4.80 out of 5",
    "reviews_count": 5
  },
  {
    "url": "https://www.partselect.com/PS2359937-GE-WR13X10737-Refrigerator-Assembly-Caseice-Route.htm?SourceCode=18",
    "image_url": "https://partselectcom-gtcdcddbene3cpes.z01.azurefd.net/2359937-1-N-GE-WR13X10737-Refrigerator-Assembly-Caseice-Route.jpg",
    "name": "Samsung Refrigerator Assembly Caseice Route",
    "partselect_number": "PS2359937",
    "manufacturer_number": "WR13X10737",
    "description": "★★★★★\n★★★★★\n11 Reviews\nAssembly CASE-ICE ROUTE This dispenser ice chute door and funnel assembly is for refrigerators. Dispenser ice chute door and funnel assembly opens to let ice through when dispensing into a glass or other container. The assembly may include multiple parts; refer to your parts diagram for a complete list of parts included. Unplug the refrigerator and safely store any food that could deteriorate while the power is off before installing this part.",
    "price": "$193.74",
    "stock_status": "In Stock",
    "rating": "4.73 out of 5",
    "reviews_count": 11
  },
  {
    "url": "https://www.partselect.com/PS4175806-Samsung-DA97-08408A-Reflector-Guard-Assembly.htm?SourceCode=18",
    "image_url": "https://partselectcom-gtcdcddbene3cpes.z01.azurefd.net/4175806-1-N-Samsung-DA97-08408A-Reflector-Guard-Assembly.jpg",
    "name": "Samsung Refrigerator Reflector Guard Assembly",
    "partselect_number": "PS4175806",
    "manufacturer_number": "DA97-08408A",
    "description": "Manufacturer Part Number DA97-08408A",
    "price": "$88.22",
    "stock_status": "On Order"
  },
  {
    "url": "https://www.partselect.com/PS16622119-Samsung-DA63-09997A-Door-Guard-Upper.htm?SourceCode=18",
    "image_url": "https://partselectcom-gtcdcddbene3cpes.z01.azurefd.net/16622119-1-N-Samsung-DA63-09997A-Door-Guard-Upper.jpg",
    "name": "Samsung Refrigerator Door Guard (upper)",
    "partselect_number": "PS16622119",
    "manufacturer_number": "DA63-09997A",
    "description": "Manufacturer Part Number DA63-09997A",
    "price": "$47.47",
    "stock_status": "On Order"
  },
  {
    "url": "https://www.partselect.com/PS9604561-Samsung-DA97-14801A-Glass-Shelf-Assembly.htm?SourceCode=18",
    "image_url": "https://partselectcom-gtcdcddbene3cpes.z01.azurefd.net/9604561-1-N-Samsung-DA97-14801A-Glass-Shelf-Assembly.jpg",
    "name": "Samsung Refrigerator Glass Shelf Assembly",
    "partselect_number": "PS9604561",
    "manufacturer_number": "DA97-14801A",
    "description": "Manufacturer Part Number DA97-14801A",
    "price": "$96.91",
    "stock_status": "In Stock"
  },
  {
    "url": "https://www.partselect.com/PS4176388-Samsung-DA97-11597C-Vegetable-Drawer-Assembly.htm?SourceCode=18",
    "image_url": "https://partselectcom-gtcdcddbene3cpes.z01.azurefd.net/4176388-1-N-Samsung-DA97-11597C-Vegetable-Drawer-Assembly.jpg",
    "name": "Samsung Refrigerator Vegetable Drawer Assembly",
    "partselect_number": "PS4176388",
    "manufacturer_number": "DA97-11597C",
    "description": "Manufacturer Part Number DA97-11597C",
    "price": "$127.25",
    "stock_status": "On Order"
  },
  {
    "url": "https://www.partselect.com/PS11721259-Samsung-HAF-CIN-EXP-Ice-and-Water-Refrigerator-Filter.htm?SourceCode=18",
    "image_url": "https://partselectcom-gtcdcddbene3cpes.z01.azurefd.net/11721259-1-N-Samsung-HAF-CIN-EXP-Ice-and-Water-Refrigerator-Filter.jpg",
    "name": "Samsung Refrigerator Ice And Water Filter",
    "partselect_number": "PS11721259",
    "manufacturer_number": "HAF-CIN/EXP",
    "description": "This is a water filter designed for use within Samsung refrigerators. This is a genuine OEM filter that comes by itself and needs to be replaced every 6 months, or after approximately 300 gallons/1136 liters of use. When replacing your refrigerator water filter, simply twist the old filter counterclockwise to remove, and rotate the new filter in clockwise to secure it. Then flush 3 gallons of water through it to rinse any sediment before using the dispenser.",
    "price": "$49.42",
    "stock_status": "In Stock"
  },
  {
    "url": "https://www.partselect.com/PS4138652-Samsung-DA32-00033C-Temperature-Sensor.htm?SourceCode=18",
    "image_url": "https://partselectcom-gtcdcddbene3cpes.z01.azurefd.net/4138652-1-N-Samsung-DA32-00033C-Temperature-Sensor.jpg",
    "name": "Samsung Refrigerator Temperature Sensor",
    "partselect_number": "PS4138652",
    "manufacturer_number": "DA32-00033C",
    "description": "★★★★★\n★★★★★\n1 Review\nSENSOR TEMP;PX-41C,-40~1",
    "price": "$35.95",
    "stock_status": "In Stock",
    "rating": "5.00 out of 5",
    "reviews_count": 1
  },
  {
    "url": "https://www.partselect.com/PS4174250-Samsung-DA97-06420C-Reflector-Guard-Assembly.htm?SourceCode=18",
    "image_url": "https://partselectcom-gtcdcddbene3cpes.z01.azurefd.net/4174250-1-N-Samsung-DA97-06420C-Reflector-Guard-Assembly.jpg",
    "name": "Samsung Refrigerator Reflector Guard Assembly",
    "partselect_number": "PS4174250",
    "manufacturer_number": "DA97-06420C",
    "description": "★★★★★\n★★★★★\n1 Review\nManufacturer Part Number DA97-06420C",
    "price": "$81.43",
    "stock_status": "On Order",
    "rating": "5.00 out of 5",
    "reviews_count": 1
  },
  {
    "url": "https://www.partselect.com/PS16556766-Samsung-DA97-20638A-Door-Shelf-Bin.htm?SourceCode=18",
    "image_url": "https://partselectcom-gtcdcddbene3cpes.z01.azurefd.net/16556766-1-N-Samsung-DA97-20638A-Door-Shelf-Bin.jpg",
    "name": "Samsung Refrigerator Door Shelf Bin",
    "partselect_number": "PS16556766",
    "manufacturer_number": "DA97-20638A",
    "description": "Manufacturer Part Number DA97-20638A",
    "price": "$138.65",
    "stock_status": "In Stock"
  },
  {
    "url": "https://www.partselect.com/PS4176599-Samsung-DA97-12522A-Refrigerator-Freezer-Door-Gasket.htm?SourceCode=18",
    "image_url": "https://partselectcom-gtcdcddbene3cpes.z01.azurefd.net/4176599-1-N-Samsung-DA97-12522A-Refrigerator-Freezer-Door-Gasket.jpg",
    "name": "Samsung Refrigerator Freezer Door Gasket",
    "partselect_number": "PS4176599",
    "manufacturer_number": "DA97-12522A",
    "description": "★★★★★\n★★★★★\n2 Reviews\nManufacturer Part Number DA97-12522A",
    "price": "$103.74",
    "stock_status": "In Stock",
    "rating": "5.00 out of 5",
    "reviews_count": 2
  },
  {
    "url": "https://www.partselect.com/PS9604332-Samsung-DA97-13805B-Refrigerator-Door-Bin.htm?SourceCode=18",
    "image_url": "https://partselectcom-gtcdcddbene3cpes.z01.azurefd.net/9604332-1-N-Samsung-DA97-13805B-Refrigerator-Door-Bin.jpg",
    "name": "Samsung Refrigerator Door Bin",
    "partselect_number": "PS9604332",
    "manufacturer_number": "DA97-13805B",
    "description": "Manufacturer Part Number DA97-13805B",
    "price": "$136.27",
    "stock_status": "In Stock"
  },
  {
    "url": "https://www.partselect.com/PS12083525-Samsung-DA97-17395A-Refrigerator-Water-Reservoir.htm?SourceCode=18",
    "image_url": "https://partselectcom-gtcdcddbene3cpes.z01.azurefd.net/12083525-1-N-Samsung-DA97-17395A-Refrigerator-Water-Reservoir.jpg",
    "name": "Samsung Refrigerator Water Reservoir",
    "partselect_number": "PS12083525",
    "manufacturer_number": "DA97-17395A",
    "description": "★★★★★\n★★★★★\n1 Review\nThe water reservoir holds the water for the water dispenser as the water chills.",
    "price": "$171.11",
    "stock_status": "In Stock",
    "rating": "5.00 out of 5",
    "reviews_count": 1
  },
  {
    "url": "https://www.partselect.com/PS4138378-Samsung-DA31-00146J-Evaporator-Fan-Motor.htm?SourceCode=18",
    "image_url": "https://partselectcom-gtcdcddbene3cpes.z01.azurefd.net/4138378-1-N-Samsung-DA31-00146J-Evaporator-Fan-Motor.jpg",
    "name": "Samsung Refrigerator Evaporator Fan Motor",
    "partselect_number": "PS4138378",
    "manufacturer_number": "DA31-00146J",
    "description": "Manufacturer Part Number DA31-00146J",
    "price": "$118.29",
    "stock_status": "On Order"
  },
  {
    "url": "https://www.partselect.com/PS4140711-Samsung-DA47-00434A-Heater-Sheath.htm?SourceCode=18",
    "image_url": "https://partselectcom-gtcdcddbene3cpes.z01.azurefd.net/4140711-1-N-Samsung-DA47-00434A-Heater-Sheath.jpg",
    "name": "Samsung Refrigerator Heater Sheath",
    "partselect_number": "PS4140711",
    "manufacturer_number": "DA47-00434A",
    "description": "This defrost heater (part number DA47-00434A) is for refrigerators. Defrost heater DA47-00434A melts frost from the evaporator fins during the automatic defrost cycle. Safely store any food that could deteriorate while the power is off. Unplug the refrigerator before installing this part.",
    "price": "$143.51",
    "stock_status": "In Stock"
  },
  {
    "url": "https://www.partselect.com/PS5575407-Samsung-DA97-12942A-Dispenser-Cover-Assembly.htm?SourceCode=18",
    "image_url": "https://partselectcom-gtcdcddbene3cpes.z01.azurefd.net/5575407-1-N-Samsung-DA97-12942A-Dispenser-Cover-Assembly.jpg",
    "name": "Samsung Refrigerator Dispenser Cover Assembly",
    "partselect_number": "PS5575407",
    "manufacturer_number": "DA97-12942A",
    "description": "★★★★★\n★★★★★\n3 Reviews\nAssembly COVER-DISPENSER;AW1",
    "price": "$53.85",
    "stock_status": "On Order",
    "rating": "4.67 out of 5",
    "reviews_count": 3
  },
  {
    "url": "https://www.partselect.com/PS16732909-Samsung-DA61-15164A-Convertible-Case.htm?SourceCode=18",
    "image_url": "https://partselectcom-gtcdcddbene3cpes.z01.azurefd.net/16732909-1-N-Samsung-DA61-15164A-Convertible-Case.jpg",
    "name": "Samsung Refrigerator Convertible Case",
    "partselect_number": "PS16732909",
    "manufacturer_number": "DA61-15164A",
    "description": "The convertible drawer tray is designed to facilitate the organized storage of food items in the refrigerator's convertible drawer. It enhances function. This Samsung Refrigerator Convertible Drawer Tray is a versatile accessory that simplifies the organization of your refrigerator. It is ideal for users who need to optimize the storage space within their convertible drawer, allowing easy access and separation of different food items. For safe installation, always ensure the refrigerator is unplugged during the process.",
    "price": "$135.80",
    "stock_status": "On Order"
  },
  {
    "url": "https://www.partselect.com/PS4151211-Samsung-DA63-05225A-Dairy-Guard-Cover.htm?SourceCode=18",
    "image_url": "https://partselectcom-gtcdcddbene3cpes.z01.azurefd.net/4151211-1-N-Samsung-DA63-05225A-Dairy-Guard-Cover.jpg",
    "name": "Samsung Refrigerator Dairy Guard Cover",
    "partselect_number": "PS4151211",
    "manufacturer_number": "DA63-05225A",
    "description": "Manufacturer Part Number DA63-05225A",
    "price": "$49.93",
    "stock_status": "On Order"
  },
  {
    "url": "https://www.partselect.com/PS4175903-Samsung-DA97-08518D-Display-Cover-Assembly.htm?SourceCode=18",
    "image_url": "https://partselectcom-gtcdcddbene3cpes.z01.azurefd.net/4175903-1-N-Samsung-DA97-08518D-Display-Cover-Assembly.jpg",
    "name": "Samsung Refrigerator Display Cover Assembly",
    "partselect_number": "PS4175903",
    "manufacturer_number": "DA97-08518D",
    "description": "★★★★★\n★★★★★\n1 Review\nAssembly COVER DISP;AW3,STS",
    "price": "$283.31",
    "stock_status": "On Order",
    "rating": "5.00 out of 5",
    "reviews_count": 1
  },
  {
    "url": "https://www.partselect.com/PS11717777-Samsung-DA82-01396A-Ice-Tray-Assembly.htm?SourceCode=18",
    "image_url": "https://partselectcom-gtcdcddbene3cpes.z01.azurefd.net/11717777-1-N-Samsung-DA82-01396A-Ice-Tray-Assembly.jpg",
    "name": "Samsung Refrigerator Ice Tray Assembly",
    "partselect_number": "PS11717777",
    "manufacturer_number": "DA82-01396A",
    "description": "★★★★★\n★★★★★\n3 Reviews\nThis is the bucket assembly for the ice maker of various Samsung refrigerators. This is the part that is directly responsible for holding and storing the ice cubes created within your refrigerator. This OEM bucket features the white plastic ice maker bucket and the internal auger that is required to dispense the ice. If your current ice maker bucket is cracked and damaged, or simply not dispensing ice properly, this is the genuine OEM part you need. This bucket is sold individually and does not come with any other parts.",
    "price": "$226.11",
    "stock_status": "In Stock",
    "rating": "5.00 out of 5",
    "reviews_count": 3
  },
  {
    "url": "https://www.partselect.com/PS16554158-Samsung-DA97-20631A-Vegetable-Case-Assembly.htm?SourceCode=18",
    "image_url": "https://partselectcom-gtcdcddbene3cpes.z01.azurefd.net/16554158-1-N-Samsung-DA97-20631A-Vegetable-Case-Assembly.jpg",
    "name": "Samsung Refrigerator Vegetable Case Assembly",
    "partselect_number": "PS16554158",
    "manufacturer_number": "DA97-20631A",
    "description": "Manufacturer Part Number DA97-20631A",
    "price": "$184.19",
    "stock_status": "On Order"
  },
  {
    "url": "https://www.partselect.com/PS16624042-Samsung-DA97-21787A-Ice-Case-Assembly.htm?SourceCode=18",
    "image_url": "https://partselectcom-gtcdcddbene3cpes.z01.azurefd.net/16624042-1-N-Samsung-DA97-21787A-Ice-Case-Assembly.jpg",
    "name": "Samsung Refrigerator Ice Case Assembly",
    "partselect_number": "PS16624042",
    "manufacturer_number": "DA97-21787A",
    "price": "$126.30",
    "stock_status": "On Order"
  },
  {
    "url": "https://www.partselect.com/PS4151347-Samsung-DA63-05506A-Dispenser-Drip-Tray.htm?SourceCode=18",
    "image_url": "https://partselectcom-gtcdcddbene3cpes.z01.azurefd.net/4151347-1-N-Samsung-DA63-05506A-Dispenser-Drip-Tray.jpg",
    "name": "Samsung Refrigerator Dispenser Drip Tray",
    "partselect_number": "PS4151347",
    "manufacturer_number": "DA63-05506A",
    "description": "Genuine OEM part",
    "price": "$40.54",
    "stock_status": "On Order"
  },
  {
    "url": "https://www.partselect.com/PS4172822-Samsung-DA97-05021P-Door-Divider-Assembly.htm?SourceCode=18",
    "image_url": "https://partselectcom-gtcdcddbene3cpes.z01.azurefd.net/4172822-1-N-Samsung-DA97-05021P-Door-Divider-Assembly.jpg",
    "name": "Samsung Refrigerator Door Divider Assembly",
    "partselect_number": "PS4172822",
    "manufacturer_number": "DA97-05021P",
    "description": "Manufacturer Part Number DA97-05021P",
    "price": "$126.30",
    "stock_status": "On Order"
  },
  {
    "url": "https://www.partselect.com/PS4176701-Samsung-DA97-12726A-Vegetable-Drawer-Assembly.htm?SourceCode=18",
    "image_url": "https://partselectcom-gtcdcddbene3cpes.z01.azurefd.net/4176701-1-N-Samsung-DA97-12726A-Vegetable-Drawer-Assembly.jpg",
    "name": "Samsung Refrigerator Vegetable Drawer Assembly",
    "partselect_number": "PS4176701",
    "manufacturer_number": "DA97-12726A",
    "description": "Manufacturer Part Number DA97-12726A",
    "price": "$152.90",
    "stock_status": "On Order"
  },
  {
    "url": "https://www.partselect.com/PS11718035-Samsung-DA97-08511B-Crisper-Drawer-Cover-Assembly.htm?SourceCode=18",
    "image_url": "https://partselectcom-gtcdcddbene3cpes.z01.azurefd.net/11718035-1-N-Samsung-DA97-08511B-Crisper-Drawer-Cover-Assembly.jpg",
    "name": "Samsung Refrigerator Crisper Drawer Cover Assembly",
    "partselect_number": "PS11718035",
    "manufacturer_number": "DA97-08511B",
    "description": "★★★★★\n★★★★★\n1 Review\nThis is a crisper drawer cover assembly made for some Samsung refrigerators. This cover sits at the bottom of the fridge and houses the two bottom crisper drawers.",
    "price": "$181.11",
    "stock_status": "On Order",
    "rating": "5.00 out of 5",
    "reviews_count": 1
  },
  {
    "url": "https://www.partselect.com/PS11733565-Samsung-DA97-14477B-Door-Shelf-Bin.htm?SourceCode=18",
    "image_url": "https://partselectcom-gtcdcddbene3cpes.z01.azurefd.net/11733565-1-N-Samsung-DA97-14477B-Door-Shelf-Bin.jpg",
    "name": "Samsung Refrigerator Door Shelf Bin",
    "partselect_number": "PS11733565",
    "manufacturer_number": "DA97-14477B",
    "description": "Manufacturer Part Number DA97-14477B",
    "price": "$135.31",
    "stock_status": "On Order"
  },
  {
    "url": "https://www.partselect.com/PS4170861-Samsung-DA97-01949A-Condenser-Fan-Motor-w-Bracket.htm?SourceCode=18",
    "image_url": "https://partselectcom-gtcdcddbene3cpes.z01.azurefd.net/4170861-1-N-Samsung-DA97-01949A-Condenser-Fan-Motor-w-Bracket.jpg",
    "name": "Samsung Refrigerator Condenser Fan Motor W/bracket",
    "partselect_number": "PS4170861",
    "manufacturer_number": "DA97-01949A",
    "description": "This fan motor is compatible with most frost-free Samsung refrigerators with a condenser coil. When the compressor runs, so does this fan, circulating air through the refrigerator grille, cooling the compressor and condenser coils. This fan motor also helps to evaporate excess water in the drain pan. If the condenser fan motor is not working properly, your freezer or refrigerator will not cool properly. Another symptom of a faulty or malfunctioning condenser fan motor is that the refrigerator cycles longer than usual. NOTE: This part includes the motor bracket and wire harness. Blade must be ordered separately.",
    "price": "$143.51",
    "stock_status": "In Stock"
  },
  {
    "url": "https://www.partselect.com/PS4175893-Samsung-DA97-08512G-French-Door-Flipper-Assembly.htm?SourceCode=18",
    "image_url": "https://partselectcom-gtcdcddbene3cpes.z01.azurefd.net/4175893-1-N-Samsung-DA97-08512G-French-Door-Flipper-Assembly.jpg",
    "name": "Samsung Refrigerator French Door Flipper Assembly",
    "partselect_number": "PS4175893",
    "manufacturer_number": "DA97-08512G",
    "description": "★★★★★\n★★★★★\n3 Reviews\nManufacturer Part Number DA97-08512G",
    "price": "$126.30",
    "stock_status": "On Order",
    "rating": "3.67 out of 5",
    "reviews_count": 3
  },
  {
    "url": "https://www.partselect.com/PS9604575-Samsung-DA97-14992A-Auto-Close-Lever.htm?SourceCode=18",
    "image_url": "https://partselectcom-gtcdcddbene3cpes.z01.azurefd.net/9604575-1-N-Samsung-DA97-14992A-Auto-Close-Lever.jpg",
    "name": "Samsung Refrigerator Auto Close Lever",
    "partselect_number": "PS9604575",
    "manufacturer_number": "DA97-14992A",
    "description": "Manufacturer Part Number DA97-14992A",
    "price": "$40.95",
    "stock_status": "On Order"
  },
  {
    "url": "https://www.partselect.com/PS4143874-Samsung-DA61-03177A-Crisper-Drawer-Rail.htm?SourceCode=18",
    "image_url": "https://partselectcom-gtcdcddbene3cpes.z01.azurefd.net/4143874-1-N-Samsung-DA61-03177A-Crisper-Drawer-Rail.jpg",
    "name": "Samsung Refrigerator Crisper Drawer Rail",
    "partselect_number": "PS4143874",
    "manufacturer_number": "DA61-03177A",
    "description": "★★★★★\n★★★★★\n2 Reviews\nManufacturer Part Number DA61-03177A",
    "price": "$36.95",
    "stock_status": "On Order",
    "rating": "4.50 out of 5",
    "reviews_count": 2
  },
  {
    "url": "https://www.partselect.com/PS4145181-Samsung-DA61-07540A-Handle-Support.htm?SourceCode=18",
    "image_url": "https://partselectcom-gtcdcddbene3cpes.z01.azurefd.net/4145181-1-N-Samsung-DA61-07540A-Handle-Support.jpg",
    "name": "Samsung Refrigerator Handle Support",
    "partselect_number": "PS4145181",
    "manufacturer_number": "DA61-07540A",
    "description": "★★★★★\n★★★★★\n2 Reviews\nManufacturer Part Number DA61-07540A",
    "price": "$34.60",
    "stock_status": "In Stock",
    "rating": "5.00 out of 5",
    "reviews_count": 2
  },
  {
    "url": "https://www.partselect.com/PS4145247-Samsung-DA61-08228A-Handle-Support.htm?SourceCode=18",
    "image_url": "https://partselectcom-gtcdcddbene3cpes.z01.azurefd.net/4145247-1-N-Samsung-DA61-08228A-Handle-Support.jpg",
    "name": "Samsung Refrigerator Handle Support",
    "partselect_number": "PS4145247",
    "manufacturer_number": "DA61-08228A",
    "description": "Manufacturer Part Number DA61-08228A",
    "price": "$18.95",
    "stock_status": "In Stock"
  },
  {
    "url": "https://www.partselect.com/PS4150008-Samsung-DA63-03516B-Dispenser-Cover-Assembly.htm?SourceCode=18",
    "image_url": "https://partselectcom-gtcdcddbene3cpes.z01.azurefd.net/4150008-1-N-Samsung-DA63-03516B-Dispenser-Cover-Assembly.jpg",
    "name": "Samsung Refrigerator Dispenser Cover Assembly",
    "partselect_number": "PS4150008",
    "manufacturer_number": "DA63-03516B",
    "description": "★★★★★\n★★★★★\n1 Review\nManufacturer Part Number DA63-03516B",
    "price": "$27.95",
    "stock_status": "On Order",
    "rating": "5.00 out of 5",
    "reviews_count": 1
  },
  {
    "url": "https://www.partselect.com/PS4156806-Samsung-DA66-00579B-Handle-Shaft.htm?SourceCode=18",
    "image_url": "https://partselectcom-gtcdcddbene3cpes.z01.azurefd.net/4156806-1-N-Samsung-DA66-00579B-Handle-Shaft.jpg",
    "name": "Samsung Refrigerator Handle Shaft",
    "partselect_number": "PS4156806",
    "manufacturer_number": "DA66-00579B",
    "description": "Manufacturer Part Number DA66-00579B",
    "price": "$12.95",
    "stock_status": "In Stock"
  },
  {
    "url": "https://www.partselect.com/PS4176647-Samsung-DA97-12637A-Pantry-Drawer-Door.htm?SourceCode=18",
    "image_url": "https://partselectcom-gtcdcddbene3cpes.z01.azurefd.net/4176647-1-N-Samsung-DA97-12637A-Pantry-Drawer-Door.jpg",
    "name": "Samsung Refrigerator Pantry Drawer Door",
    "partselect_number": "PS4176647",
    "manufacturer_number": "DA97-12637A",
    "description": "★★★★★\n★★★★★\n1 Review\nManufacturer Part Number DA97-12637A",
    "price": "$91.13",
    "stock_status": "In Stock",
    "rating": "5.00 out of 5",
    "reviews_count": 1
  },
  {
    "url": "https://www.partselect.com/PS9604523-Samsung-DA97-14695A-Door-Shelf.htm?SourceCode=18",
    "image_url": "https://partselectcom-gtcdcddbene3cpes.z01.azurefd.net/9604523-1-N-Samsung-DA97-14695A-Door-Shelf.jpg",
    "name": "Samsung Refrigerator Door Shelf",
    "partselect_number": "PS9604523",
    "manufacturer_number": "DA97-14695A",
    "description": "Manufacturer Part Number DA97-14695A",
    "price": "$53.41",
    "stock_status": "Special Order"
  },
  {
    "url": "https://www.partselect.com/PS11718054-Samsung-DA97-11541B-Pantry-Rail-Cover-Left.htm?SourceCode=18",
    "image_url": "https://partselectcom-gtcdcddbene3cpes.z01.azurefd.net/11718054-1-N-Samsung-DA97-11541B-Pantry-Rail-Cover-Left.jpg",
    "name": "Samsung Refrigerator Pantry Rail Cover (left)",
    "partselect_number": "PS11718054",
    "manufacturer_number": "DA97-11541B",
    "description": "★★★★★\n★★★★★\n1 Review\nManufacturer Part Number DA97-11541B",
    "price": "$57.37",
    "stock_status": "On Order",
    "rating": "5.00 out of 5",
    "reviews_count": 1
  },
  {
    "url": "https://www.partselect.com/PS12295084-Samsung-DA61-08314B-Divider-Door-Spring.htm?SourceCode=18",
    "image_url": "https://partselectcom-gtcdcddbene3cpes.z01.azurefd.net/assets/images/noimage_N.jpg",
    "name": "Samsung Refrigerator Divider Door Spring",
    "partselect_number": "PS12295084",
    "manufacturer_number": "DA61-08314B",
    "description": "Manufacturer Part Number DA61-08314B",
    "price": "$10.95",
    "stock_status": "On Order"
  },
  {
    "url": "https://www.partselect.com/PS4139867-Samsung-DA41-00519B-LED-Light-Board.htm?SourceCode=18",
    "image_url": "https://partselectcom-gtcdcddbene3cpes.z01.azurefd.net/4139867-1-N-Samsung-DA41-00519B-LED-Light-Board.jpg",
    "name": "Samsung Refrigerator Led Light Board",
    "partselect_number": "PS4139867",
    "manufacturer_number": "DA41-00519B",
    "description": "Manufacturer Part Number DA41-00519B",
    "price": "$37.95",
    "stock_status": "In Stock"
  },
  {
    "url": "https://www.partselect.com/PS4156795-Samsung-DA66-00557A-Hinge-Cam.htm?SourceCode=18",
    "image_url": "https://partselectcom-gtcdcddbene3cpes.z01.azurefd.net/4156795-1-N-Samsung-DA66-00557A-Hinge-Cam.jpg",
    "name": "Samsung Refrigerator Hinge Cam",
    "partselect_number": "PS4156795",
    "manufacturer_number": "DA66-00557A",
    "description": "Manufacturer Part Number DA66-00557A",
    "price": "$6.95",
    "stock_status": "In Stock"
  },
  {
    "url": "https://www.partselect.com/PS4163419-Samsung-DA74-40151G-Ice-Dispenser-Solenoid.htm?SourceCode=18",
    "image_url": "https://partselectcom-gtcdcddbene3cpes.z01.azurefd.net/4163419-1-N-Samsung-DA74-40151G-Ice-Dispenser-Solenoid.jpg",
    "name": "Samsung Refrigerator Ice Dispenser Solenoid",
    "partselect_number": "PS4163419",
    "manufacturer_number": "DA74-40151G",
    "description": "Manufacturer Part Number DA74-40151G",
    "price": "$104.81",
    "stock_status": "In Stock"
  },
  {
    "url": "https://www.partselect.com/PS4167993-Samsung-DA92-00201G-Control-Board-Kit-Assembly.htm?SourceCode=18",
    "image_url": "https://partselectcom-gtcdcddbene3cpes.z01.azurefd.net/4167993-1-N-Samsung-DA92-00201G-Control-Board-Kit-Assembly.jpg",
    "name": "Samsung Refrigerator Control Board Kit Assembly",
    "partselect_number": "PS4167993",
    "manufacturer_number": "DA92-00201G",
    "description": "Manufacturer Part Number DA92-00201G",
    "price": "$161.23",
    "stock_status": "On Order"
  },
  {
    "url": "https://www.partselect.com/PS4175841-Samsung-DA97-08440A-Reflector-Guard-Assembly.htm?SourceCode=18",
    "image_url": "https://partselectcom-gtcdcddbene3cpes.z01.azurefd.net/4175841-1-N-Samsung-DA97-08440A-Reflector-Guard-Assembly.jpg",
    "name": "Samsung Refrigerator Reflector Guard Assembly",
    "partselect_number": "PS4175841",
    "manufacturer_number": "DA97-08440A",
    "description": "★★★★★\n★★★★★\n1 Review\nThis door bin (part number DA97-08440A) is for refrigerators. Door bin DA97-08440A attaches to the inside of the refrigerator door and typically holds jars and bottles. Follow the instructions in the owner's manual for installing this part.",
    "price": "$87.17",
    "stock_status": "In Stock",
    "rating": "5.00 out of 5",
    "reviews_count": 1
  },
  {
    "url": "https://www.partselect.com/PS4176299-Samsung-DA97-11433A-Water-Filter-Case-Housing.htm?SourceCode=18",
    "image_url": "https://partselectcom-gtcdcddbene3cpes.z01.azurefd.net/4176299-1-N-Samsung-DA97-11433A-Water-Filter-Case-Housing.jpg",
    "name": "Samsung Refrigerator Water Filter Case Housing",
    "partselect_number": "PS4176299",
    "manufacturer_number": "DA97-11433A",
    "description": "Manufacturer Part Number DA97-11433A",
    "price": "$228.73",
    "stock_status": "On Order"
  },
  {
    "url": "https://www.partselect.com/PS11758625-Samsung-DA97-13155C-Assembly-TRAY-FRE-UP-IBACI.htm?SourceCode=18",
    "image_url": "https://partselectcom-gtcdcddbene3cpes.z01.azurefd.net/11758625-1-N-Samsung-DA97-13155C-Assembly-TRAY-FRE-UP-IBACI.jpg",
    "name": "Samsung Refrigerator Assembly Tray-fre Up;ibaci",
    "partselect_number": "PS11758625",
    "manufacturer_number": "DA97-13155C",
    "description": "Manufacturer Part Number DA97-13155C",
    "price": "$171.03",
    "stock_status": "Special Order"
  },
  {
    "url": "https://www.partselect.com/PS12082587-Samsung-DA63-08755B-Door-Shelf-Bin.htm?SourceCode=18",
    "image_url": "https://partselectcom-gtcdcddbene3cpes.z01.azurefd.net/12082587-1-N-Samsung-DA63-08755B-Door-Shelf-Bin.jpg",
    "name": "Samsung Refrigerator Door Shelf Bin",
    "partselect_number": "PS12082587",
    "manufacturer_number": "DA63-08755B",
    "description": "★★★★★\n★★★★★\n1 Review\nThis is a refrigerator bin for various models of Samsung refrigerators. This bin is used to hold condiments and whatever other food items are necessary. This bin is made of clear plastic and is installed in the door of your fridge. If the current shelf in your refrigerator door is cracked or broken, or simply unable to support any items, it must be replaced immediately. This shelf measures approximately 14 inches long, 4 inches tall, and 4 inches deep, and features a longer 8-inch-deep section. Replacing this shelf is simple and only requires you to lift the old shelf out and install the new shelf by pushing it into place.",
    "price": "$81.43",
    "stock_status": "On Order",
    "rating": "5.00 out of 5",
    "reviews_count": 1
  },
  {
    "url": "https://www.partselect.com/PS12590925-Samsung-DA61-04932B-Hinge-Fixer.htm?SourceCode=18",
    "image_url": "https://partselectcom-gtcdcddbene3cpes.z01.azurefd.net/12590925-1-N-Samsung-DA61-04932B-Hinge-Fixer.jpg",
    "name": "Samsung Refrigerator Hinge Fixer",
    "partselect_number": "PS12590925",
    "manufacturer_number": "DA61-04932B",
    "description": "★★★★★\n★★★★★\n1 Review\nManufacturer Part Number DA61-04932B",
    "price": "$23.95",
    "stock_status": "In Stock",
    "rating": "5.00 out of 5",
    "reviews_count": 1
  },
  {
    "url": "https://www.partselect.com/PS12591346-Samsung-DA97-06686D-Shelf-Assembly-Upper.htm?SourceCode=18",
    "image_url": "https://partselectcom-gtcdcddbene3cpes.z01.azurefd.net/12591346-1-N-Samsung-DA97-06686D-Shelf-Assembly-Upper.jpg",
    "name": "Samsung Refrigerator Shelf Assembly (upper)",
    "partselect_number": "PS12591346",
    "manufacturer_number": "DA97-06686D",
    "description": "Manufacturer Part Number DA97-06686D",
    "price": "$140.11",
    "stock_status": "In Stock"
  }
]