[
  {
    "url": "https://www.partselect.com/PS884734-Whirlpool-8009-Refrigerator-Light-Bulb-40w.htm?SourceCode=18",
    "image_url": "https://partselectcom-gtcdcddbene3cpes.z01.azurefd.net/884734-1-N-Whirlpool-8009-Refrigerator-Light-Bulb-40w.jpg",
    "name": "Sharp Refrigerator Light Bulb (40w)",
    "partselect_number": "PS884734",
    "manufacturer_number": "8009",
    "description": "★★★★★\n★★★★★\n78 Reviews\nThis an authentic OEM 40-Watt replacement light bulb, used in a number of household appliances. It is specially designed to withstand extreme temperatures, which is why these replacement bulbs are most often used to light the inside of refrigerators and ranges. It features a standard socket base, which means you simply unscrew the burnt-out bulb and screw in the replacement. Depending on the appliance you may require a screwdriver or nut driver to access the light bulb. We recommend you wear work gloves while handling this replacement part. It is constructed of glass and metal and is sold individually. Depending on the appliance and location of the bulb within it, you may want to consider disconnecting power and using a flashlight for easier access to unscrewing and re-screwing in your bulb during this repair.",
    "price": "$\n16.44",
    "stock_status": "In Stock",
    "rating": "4.7/5",
    "reviews_count": 78,
    "reviews": [
      {
        "rating": "5.0/5",
        "reviewer": "Debra H",
        "date": "July 25, 2018",
        "title": "Debra H",
        "content": "Light bulb worked from the get go.Last bulb from a different supplier went out as soon as plugged in."
      },
      {
        "rating": "5.0/5",
        "reviewer": "Steve T",
        "date": "January 31, 2018",
        "title": "Steve T",
        "content": "came very fast and works great"
      },
      {
        "rating": "5.0/5",
        "reviewer": "Michelle L",
        "date": "September 11, 2021",
        "title": "Michelle L",
        "content": "Easy to install."
      },
      {
        "rating": "5.0/5",
        "reviewer": "Diane S",
        "date": "February 11, 2018",
        "title": "Diane S",
        "content": "Had no idea the oven light bulb could be changed or where to buy one. Partselect not only had the bulb, it was inexpensive and they had directions for changing it!"
      },
      {
        "rating": "5.0/5",
        "reviewer": "Carol L",
        "date": "September 15, 2021",
        "title": "Carol L",
        "content": "I had to order a list that day so I put the light bulb on it. Saved me so much time and effort especially during the pandemic. Fit perfect the first time and came per schedule. Couldn't ask for more."
      },
      {
        "rating": "5.0/5",
        "reviewer": "Mary L M",
        "date": "April 12, 2020",
        "title": "Mary L M",
        "content": "Fits and works perfectly."
      },
      {
        "rating": "5.0/5",
        "reviewer": "Jimmy F",
        "date": "September 3, 2019",
        "title": "Jimmy F",
        "content": "Fast service"
      },
      {
        "rating": "5.0/5",
        "reviewer": "Linda K",
        "date": "February 14, 2018",
        "title": "Linda K",
        "content": "The bulb arrived in perfect condition and it was installed in seconds."
      },
      {
        "rating": "5.0/5",
        "reviewer": "Tim B",
        "date": "January 22, 2021",
        "title": "Tim B",
        "content": "Super easy 2 swap out the old, with the new."
      },
      {
        "rating": "5.0/5",
        "reviewer": "Helen M D",
        "date": "January 24, 2021",
        "title": "Helen M D",
        "content": "I finally got the right bulb for my oven after trying to find at one of the big box stores. I can cook and bake with light !??"
      }
    ],
    "repair_stories": [],
    "symptoms_fixed": "Refrigerator, Range, Wall Oven, Dryer.",
    "works_with": "Refrigerator, Range, Wall Oven, Dryer.",
    "also_replaces": [
      "AP3607217",
      "1958",
      "8009",
      "0020478",
      "0020571",
      "0042175",
      "0047146",
      "0053950",
      "0056713",
      "0057030",
      "0057035",
      "0088673",
      "0089290",
      "03055001",
      "0311700",
      "040672-02",
      "05600070",
      "0B00300199",
      "0B00300299",
      "0B00300399 ... Show more"
    ],
    "video_url": "https://www.youtube.com/watch?v=kSohIGunxBw"
  },
  {
    "url": "https://www.partselect.com/PS2121513-Whirlpool-D7824706Q-Replacement-Ice-Maker.htm?SourceCode=18",
    "image_url": "https://partselectcom-gtcdcddbene3cpes.z01.azurefd.net/2121513-1-N-Whirlpool-D7824706Q-Replacement-Ice-Maker.jpg",
    "name": "Sharp Refrigerator Replacement Ice Maker",
    "partselect_number": "PS2121513",
    "manufacturer_number": "D7824706Q",
    "description": "★★★★★\n★★★★★\n183 Reviews\nThis ice maker (Ice Maker Assembly, Refrigerator Ice Maker) produces ice cubes that are ejected into the storage bucket. It is located in the freezer section of your appliance, mounted on the freezer wall. The ice maker can break from normal wear and accidental damage. If this happens, your refrigerator may no longer make ice cubes, or may not make enough cubes, and the part should be replaced. This model measures approximately 11 inches long and 5 inches wide. It’s constructed of plastic and metal, and comes in black/white/silver. This assembly includes the ice mold and the control device.",
    "price": "$\n115.96",
    "stock_status": "In Stock",
    "rating": "4.8/5",
    "reviews_count": 183,
    "reviews": [],
    "repair_stories": [],
    "symptoms_fixed": "Ice maker not making ice | Leaking | Ice maker won’t dispense ice | Ice maker dispenses too little ice",
    "works_with": "Refrigerator, Ice Maker.",
    "also_replaces": [
      "AP4135008",
      "915772",
      "D7824706Q",
      "0056504",
      "0056599",
      "0056605",
      "0056606",
      "0311155",
      "0312578",
      "0312738",
      "0312739",
      "0312740",
      "10549201",
      "10563707",
      "10563708",
      "14211407",
      "61005508",
      "61005508A",
      "67001263",
      "68111-1 ... Show more"
    ],
    "video_url": "https://www.youtube.com/watch?v=_6xfzzeEWyw"
  },
  {
    "url": "https://www.partselect.com/PS12728638-Whirlpool-W11384469-Refrigerator-Door-Switch.htm?SourceCode=18",
    "image_url": "https://partselectcom-gtcdcddbene3cpes.z01.azurefd.net/12728638-1-N-Whirlpool-W11384469-Refrigerator-Door-Switch.jpg",
    "name": "Sharp Refrigerator Door Switch",
    "partselect_number": "PS12728638",
    "manufacturer_number": "W11384469",
    "description": "★★★★★\n★★★★★\n94 Reviews\nDoor switch turns the light off when you close the door.",
    "price": "$\n27.11",
    "stock_status": "In Stock",
    "rating": "4.7/5",
    "reviews_count": 94,
    "reviews": [],
    "repair_stories": [],
    "symptoms_fixed": "Light not working",
    "works_with": "Refrigerator, Freezer, Ice Maker.",
    "also_replaces": [
      "AP6893312",
      "0054153",
      "0086495",
      "046789-01",
      "1021",
      "1107734",
      "1108055",
      "1108112",
      "1118894",
      "1118895",
      "12466102",
      "14001066",
      "14200201",
      "14205646",
      "14210229",
      "14214567",
      "1547075",
      "1549695",
      "2-32164-001",
      "2154668 ... Show more"
    ],
    "video_url": "https://www.youtube.com/watch?v=2juGyjXFpyk"
  },
  {
    "url": "https://www.partselect.com/PS12731166-Whirlpool-W11396033-Door-Switch.htm?SourceCode=18",
    "image_url": "https://partselectcom-gtcdcddbene3cpes.z01.azurefd.net/12731166-1-N-Whirlpool-W11396033-Door-Switch.jpg",
    "name": "Sharp Refrigerator Door Switch",
    "partselect_number": "PS12731166",
    "manufacturer_number": "W11396033",
    "description": "★★★★★\n★★★★★\n36 Reviews\nThis light switch may also be known as a refrigerator door switch or a light switch kit, and is compatible with your refrigerator. The function of the refrigerator door switch is to turn on the light when your fridge door is open, and to make sure it is off when your refrigerator door is closed. The reason you would need to replace this part is if your light is not turning on when your door is open. For this repair, you will need a putty knife, and a small flat-blade screwdriver.",
    "price": "$27.11",
    "stock_status": "In Stock",
    "rating": "4.83 out of 5",
    "reviews_count": 36
  },
  {
    "url": "https://www.partselect.com/PS395284-Whirlpool-833697-Refrigerator-Condenser-Fan-Motor-Kit.htm?SourceCode=18",
    "image_url": "https://partselectcom-gtcdcddbene3cpes.z01.azurefd.net/395284-1-N-Whirlpool-833697-Refrigerator-Condenser-Fan-Motor-Kit.jpg",
    "name": "Sharp Refrigerator Condenser Fan Motor Kit",
    "partselect_number": "PS395284",
    "manufacturer_number": "833697",
    "description": "★★★★★\n★★★★★\n50 Reviews\nThis condenser fan motor kit is designed for use with refrigerators. This fan draws air through the condenser coils and over the compressor. It does this with the goal of cooling the warm refrigerant before it enters the evaporator. When your fan or fan motor is not working your refrigerator will not cool properly. This is a 2-Watt, 115 Volt motor that rotates the fan in a counter clockwise direction. This kit includes the hardware needed for installation, and a set of instructions. Before you begin any repair work make sure to unplug your appliance.",
    "price": "$60.43",
    "stock_status": "In Stock",
    "rating": "4.80 out of 5",
    "reviews_count": 50
  },
  {
    "url": "https://www.partselect.com/PS12712096-Whirlpool-W11342242-Refrigerator-Armshut.htm?SourceCode=18",
    "image_url": "https://partselectcom-gtcdcddbene3cpes.z01.azurefd.net/12712096-1-N-Whirlpool-W11342242-Refrigerator-Armshut.jpg",
    "name": "Sharp Refrigerator Armshut",
    "partselect_number": "PS12712096",
    "manufacturer_number": "W11342242",
    "description": "★★★★★\n★★★★★\n6 Reviews\nThis ice level arm, also known as an ice shutoff arm, is designed to detect the level of ice within the ice bin of your ice maker or refrigerator and turn it off when enough ice has been made. When the ice maker is empty, the arm will be down. When the ice maker is full, the arm will be raised, and over time, wear and tear to the level arm can cause the ice maker to stop making ice completely. To replace this arm, unplug your appliance and remove the ice making assembly, then pull the levelling arm out of the assembly and place the new one. Consisting of a long, angled metal arm and a plastic flap, this level arm is a genuine OEM part that is compatible with a wide-range of refrigerators and icemakers and measures at approximately 9-inches by 4.5-inches.",
    "price": "$42.19",
    "stock_status": "In Stock",
    "rating": "4.67 out of 5",
    "reviews_count": 6
  },
  {
    "url": "https://www.partselect.com/PS11731356-Whirlpool-W10857122-Light-Bulb-7w.htm?SourceCode=18",
    "image_url": "https://partselectcom-gtcdcddbene3cpes.z01.azurefd.net/11731356-1-N-Whirlpool-W10857122-Light-Bulb-7w.jpg",
    "name": "Sharp Refrigerator Light Bulb (7w)",
    "partselect_number": "PS11731356",
    "manufacturer_number": "W10857122",
    "description": "★★★★★\n★★★★★\n7 Reviews\nSold individually. This bulb is a 7-watt appliance incandescent light bulb. This appliance light bulb is two inches long. It is used for many clothes dryers. You will need a Phillips screwdriver and needle-nose pliers. Unplug the power from your dryer. You will find the light bulb by opening your dryer door and locating the casing surrounding the bulb on the top of the inside of the door. You will need to remove the single screw holding it in place to access the bulb. Twist the old bulb out of place. Use your pliers if the base of the bulb is still inside the socket once the glass part of the bulb has been removed. Check to make sure that the socket itself is not damaged. If the socket is damaged it will need to be replaced as well. Screw your new bulb into place.",
    "price": "$14.65",
    "stock_status": "In Stock",
    "rating": "4.14 out of 5",
    "reviews_count": 7
  },
  {
    "url": "https://www.partselect.com/PS11743364-Whirlpool-WP65889-4-Refrigerator-Run-Capacitor.htm?SourceCode=18",
    "image_url": "https://partselectcom-gtcdcddbene3cpes.z01.azurefd.net/11743364-1-N-Whirlpool-WP65889-4-Refrigerator-Run-Capacitor.jpg",
    "name": "Sharp Refrigerator Run Capacitor",
    "partselect_number": "PS11743364",
    "manufacturer_number": "WP65889-4",
    "description": "★★★★★\n★★★★★\n5 Reviews\nThis part helps the compressor kick on and off while maintaining a constant temperature to keep things frozen in your freezer. If you are noticing temperature issues with your refrigerator or freezer, the run capacitor may need replacing. This repair is fairly easy to complete, and the only tools you will require are a 1/4 inch nut driver, and a 1/4 inch socket with a small ratchet. The run capacitor is located in the back of the fridge, so you will need to make sure you have room to work on this repair. Make sure to unplug the fridge prior to beginning the repair.",
    "price": "$47.48",
    "stock_status": "In Stock",
    "rating": "3.20 out of 5",
    "reviews_count": 5
  },
  {
    "url": "https://www.partselect.com/PS11770133-Whirlpool-W10920279-Refrigerator-Start-Relay.htm?SourceCode=18",
    "image_url": "https://partselectcom-gtcdcddbene3cpes.z01.azurefd.net/11770133-1-N-Whirlpool-W10920279-Refrigerator-Start-Relay.jpg",
    "name": "Sharp Refrigerator Start Relay",
    "partselect_number": "PS11770133",
    "manufacturer_number": "W10920279",
    "description": "★★★★★\n★★★★★\n7 Reviews\nThis is a push-on start relay for your refrigerator. It attaches to the compressor and starts it by briefly boosting it. It will then shut off as soon as the motor is up to the required speed. You may need a new relay if your appliance is too warm or will not start. The tools you will need to make this repair include a flat-blade screwdriver and a pair of needle-nose pliers. This start relay measures to be just over one square inch.",
    "price": "$49.42",
    "stock_status": "On Order",
    "rating": "4.43 out of 5",
    "reviews_count": 7
  },
  {
    "url": "https://www.partselect.com/PS2003478-Whirlpool-12001991-Ice-Dispenser-Solenoid-and-Door-Kit.htm?SourceCode=18",
    "image_url": "https://partselectcom-gtcdcddbene3cpes.z01.azurefd.net/2003478-1-N-Whirlpool-12001991-Ice-Dispenser-Solenoid-and-Door-Kit.jpg",
    "name": "Sharp Refrigerator Ice Dispenser Solenoid And Door Kit",
    "partselect_number": "PS2003478",
    "manufacturer_number": "12001991",
    "description": "★★★★★\n★★★★★\n15 Reviews\nIn addition to the solenoid (115V), this kit also comes with a door strike and an ice door assembly. Please be advised the spring and roll pin are not included with this kit.",
    "price": "$115.15",
    "stock_status": "In Stock",
    "rating": "4.40 out of 5",
    "reviews_count": 15
  },
  {
    "url": "https://www.partselect.com/PS11748592-Whirlpool-WPW10119935-Refrigerator-Light-Socket.htm?SourceCode=18",
    "image_url": "https://partselectcom-gtcdcddbene3cpes.z01.azurefd.net/11748592-1-N-Whirlpool-WPW10119935-Refrigerator-Light-Socket.jpg",
    "name": "Sharp Refrigerator Light Socket",
    "partselect_number": "PS11748592",
    "manufacturer_number": "WPW10119935",
    "description": "★★★★★\n★★★★★\n1 Review",
    "price": "$50.44",
    "stock_status": "In Stock",
    "rating": "5.00 out of 5",
    "reviews_count": 1
  },
  {
    "url": "https://www.partselect.com/PS2580806-Whirlpool-W10309995-Refrigerator-Compressor-Kit-115v-60hz.htm?SourceCode=18",
    "image_url": "https://partselectcom-gtcdcddbene3cpes.z01.azurefd.net/2580806-1-N-Whirlpool-W10309995-Refrigerator-Compressor-Kit-115v-60hz.jpg",
    "name": "Sharp Refrigerator Compressor Kit 115v 60hz",
    "partselect_number": "PS2580806",
    "manufacturer_number": "W10309995",
    "description": "This is the mechanics (motor/engine) of the cooling system. It kicks in whenever the thermostat demands cooling. ***NOTE: This part needs to be installed by a trained professional in appliance repair. It requires special tools and knowledge to do so.",
    "price": "$354.87",
    "stock_status": "In Stock"
  },
  {
    "url": "https://www.partselect.com/PS11739202-Whirlpool-WP2195914-Refrigerator-Motor-Housing.htm?SourceCode=18",
    "image_url": "https://partselectcom-gtcdcddbene3cpes.z01.azurefd.net/11739202-1-N-Whirlpool-WP2195914-Refrigerator-Motor-Housing.jpg",
    "name": "Sharp Refrigerator Motor Housing",
    "partselect_number": "PS11739202",
    "manufacturer_number": "WP2195914",
    "description": "Manufacturer Part Number WP2195914",
    "price": "$46.48",
    "stock_status": "In Stock"
  },
  {
    "url": "https://www.partselect.com/PS11743179-Whirlpool-WP61003826-Rear-Roller-Wheel.htm?SourceCode=18",
    "image_url": "https://partselectcom-gtcdcddbene3cpes.z01.azurefd.net/11743179-1-N-Whirlpool-WP61003826-Rear-Roller-Wheel.jpg",
    "name": "Sharp Refrigerator Rear Roller Wheel",
    "partselect_number": "PS11743179",
    "manufacturer_number": "WP61003826",
    "description": "★★★★★\n★★★★★\n1 Review\nThis rear wheel is a little over an inch long. It is all black in color and is made of plastic.",
    "price": "$9.95",
    "stock_status": "Special Order",
    "rating": "5.00 out of 5",
    "reviews_count": 1
  },
  {
    "url": "https://www.partselect.com/PS2060959-Whirlpool-61005614-Ice-Enclosure.htm?SourceCode=18",
    "image_url": "https://partselectcom-gtcdcddbene3cpes.z01.azurefd.net/2060959-1-N-Whirlpool-61005614-Ice-Enclosure.jpg",
    "name": "Sharp Refrigerator Ice Enclosure",
    "partselect_number": "PS2060959",
    "manufacturer_number": "61005614",
    "description": "★★★★★\n★★★★★\n4 Reviews",
    "price": "$117.32",
    "stock_status": "Special Order",
    "rating": "4.75 out of 5",
    "reviews_count": 4
  },
  {
    "url": "https://www.partselect.com/PS11743216-Whirlpool-WP61005028-Ice-Maker-Support.htm?SourceCode=18",
    "image_url": "https://partselectcom-gtcdcddbene3cpes.z01.azurefd.net/11743216-1-N-Whirlpool-WP61005028-Ice-Maker-Support.jpg",
    "name": "Sharp Refrigerator Ice Maker Support",
    "partselect_number": "PS11743216",
    "manufacturer_number": "WP61005028",
    "description": "Sold individually.",
    "price": "$43.95",
    "stock_status": "In Stock"
  },
  {
    "name": "",
    "url": "https://www.partselect.com/Sharp-Refrigerator-Hardware.htm",
    "description": "Sharp Refrigerator Hardware"
  }
]