[
  {
    "url": "https://www.partselect.com/PS1960673-Whirlpool-W10135699-Washer-Affresh-Cleaner.htm?SourceCode=18",
    "image_url": "https://partselectcom-gtcdcddbene3cpes.z01.azurefd.net/1960673-1-N-Whirlpool-W10135699-Washer-Affresh-Cleaner.jpg",
    "name": "Speed Queen Dishwasher Washer Affresh Cleaner",
    "partselect_number": "PS1960673",
    "manufacturer_number": "W10135699",
    "description": "★★★★★\n★★★★★\n2 Reviews\nThis front load washer cleaner removes odor-causing residue. Use it once a month and it will keep your machine fresh and clean. Package comes with 3 tablets.",
    "price": "$\n19.35",
    "stock_status": "In Stock",
    "rating": "5.0/5",
    "reviews_count": 2,
    "reviews": [],
    "repair_stories": [],
    "symptoms_fixed": "Washer, Washer Dryer Combo.",
    "works_with": "Washer, Washer Dryer Combo.",
    "also_replaces": [
      "AP4308494",
      "14211394",
      "18001017",
      "18001080",
      "4319102",
      "77109",
      "AFFRESH",
      "GLISTEN",
      "TJ106",
      "TJ122",
      "TJ129",
      "W10135699",
      "W10135699A",
      "W10913950"
    ],
    "video_url": ""
  },
  {
    "url": "https://www.partselect.com/PS11742271-Whirlpool-WP40111201-Multi-Rib-Belt.htm?SourceCode=18",
    "image_url": "https://partselectcom-gtcdcddbene3cpes.z01.azurefd.net/11742271-1-N-Whirlpool-WP40111201-Multi-Rib-Belt.jpg",
    "name": "Speed Queen Dishwasher Multi Rib Belt",
    "partselect_number": "PS11742271",
    "manufacturer_number": "WP40111201",
    "description": "★★★★★\n★★★★★\n105 Reviews\nThis dryer drum drive belt attaches to the motor pully and works the drum as the motor rotates. The belt has a length of 93- 3/6 inches, and wraps all the way around the dryer drum, around a tension pulley, and then around the drive motor pully. Replacing the rib belt could solve symptoms such as a screeching noise when the dryer tumbles, a broken belt (dryer will not tumble if its broken), no heat or not enough heat, or the dryer will not start. The tools needed for this repair are a nut driver and a putty knife. Remember to unplug the dryer before installing the part and protect your hands by wearing gloves.",
    "price": "$\n13.67",
    "stock_status": "In Stock",
    "rating": "4.8/5",
    "reviews_count": 105,
    "reviews": [],
    "repair_stories": [],
    "symptoms_fixed": "Noisy | Drum Not Spinning",
    "works_with": "Dryer.",
    "also_replaces": [
      "AP6009126",
      "14218936",
      "40051501",
      "40051502",
      "40111201",
      "59174",
      "R0606549",
      "WP40111201VP"
    ],
    "video_url": "https://www.youtube.com/watch?v=KYafjwm8ijk"
  },
  {
    "url": "https://www.partselect.com/PS334310-Whirlpool-279834-Dryer-M-Series-Coil-Kit.htm?SourceCode=18",
    "image_url": "https://partselectcom-gtcdcddbene3cpes.z01.azurefd.net/334310-1-N-Whirlpool-279834-Dryer-M-Series-Coil-Kit.jpg",
    "name": "Speed Queen Dishwasher Dryer M-series Coil Kit",
    "partselect_number": "PS334310",
    "manufacturer_number": "279834",
    "description": "★★★★★\n★★★★★\n155 Reviews\nWhen the igniter reaches a high enough temperature, these coils (Coil Valve, Dryer Gas Valve Coil Kit, Dryer Valve Coil Kit, Gas Valve Solenoid) work together to open the gas valve and allow the gas to enter the burner. This is a safety mechanism to ensure that there are no unsafe buildups of gas inside your appliance. The coils are attached to the dryer gas valve. If the dryer does not heat or heats intermittently, the coil may not be opening the gas valve. Both coils must be operational for the valve to open. No continuity would indicate a defective coil, but they can be intermittent and fail when they get hot. Both coils should be replaced when one of them is broken. This part can break as a result of material fatigue from normal use. This part measures approximately 1 inch in diameter and 1 inch in height, and is constructed of plastic and metal. It comes in black/beige. This part features a 3-terminal boost/hold coil and a 2-terminal secondary coil",
    "price": "$\n25.17",
    "stock_status": "In Stock",
    "rating": "4.8/5",
    "reviews_count": 155,
    "reviews": [],
    "repair_stories": [],
    "symptoms_fixed": "Not Heating | Noisy",
    "works_with": "Dryer, Washer Dryer Combo.",
    "also_replaces": [
      "AP3094251",
      "3479",
      "279834",
      "12001349",
      "14201336",
      "14201452",
      "14202750",
      "14205025",
      "14210032",
      "14210725",
      "14210908",
      "279834",
      "279834BULK",
      "279834VP",
      "3-6105",
      "3-6106",
      "306105",
      "306106",
      "58804A",
      "58804B ... Show more"
    ],
    "video_url": ""
  },
  {
    "url": "https://www.partselect.com/PS11741913-Whirlpool-WP37001042-Drum-Support-Roller.htm?SourceCode=18",
    "image_url": "https://partselectcom-gtcdcddbene3cpes.z01.azurefd.net/11741913-1-N-Whirlpool-WP37001042-Drum-Support-Roller.jpg",
    "name": "Speed Queen Dishwasher Drum Support Roller",
    "partselect_number": "PS11741913",
    "manufacturer_number": "WP37001042",
    "description": "★★★★★\n★★★★★\n14 Reviews\nThis drum support roller is used for square-ported model clothes dryers. This part is sold individually; however, rollers tend to wear at the same rate, so it is suggested that both should be replaced at the same time. It has a metallic bearing in its center. The drum support roller holds the drum in place while it rotates on the support wheels. You may have a faulty or damaged roller if your dryer will not start or tumble, takes too long to dry clothes, or starts making loud noises. Customers have ranked this repair as easy and should take 15-30 minutes to complete.",
    "price": "$18.38",
    "stock_status": "In Stock",
    "rating": "4.79 out of 5",
    "reviews_count": 14
  },
  {
    "url": "https://www.partselect.com/PS12345661-Whirlpool-W10501250-Affresh-Washing-Machine-Cleaner-Tablets-6-Count.htm?SourceCode=18",
    "image_url": "https://partselectcom-gtcdcddbene3cpes.z01.azurefd.net/12345661-1-N-Whirlpool-W10501250-Affresh-Washing-Machine-Cleaner-Tablets-6-Count.jpg",
    "name": "Speed Queen Dishwasher Affresh Washing Machine Cleaner Tablets – 6 Count",
    "partselect_number": "PS12345661",
    "manufacturer_number": "W10501250",
    "description": "This Affresh Washing Machine Cleaner deep cleans to help remove the odor-causing residues and grime that daily loads leave behind. The time-release tablets are EPA Safer Choice certified, septic-safe and designed to clean inside all machines, including HE (High Efficiency). Use monthly or every 30 cycles for a consistently clean machine.",
    "price": "$26.83",
    "stock_status": "In Stock"
  },
  {
    "url": "https://www.partselect.com/PS11741429-Whirlpool-WP338906-Dryer-Radiant-Flame-Sensor.htm?SourceCode=18",
    "image_url": "https://partselectcom-gtcdcddbene3cpes.z01.azurefd.net/11741429-1-N-Whirlpool-WP338906-Dryer-Radiant-Flame-Sensor.jpg",
    "name": "Speed Queen Dishwasher Dryer Radiant Flame Sensor",
    "partselect_number": "PS11741429",
    "manufacturer_number": "WP338906",
    "description": "★★★★★\n★★★★★\n12 Reviews\nIf your gas dryer is not heating up or igniting, then replacing the flame sensor, located in the burner assembly, could solve it. This part senses heat from the igniter to monitor if it is hot enough to ignite gas to light the burner. Once the igniter is hot enough it will open the valve and allow gas to flow. This is a safety mechanism to prevent dangerous levels of gas from building up. To repair, the main top of the dryer should be lifted, as well as the front panel to access the component. This flame sensor assembly is made of both plastic and metal.",
    "price": "$33.90",
    "stock_status": "In Stock",
    "rating": "4.50 out of 5",
    "reviews_count": 12
  },
  {
    "url": "https://www.partselect.com/PS11741931-Whirlpool-WP37001298-Drum-Glide.htm?SourceCode=18",
    "image_url": "https://partselectcom-gtcdcddbene3cpes.z01.azurefd.net/11741931-1-N-Whirlpool-WP37001298-Drum-Glide.jpg",
    "name": "Speed Queen Dishwasher Drum Glide",
    "partselect_number": "PS11741931",
    "manufacturer_number": "WP37001298",
    "description": "★★★★★\n★★★★★\n10 Reviews\nIf your dryer is noisy, will not tumble, or is leaving marks on your clothes, you may need to replace the drum glide. The drum glide is installed on the front bulkhead either at the top or the bottom, regardless of the brand of dryer. To gain access to the drum glide, you will have to open the cabinet on the dryer. This drum glide is sold individually but it is important to note that they should be replaced in pairs. Before beginning this repair, it is important to disconnect the dryer from the power source. The tools required for this repair are a putty knife and a 5/16 nut driver.",
    "price": "$11.71",
    "stock_status": "In Stock",
    "rating": "4.90 out of 5",
    "reviews_count": 10
  },
  {
    "url": "https://www.partselect.com/PS11741930-Whirlpool-WP37001287-Dryer-Idler-Assembly.htm?SourceCode=18",
    "image_url": "https://partselectcom-gtcdcddbene3cpes.z01.azurefd.net/11741930-1-N-Whirlpool-WP37001287-Dryer-Idler-Assembly.jpg",
    "name": "Speed Queen Dishwasher Dryer Idler Assembly",
    "partselect_number": "PS11741930",
    "manufacturer_number": "WP37001287",
    "description": "★★★★★\n★★★★★\n21 Reviews\nThe spring for this part is sold separately. This idler assembly is for dryers. Idler assembly includes the idler arm and the idler pulley that maintains tension on the drive belt, allowing the belt to turn. Disconnect the power before installing this part. Wear work gloves to protect your hands.",
    "price": "$32.93",
    "stock_status": "In Stock",
    "rating": "4.71 out of 5",
    "reviews_count": 21
  },
  {
    "url": "https://www.partselect.com/PS11757553-Whirlpool-WPY54414-Idler-Pulley-Wheel-w-Bearing.htm?SourceCode=18",
    "image_url": "https://partselectcom-gtcdcddbene3cpes.z01.azurefd.net/11757553-1-N-Whirlpool-WPY54414-Idler-Pulley-Wheel-w-Bearing.jpg",
    "name": "Speed Queen Dishwasher Idler Pulley Wheel W/ Bearing",
    "partselect_number": "PS11757553",
    "manufacturer_number": "WPY54414",
    "description": "★★★★★\n★★★★★\n21 Reviews\nThe idler pulley wheel helps the belt to rotate the drum in your dryer. If your dryer will not start, will not tumble, or is noisy during operation, the idler pulley wheel may need to be replaced. This part is located beneath the drum of the dryer, so the drum will need to be removed before you can access the idler pulley wheel. It is also recommended to remove the blower housing and motor from the dryer itself, for easier access to the idler pulley wheel. It is connected by a set of two 5/16 screws. This two-inch-wide idler pulley wheel is beige or black in color and is made of plastic. This pulley wheel comes with its own metallic bearing in its center. Be sure to shut off power to the dryer before beginning this repair.",
    "price": "$17.41",
    "stock_status": "In Stock",
    "rating": "4.67 out of 5",
    "reviews_count": 21
  },
  {
    "url": "https://www.partselect.com/PS11742274-Whirlpool-WP40113801-High-Limit-Thermal-Fuse.htm?SourceCode=18",
    "image_url": "https://partselectcom-gtcdcddbene3cpes.z01.azurefd.net/11742274-1-N-Whirlpool-WP40113801-High-Limit-Thermal-Fuse.jpg",
    "name": "Speed Queen Dishwasher High Limit Thermal Fuse",
    "partselect_number": "PS11742274",
    "manufacturer_number": "WP40113801",
    "description": "★★★★★\n★★★★★\n16 Reviews\nMeant as a backup to a high limit thermostat, this fuse is typically set to trip at a higher temperature than that of a high limit thermostat. This is a one-time use fuse, so when it does trip, you do need to replace it. It's letting you know that something is wrong with your dryer.",
    "price": "$10.73",
    "stock_status": "In Stock",
    "rating": "4.75 out of 5",
    "reviews_count": 16
  },
  {
    "url": "https://www.partselect.com/PS11742242-Whirlpool-WP40004201P-Main-Tub-Bearing-Assembly.htm?SourceCode=18",
    "image_url": "https://partselectcom-gtcdcddbene3cpes.z01.azurefd.net/11742242-1-N-Whirlpool-WP40004201P-Main-Tub-Bearing-Assembly.jpg",
    "name": "Speed Queen Dishwasher Main Tub Bearing Assembly",
    "partselect_number": "PS11742242",
    "manufacturer_number": "WP40004201P",
    "description": "★★★★★\n★★★★★\n1 Review\nThis triangular main tub bearing assembly is five inches long. It is made of metal.",
    "price": "$55.81",
    "stock_status": "In Stock",
    "rating": "5.00 out of 5",
    "reviews_count": 1
  },
  {
    "url": "https://www.partselect.com/PS11739294-Whirlpool-WP22001650-Spring-Retaining-Clip.htm?SourceCode=18",
    "image_url": "https://partselectcom-gtcdcddbene3cpes.z01.azurefd.net/11739294-1-N-Whirlpool-WP22001650-Spring-Retaining-Clip.jpg",
    "name": "Speed Queen Dishwasher Spring Retaining Clip",
    "partselect_number": "PS11739294",
    "manufacturer_number": "WP22001650",
    "description": "★★★★★\n★★★★★\n3 Reviews\nThis spring retaining clip is just under 1 inch long. The clip is made entirely of metal and is attached to the back wall of the washer, under the console. If your washer is vibrating and louder than usual during the wash cycle, your spring retaining clip could be faulty or damaged. Check the clip for visible damage, wear, and rust. If you notice any signs of damage, the part should be replaced. Remember to disconnect the power from your washing machine before starting this repair.",
    "price": "$9.75",
    "stock_status": "In Stock",
    "rating": "4.67 out of 5",
    "reviews_count": 3
  },
  {
    "url": "https://www.partselect.com/PS11742254-Whirlpool-WP40053901-Drain-Hose-with-Rubber-Elbow.htm?SourceCode=18",
    "image_url": "https://partselectcom-gtcdcddbene3cpes.z01.azurefd.net/11742254-1-N-Whirlpool-WP40053901-Drain-Hose-with-Rubber-Elbow.jpg",
    "name": "Speed Queen Dishwasher Drain Hose With Rubber Elbow",
    "partselect_number": "PS11742254",
    "manufacturer_number": "WP40053901",
    "description": "★★★★★\n★★★★★\n4 Reviews\nThis hose attaches to the pump to help remove the water out of the washer. 7 feet in length.",
    "price": "$47.47",
    "stock_status": "In Stock",
    "rating": "4.00 out of 5",
    "reviews_count": 4
  },
  {
    "url": "https://www.partselect.com/PS11743369-Whirlpool-WP660658-Dryer-Clampmotor.htm?SourceCode=18",
    "image_url": "https://partselectcom-gtcdcddbene3cpes.z01.azurefd.net/11743369-1-N-Whirlpool-WP660658-Dryer-Clampmotor.jpg",
    "name": "Speed Queen Dishwasher Dryer Clampmotor",
    "partselect_number": "PS11743369",
    "manufacturer_number": "WP660658",
    "description": "★★★★★\n★★★★★\n2 Reviews\nThis clamp is used to secure the drive motor.",
    "price": "$9.85",
    "stock_status": "In Stock",
    "rating": "5.00 out of 5",
    "reviews_count": 2
  },
  {
    "url": "https://www.partselect.com/PS11742273-Whirlpool-WP40113601-Drum-Support-Roller-and-Shaft-Assembly.htm?SourceCode=18",
    "image_url": "https://partselectcom-gtcdcddbene3cpes.z01.azurefd.net/11742273-1-N-Whirlpool-WP40113601-Drum-Support-Roller-and-Shaft-Assembly.jpg",
    "name": "Speed Queen Dishwasher Drum Support Roller And Shaft Assembly",
    "partselect_number": "PS11742273",
    "manufacturer_number": "WP40113601",
    "description": "★★★★★\n★★★★★\n1 Review\nThis drum support roller bracket and shaft assembly is a little over two inches long. It is made of metal.",
    "price": "$46.01",
    "stock_status": "In Stock",
    "rating": "5.00 out of 5",
    "reviews_count": 1
  },
  {
    "url": "https://www.partselect.com/PS11746820-Whirlpool-WP89503-Washer-Inlet-Hose-5-Ft.htm?SourceCode=18",
    "image_url": "https://partselectcom-gtcdcddbene3cpes.z01.azurefd.net/11746820-1-N-Whirlpool-WP89503-Washer-Inlet-Hose-5-Ft.jpg",
    "name": "Speed Queen Dishwasher Washer Inlet Hose 5 Ft",
    "partselect_number": "PS11746820",
    "manufacturer_number": "WP89503",
    "description": "★★★★★\n★★★★★\n4 Reviews\nThis hose can handle hot or cold water and is five feet long.",
    "price": "$16.95",
    "stock_status": "In Stock",
    "rating": "4.50 out of 5",
    "reviews_count": 4
  },
  {
    "url": "https://www.partselect.com/PS11757549-Whirlpool-WPY503978-Heating-Element.htm?SourceCode=18",
    "image_url": "https://partselectcom-gtcdcddbene3cpes.z01.azurefd.net/11757549-1-N-Whirlpool-WPY503978-Heating-Element.jpg",
    "name": "Speed Queen Dishwasher Heating Element",
    "partselect_number": "PS11757549",
    "manufacturer_number": "WPY503978",
    "description": "★★★★★\n★★★★★\n12 Reviews\nThis orange dot heating element replaces those elements with an orange dot on the element flange. It carries 240 volts.",
    "price": "$52.87",
    "stock_status": "In Stock",
    "rating": "5.00 out of 5",
    "reviews_count": 12
  },
  {
    "url": "https://www.partselect.com/PS11741932-Whirlpool-WP37001308-Igniter.htm?SourceCode=18",
    "image_url": "https://partselectcom-gtcdcddbene3cpes.z01.azurefd.net/11741932-1-N-Whirlpool-WP37001308-Igniter.jpg",
    "name": "Speed Queen Dishwasher Igniter",
    "partselect_number": "PS11741932",
    "manufacturer_number": "WP37001308",
    "description": "★★★★★\n★★★★★\n9 Reviews\nThe bracket is no longer included.",
    "price": "$30.33",
    "stock_status": "In Stock",
    "rating": "4.56 out of 5",
    "reviews_count": 9
  },
  {
    "url": "https://www.partselect.com/PS11742250-Whirlpool-WP40045001-Idler-Pulley-Wheel.htm?SourceCode=18",
    "image_url": "https://partselectcom-gtcdcddbene3cpes.z01.azurefd.net/11742250-1-N-Whirlpool-WP40045001-Idler-Pulley-Wheel.jpg",
    "name": "Speed Queen Dishwasher Idler Pulley Wheel",
    "partselect_number": "PS11742250",
    "manufacturer_number": "WP40045001",
    "description": "★★★★★\n★★★★★\n5 Reviews\nThis wheel has a center metallic bearing. A dryer's idler pulley wheel serves to help the belt to rotate the drum.",
    "price": "$45.95",
    "stock_status": "In Stock",
    "rating": "2.40 out of 5",
    "reviews_count": 5
  },
  {
    "url": "https://www.partselect.com/PS11738826-Whirlpool-WP21001748-Pressure-Switch-Hose.htm?SourceCode=18",
    "image_url": "https://partselectcom-gtcdcddbene3cpes.z01.azurefd.net/11738826-1-N-Whirlpool-WP21001748-Pressure-Switch-Hose.jpg",
    "name": "Speed Queen Dishwasher Pressure Switch Hose",
    "partselect_number": "PS11738826",
    "manufacturer_number": "WP21001748",
    "description": "★★★★★\n★★★★★\n3 Reviews",
    "price": "$9.95",
    "stock_status": "Special Order",
    "rating": "5.00 out of 5",
    "reviews_count": 3
  },
  {
    "name": "Speed Queen Dryer Parts",
    "url": "https://www.partselect.com/Speed-Queen-Dryer-Parts.htm",
    "description": "Speed Queen Dryer Parts"
  },
  {
    "name": "Speed Queen Parts",
    "url": "https://www.partselect.com/Speed-Queen-Parts.htm",
    "description": "Speed Queen Parts"
  },
  {
    "name": "Speed Queen Trash Compactor Parts",
    "url": "https://www.partselect.com/Speed-Queen-Trash-Compactor-Parts.htm",
    "description": "Speed Queen Trash Compactor Parts"
  },
  {
    "name": "Speed Queen Washer Dryer Combo Parts",
    "url": "https://www.partselect.com/Speed-Queen-Washer-Dryer-Combo-Parts.htm",
    "description": "Speed Queen Washer Dryer Combo Parts"
  },
  {
    "name": "Speed Queen Washer Parts",
    "url": "https://www.partselect.com/Speed-Queen-Washer-Parts.htm",
    "description": "Speed Queen Washer Parts"
  }
]