[
  {
    "url": "https://www.partselect.com/PS735091-Frigidaire-240535101-Door-Rack.htm?SourceCode=18",
    "image_url": "https://partselectcom-gtcdcddbene3cpes.z01.azurefd.net/735091-1-N-Frigidaire-240535101-Door-Rack.jpg",
    "name": "Tappan Refrigerator Door Rack",
    "partselect_number": "PS735091",
    "manufacturer_number": "240535101",
    "description": "★★★★★\n★★★★★\n89 Reviews\nThe Door Rack (also known as a retainer bar) is a 23\" white plastic part used to hold small items inside the fridge door. If broken, it should be replaced. Refer to your user manual and model number to determine if this part is correct for you. This is a simple part to repair and should not require any tools. Most customers found it to be very easy to simply snap the old rack out of place and snap the new one back in, making sure the locking tabs are secure. This part is sold individually and not as a part of a kit. It is certified by the original manufacturer.",
    "price": "$\n36.43",
    "stock_status": "In Stock",
    "rating": "4.7/5",
    "reviews_count": 89,
    "reviews": [],
    "repair_stories": [],
    "symptoms_fixed": "Door won’t open or close",
    "works_with": "Refrigerator.",
    "also_replaces": [
      "AP3214801",
      "948956",
      "240535101"
    ],
    "video_url": "https://www.youtube.com/watch?v=_DIkHXz_0oU"
  },
  {
    "url": "https://www.partselect.com/PS12364147-Frigidaire-241798231-Refrigerator-Ice-Maker-Assembly.htm?SourceCode=18",
    "image_url": "https://partselectcom-gtcdcddbene3cpes.z01.azurefd.net/12364147-1-N-Frigidaire-241798231-Refrigerator-Ice-Maker-Assembly.jpg",
    "name": "Tappan Refrigerator Ice Maker Assembly",
    "partselect_number": "PS12364147",
    "manufacturer_number": "241798231",
    "description": "★★★★★\n★★★★★\n94 Reviews\nThis 8-cube ice maker is used to create ice for your refrigerator. The ice maker receives water from the water inlet valve and will freeze until ice cubes are formed. Once the water has been frozen the cubes will be ejected from the mold in to the ice bucket. The ice maker will continue the process until the ice bucket has reached the limit. If your ice maker is not making ice you may need to replace this part. Please remember to disconnect the power and water supply before starting your repair. This ice maker is a genuine OEM part.",
    "price": "$\n83.29",
    "stock_status": "In Stock",
    "rating": "4.9/5",
    "reviews_count": 94,
    "reviews": [],
    "repair_stories": [],
    "symptoms_fixed": "Ice maker not making ice | Ice maker won’t dispense ice | Won’t start | Noisy",
    "works_with": "Refrigerator, Freezer, Ice Maker.",
    "also_replaces": [
      "AP6332951",
      "241642501",
      "241642503A",
      "241642511",
      "241798201",
      "241798209",
      "241798211",
      "241798220",
      "241798223",
      "241798224",
      "3206327",
      "3206329",
      "5303320545",
      "5304445222",
      "5304456669",
      "5304456671",
      "5304456672",
      "75304445222",
      "75304456669",
      "75304456671 ... Show more"
    ],
    "video_url": ""
  },
  {
    "url": "https://www.partselect.com/PS12751166-Frigidaire-316538904-Light-Bulb.htm?SourceCode=18",
    "image_url": "https://partselectcom-gtcdcddbene3cpes.z01.azurefd.net/12751166-1-N-Frigidaire-316538904-Light-Bulb.jpg",
    "name": "Tappan Refrigerator Light Bulb",
    "partselect_number": "PS12751166",
    "manufacturer_number": "316538904",
    "description": "★★★★★\n★★★★★\n12 Reviews\nThis OEM 40 watt appliance light bulb is used for some ranges, refrigerators, freezers, and microwaves. Simply locate the existing bulb, unscrew it from its socket, and replace with new light bulb. If the existing bulb is broken in the socket, disconnect the power to the refrigerator and use a pair of needle nose pliers to grip the internal fragments of the bulb to unscrew. Replace with the new bulb and reconnect the power to the refrigerator. These bulbs are sold individually and are a commonly replaced part; consider ordering a spare.",
    "price": "$\n23.23",
    "stock_status": "In Stock",
    "rating": "4.6/5",
    "reviews_count": 12,
    "reviews": [],
    "repair_stories": [],
    "symptoms_fixed": "Refrigerator, Range, Wall Oven, Microwave Oven Combo.",
    "works_with": "Refrigerator, Range, Wall Oven, Microwave Oven Combo.",
    "also_replaces": [
      "08002735",
      "08037649",
      "08068090",
      "1144690",
      "171840",
      "173421",
      "20102226",
      "218926201",
      "2386-1",
      "240436701",
      "240436702",
      "241529103",
      "241552901",
      "241555401",
      "28078",
      "3001179",
      "3001180",
      "3013071",
      "3018801",
      "3051082 ... Show more"
    ],
    "video_url": "https://www.youtube.com/watch?v=7yE0ZZBNISU"
  },
  {
    "url": "https://www.partselect.com/PS734991-Frigidaire-240535201-Door-Rack-White.htm?SourceCode=18",
    "image_url": "https://partselectcom-gtcdcddbene3cpes.z01.azurefd.net/734991-1-N-Frigidaire-240535201-Door-Rack-White.jpg",
    "name": "Tappan Refrigerator Door Rack (white)",
    "partselect_number": "PS734991",
    "manufacturer_number": "240535201",
    "description": "★★★★★\n★★★★★\n17 Reviews\nThe door rack shelf bar has the end caps to attach it to the door already attached to the end of the bar.",
    "price": "$18.90",
    "stock_status": "In Stock",
    "rating": "4.76 out of 5",
    "reviews_count": 17
  },
  {
    "url": "https://www.partselect.com/PS8769007-Frigidaire-241537103-Cold-Control-Thermostat.htm?SourceCode=18",
    "image_url": "https://partselectcom-gtcdcddbene3cpes.z01.azurefd.net/8769007-1-N-Frigidaire-241537103-Cold-Control-Thermostat.jpg",
    "name": "Tappan Refrigerator Cold Control Thermostat",
    "partselect_number": "PS8769007",
    "manufacturer_number": "241537103",
    "description": "★★★★★\n★★★★★\n7 Reviews\nThis cold control thermostat cycles on and off regularly to keep your refrigerator cold.",
    "price": "$67.89",
    "stock_status": "In Stock",
    "rating": "4.86 out of 5",
    "reviews_count": 7
  },
  {
    "url": "https://www.partselect.com/PS422444-Frigidaire-215267701-Door-Shelf-End-Cap-Left-Or-Right-Side.htm?SourceCode=18",
    "image_url": "https://partselectcom-gtcdcddbene3cpes.z01.azurefd.net/422444-1-N-Frigidaire-215267701-Door-Shelf-End-Cap-Left-Or-Right-Side.jpg",
    "name": "Tappan Refrigerator Door Shelf End Cap (left Or Right Side)",
    "partselect_number": "PS422444",
    "manufacturer_number": "215267701",
    "description": "★★★★★\n★★★★★\n11 Reviews\nThis end cap can be used for the right or left side of the refrigerator door shelf or the freezer door shelf. It is white in color, made of plastic material and measures about 2 inches high by 3 inches deep. This might need to be replaced if it has broken or worn over time. This repair requires no tools. You will need to open your fridge, pull upwards on the existing end cap, and pull outwards. There is a locking tab on either end so it does not matter if the top or bottom comes out first. Slide the new end cap onto the rail and it is installed.",
    "price": "$7.71",
    "stock_status": "In Stock",
    "rating": "5.00 out of 5",
    "reviews_count": 11
  },
  {
    "url": "https://www.partselect.com/PS2350702-Frigidaire-297216600-Defrost-Thermostat.htm?SourceCode=18",
    "image_url": "https://partselectcom-gtcdcddbene3cpes.z01.azurefd.net/2350702-1-N-Frigidaire-297216600-Defrost-Thermostat.jpg",
    "name": "Tappan Refrigerator Defrost Thermostat",
    "partselect_number": "PS2350702",
    "manufacturer_number": "297216600",
    "description": "★★★★★\n★★★★★\n37 Reviews\nThis refrigerator defrost thermostat is a genuine OEM part and is sourced directly from the manufacturer. Located on the back wall of the freezer section in the refrigerator, the defrost thermostat is used to regulate the appliances temperature to keep the refrigerator cold and constant. The part is made of plastic, and has a 4 inch terminal on the white lead and a 6 inch terminal on the red lead. A refrigerator defrost thermostat may need to be replaced if the appliance is experiencing temperature related issues such as: too cold, too warm, frost buildup, not running, or running too long.",
    "price": "$28.75",
    "stock_status": "In Stock",
    "rating": "4.76 out of 5",
    "reviews_count": 37
  },
  {
    "url": "https://www.partselect.com/PS469510-Frigidaire-5303918202-Refrigerator-Defrost-Thermostat.htm?SourceCode=18",
    "image_url": "https://partselectcom-gtcdcddbene3cpes.z01.azurefd.net/469510-1-N-Frigidaire-5303918202-Refrigerator-Defrost-Thermostat.jpg",
    "name": "Tappan Refrigerator Defrost Thermostat",
    "partselect_number": "PS469510",
    "manufacturer_number": "5303918202",
    "description": "★★★★★\n★★★★★\n19 Reviews\nThis defrost thermostat is also known as a refrigerator defrost bi-metal thermostat kit. The function of the defrost bi-metal thermostat is to prevent overheating during the defrost cycle in your refrigerator by protecting the evaporator. The most common sign that there is a problem with your refrigerator defrost thermostat kit is if your freezer is cold but your refrigerator is warm. If your evaporator coils are icy then your defrost bi-metal thermostat kit could be defective. To do this installation the tools you will need include a 1/4 inch nut driver, a pair of wire strippers and crimpers, and a heat gun.",
    "price": "$24.91",
    "stock_status": "In Stock",
    "rating": "4.37 out of 5",
    "reviews_count": 19
  },
  {
    "url": "https://www.partselect.com/PS427922-Frigidaire-218428101-Door-Handle.htm?SourceCode=18",
    "image_url": "https://partselectcom-gtcdcddbene3cpes.z01.azurefd.net/427922-1-N-Frigidaire-218428101-Door-Handle.jpg",
    "name": "Tappan Refrigerator Door Handle",
    "partselect_number": "PS427922",
    "manufacturer_number": "218428101",
    "description": "★★★★★\n★★★★★\n48 Reviews\nThis white handle can be used with both the freezer door and the fresh food door of many refrigerators. Note: As per the manufacturer, this handle includes the mounting block and screw for the top of the handle. If you need the screw for the bottom, it must be ordered separately. This is a simple repair that only requires a Phillips screwdriver. You will remove the 2 screws located on the top of the fridge door and slide the old handle out of place. Take your new handle and use your screwdriver to position back into place.",
    "price": "$33.55",
    "stock_status": "In Stock",
    "rating": "4.38 out of 5",
    "reviews_count": 48
  },
  {
    "url": "https://www.partselect.com/PS430211-Frigidaire-240364503-Crisper-Drawer.htm?SourceCode=18",
    "image_url": "https://partselectcom-gtcdcddbene3cpes.z01.azurefd.net/430211-1-N-Frigidaire-240364503-Crisper-Drawer.jpg",
    "name": "Tappan Refrigerator Crisper Drawer",
    "partselect_number": "PS430211",
    "manufacturer_number": "240364503",
    "description": "★★★★★\n★★★★★\n8 Reviews\nSold individually.",
    "price": "$98.53",
    "stock_status": "In Stock",
    "rating": "4.13 out of 5",
    "reviews_count": 8
  },
  {
    "url": "https://www.partselect.com/PS464532-Frigidaire-5303305677-Filter-Drier.htm?SourceCode=18",
    "image_url": "https://partselectcom-gtcdcddbene3cpes.z01.azurefd.net/464532-1-N-Frigidaire-5303305677-Filter-Drier.jpg",
    "name": "Tappan Refrigerator Filter - Drier",
    "partselect_number": "PS464532",
    "manufacturer_number": "5303305677",
    "description": "A filter-drier in a refrigerator has two essential functions. The first is to absorb system contaminants, such as water, which can create acids. The second is to provide physical filtration. This means trapping moisture, small metal chips, and dirt found in the refrigerant gas. If your refrigerator motor is constantly running, but the refrigerator is not getting cold, the issue could be due to a damaged or faulty filter-drier. Faulty filter-driers are sometimes the cause for abnormal freezer compartment temperatures and partially frosted evaporators. This filter-drier is approximately 11 inches long. Remember to disconnect the power from your refrigerator before beginning this repair.",
    "price": "$33.90",
    "stock_status": "In Stock"
  },
  {
    "url": "https://www.partselect.com/PS427804-Frigidaire-218396700-Handle-Mounting-Block.htm?SourceCode=18",
    "image_url": "https://partselectcom-gtcdcddbene3cpes.z01.azurefd.net/427804-1-N-Frigidaire-218396700-Handle-Mounting-Block.jpg",
    "name": "Tappan Refrigerator Handle Mounting Block",
    "partselect_number": "PS427804",
    "manufacturer_number": "218396700",
    "description": "★★★★★\n★★★★★\n4 Reviews\nSold individually.",
    "price": "$43.15",
    "stock_status": "In Stock",
    "rating": "3.00 out of 5",
    "reviews_count": 4
  },
  {
    "url": "https://www.partselect.com/PS3655096-Frigidaire-218906802-Light-Socket.htm?SourceCode=18",
    "image_url": "https://partselectcom-gtcdcddbene3cpes.z01.azurefd.net/3655096-1-N-Frigidaire-218906802-Light-Socket.jpg",
    "name": "Tappan Refrigerator Light Socket",
    "partselect_number": "PS3655096",
    "manufacturer_number": "218906802",
    "description": "★★★★★\n★★★★★\n10 Reviews\nThe light socket on your refrigerator houses the light bulb and connects it to the power source. If you notice that your refrigerator light does not come on when you open the door, you may need to replace the light socket. This light socket is made of white plastic with two metal prongs. The light socket is located inside the refrigerator. Many of our customers have rated this repair as easy. To complete this repair, simply pop the old socket out with a small flat blade screwdriver and disconnect the wires. Then simply reconnect the wires to the new socket, and snap it in place with the locking tab.",
    "price": "$25.17",
    "stock_status": "In Stock",
    "rating": "4.40 out of 5",
    "reviews_count": 10
  },
  {
    "url": "https://www.partselect.com/PS11766772-Frigidaire-5303918774-Refrigerator-Condenser-Fan-Motor-Kit.htm?SourceCode=18",
    "image_url": "https://partselectcom-gtcdcddbene3cpes.z01.azurefd.net/11766772-1-N-Frigidaire-5303918774-Refrigerator-Condenser-Fan-Motor-Kit.jpg",
    "name": "Tappan Refrigerator Condenser Fan Motor Kit",
    "partselect_number": "PS11766772",
    "manufacturer_number": "5303918774",
    "description": "★★★★★\n★★★★★\n16 Reviews\nThis is a replacement condenser fan motor kit for your refrigerator. This six-piece kit contains foam tape, 2 screws, the fan blade, the new motor mounting bracket, and the condenser fan motor. The condenser fan motor is found in the back of the refrigerator, and it moves air across the compressor and the condenser to keep them cool. If the motor has failed, the condenser and the compressor will run hot, and this can cause the refrigerator not to cool. This is an OEM part from the manufacturer.",
    "price": "$113.69",
    "stock_status": "In Stock",
    "rating": "4.31 out of 5",
    "reviews_count": 16
  },
  {
    "url": "https://www.partselect.com/PS977034-Frigidaire-241559801-Light-Socket.htm?SourceCode=18",
    "image_url": "https://partselectcom-gtcdcddbene3cpes.z01.azurefd.net/977034-1-N-Frigidaire-241559801-Light-Socket.jpg",
    "name": "Tappan Refrigerator Light Socket",
    "partselect_number": "PS977034",
    "manufacturer_number": "241559801",
    "description": "★★★★★\n★★★★★\n5 Reviews",
    "price": "$54.67",
    "stock_status": "In Stock",
    "rating": "4.80 out of 5",
    "reviews_count": 5
  },
  {
    "url": "https://www.partselect.com/PS735092-Frigidaire-240535001-Door-Rack-Freezer.htm?SourceCode=18",
    "image_url": "https://partselectcom-gtcdcddbene3cpes.z01.azurefd.net/735092-1-N-Frigidaire-240535001-Door-Rack-Freezer.jpg",
    "name": "Tappan Refrigerator Door Rack Freezer",
    "partselect_number": "PS735092",
    "manufacturer_number": "240535001",
    "description": "★★★★★\n★★★★★\n1 Review\nThis part is the replacement door rack for your refrigerator freezer. It is made of white plastic and is approximately 23 inches by 5 inches in size. The door rack connects to your freezer door and allows you to store items on the door shelf, without the items falling out when you open or close the door. The main reason to replace the door rack would be if it is cracked, broken, or missing. To replace the door rack, carefully pop it out of the guide holes in the freezer door and snap the new rack into place. This part is sold individually and is a genuine OEM part.",
    "price": "$46.51",
    "stock_status": "In Stock",
    "rating": "5.00 out of 5",
    "reviews_count": 1
  },
  {
    "url": "https://www.partselect.com/PS428566-Frigidaire-218730603-Fresh-Food-Door-Gasket.htm?SourceCode=18",
    "image_url": "https://partselectcom-gtcdcddbene3cpes.z01.azurefd.net/428566-1-N-Frigidaire-218730603-Fresh-Food-Door-Gasket.jpg",
    "name": "Tappan Refrigerator Fresh Food Door Gasket",
    "partselect_number": "PS428566",
    "manufacturer_number": "218730603",
    "description": "★★★★★\n★★★★★\n1 Review\nThis white gasket is used to seal the refrigerator door when closed to keep the cool air inside and the room air out.",
    "price": "$49.42",
    "stock_status": "In Stock",
    "rating": "1.00 out of 5",
    "reviews_count": 1
  },
  {
    "url": "https://www.partselect.com/PS430209-Frigidaire-240364501-Lower-Crisper-Pan.htm?SourceCode=18",
    "image_url": "https://partselectcom-gtcdcddbene3cpes.z01.azurefd.net/430209-1-N-Frigidaire-240364501-Lower-Crisper-Pan.jpg",
    "name": "Tappan Refrigerator Lower Crisper Pan",
    "partselect_number": "PS430209",
    "manufacturer_number": "240364501",
    "description": "★★★★★\n★★★★★\n2 Reviews",
    "price": "$94.89",
    "stock_status": "In Stock",
    "rating": "5.00 out of 5",
    "reviews_count": 2
  },
  {
    "url": "https://www.partselect.com/PS469269-Frigidaire-5303917954-Defrost-Thermostat.htm?SourceCode=18",
    "image_url": "https://partselectcom-gtcdcddbene3cpes.z01.azurefd.net/469269-1-N-Frigidaire-5303917954-Defrost-Thermostat.jpg",
    "name": "Tappan Refrigerator Defrost Thermostat",
    "partselect_number": "PS469269",
    "manufacturer_number": "5303917954",
    "description": "★★★★★\n★★★★★\n7 Reviews\nThis limiter thermostat cuts out when the temperature inside your refrigerator reaches 55 degrees Fahrenheit and kicks back in when the internal temperature drops to 20 degrees Fahrenheit. If you discover temperature issues with your refrigerator or freezer, the defrost thermostat may need to be replaced. You will need tools for this repair, including a 1/4-inch nut driver, a pair of wire strippers, and a heat gun. Be sure to disconnect power to the refrigerator before completing this repair. The defrost thermostat is located behind the back panel of your side-by-side refrigerator/freezer. You will first need to remove the panel and take the defrost thermostat out to complete the repair.",
    "price": "$38.75",
    "stock_status": "In Stock",
    "rating": "3.86 out of 5",
    "reviews_count": 7
  },
  {
    "url": "https://www.partselect.com/PS11728257-Frigidaire-5304500407-Shelf-Grommet.htm?SourceCode=18",
    "image_url": "https://partselectcom-gtcdcddbene3cpes.z01.azurefd.net/11728257-1-N-Frigidaire-5304500407-Shelf-Grommet.jpg",
    "name": "Tappan Refrigerator Shelf Grommet",
    "partselect_number": "PS11728257",
    "manufacturer_number": "5304500407",
    "description": "Sold individually.",
    "price": "$10.73",
    "stock_status": "In Stock"
  },
  {
    "url": "https://www.partselect.com/PS1526413-Frigidaire-241685201-Cam-Drive.htm?SourceCode=18",
    "image_url": "https://partselectcom-gtcdcddbene3cpes.z01.azurefd.net/1526413-1-N-Frigidaire-241685201-Cam-Drive.jpg",
    "name": "Tappan Refrigerator Cam Drive",
    "partselect_number": "PS1526413",
    "manufacturer_number": "241685201",
    "price": "$47.97",
    "stock_status": "In Stock"
  },
  {
    "url": "https://www.partselect.com/PS427282-Frigidaire-218147701-Crisper-Drawer-Frame.htm?SourceCode=18",
    "image_url": "https://partselectcom-gtcdcddbene3cpes.z01.azurefd.net/427282-1-N-Frigidaire-218147701-Crisper-Drawer-Frame.jpg",
    "name": "Tappan Refrigerator Crisper Drawer Frame",
    "partselect_number": "PS427282",
    "manufacturer_number": "218147701",
    "description": "★★★★★\n★★★★★\n1 Review\nThis acts as the shelving unit and also the glides for the crisper pans. NOTE: Glass NOT included. Frame only.",
    "price": "$77.55",
    "stock_status": "Special Order",
    "rating": "5.00 out of 5",
    "reviews_count": 1
  },
  {
    "url": "https://www.partselect.com/PS2349464-Frigidaire-241957901-Drain-Tube.htm?SourceCode=18",
    "image_url": "https://partselectcom-gtcdcddbene3cpes.z01.azurefd.net/2349464-1-N-Frigidaire-241957901-Drain-Tube.jpg",
    "name": "Tappan Refrigerator Drain Tube",
    "partselect_number": "PS2349464",
    "manufacturer_number": "241957901",
    "price": "$50.44",
    "stock_status": "In Stock"
  },
  {
    "url": "https://www.partselect.com/PS1526484-Frigidaire-241708002-Center-Hinge-Pin.htm?SourceCode=18",
    "image_url": "https://partselectcom-gtcdcddbene3cpes.z01.azurefd.net/1526484-1-N-Frigidaire-241708002-Center-Hinge-Pin.jpg",
    "name": "Tappan Refrigerator Center Hinge Pin",
    "partselect_number": "PS1526484",
    "manufacturer_number": "241708002",
    "price": "$29.65",
    "stock_status": "In Stock"
  },
  {
    "url": "https://www.partselect.com/PS430269-Frigidaire-240368301-Kickplate-Grille-White.htm?SourceCode=18",
    "image_url": "https://partselectcom-gtcdcddbene3cpes.z01.azurefd.net/430269-1-N-Frigidaire-240368301-Kickplate-Grille-White.jpg",
    "name": "Tappan Refrigerator Kickplate Grille (white)",
    "partselect_number": "PS430269",
    "manufacturer_number": "240368301",
    "description": "★★★★★\n★★★★★\n2 Reviews",
    "price": "$56.79",
    "stock_status": "Special Order",
    "rating": "4.50 out of 5",
    "reviews_count": 2
  },
  {
    "url": "https://www.partselect.com/PS2349843-Frigidaire-5304469403-Drive-Gear.htm?SourceCode=18",
    "image_url": "https://partselectcom-gtcdcddbene3cpes.z01.azurefd.net/2349843-1-N-Frigidaire-5304469403-Drive-Gear.jpg",
    "name": "Tappan Refrigerator Drive Gear",
    "partselect_number": "PS2349843",
    "manufacturer_number": "5304469403",
    "description": "★★★★★\n★★★★★\n9 Reviews\nThe ejector drive gear is a part for your refrigerator. This icemaker drive gear is for the ejector blades. The part rotates the cube ejector arm, which cycles the icemaker and pushes the cubes out and into the ice bucket, ready for the ice to be used. The outside diameter of this piece is almost two inches by two inches. The reason for needing to replace your gear is if the current one is broken/missing a tooth, or if your icemaker is not dispensing ice and is noisy.",
    "price": "$29.35",
    "stock_status": "In Stock",
    "rating": "4.89 out of 5",
    "reviews_count": 9
  },
  {
    "url": "https://www.partselect.com/PS455458-Frigidaire-5303208309-Plug-Button-White.htm?SourceCode=18",
    "image_url": "https://partselectcom-gtcdcddbene3cpes.z01.azurefd.net/455458-1-N-Frigidaire-5303208309-Plug-Button-White.jpg",
    "name": "Tappan Refrigerator Plug Button (white)",
    "partselect_number": "PS455458",
    "manufacturer_number": "5303208309",
    "description": "Manufacturer Part Number 5303208309",
    "price": "$48.95",
    "stock_status": "In Stock"
  },
  {
    "url": "https://www.partselect.com/PS1526031-Frigidaire-240516502-Lower-Hinge-Pin.htm?SourceCode=18",
    "image_url": "https://partselectcom-gtcdcddbene3cpes.z01.azurefd.net/1526031-1-N-Frigidaire-240516502-Lower-Hinge-Pin.jpg",
    "name": "Tappan Refrigerator Lower Hinge Pin",
    "partselect_number": "PS1526031",
    "manufacturer_number": "240516502",
    "price": "$55.24",
    "stock_status": "In Stock"
  },
  {
    "url": "https://www.partselect.com/PS1532720-Frigidaire-5304456667-Micro-Switch.htm?SourceCode=18",
    "image_url": "https://partselectcom-gtcdcddbene3cpes.z01.azurefd.net/1532720-1-N-Frigidaire-5304456667-Micro-Switch.jpg",
    "name": "Tappan Refrigerator Micro Switch",
    "partselect_number": "PS1532720",
    "manufacturer_number": "5304456667",
    "description": "★★★★★\n★★★★★\n1 Review\nThe micro switch in your refrigerator aids in the dispensing of ice and water. This micro switch controls the on/off function of the ice/water dispenser of your refrigerator. If you notice that your refrigerator is not dispensing ice or water properly, you may need to replace your micro switch. This part is made of black plastic, with three metal prongs. The plastic portion of this part is approximately one inch in length. This is an OEM part sourced directly from the manufacturer. Be sure to unplug your refrigerator from the power source before you begin this repair.",
    "price": "$67.27",
    "stock_status": "In Stock",
    "rating": "3.00 out of 5",
    "reviews_count": 1
  },
  {
    "url": "https://www.partselect.com/PS899295-Frigidaire-240336802-Center-Hinge-Spacer.htm?SourceCode=18",
    "image_url": "https://partselectcom-gtcdcddbene3cpes.z01.azurefd.net/899295-1-N-Frigidaire-240336802-Center-Hinge-Spacer.jpg",
    "name": "Tappan Refrigerator Center Hinge Spacer",
    "partselect_number": "PS899295",
    "manufacturer_number": "240336802",
    "description": "This is placed between the center hinge bracket and the refrigerator frame.",
    "price": "$26.68",
    "stock_status": "In Stock"
  },
  {
    "url": "https://www.partselect.com/PS430883-Frigidaire-240494003-Refrigerator-Plug-Button-Black.htm?SourceCode=18",
    "image_url": "https://partselectcom-gtcdcddbene3cpes.z01.azurefd.net/430883-1-N-Frigidaire-240494003-Refrigerator-Plug-Button-Black.jpg",
    "name": "Tappan Refrigerator Plug Button (black)",
    "partselect_number": "PS430883",
    "manufacturer_number": "240494003",
    "description": "Manufacturer Part Number 240494003",
    "price": "$24.95",
    "stock_status": "In Stock"
  },
  {
    "url": "https://www.partselect.com/PS468940-Frigidaire-5303917595-Micro-Switch-Kit.htm?SourceCode=18",
    "image_url": "https://partselectcom-gtcdcddbene3cpes.z01.azurefd.net/468940-1-N-Frigidaire-5303917595-Micro-Switch-Kit.jpg",
    "name": "Tappan Refrigerator Micro-switch Kit",
    "partselect_number": "PS468940",
    "manufacturer_number": "5303917595",
    "description": "This kit includes the microswitch, a mylar shield and retainer rings.",
    "price": "$59.95",
    "stock_status": "In Stock"
  },
  {
    "url": "https://www.partselect.com/PS1526439-Frigidaire-241690201-E-Ring.htm?SourceCode=18",
    "image_url": "https://partselectcom-gtcdcddbene3cpes.z01.azurefd.net/1526439-1-N-Frigidaire-241690201-E-Ring.jpg",
    "name": "Tappan Refrigerator E-ring",
    "partselect_number": "PS1526439",
    "manufacturer_number": "241690201",
    "description": "Manufacturer Part Number 241690201",
    "price": "$27.95",
    "stock_status": "In Stock"
  },
  {
    "url": "https://www.partselect.com/PS817706-Frigidaire-240548901-SOCKET.htm?SourceCode=18",
    "image_url": "https://partselectcom-gtcdcddbene3cpes.z01.azurefd.net/817706-1-N-Frigidaire-240548901-SOCKET.jpg",
    "name": "Tappan Refrigerator Socket",
    "partselect_number": "PS817706",
    "manufacturer_number": "240548901",
    "description": "★★★★★\n★★★★★\n1 Review",
    "price": "$49.95",
    "stock_status": "Special Order",
    "rating": "5.00 out of 5",
    "reviews_count": 1
  },
  {
    "url": "https://www.partselect.com/PS423477-Frigidaire-215742602-Meat-Pan.htm?SourceCode=18",
    "image_url": "https://partselectcom-gtcdcddbene3cpes.z01.azurefd.net/423477-1-N-Frigidaire-215742602-Meat-Pan.jpg",
    "name": "Tappan Refrigerator Meat Pan",
    "partselect_number": "PS423477",
    "manufacturer_number": "215742602",
    "description": "★★★★★\n★★★★★\n2 Reviews\nManufacturer Part Number 215742602",
    "price": "$113.63",
    "stock_status": "In Stock",
    "rating": "3.00 out of 5",
    "reviews_count": 2
  },
  {
    "url": "https://www.partselect.com/PS461251-Frigidaire-5303289051-Light-Switch.htm?SourceCode=18",
    "image_url": "https://partselectcom-gtcdcddbene3cpes.z01.azurefd.net/461251-1-N-Frigidaire-5303289051-Light-Switch.jpg",
    "name": "Tappan Refrigerator Light Switch",
    "partselect_number": "PS461251",
    "manufacturer_number": "5303289051",
    "description": "★★★★★\n★★★★★\n2 Reviews\nThis part turns the light on/off as the door opens and closes.",
    "price": "$36.95",
    "stock_status": "Special Order",
    "rating": "5.00 out of 5",
    "reviews_count": 2
  },
  {
    "url": "https://www.partselect.com/PS1148335-Frigidaire-241652301-Refrigerator-Fan-Cover.htm?SourceCode=18",
    "image_url": "https://partselectcom-gtcdcddbene3cpes.z01.azurefd.net/1148335-1-N-Frigidaire-241652301-Refrigerator-Fan-Cover.jpg",
    "name": "Tappan Refrigerator Fan Cover",
    "partselect_number": "PS1148335",
    "manufacturer_number": "241652301",
    "price": "$73.21",
    "stock_status": "Special Order"
  },
  {
    "url": "https://www.partselect.com/PS1991323-Frigidaire-241785404-CONDENSER.htm?SourceCode=18",
    "image_url": "https://partselectcom-gtcdcddbene3cpes.z01.azurefd.net/1991323-1-N-Frigidaire-241785404-CONDENSER.jpg",
    "name": "Tappan Refrigerator Condenser",
    "partselect_number": "PS1991323",
    "manufacturer_number": "241785404",
    "price": "$110.69",
    "stock_status": "Special Order"
  },
  {
    "url": "https://www.partselect.com/PS473809-Frigidaire-5308010366-Water-Inlet-Tube-cut-to-fit.htm?SourceCode=18",
    "image_url": "https://partselectcom-gtcdcddbene3cpes.z01.azurefd.net/473809-1-N-Frigidaire-5308010366-Water-Inlet-Tube-cut-to-fit.jpg",
    "name": "Tappan Refrigerator Water Inlet Tube - Cut-to-fit",
    "partselect_number": "PS473809",
    "manufacturer_number": "5308010366",
    "description": "1/4\"diameter - 93\" long - plastic - cut-to fit",
    "price": "$23.95",
    "stock_status": "In Stock"
  },
  {
    "url": "https://www.partselect.com/PS469559-Frigidaire-5303918258-Water-Reservoir-Tank-Replacement-Kit.htm?SourceCode=18",
    "image_url": "https://partselectcom-gtcdcddbene3cpes.z01.azurefd.net/469559-1-N-Frigidaire-5303918258-Water-Reservoir-Tank-Replacement-Kit.jpg",
    "name": "Tappan Refrigerator Water Reservoir Tank Replacement Kit",
    "partselect_number": "PS469559",
    "manufacturer_number": "5303918258",
    "description": "This water reservoir tank kit contains an approximately forty-two foot long water line tube, two connectors, and two screws. This is a replacement kit from the original tank which is no longer available.",
    "price": "$83.11",
    "stock_status": "In Stock"
  },
  {
    "name": "Refrigerator Parts",
    "url": "https://www.partselect.com/Refrigerator-Parts.htm",
    "description": "Refrigerator Parts"
  },
  {
    "name": "Tappan Parts",
    "url": "https://www.partselect.com/Tappan-Parts.htm",
    "description": "Tappan Parts"
  }
]