[
  {
    "url": "https://www.partselect.com/PS8727387-Bosch-00611475-Dishwasher-Dishrack-Roller.htm?SourceCode=18",
    "image_url": "https://partselectcom-gtcdcddbene3cpes.z01.azurefd.net/8727387-1-N-Bosch-00611475-Dishwasher-Dishrack-Roller.jpg",
    "name": "Thermador Dishwasher Dishrack Roller",
    "partselect_number": "PS8727387",
    "manufacturer_number": "00611475",
    "description": "★★★★★\n★★★★★\n28 Reviews\nThis is a replacement dishrack roller or wheel for your dishwasher. It is made of gray plastic, measures a little over an inch in diameter, and is sold individually. This roller is designed for the lower dishrack of your dishwasher. On one side of the roller is a clip that allows it to be attached to the dishrack. The dishrack roller allows you to slide the dishrack in and out of the dishwasher efficiently. If one of the rollers is broken or missing, it can cause the dishrack to become difficult to slide in and out. To replace the roller, simply snap it off the dishrack, and snap the new one into place. This is a genuine OEM part.",
    "price": "$\n11.45",
    "stock_status": "In Stock",
    "rating": "4.8/5",
    "reviews_count": 28,
    "reviews": [],
    "repair_stories": [],
    "symptoms_fixed": "Dishwasher.",
    "works_with": "Dishwasher.",
    "also_replaces": [
      "AP4339780",
      "611475"
    ],
    "video_url": ""
  },
  {
    "url": "https://www.partselect.com/PS12730058-Bosch-20000533-Lower-Dishrack.htm?SourceCode=18",
    "image_url": "https://partselectcom-gtcdcddbene3cpes.z01.azurefd.net/12730058-1-N-Bosch-20000533-Lower-Dishrack.jpg",
    "name": "Thermador Dishwasher Lower Dishrack",
    "partselect_number": "PS12730058",
    "manufacturer_number": "20000533",
    "description": "★★★★★\n★★★★★\n8 Reviews\nThis lower dishrack keeps dishes stable during the wash cycle and fits specific dishwasher models. It is crafted for durability and easy installation. Always consult your dishwasher’s manual to ensure compatibility and proper placement.",
    "price": "$\n113.34",
    "stock_status": "On Order",
    "rating": "4.9/5",
    "reviews_count": 8,
    "reviews": [],
    "repair_stories": [],
    "symptoms_fixed": "Dishwasher.",
    "works_with": "Dishwasher.",
    "also_replaces": [
      "AP6894232",
      "00689429",
      "00689997",
      "00770024",
      "00770085",
      "00770689",
      "00770730",
      "00775315",
      "00775824",
      "00775826",
      "20000532",
      "689429",
      "689997",
      "770024",
      "770085",
      "770689",
      "770730",
      "775315",
      "775824",
      "775826"
    ],
    "video_url": ""
  },
  {
    "url": "https://www.partselect.com/PS16746057-Bosch-10023852-Access-Valve.htm?SourceCode=18",
    "image_url": "https://partselectcom-gtcdcddbene3cpes.z01.azurefd.net/16746057-1-N-Bosch-10023852-Access-Valve.jpg",
    "name": "Thermador Dishwasher Access Valve",
    "partselect_number": "PS16746057",
    "manufacturer_number": "10023852",
    "description": "★★★★★\n★★★★★\n8 Reviews\nThis water access valve, also known as a water inlet valve, is an authentic OEM replacement part used in dishwashers. The valve controls the flow of water into the dishwasher. It is responsible for allowing water from the household water supply to enter the dishwasher tub during the wash cycle. The valve is controlled by the electronic control board, which signals it to open or close based on the selected cycle and water level requirements. Once the dishwasher is filled to the appropriate level, the water inlet valve closes to prevent any further water from entering the tub. If the valve is faulty, you will likely experience water leakages, difficulties filling dishwasher, and poor cleaning results. This part is commonly associated with the E15 error code on dishwashers.",
    "price": "$\n25.28",
    "stock_status": "In Stock",
    "rating": "5.0/5",
    "reviews_count": 8,
    "reviews": [],
    "repair_stories": [],
    "symptoms_fixed": "Leaking | Will not fill with water | Will Not Start | Not draining",
    "works_with": "Dishwasher.",
    "also_replaces": [
      "00628334",
      "628334"
    ],
    "video_url": ""
  },
  {
    "url": "https://www.partselect.com/PS8727471-Bosch-00611981-Dishwasher-Adjustable-Tine-Row-Clip.htm?SourceCode=18",
    "image_url": "https://partselectcom-gtcdcddbene3cpes.z01.azurefd.net/8727471-1-N-Bosch-00611981-Dishwasher-Adjustable-Tine-Row-Clip.jpg",
    "name": "Thermador Dishwasher Adjustable Tine Row Clip",
    "partselect_number": "PS8727471",
    "manufacturer_number": "00611981",
    "description": "★★★★★\n★★★★★\n2 Reviews\nThis part is a replacement tine row clip for your dishwasher. The tine row clip is adjustable, and it fits onto your dishrack to holds the tines into place. If your dishrack tine rows will not stay in position, you could have one or more broken tine clips. To replace a tine row clip, simply snap the old tine row clip out, and replace it with the new clip. This part is made of gray plastic and is approximately one inch long and half an inch wide. This part is sold individually, so it is a good idea to check all of your tine row clips to determine if more than one are broken.",
    "price": "$6.98",
    "stock_status": "In Stock",
    "rating": "5.00 out of 5",
    "reviews_count": 2
  },
  {
    "url": "https://www.partselect.com/PS11724988-Bosch-12008381-Dishwasher-Circulation-Pump-w-Heater.htm?SourceCode=18",
    "image_url": "https://partselectcom-gtcdcddbene3cpes.z01.azurefd.net/11724988-1-N-Bosch-12008381-Dishwasher-Circulation-Pump-w-Heater.jpg",
    "name": "Thermador Dishwasher Circulation Pump W/heater",
    "partselect_number": "PS11724988",
    "manufacturer_number": "12008381",
    "description": "★★★★★\n★★★★★\n5 Reviews\nThis circulation pump with heater is for dishwashers. Circulation pump with heater moves heated water through the spray arm to clean the dishes. Unplug the dishwasher before installing this part. Wear work gloves to protect your hands.",
    "price": "$112.89",
    "stock_status": "In Stock",
    "rating": "5.00 out of 5",
    "reviews_count": 5
  },
  {
    "url": "https://www.partselect.com/PS8730270-Bosch-00645038-FILTER-MICRO.htm?SourceCode=18",
    "image_url": "https://partselectcom-gtcdcddbene3cpes.z01.azurefd.net/8730270-1-N-Bosch-00645038-FILTER-MICRO.jpg",
    "name": "Thermador Dishwasher Filter-micro",
    "partselect_number": "PS8730270",
    "manufacturer_number": "00645038",
    "description": "★★★★★\n★★★★★\n16 Reviews\nThis micro filter is a genuine OEM replacement part that is compatible with dishwashers. Its primary function is to catch and trap small particles of food, debris, and other contaminants that may be present in the water circulating inside the dishwasher during the wash and rinse cycles. This filter helps prevent these particles from clogging the pump or recirculating back onto the dishes. Signs of a faulty micro filter include poor cleaning performance, slow drainage, stagnant water at the bottom of the tub, and loud and unusual noises when the dishwasher is running. It is recommended to clean the filter once a month for optimal performance.",
    "price": "$37.30",
    "stock_status": "In Stock",
    "rating": "4.94 out of 5",
    "reviews_count": 16
  },
  {
    "url": "https://www.partselect.com/PS11704799-Bosch-00631200-PUMP-DRAIN.htm?SourceCode=18",
    "image_url": "https://partselectcom-gtcdcddbene3cpes.z01.azurefd.net/11704799-1-N-Bosch-00631200-PUMP-DRAIN.jpg",
    "name": "Thermador Dishwasher Pump-drain",
    "partselect_number": "PS11704799",
    "manufacturer_number": "00631200",
    "description": "★★★★★\n★★★★★\n3 Reviews\nThis drain pump is a genuine OEM replacement part that is specially made for various models of dishwasher. It is responsible for removing water from the dishwasher at the end of a cycle. It pumps the water out through the drain hose, which is connected to the kitchen sink plumbing or a dedicated drain line. If you notice an unpleasant odor and water pooling at the bottom of your dishwasher after a cycle, it could indicate a problem with the drain pump. If the pump is faulty you may also hear unusual rattling and grinding sounds.",
    "price": "$38.75",
    "stock_status": "In Stock",
    "rating": "5.00 out of 5",
    "reviews_count": 3
  },
  {
    "url": "https://www.partselect.com/PS8737036-Bosch-00745856-Dishwasher-Spray-Arm.htm?SourceCode=18",
    "image_url": "https://partselectcom-gtcdcddbene3cpes.z01.azurefd.net/8737036-1-N-Bosch-00745856-Dishwasher-Spray-Arm.jpg",
    "name": "Thermador Dishwasher Spray Arm",
    "partselect_number": "PS8737036",
    "manufacturer_number": "00745856",
    "description": "★★★★★\n★★★★★\n10 Reviews\nThis OEM upper spray arm is sourced directly from the manufacturer for use in various models of dishwasher. It is responsible for spraying water onto the dishes that are placed in the top rack. It is located beneath the top rack and consists of several small openings or nozzles through which water is propelled with high pressure. When the dishwasher is in running, water is pumped through the spray arm, and the force of the water causes it to rotate, ensuring that water is distributed evenly across the dishes for effective cleaning. If the arm become damaged or clogged with debris, you may notice difficulties cleaning your dishes properly, rattling or scraping sounds and reduced overall efficiency.",
    "price": "$25.84",
    "stock_status": "In Stock",
    "rating": "5.00 out of 5",
    "reviews_count": 10
  },
  {
    "url": "https://www.partselect.com/PS8712513-Bosch-00418498-Dishwasher-Tine-Holder.htm?SourceCode=18",
    "image_url": "https://partselectcom-gtcdcddbene3cpes.z01.azurefd.net/8712513-1-N-Bosch-00418498-Dishwasher-Tine-Holder.jpg",
    "name": "Thermador Dishwasher Tine Holder",
    "partselect_number": "PS8712513",
    "manufacturer_number": "00418498",
    "description": "★★★★★\n★★★★★\n9 Reviews\nThis plastic holder is also known as a tine clip, or a rack flip tine clip. It is used in the lower rack of a dishwasher, it is part of the rack assembly that allows to convert your rack to better the dishes you need washed. When you select the position you want the tines to be in, this clip hold the tines in place. This clip is designed to hold two tine rows in place. This tine clip is simple to install, you do not need any tools, it simply snaps into place on the dishrack.",
    "price": "$7.56",
    "stock_status": "In Stock",
    "rating": "4.89 out of 5",
    "reviews_count": 9
  },
  {
    "url": "https://www.partselect.com/PS8728568-Bosch-00619985-Mounting-Bracket.htm?SourceCode=18",
    "image_url": "https://partselectcom-gtcdcddbene3cpes.z01.azurefd.net/8728568-1-N-Bosch-00619985-Mounting-Bracket.jpg",
    "name": "Thermador Dishwasher Mounting Bracket",
    "partselect_number": "PS8728568",
    "manufacturer_number": "00619985",
    "description": "★★★★★\n★★★★★\n8 Reviews\nSold individually.",
    "price": "$9.46",
    "stock_status": "In Stock",
    "rating": "3.00 out of 5",
    "reviews_count": 8
  },
  {
    "url": "https://www.partselect.com/PS8727352-Bosch-00611332-Drain-Pump-55Hz.htm?SourceCode=18",
    "image_url": "https://partselectcom-gtcdcddbene3cpes.z01.azurefd.net/8727352-1-N-Bosch-00611332-Drain-Pump-55Hz.jpg",
    "name": "Thermador Dishwasher Drain Pump - 55hz",
    "partselect_number": "PS8727352",
    "manufacturer_number": "00611332",
    "description": "★★★★★\n★★★★★\n8 Reviews\nThe pump ejects the water from the dishwasher through the drain hose.",
    "price": "$59.19",
    "stock_status": "In Stock",
    "rating": "4.50 out of 5",
    "reviews_count": 8
  },
  {
    "url": "https://www.partselect.com/PS10058839-Bosch-12004485-Dishwasher-Wheel.htm?SourceCode=18",
    "image_url": "https://partselectcom-gtcdcddbene3cpes.z01.azurefd.net/10058839-1-N-Bosch-12004485-Dishwasher-Wheel.jpg",
    "name": "Thermador Dishwasher Wheel",
    "partselect_number": "PS10058839",
    "manufacturer_number": "12004485",
    "description": "★★★★★\n★★★★★\n20 Reviews\nThis wheel kit is used for the lower rack of your dishwasher. The kit includes 8 wheels and axels. To install you can simply clip the wheel onto the frame. There are eight wheels on the lower rack in your dishwasher that help it roll in and out of your appliance with ease. The wheel assembly is made of plastic and gray in color.",
    "price": "$44.54",
    "stock_status": "On Order",
    "rating": "4.90 out of 5",
    "reviews_count": 20
  },
  {
    "url": "https://www.partselect.com/PS8732952-Bosch-00668108-HOSE-DRAIN.htm?SourceCode=18",
    "image_url": "https://partselectcom-gtcdcddbene3cpes.z01.azurefd.net/8732952-1-N-Bosch-00668108-HOSE-DRAIN.jpg",
    "name": "Thermador Dishwasher Hose-drain",
    "partselect_number": "PS8732952",
    "manufacturer_number": "00668108",
    "description": "★★★★★\n★★★★★\n3 Reviews",
    "price": "$30.34",
    "stock_status": "In Stock",
    "rating": "5.00 out of 5",
    "reviews_count": 3
  },
  {
    "url": "https://www.partselect.com/PS8737020-Bosch-00745001-STRIP.htm?SourceCode=18",
    "image_url": "https://partselectcom-gtcdcddbene3cpes.z01.azurefd.net/8737020-1-N-Bosch-00745001-STRIP.jpg",
    "name": "Thermador Dishwasher Strip",
    "partselect_number": "PS8737020",
    "manufacturer_number": "00745001",
    "description": "★★★★★\n★★★★★\n1 Review",
    "price": "$7.43",
    "stock_status": "In Stock",
    "rating": "5.00 out of 5",
    "reviews_count": 1
  },
  {
    "url": "https://www.partselect.com/PS8728269-Bosch-00618001-Dishwasher-Holder.htm?SourceCode=18",
    "image_url": "https://partselectcom-gtcdcddbene3cpes.z01.azurefd.net/8728269-1-N-Bosch-00618001-Dishwasher-Holder.jpg",
    "name": "Thermador Dishwasher Holder",
    "partselect_number": "PS8728269",
    "manufacturer_number": "00618001",
    "price": "$6.98",
    "stock_status": "In Stock"
  },
  {
    "url": "https://www.partselect.com/PS8737006-Bosch-00744883-SPRAY-ARM.htm?SourceCode=18",
    "image_url": "https://partselectcom-gtcdcddbene3cpes.z01.azurefd.net/8737006-1-N-Bosch-00744883-SPRAY-ARM.jpg",
    "name": "Thermador Dishwasher Spray Arm",
    "partselect_number": "PS8737006",
    "manufacturer_number": "00744883",
    "price": "$12.57",
    "stock_status": "In Stock"
  },
  {
    "url": "https://www.partselect.com/PS8727344-Bosch-00611322-LID.htm?SourceCode=18",
    "image_url": "https://partselectcom-gtcdcddbene3cpes.z01.azurefd.net/8727344-1-N-Bosch-00611322-LID.jpg",
    "name": "Thermador Dishwasher Lid",
    "partselect_number": "PS8727344",
    "manufacturer_number": "00611322",
    "price": "$19.79",
    "stock_status": "In Stock"
  },
  {
    "url": "https://www.partselect.com/PS8727128-Bosch-00610087-Dishwasher-Door-Cable.htm?SourceCode=18",
    "image_url": "https://partselectcom-gtcdcddbene3cpes.z01.azurefd.net/8727128-1-N-Bosch-00610087-Dishwasher-Door-Cable.jpg",
    "name": "Thermador Dishwasher Door Cable",
    "partselect_number": "PS8727128",
    "manufacturer_number": "00610087",
    "description": "★★★★★\n★★★★★\n2 Reviews\nThis door cable is for dishwashers. Door cable helps balance and support the weight of the door as it opens and closes.",
    "price": "$12.97",
    "stock_status": "In Stock",
    "rating": "4.00 out of 5",
    "reviews_count": 2
  },
  {
    "url": "https://www.partselect.com/PS12741990-Bosch-11030996-WATER-INLET.htm?SourceCode=18",
    "image_url": "https://partselectcom-gtcdcddbene3cpes.z01.azurefd.net/12741990-1-N-Bosch-11030996-WATER-INLET.jpg",
    "name": "Thermador Dishwasher Water Inlet",
    "partselect_number": "PS12741990",
    "manufacturer_number": "11030996",
    "price": "$42.97",
    "stock_status": "In Stock"
  },
  {
    "url": "https://www.partselect.com/PS8728607-Bosch-00620774-PUMP-DRAIN.htm?SourceCode=18",
    "image_url": "https://partselectcom-gtcdcddbene3cpes.z01.azurefd.net/8728607-1-N-Bosch-00620774-PUMP-DRAIN.jpg",
    "name": "Thermador Dishwasher Pump-drain",
    "partselect_number": "PS8728607",
    "manufacturer_number": "00620774",
    "description": "★★★★★\n★★★★★\n1 Review",
    "price": "$64.55",
    "stock_status": "In Stock",
    "rating": "5.00 out of 5",
    "reviews_count": 1
  },
  {
    "url": "https://www.partselect.com/PS8728608-Bosch-00620775-SWITCH.htm?SourceCode=18",
    "image_url": "https://partselectcom-gtcdcddbene3cpes.z01.azurefd.net/8728608-1-N-Bosch-00620775-SWITCH.jpg",
    "name": "Thermador Dishwasher Switch",
    "partselect_number": "PS8728608",
    "manufacturer_number": "00620775",
    "description": "★★★★★\n★★★★★\n1 Review",
    "price": "$37.15",
    "stock_status": "In Stock",
    "rating": "5.00 out of 5",
    "reviews_count": 1
  },
  {
    "url": "https://www.partselect.com/PS8728859-Bosch-00623536-GUIDE.htm?SourceCode=18",
    "image_url": "https://partselectcom-gtcdcddbene3cpes.z01.azurefd.net/8728859-1-N-Bosch-00623536-GUIDE.jpg",
    "name": "Thermador Dishwasher Guide",
    "partselect_number": "PS8728859",
    "manufacturer_number": "00623536",
    "description": "★★★★★\n★★★★★\n1 Review",
    "price": "$15.92",
    "stock_status": "In Stock",
    "rating": "5.00 out of 5",
    "reviews_count": 1
  },
  {
    "url": "https://www.partselect.com/PS8729092-Bosch-00625710-HOLDER.htm?SourceCode=18",
    "image_url": "https://partselectcom-gtcdcddbene3cpes.z01.azurefd.net/8729092-1-N-Bosch-00625710-HOLDER.jpg",
    "name": "Thermador Dishwasher Holder",
    "partselect_number": "PS8729092",
    "manufacturer_number": "00625710",
    "description": "Manufacturer Part Number 00625710",
    "price": "$47.16",
    "stock_status": "In Stock"
  },
  {
    "url": "https://www.partselect.com/PS8727354-Bosch-00611336-SPRING.htm?SourceCode=18",
    "image_url": "https://partselectcom-gtcdcddbene3cpes.z01.azurefd.net/8727354-1-N-Bosch-00611336-SPRING.jpg",
    "name": "Thermador Dishwasher Spring",
    "partselect_number": "PS8727354",
    "manufacturer_number": "00611336",
    "description": "★★★★★\n★★★★★\n1 Review",
    "price": "$29.28",
    "stock_status": "In Stock",
    "rating": "5.00 out of 5",
    "reviews_count": 1
  },
  {
    "url": "https://www.partselect.com/PS8703130-Bosch-00298594-SPRAY-ARM.htm?SourceCode=18",
    "image_url": "https://partselectcom-gtcdcddbene3cpes.z01.azurefd.net/8703130-1-N-Bosch-00298594-SPRAY-ARM.jpg",
    "name": "Thermador Dishwasher Spray Arm",
    "partselect_number": "PS8703130",
    "manufacturer_number": "00298594",
    "price": "$63.03",
    "stock_status": "In Stock"
  },
  {
    "url": "https://www.partselect.com/PS11759839-Bosch-10000412-ROPE.htm?SourceCode=18",
    "image_url": "https://partselectcom-gtcdcddbene3cpes.z01.azurefd.net/11759839-1-N-Bosch-10000412-ROPE.jpg",
    "name": "Thermador Dishwasher Rope",
    "partselect_number": "PS11759839",
    "manufacturer_number": "10000412",
    "description": "★★★★★\n★★★★★\n2 Reviews",
    "price": "$10.12",
    "stock_status": "In Stock",
    "rating": "3.00 out of 5",
    "reviews_count": 2
  },
  {
    "url": "https://www.partselect.com/PS8769704-Bosch-00752981-00-Insert.htm?SourceCode=18",
    "image_url": "https://partselectcom-gtcdcddbene3cpes.z01.azurefd.net/8769704-1-N-Bosch-00752981-00-Insert.jpg",
    "name": "Thermador Dishwasher 00 Insert",
    "partselect_number": "PS8769704",
    "manufacturer_number": "00752981",
    "description": "★★★★★\n★★★★★\n1 Review",
    "price": "$21.38",
    "stock_status": "Special Order",
    "rating": "5.00 out of 5",
    "reviews_count": 1
  },
  {
    "url": "https://www.partselect.com/PS8697040-Bosch-00165256-Dishwasher-Float-Switch.htm?SourceCode=18",
    "image_url": "https://partselectcom-gtcdcddbene3cpes.z01.azurefd.net/8697040-1-N-Bosch-00165256-Dishwasher-Float-Switch.jpg",
    "name": "Thermador Dishwasher Float Switch",
    "partselect_number": "PS8697040",
    "manufacturer_number": "00165256",
    "price": "$27.55",
    "stock_status": "In Stock"
  },
  {
    "url": "https://www.partselect.com/PS8697162-Bosch-00166630-Dishwasher-Tripping-Device.htm?SourceCode=18",
    "image_url": "https://partselectcom-gtcdcddbene3cpes.z01.azurefd.net/8697162-1-N-Bosch-00166630-Dishwasher-Tripping-Device.jpg",
    "name": "Thermador Dishwasher Tripping Device",
    "partselect_number": "PS8697162",
    "manufacturer_number": "00166630",
    "description": "★★★★★\n★★★★★\n3 Reviews",
    "price": "$20.92",
    "stock_status": "In Stock",
    "rating": "5.00 out of 5",
    "reviews_count": 3
  },
  {
    "url": "https://www.partselect.com/PS11732432-Bosch-11012631-SPRAY-ARM.htm?SourceCode=18",
    "image_url": "https://partselectcom-gtcdcddbene3cpes.z01.azurefd.net/11732432-1-N-Bosch-11012631-SPRAY-ARM.jpg",
    "name": "Thermador Dishwasher Spray Arm",
    "partselect_number": "PS11732432",
    "manufacturer_number": "11012631",
    "price": "$58.49",
    "stock_status": "In Stock"
  },
  {
    "url": "https://www.partselect.com/PS8737210-Bosch-00752102-LEVER.htm?SourceCode=18",
    "image_url": "https://partselectcom-gtcdcddbene3cpes.z01.azurefd.net/8737210-1-N-Bosch-00752102-LEVER.jpg",
    "name": "Thermador Dishwasher Lever",
    "partselect_number": "PS8737210",
    "manufacturer_number": "00752102",
    "price": "$16.20",
    "stock_status": "In Stock"
  },
  {
    "url": "https://www.partselect.com/PS8713809-Bosch-00424410-On-Off-Push-Button-Switch.htm?SourceCode=18",
    "image_url": "https://partselectcom-gtcdcddbene3cpes.z01.azurefd.net/8713809-1-N-Bosch-00424410-On-Off-Push-Button-Switch.jpg",
    "name": "Thermador Dishwasher On/off Push Button Switch",
    "partselect_number": "PS8713809",
    "manufacturer_number": "00424410",
    "description": "★★★★★\n★★★★★\n3 Reviews",
    "price": "$57.09",
    "stock_status": "In Stock",
    "rating": "4.33 out of 5",
    "reviews_count": 3
  },
  {
    "url": "https://www.partselect.com/PS8729475-Bosch-00640476-TERMINAL-BOX.htm?SourceCode=18",
    "image_url": "https://partselectcom-gtcdcddbene3cpes.z01.azurefd.net/8729475-1-N-Bosch-00640476-TERMINAL-BOX.jpg",
    "name": "Thermador Dishwasher Terminal Box",
    "partselect_number": "PS8729475",
    "manufacturer_number": "00640476",
    "price": "$28.01",
    "stock_status": "In Stock"
  },
  {
    "url": "https://www.partselect.com/PS8727456-Bosch-00611955-MOUNTING-BRACKET.htm?SourceCode=18",
    "image_url": "https://partselectcom-gtcdcddbene3cpes.z01.azurefd.net/8727456-1-N-Bosch-00611955-MOUNTING-BRACKET.jpg",
    "name": "Thermador Dishwasher Mounting Bracket",
    "partselect_number": "PS8727456",
    "manufacturer_number": "00611955",
    "description": "★★★★★\n★★★★★\n1 Review\nManufacturer Part Number 00611955",
    "price": "$7.43",
    "stock_status": "In Stock",
    "rating": "5.00 out of 5",
    "reviews_count": 1
  },
  {
    "url": "https://www.partselect.com/PS8727396-Bosch-00611576-LID.htm?SourceCode=18",
    "image_url": "https://partselectcom-gtcdcddbene3cpes.z01.azurefd.net/8727396-1-N-Bosch-00611576-LID.jpg",
    "name": "Thermador Dishwasher Lid",
    "partselect_number": "PS8727396",
    "manufacturer_number": "00611576",
    "description": "★★★★★\n★★★★★\n1 Review",
    "price": "$19.79",
    "stock_status": "In Stock",
    "rating": "4.00 out of 5",
    "reviews_count": 1
  },
  {
    "url": "https://www.partselect.com/PS8697477-Bosch-00172272-HOSE-CLAMP.htm?SourceCode=18",
    "image_url": "https://partselectcom-gtcdcddbene3cpes.z01.azurefd.net/8697477-1-N-Bosch-00172272-HOSE-CLAMP.jpg",
    "name": "Thermador Dishwasher Hose Clamp",
    "partselect_number": "PS8697477",
    "manufacturer_number": "00172272",
    "description": "Manufacturer Part Number 00172272",
    "price": "$30.92",
    "stock_status": "In Stock"
  },
  {
    "url": "https://www.partselect.com/PS8715394-Bosch-00440670-WATER-INLET.htm?SourceCode=18",
    "image_url": "https://partselectcom-gtcdcddbene3cpes.z01.azurefd.net/8715394-1-N-Bosch-00440670-WATER-INLET.jpg",
    "name": "Thermador Dishwasher Water Inlet",
    "partselect_number": "PS8715394",
    "manufacturer_number": "00440670",
    "price": "$37.93",
    "stock_status": "In Stock"
  },
  {
    "url": "https://www.partselect.com/PS8727899-Bosch-00615820-MOTOR.htm?SourceCode=18",
    "image_url": "https://partselectcom-gtcdcddbene3cpes.z01.azurefd.net/8727899-1-N-Bosch-00615820-MOTOR.jpg",
    "name": "Thermador Dishwasher Motor",
    "partselect_number": "PS8727899",
    "manufacturer_number": "00615820",
    "price": "$47.67",
    "stock_status": "In Stock"
  },
  {
    "url": "https://www.partselect.com/PS8715481-Bosch-00442548-Circulation-Pump.htm?SourceCode=18",
    "image_url": "https://partselectcom-gtcdcddbene3cpes.z01.azurefd.net/8715481-1-N-Bosch-00442548-Circulation-Pump.jpg",
    "name": "Thermador Dishwasher Circulation Pump",
    "partselect_number": "PS8715481",
    "manufacturer_number": "00442548",
    "description": "★★★★★\n★★★★★\n1 Review",
    "price": "$288.09",
    "stock_status": "In Stock",
    "rating": "5.00 out of 5",
    "reviews_count": 1
  },
  {
    "url": "https://www.partselect.com/PS8727339-Bosch-00611317-Flow-Meter-Reed-Switch.htm?SourceCode=18",
    "image_url": "https://partselectcom-gtcdcddbene3cpes.z01.azurefd.net/8727339-1-N-Bosch-00611317-Flow-Meter-Reed-Switch.jpg",
    "name": "Thermador Dishwasher Flow Meter Reed Switch",
    "partselect_number": "PS8727339",
    "manufacturer_number": "00611317",
    "description": "Manufacturer Part Number 00611317",
    "price": "$28.01",
    "stock_status": "In Stock"
  },
  {
    "url": "https://www.partselect.com/PS8717889-Bosch-00480317-Heating-Element.htm?SourceCode=18",
    "image_url": "https://partselectcom-gtcdcddbene3cpes.z01.azurefd.net/8717889-1-N-Bosch-00480317-Heating-Element.jpg",
    "name": "Thermador Dishwasher Heating Element",
    "partselect_number": "PS8717889",
    "manufacturer_number": "00480317",
    "description": "★★★★★\n★★★★★\n1 Review",
    "price": "$246.78",
    "stock_status": "In Stock",
    "rating": "1.00 out of 5",
    "reviews_count": 1
  },
  {
    "url": "https://www.partselect.com/PS8697158-Bosch-00166625-SEALING.htm?SourceCode=18",
    "image_url": "https://partselectcom-gtcdcddbene3cpes.z01.azurefd.net/8697158-1-N-Bosch-00166625-SEALING.jpg",
    "name": "Thermador Dishwasher Sealing",
    "partselect_number": "PS8697158",
    "manufacturer_number": "00166625",
    "description": "Manufacturer Part Number 00166625",
    "price": "$10.87",
    "stock_status": "In Stock"
  },
  {
    "url": "https://www.partselect.com/PS8729476-Bosch-00640477-COVER.htm?SourceCode=18",
    "image_url": "https://partselectcom-gtcdcddbene3cpes.z01.azurefd.net/8729476-1-N-Bosch-00640477-COVER.jpg",
    "name": "Thermador Dishwasher Cover",
    "partselect_number": "PS8729476",
    "manufacturer_number": "00640477",
    "description": "Manufacturer Part Number 00640477",
    "price": "$12.00",
    "stock_status": "In Stock"
  },
  {
    "url": "https://www.partselect.com/PS9865133-Bosch-11002762-HINGE-HINGE-PLATE-LEFT.htm?SourceCode=18",
    "image_url": "https://partselectcom-gtcdcddbene3cpes.z01.azurefd.net/9865133-1-N-Bosch-11002762-HINGE-HINGE-PLATE-LEFT.jpg",
    "name": "Thermador Dishwasher Hinge Plate, Left",
    "partselect_number": "PS9865133",
    "manufacturer_number": "11002762",
    "description": "Manufacturer Part Number 11002762",
    "price": "$22.00",
    "stock_status": "In Stock"
  },
  {
    "url": "https://www.partselect.com/PS8704510-Bosch-00361113-Sump-to-Float-Hose.htm?SourceCode=18",
    "image_url": "https://partselectcom-gtcdcddbene3cpes.z01.azurefd.net/8704510-1-N-Bosch-00361113-Sump-to-Float-Hose.jpg",
    "name": "Thermador Dishwasher Sump To Float Hose",
    "partselect_number": "PS8704510",
    "manufacturer_number": "00361113",
    "price": "$23.01",
    "stock_status": "In Stock"
  },
  {
    "url": "https://www.partselect.com/PS8729050-Bosch-00624967-FIXING-KIT.htm?SourceCode=18",
    "image_url": "https://partselectcom-gtcdcddbene3cpes.z01.azurefd.net/8729050-1-N-Bosch-00624967-FIXING-KIT.jpg",
    "name": "Thermador Dishwasher Fixing Kit",
    "partselect_number": "PS8729050",
    "manufacturer_number": "00624967",
    "description": "Manufacturer Part Number 00624967",
    "price": "$24.66",
    "stock_status": "In Stock"
  },
  {
    "url": "https://www.partselect.com/PS10058804-Bosch-12004140-INSERT.htm?SourceCode=18",
    "image_url": "https://partselectcom-gtcdcddbene3cpes.z01.azurefd.net/10058804-1-N-Bosch-12004140-INSERT.jpg",
    "name": "Thermador Dishwasher Insert",
    "partselect_number": "PS10058804",
    "manufacturer_number": "12004140",
    "description": "Manufacturer Part Number 12004140",
    "price": "$52.34",
    "stock_status": "On Order"
  },
  {
    "url": "https://www.partselect.com/PS8727500-Bosch-00612114-SPRAY-HEAD.htm?SourceCode=18",
    "image_url": "https://partselectcom-gtcdcddbene3cpes.z01.azurefd.net/8727500-1-N-Bosch-00612114-SPRAY-HEAD.jpg",
    "name": "Thermador Dishwasher Spray Head",
    "partselect_number": "PS8727500",
    "manufacturer_number": "00612114",
    "description": "Manufacturer Part Number 00612114",
    "price": "$17.46",
    "stock_status": "In Stock"
  },
  {
    "url": "https://www.partselect.com/PS12367395-Bosch-11019743-OPERATING-MODULE.htm?SourceCode=18",
    "image_url": "https://partselectcom-gtcdcddbene3cpes.z01.azurefd.net/12367395-1-N-Bosch-11019743-OPERATING-MODULE.jpg",
    "name": "Thermador Dishwasher Operating Module",
    "partselect_number": "PS12367395",
    "manufacturer_number": "11019743",
    "description": "Manufacturer Part Number 11019743",
    "price": "$122.64",
    "stock_status": "In Stock"
  },
  {
    "url": "https://www.partselect.com/PS8703115-Bosch-00298534-SEAL-DOOR.htm?SourceCode=18",
    "image_url": "https://partselectcom-gtcdcddbene3cpes.z01.azurefd.net/8703115-1-N-Bosch-00298534-SEAL-DOOR.jpg",
    "name": "Thermador Dishwasher Seal-door",
    "partselect_number": "PS8703115",
    "manufacturer_number": "00298534",
    "price": "$67.04",
    "stock_status": "In Stock"
  }
]