[
  {
    "url": "https://www.partselect.com/PS734936-Frigidaire-240534701-Door-Shelf-Retainer-Bar.htm?SourceCode=18",
    "image_url": "https://partselectcom-gtcdcddbene3cpes.z01.azurefd.net/734936-1-N-Frigidaire-240534701-Door-Shelf-Retainer-Bar.jpg",
    "name": "Uni Refrigerator Door Shelf Retainer Bar",
    "partselect_number": "PS734936",
    "manufacturer_number": "240534701",
    "description": "★★★★★\n★★★★★\n108 Reviews\nThe Door Shelf Retainer Bar, also known as a refrigerator door rack, is a white, plastic part which can be easily installed onto your fridge door. It holds items in your fridge and will show physical damage if broken, at which time it should be replaced. Check your user manual and model number to see if this part is right for you. To install this part, you will need to remove the old one by unlocking the tabs, which can be slid with your fingers. To install the new shelf, line it up with the shelf cut-outs, over the tabs, and gently press it down to lock it into place. This part generally fits the middle door shelf of refrigerators. This is a part that frequently requires multiple parts per refrigerator. Because it is sold individually, you will need to purchase as many door racks as necessary to complete your repair.",
    "price": "$\n51.05",
    "stock_status": "In Stock",
    "rating": "4.8/5",
    "reviews_count": 108,
    "reviews": [],
    "repair_stories": [],
    "symptoms_fixed": "Door won’t open or close",
    "works_with": "Refrigerator.",
    "also_replaces": [
      "AP3214631",
      "948952",
      "240534701"
    ],
    "video_url": "https://www.youtube.com/watch?v=JGlCNEgLfM0"
  },
  {
    "url": "https://www.partselect.com/PS734935-Frigidaire-240534901-Door-Shelf-Retainer-Bar.htm?SourceCode=18",
    "image_url": "https://partselectcom-gtcdcddbene3cpes.z01.azurefd.net/734935-1-N-Frigidaire-240534901-Door-Shelf-Retainer-Bar.jpg",
    "name": "Uni Refrigerator Door Shelf Retainer Bar",
    "partselect_number": "PS734935",
    "manufacturer_number": "240534901",
    "description": "★★★★★\n★★★★★\n215 Reviews\nThis door shelf retaining bar, also known as refrigerator door bar retainer or fridge door rack, is a genuine part sourced from the original manufacturer. It is a white This manufacturer-certified Door Shelf Retainer Bar, sometimes otherwise known as the door rack or bar retainer, is a white, plastic part which can be easily installed onto the inside of the refrigerator or freezer door to hold items on the door shelves. It holds items in your fridge and will show physical damage if broken or warped, at which time it should be replaced. Check your user manual and model number to see if this part is right for you. No tools are required for this installation, the part should simply snap into place. This part measures roughly 25 inches wide, 3 inches high, and 5 inches deep. This part is sold individually, and we recommend checking the other door shelf retaining bars on your refrigerator or freezer at the same time as ordering this part to ensure that no others need to be replaced, as they often wear or warp at similar speeds.",
    "price": "$\n47.36",
    "stock_status": "In Stock",
    "rating": "4.8/5",
    "reviews_count": 215,
    "reviews": [],
    "repair_stories": [],
    "symptoms_fixed": "Door won’t open or close | Leaking",
    "works_with": "Refrigerator.",
    "also_replaces": [
      "AP3214630",
      "948954",
      "240534901"
    ],
    "video_url": "https://www.youtube.com/watch?v=RBJ10wFvJ2M"
  },
  {
    "url": "https://www.partselect.com/PS429868-Frigidaire-240337901-Refrigerator-Door-Shelf-Retainer-Bin.htm?SourceCode=18",
    "image_url": "https://partselectcom-gtcdcddbene3cpes.z01.azurefd.net/429868-1-N-Frigidaire-240337901-Refrigerator-Door-Shelf-Retainer-Bin.jpg",
    "name": "Uni Refrigerator Door Shelf Retainer Bin",
    "partselect_number": "PS429868",
    "manufacturer_number": "240337901",
    "description": "★★★★★\n★★★★★\n203 Reviews\nThis refrigerator door shelf attaches to the inside of the refrigerator door, typically holds jars and bottles, The manufacturer-approved Refrigerator Door Shelf Retainer Bar, sometimes known as the door rack or bar retainer, is a white, plastic part which can be easily installed onto your fridge door. Just snap the old part up and out of place, and push to snap the new part in its place. This part holds items in your fridge like jars and bottles and will show physical damage if broken, at which time it should be replaced. Check your user manual and model number to see if this part is right for you, as there are likely to be several different sizes and part numbers for the various different door racks in your fridge. You want to make sure you've selected the right one! This part is 24.25 inches wide and 3.75 inches deep and features open square latches. This part is sold individually.",
    "price": "$\n47.36",
    "stock_status": "In Stock",
    "rating": "4.9/5",
    "reviews_count": 203,
    "reviews": [],
    "repair_stories": [],
    "symptoms_fixed": "Door won’t open or close | Noisy | Touchpad does not respond",
    "works_with": "Refrigerator.",
    "also_replaces": [
      "AP2115858",
      "891047",
      "240337901",
      "240337904",
      "240337905"
    ],
    "video_url": "https://www.youtube.com/watch?v=nr8TPEghgjs"
  },
  {
    "url": "https://www.partselect.com/PS429871-Frigidaire-240338001-Refrigerator-Door-Shelf-Bin.htm?SourceCode=18",
    "image_url": "https://partselectcom-gtcdcddbene3cpes.z01.azurefd.net/429871-1-N-Frigidaire-240338001-Refrigerator-Door-Shelf-Bin.jpg",
    "name": "Uni Refrigerator Door Shelf Bin",
    "partselect_number": "PS429871",
    "manufacturer_number": "240338001",
    "description": "★★★★★\n★★★★★\n229 Reviews\nThis manufacturer-approved Refrigerator Door Shelf Bin is made of white plastic and is easy to install. It is used to hold heavier items in the fridge, and you'll be able to visually see if the part is broken. This particular shelf attaches to the fridge door and is designed for the UPPER shelf. You can check if this model is right for your appliance by checking your user manual and model number. This model is just over 26\" wide, just over 4\" tall and just over 7\" deep - front to back. This is a simple repair that requires only that you snap the old part out of place and snap the new one into place.",
    "price": "$50.84",
    "stock_status": "In Stock",
    "rating": "4.85 out of 5",
    "reviews_count": 229
  },
  {
    "url": "https://www.partselect.com/PS430917-Frigidaire-240530701-Drawer-Support-Rail-Right-Side.htm?SourceCode=18",
    "image_url": "https://partselectcom-gtcdcddbene3cpes.z01.azurefd.net/430917-1-N-Frigidaire-240530701-Drawer-Support-Rail-Right-Side.jpg",
    "name": "Uni Refrigerator Drawer Support Rail (right Side)",
    "partselect_number": "PS430917",
    "manufacturer_number": "240530701",
    "description": "★★★★★\n★★★★★\n175 Reviews\nThis manufacturer-certified drawer support rail supports the right side of the sliding drawer. It is a track that helps the drawer slide open and closed with ease. If you are having trouble opening or closing your fresh food drawer, check the support rails for any blockage, or visible damage. If the rail is damaged, it should be replaced to ensure no further damage is done to the drawer itself. The repair is straightforward: unscrew and remove the existing support rail, then fasten the new rail in place. This genuine OEM replacement part is made of plastic and is white in color. NOTE: This part is sold separately from the left side drawer support rail. The part measures approximately 16 inches long by 1 inch high.",
    "price": "$48.40",
    "stock_status": "In Stock",
    "rating": "4.57 out of 5",
    "reviews_count": 175
  },
  {
    "url": "https://www.partselect.com/PS735091-Frigidaire-240535101-Door-Rack.htm?SourceCode=18",
    "image_url": "https://partselectcom-gtcdcddbene3cpes.z01.azurefd.net/735091-1-N-Frigidaire-240535101-Door-Rack.jpg",
    "name": "Uni Refrigerator Door Rack",
    "partselect_number": "PS735091",
    "manufacturer_number": "240535101",
    "description": "★★★★★\n★★★★★\n89 Reviews\nThe Door Rack (also known as a retainer bar) is a 23\" white plastic part used to hold small items inside the fridge door. If broken, it should be replaced. Refer to your user manual and model number to determine if this part is correct for you. This is a simple part to repair and should not require any tools. Most customers found it to be very easy to simply snap the old rack out of place and snap the new one back in, making sure the locking tabs are secure. This part is sold individually and not as a part of a kit. It is certified by the original manufacturer.",
    "price": "$36.43",
    "stock_status": "In Stock",
    "rating": "4.62 out of 5",
    "reviews_count": 89
  },
  {
    "url": "https://www.partselect.com/PS429854-Frigidaire-240337103-Refrigerator-Crisper-Pan.htm?SourceCode=18",
    "image_url": "https://partselectcom-gtcdcddbene3cpes.z01.azurefd.net/429854-1-N-Frigidaire-240337103-Refrigerator-Crisper-Pan.jpg",
    "name": "Uni Refrigerator Crisper Pan",
    "partselect_number": "PS429854",
    "manufacturer_number": "240337103",
    "description": "★★★★★\n★★★★★\n52 Reviews\nThis manufacturer-certified Refrigerator Crisper Pan is a clear plastic pan which easily inserts into your fridge's crisper area in order to hold items. In some models of refrigerator this model is the same pan for both the meat and vegetable bins, but please note that this part is sold individually and not part of a complete kit. If broken then the part should be replaced. Refer to your user manual and model number to see if this crisper is right for your fridge. This bin measures approximately 11 inches deep and 22 inches long.",
    "price": "$103.69",
    "stock_status": "In Stock",
    "rating": "4.90 out of 5",
    "reviews_count": 52
  },
  {
    "url": "https://www.partselect.com/PS429873-Frigidaire-240338101-Refrigerator-Door-Shelf-Bin.htm?SourceCode=18",
    "image_url": "https://partselectcom-gtcdcddbene3cpes.z01.azurefd.net/429873-1-N-Frigidaire-240338101-Refrigerator-Door-Shelf-Bin.jpg",
    "name": "Uni Refrigerator Door Shelf Bin",
    "partselect_number": "PS429873",
    "manufacturer_number": "240338101",
    "description": "★★★★★\n★★★★★\n158 Reviews\nThis retainer bar (Refrigerator Door Shelf Bin, Refrigerator Door Shelf, Door Shelf Bin, Refrigerator Door Bin) holds items on the refrigerator door shelf. The plastic retainer can become brittle with time and crack or break under the strain of normal use. It can also break if heavy items are placed in the door shelf. If this part will no longer hold securely onto the inner door panel it will need to be replaced. This model is white plastic, and measures 26 by 5 inches. Sold individually.",
    "price": "$50.30",
    "stock_status": "In Stock",
    "rating": "4.67 out of 5",
    "reviews_count": 158
  },
  {
    "url": "https://www.partselect.com/PS1993820-Frigidaire-EAFCBF-Refrigerator-Air-Filter.htm?SourceCode=18",
    "image_url": "https://partselectcom-gtcdcddbene3cpes.z01.azurefd.net/1993820-1-N-Frigidaire-EAFCBF-Refrigerator-Air-Filter.jpg",
    "name": "Uni Refrigerator Air Filter",
    "partselect_number": "PS1993820",
    "manufacturer_number": "EAFCBF",
    "description": "★★★★★\n★★★★★\n24 Reviews\nThis manufacturer-approved air filter system for refrigerators eliminates odors and any impurities. It does this by neutralizing and removing odor-causing molecules. For best results, it is important to change the filter every 6 months to ensure that food is kept fresh, and the humidity is controlled. This part measures about 7 inches wide and 5 inches deep. Follow installation instructions provided by the manufacturer when installing this part to ensure accurate results and further guidance. Remember to unplug the refrigerator from the power source before starting this project. The air filter may be located in different places depending on your appliance, but is usually on the inner right or left side. See your manual for exact location. Our customers rated this as a very easy repair that takes only a few minutes; just locate and remove the old air filter and insert the new one to complete the repair, which requires no tools.",
    "price": "$34.51",
    "stock_status": "In Stock",
    "rating": "4.67 out of 5",
    "reviews_count": 24
  },
  {
    "url": "https://www.partselect.com/PS11770473-Frigidaire-5304506469-White-Refrigerator-Handle-Set-2-Pieces.htm?SourceCode=18",
    "image_url": "https://partselectcom-gtcdcddbene3cpes.z01.azurefd.net/11770473-1-N-Frigidaire-5304506469-White-Refrigerator-Handle-Set-2-Pieces.jpg",
    "name": "Uni Refrigerator White Handle Set (2 Pieces)",
    "partselect_number": "PS11770473",
    "manufacturer_number": "5304506469",
    "description": "★★★★★\n★★★★★\n146 Reviews\nThis Refrigerator Handle set comes in 2 pieces, and measures roughly 17\" in length. It can be installed with a screwdriver to allow the door to be opened and closed. If your handle is visibly broken then it should be replaced. Refer to your model number, and user manual to see if this part is right for you. These door handles are not sold individually, so we recommend replacing both handles at one time, or keeping the second one as a spare in case of future repairs. If you require the mounting blocks for the handle, these are sold separately. To make the repair, simply remove the screws at the top of the lower door, and replace the handle, screwing it into place.",
    "price": "$75.68",
    "stock_status": "In Stock",
    "rating": "4.63 out of 5",
    "reviews_count": 146
  },
  {
    "url": "https://www.partselect.com/PS427922-Frigidaire-218428101-Door-Handle.htm?SourceCode=18",
    "image_url": "https://partselectcom-gtcdcddbene3cpes.z01.azurefd.net/427922-1-N-Frigidaire-218428101-Door-Handle.jpg",
    "name": "Uni Refrigerator Door Handle",
    "partselect_number": "PS427922",
    "manufacturer_number": "218428101",
    "description": "★★★★★\n★★★★★\n48 Reviews\nThis white handle can be used with both the freezer door and the fresh food door of many refrigerators. Note: As per the manufacturer, this handle includes the mounting block and screw for the top of the handle. If you need the screw for the bottom, it must be ordered separately. This is a simple repair that only requires a Phillips screwdriver. You will remove the 2 screws located on the top of the fridge door and slide the old handle out of place. Take your new handle and use your screwdriver to position back into place.",
    "price": "$33.55",
    "stock_status": "In Stock",
    "rating": "4.38 out of 5",
    "reviews_count": 48
  },
  {
    "url": "https://www.partselect.com/PS429964-Frigidaire-240350609-Pan-Cover-Glass-Insert.htm?SourceCode=18",
    "image_url": "https://partselectcom-gtcdcddbene3cpes.z01.azurefd.net/429964-1-N-Frigidaire-240350609-Pan-Cover-Glass-Insert.jpg",
    "name": "Uni Refrigerator Pan Cover Glass Insert",
    "partselect_number": "PS429964",
    "manufacturer_number": "240350609",
    "description": "★★★★★\n★★★★★\n31 Reviews\nThis the just the glass. The frame is NOT included.",
    "price": "$103.29",
    "stock_status": "In Stock",
    "rating": "4.65 out of 5",
    "reviews_count": 31
  },
  {
    "url": "https://www.partselect.com/PS430211-Frigidaire-240364503-Crisper-Drawer.htm?SourceCode=18",
    "image_url": "https://partselectcom-gtcdcddbene3cpes.z01.azurefd.net/430211-1-N-Frigidaire-240364503-Crisper-Drawer.jpg",
    "name": "Uni Refrigerator Crisper Drawer",
    "partselect_number": "PS430211",
    "manufacturer_number": "240364503",
    "description": "★★★★★\n★★★★★\n8 Reviews\nSold individually.",
    "price": "$98.53",
    "stock_status": "In Stock",
    "rating": "4.13 out of 5",
    "reviews_count": 8
  },
  {
    "url": "https://www.partselect.com/PS1525960-Frigidaire-240337712-Dairy-Door-Clear.htm?SourceCode=18",
    "image_url": "https://partselectcom-gtcdcddbene3cpes.z01.azurefd.net/1525960-1-N-Frigidaire-240337712-Dairy-Door-Clear.jpg",
    "name": "Uni Refrigerator Dairy Door (clear)",
    "partselect_number": "PS1525960",
    "manufacturer_number": "240337712",
    "description": "★★★★★\n★★★★★\n7 Reviews\nThis is a dairy door for your refrigerator. This part covers the products in the dairy bin section. To access this section, simply lift the lid. This dairy door is made entirely of plastic and is transparent. It is almost 10 inches wide, and roughly 6 inches long. In order to make this repair you will not need any tools, as this part will easily clip in and out of place of the hinged holes.",
    "price": "$46.99",
    "stock_status": "In Stock",
    "rating": "4.86 out of 5",
    "reviews_count": 7
  },
  {
    "url": "https://www.partselect.com/PS422925-Frigidaire-215473602-Door-Shelf-End-Cap-Left-Or-Right-Side.htm?SourceCode=18",
    "image_url": "https://partselectcom-gtcdcddbene3cpes.z01.azurefd.net/422925-1-N-Frigidaire-215473602-Door-Shelf-End-Cap-Left-Or-Right-Side.jpg",
    "name": "Uni Refrigerator Door Shelf End Cap (left Or Right Side)",
    "partselect_number": "PS422925",
    "manufacturer_number": "215473602",
    "description": "★★★★★\n★★★★★\n14 Reviews\nThe door shelf end cap, or door bin support, secures the rack in a refrigerator or freezer door. Note that this fits on either the left or right hand side. If the end caps of your refrigerator or freezer are broken or cracked, or if your food retainer bar is not staying in place, then replacing the door support can solve this problem. No tools are needed for this repair project. To repair, first remove the end cap by pushing upward or downwards to slide it out the end of the rail. Next, replace with new end cap and line it up to clip it back onto the rail. It comes in white and measures about two inches high. Remember to wear gloves for safety.",
    "price": "$9.65",
    "stock_status": "In Stock",
    "rating": "4.71 out of 5",
    "reviews_count": 14
  },
  {
    "url": "https://www.partselect.com/PS8769003-Frigidaire-240358008-Freezer-Shelf.htm?SourceCode=18",
    "image_url": "https://partselectcom-gtcdcddbene3cpes.z01.azurefd.net/8769003-1-N-Frigidaire-240358008-Freezer-Shelf.jpg",
    "name": "Uni Refrigerator Freezer Shelf",
    "partselect_number": "PS8769003",
    "manufacturer_number": "240358008",
    "description": "★★★★★\n★★★★★\n16 Reviews\nSold individually. This shelf is for refrigerators. Follow the directions in the owner's manual to install refrigerator shelf in your refrigerator. Wear work gloves to protect your hands.",
    "price": "$64.55",
    "stock_status": "In Stock",
    "rating": "4.56 out of 5",
    "reviews_count": 16
  },
  {
    "url": "https://www.partselect.com/PS17996096-Frigidaire-5304537408-GASKET-FREEZER-DRAWER-GREY.htm?SourceCode=18",
    "image_url": "https://partselectcom-gtcdcddbene3cpes.z01.azurefd.net/assets/images/noimage_N.jpg",
    "name": "Uni Refrigerator Gasket Freezer Drawer Grey",
    "partselect_number": "PS17996096",
    "manufacturer_number": "5304537408",
    "description": "★★★★★\n★★★★★\n15 Reviews",
    "price": "$61.70",
    "stock_status": "In Stock",
    "rating": "3.87 out of 5",
    "reviews_count": 15
  },
  {
    "url": "https://www.partselect.com/PS1991436-Frigidaire-241872512-Fresh-Food-Door-Gasket-Black.htm?SourceCode=18",
    "image_url": "https://partselectcom-gtcdcddbene3cpes.z01.azurefd.net/1991436-1-N-Frigidaire-241872512-Fresh-Food-Door-Gasket-Black.jpg",
    "name": "Uni Refrigerator Fresh Food Door Gasket (black)",
    "partselect_number": "PS1991436",
    "manufacturer_number": "241872512",
    "description": "★★★★★\n★★★★★\n8 Reviews\nThis door gasket is used to seal the refrigerator door when closed to keep the cool air inside and the room air out.",
    "price": "$161.23",
    "stock_status": "In Stock",
    "rating": "5.00 out of 5",
    "reviews_count": 8
  },
  {
    "url": "https://www.partselect.com/PS423801-Frigidaire-215846602-Defrost-Timer-60hz-120v.htm?SourceCode=18",
    "image_url": "https://partselectcom-gtcdcddbene3cpes.z01.azurefd.net/423801-1-N-Frigidaire-215846602-Defrost-Timer-60hz-120v.jpg",
    "name": "Uni Refrigerator Defrost Timer (60hz 120v)",
    "partselect_number": "PS423801",
    "manufacturer_number": "215846602",
    "description": "★★★★★\n★★★★★\n43 Reviews\nThis Defrost Timer works like a clock by switching on the defrost heater circuit after a predetermined amount of compressor run time. This allows the defrost circuit to clear the evaporator of ice or frost to maintain proper airflow. The defrost timer is located in the control housing which is in the refrigerator section of your appliance. If this part is not working, it can lead to temperature increases in your refrigerator. If the compressor circuit fails, no cooling will take place; if the defrost circuit isn't activated, ice will quickly build up on the evaporator coils and reduce airflow and efficiency. If the timer doesn't advance or if the contacts have no continuity, the timer will need to be replaced. This timer measures approximately 3 inches long and 2.5 inches wide, and is constructed of plastic and metal. It comes in black/white/silver and is sold individually. This replacement part features 1 defrost timer.",
    "price": "$36.81",
    "stock_status": "In Stock",
    "rating": "4.51 out of 5",
    "reviews_count": 43
  },
  {
    "url": "https://www.partselect.com/PS2333670-Frigidaire-5304464438-Run-Capacitor.htm?SourceCode=18",
    "image_url": "https://partselectcom-gtcdcddbene3cpes.z01.azurefd.net/2333670-1-N-Frigidaire-5304464438-Run-Capacitor.jpg",
    "name": "Uni Refrigerator Run Capacitor",
    "partselect_number": "PS2333670",
    "manufacturer_number": "5304464438",
    "description": "★★★★★\n★★★★★\n10 Reviews\nThe run capacitor helps the compressor kick on and off while maintaining a constant temperature in your fridge and freezer. You may need to replace your run capacitor if your refrigerator or freezer section will not start, if they are too warm, or if your refrigerator has become too noisy. Replacing the run capacitor is a relatively easy project. For this repair you will only need a 1/4 inch nut driver and needle nose pliers. Remember to disconnect the power and water supply line to the unit before you begin this repair. For full step by step instructions, simply click on the video below.",
    "price": "$35.84",
    "stock_status": "In Stock",
    "rating": "4.60 out of 5",
    "reviews_count": 10
  },
  {
    "url": "https://www.partselect.com/PS2331943-Frigidaire-241872501-Freezer-Door-Gasket.htm?SourceCode=18",
    "image_url": "https://partselectcom-gtcdcddbene3cpes.z01.azurefd.net/2331943-1-N-Frigidaire-241872501-Freezer-Door-Gasket.jpg",
    "name": "Uni Refrigerator Freezer Door Gasket",
    "partselect_number": "PS2331943",
    "manufacturer_number": "241872501",
    "description": "★★★★★\n★★★★★\n4 Reviews\nThis door gasket is used to seal the freezer door when closed.",
    "price": "$89.25",
    "stock_status": "In Stock",
    "rating": "4.75 out of 5",
    "reviews_count": 4
  },
  {
    "url": "https://www.partselect.com/PS2361234-Frigidaire-240524102-Fan-Blade.htm?SourceCode=18",
    "image_url": "https://partselectcom-gtcdcddbene3cpes.z01.azurefd.net/2361234-1-N-Frigidaire-240524102-Fan-Blade.jpg",
    "name": "Uni Refrigerator Fan Blade",
    "partselect_number": "PS2361234",
    "manufacturer_number": "240524102",
    "description": "★★★★★\n★★★★★\n16 Reviews\nThis part blows air over the condenser.",
    "price": "$33.90",
    "stock_status": "In Stock",
    "rating": "4.88 out of 5",
    "reviews_count": 16
  },
  {
    "url": "https://www.partselect.com/PS8691994-Frigidaire-241675704-Refrigerator-Ice-Dispenser-Solenoid.htm?SourceCode=18",
    "image_url": "https://partselectcom-gtcdcddbene3cpes.z01.azurefd.net/8691994-1-N-Frigidaire-241675704-Refrigerator-Ice-Dispenser-Solenoid.jpg",
    "name": "Uni Refrigerator Ice Dispenser Solenoid",
    "partselect_number": "PS8691994",
    "manufacturer_number": "241675704",
    "description": "★★★★★\n★★★★★\n5 Reviews\nThe cube solenoid allows cube or crushed ice to be dispensed on demand. 120V 60Hz",
    "price": "$62.65",
    "stock_status": "In Stock",
    "rating": "4.60 out of 5",
    "reviews_count": 5
  },
  {
    "url": "https://www.partselect.com/PS2203349-Frigidaire-241872505-Freezer-Door-Gasket-White.htm?SourceCode=18",
    "image_url": "https://partselectcom-gtcdcddbene3cpes.z01.azurefd.net/2203349-1-N-Frigidaire-241872505-Freezer-Door-Gasket-White.jpg",
    "name": "Uni Refrigerator Freezer Door Gasket (white)",
    "partselect_number": "PS2203349",
    "manufacturer_number": "241872505",
    "description": "★★★★★\n★★★★★\n2 Reviews\nThis white door gasket is used to make an air-tight seal for the cabinet when the door is closed.",
    "price": "$108.05",
    "stock_status": "In Stock",
    "rating": "3.00 out of 5",
    "reviews_count": 2
  },
  {
    "url": "https://www.partselect.com/PS2331945-Frigidaire-241872504-Fresh-Food-Door-Gasket-White.htm?SourceCode=18",
    "image_url": "https://partselectcom-gtcdcddbene3cpes.z01.azurefd.net/2331945-1-N-Frigidaire-241872504-Fresh-Food-Door-Gasket-White.jpg",
    "name": "Uni Refrigerator Fresh Food Door Gasket (white)",
    "partselect_number": "PS2331945",
    "manufacturer_number": "241872504",
    "description": "★★★★★\n★★★★★\n1 Review\nThis white door gasket is used to seal the refrigerator door when closed to keep the cool air inside and the room air out.",
    "price": "$120.36",
    "stock_status": "In Stock",
    "rating": "5.00 out of 5",
    "reviews_count": 1
  },
  {
    "url": "https://www.partselect.com/PS12728807-Frigidaire-241684503-DRIVE-BLADE.htm?SourceCode=18",
    "image_url": "https://partselectcom-gtcdcddbene3cpes.z01.azurefd.net/12728807-1-N-Frigidaire-241684503-DRIVE-BLADE.jpg",
    "name": "Uni Refrigerator Drive Blade",
    "partselect_number": "PS12728807",
    "manufacturer_number": "241684503",
    "description": "★★★★★\n★★★★★\n5 Reviews\nThis drive blade is a little under five inches long. It is used for the icemaker of many refrigerators.",
    "price": "$23.23",
    "stock_status": "In Stock",
    "rating": "5.00 out of 5",
    "reviews_count": 5
  },
  {
    "url": "https://www.partselect.com/PS2581640-Frigidaire-242071401-Door-Bin-White.htm?SourceCode=18",
    "image_url": "https://partselectcom-gtcdcddbene3cpes.z01.azurefd.net/2581640-1-N-Frigidaire-242071401-Door-Bin-White.jpg",
    "name": "Uni Refrigerator Door Bin (white)",
    "partselect_number": "PS2581640",
    "manufacturer_number": "242071401",
    "description": "Sold individually.",
    "price": "$26.99",
    "stock_status": "In Stock"
  },
  {
    "url": "https://www.partselect.com/PS1526586-Frigidaire-241734001-Ice-Container-Bucket.htm?SourceCode=18",
    "image_url": "https://partselectcom-gtcdcddbene3cpes.z01.azurefd.net/1526586-1-N-Frigidaire-241734001-Ice-Container-Bucket.jpg",
    "name": "Uni Refrigerator Ice Container/bucket",
    "partselect_number": "PS1526586",
    "manufacturer_number": "241734001",
    "description": "★★★★★\n★★★★★\n20 Reviews\nBucket only. All other parts sold separately.",
    "price": "$69.30",
    "stock_status": "In Stock",
    "rating": "5.00 out of 5",
    "reviews_count": 20
  },
  {
    "url": "https://www.partselect.com/PS735098-Frigidaire-240535301-Door-Rack.htm?SourceCode=18",
    "image_url": "https://partselectcom-gtcdcddbene3cpes.z01.azurefd.net/735098-1-N-Frigidaire-240535301-Door-Rack.jpg",
    "name": "Uni Refrigerator Door Rack",
    "partselect_number": "PS735098",
    "manufacturer_number": "240535301",
    "description": "★★★★★\n★★★★★\n1 Review\nThis door rack, also known as a door shelf bin, is a genuine OEM replacement part for your fridge. The clear plastic bin can become cracked over time, and is very easy to replace. Simply pull out the existing shelf bin, and put the new one in place, making sure to snap the mounting tabs into place.",
    "price": "$43.15",
    "stock_status": "In Stock",
    "rating": "4.00 out of 5",
    "reviews_count": 1
  },
  {
    "url": "https://www.partselect.com/PS735469-Frigidaire-5303918277-Replacement-Ice-Maker.htm?SourceCode=18",
    "image_url": "https://partselectcom-gtcdcddbene3cpes.z01.azurefd.net/735469-1-N-Frigidaire-5303918277-Replacement-Ice-Maker.jpg",
    "name": "Uni Refrigerator Replacement Ice Maker",
    "partselect_number": "PS735469",
    "manufacturer_number": "5303918277",
    "description": "★★★★★\n★★★★★\n35 Reviews\nThis replacement icemaker may also be known as the ice maker assembly and is compatible with your refrigerator/freezer. This assembly replaces the heat-release ice maker unit only. The kit comes with four round female connectors at the end of the wire harness. It also comes with the adaptor that converts the harness to three round female, and one round male connectors. The tools you will need in order to make this installation include a 1/4-inch nut driver, and a Phillips screwdriver. Before starting this repair make sure to unplug your refrigerator and shut off the water supply.",
    "price": "$88.31",
    "stock_status": "In Stock",
    "rating": "4.69 out of 5",
    "reviews_count": 35
  },
  {
    "url": "https://www.partselect.com/PS428566-Frigidaire-218730603-Fresh-Food-Door-Gasket.htm?SourceCode=18",
    "image_url": "https://partselectcom-gtcdcddbene3cpes.z01.azurefd.net/428566-1-N-Frigidaire-218730603-Fresh-Food-Door-Gasket.jpg",
    "name": "Uni Refrigerator Fresh Food Door Gasket",
    "partselect_number": "PS428566",
    "manufacturer_number": "218730603",
    "description": "★★★★★\n★★★★★\n1 Review\nThis white gasket is used to seal the refrigerator door when closed to keep the cool air inside and the room air out.",
    "price": "$49.42",
    "stock_status": "In Stock",
    "rating": "1.00 out of 5",
    "reviews_count": 1
  },
  {
    "url": "https://www.partselect.com/PS429968-Frigidaire-240350619-Full-Shelf-Glass-Panel.htm?SourceCode=18",
    "image_url": "https://partselectcom-gtcdcddbene3cpes.z01.azurefd.net/429968-1-N-Frigidaire-240350619-Full-Shelf-Glass-Panel.jpg",
    "name": "Uni Refrigerator Full Shelf Glass Panel",
    "partselect_number": "PS429968",
    "manufacturer_number": "240350619",
    "description": "★★★★★\n★★★★★\n3 Reviews\nGlass only. Frame NOT included. Must order frame separately.",
    "price": "$93.05",
    "stock_status": "On Order",
    "rating": "5.00 out of 5",
    "reviews_count": 3
  },
  {
    "url": "https://www.partselect.com/PS1991399-Frigidaire-241839405-Kickplate-Grille.htm?SourceCode=18",
    "image_url": "https://partselectcom-gtcdcddbene3cpes.z01.azurefd.net/1991399-1-N-Frigidaire-241839405-Kickplate-Grille.jpg",
    "name": "Uni Refrigerator Kickplate Grille",
    "partselect_number": "PS1991399",
    "manufacturer_number": "241839405",
    "description": "This white kickplate grill is attached to the bottom of the refrigerator.",
    "price": "$48.91",
    "stock_status": "In Stock"
  },
  {
    "url": "https://www.partselect.com/PS469269-Frigidaire-5303917954-Defrost-Thermostat.htm?SourceCode=18",
    "image_url": "https://partselectcom-gtcdcddbene3cpes.z01.azurefd.net/469269-1-N-Frigidaire-5303917954-Defrost-Thermostat.jpg",
    "name": "Uni Refrigerator Defrost Thermostat",
    "partselect_number": "PS469269",
    "manufacturer_number": "5303917954",
    "description": "★★★★★\n★★★★★\n7 Reviews\nThis limiter thermostat cuts out when the temperature inside your refrigerator reaches 55 degrees Fahrenheit and kicks back in when the internal temperature drops to 20 degrees Fahrenheit. If you discover temperature issues with your refrigerator or freezer, the defrost thermostat may need to be replaced. You will need tools for this repair, including a 1/4-inch nut driver, a pair of wire strippers, and a heat gun. Be sure to disconnect power to the refrigerator before completing this repair. The defrost thermostat is located behind the back panel of your side-by-side refrigerator/freezer. You will first need to remove the panel and take the defrost thermostat out to complete the repair.",
    "price": "$38.75",
    "stock_status": "In Stock",
    "rating": "3.86 out of 5",
    "reviews_count": 7
  },
  {
    "url": "https://www.partselect.com/PS12579110-Frigidaire-242006903-Freezer-Air-Duct-Cover.htm?SourceCode=18",
    "image_url": "https://partselectcom-gtcdcddbene3cpes.z01.azurefd.net/12579110-1-N-Frigidaire-242006903-Freezer-Air-Duct-Cover.jpg",
    "name": "Uni Refrigerator Freezer Air Duct Cover",
    "partselect_number": "PS12579110",
    "manufacturer_number": "242006903",
    "price": "$48.95",
    "stock_status": "In Stock"
  },
  {
    "url": "https://www.partselect.com/PS460028-Frigidaire-5303282284-Table-Type-Freezer-Wire-Shelf.htm?SourceCode=18",
    "image_url": "https://partselectcom-gtcdcddbene3cpes.z01.azurefd.net/460028-1-N-Frigidaire-5303282284-Table-Type-Freezer-Wire-Shelf.jpg",
    "name": "Uni Refrigerator Table-type Freezer Wire Shelf",
    "partselect_number": "PS460028",
    "manufacturer_number": "5303282284",
    "description": "★★★★★\n★★★★★\n2 Reviews\nSold individually. NOTE: For 18 cubic feet refrigerator model order part # 240358005 for the shelf and part# 3201150 end caps, quantity 4.",
    "price": "$72.15",
    "stock_status": "In Stock",
    "rating": "1.50 out of 5",
    "reviews_count": 2
  },
  {
    "url": "https://www.partselect.com/PS11728257-Frigidaire-5304500407-Shelf-Grommet.htm?SourceCode=18",
    "image_url": "https://partselectcom-gtcdcddbene3cpes.z01.azurefd.net/11728257-1-N-Frigidaire-5304500407-Shelf-Grommet.jpg",
    "name": "Uni Refrigerator Shelf Grommet",
    "partselect_number": "PS11728257",
    "manufacturer_number": "5304500407",
    "description": "Sold individually.",
    "price": "$10.73",
    "stock_status": "In Stock"
  },
  {
    "url": "https://www.partselect.com/PS447390-Frigidaire-3206166-Door-Shelf-End-Cap-Left-Side.htm?SourceCode=18",
    "image_url": "https://partselectcom-gtcdcddbene3cpes.z01.azurefd.net/447390-1-N-Frigidaire-3206166-Door-Shelf-End-Cap-Left-Side.jpg",
    "name": "Uni Refrigerator Door Shelf End Cap (left Side)",
    "partselect_number": "PS447390",
    "manufacturer_number": "3206166",
    "description": "★★★★★\n★★★★★\n3 Reviews\nThis is the door shelf end cap for your refrigerator. It connects to the refrigerator door and keeps the door bar in place. Your refrigerator will have two shelf end caps, one for the right side and one for the left. This part is the left side door shelf end cap. It is made of white plastic and is a little over one inch long. This is an OEM part from the manufacturer and is sold individually.",
    "price": "$16.61",
    "stock_status": "In Stock",
    "rating": "5.00 out of 5",
    "reviews_count": 3
  },
  {
    "url": "https://www.partselect.com/PS1146890-Frigidaire-241613501-Humidity-Control.htm?SourceCode=18",
    "image_url": "https://partselectcom-gtcdcddbene3cpes.z01.azurefd.net/1146890-1-N-Frigidaire-241613501-Humidity-Control.jpg",
    "name": "Uni Refrigerator Humidity Control",
    "partselect_number": "PS1146890",
    "manufacturer_number": "241613501",
    "description": "Manufacturer Part Number 241613501",
    "price": "$19.75",
    "stock_status": "In Stock"
  },
  {
    "url": "https://www.partselect.com/PS9492364-Frigidaire-240360906-Wire-Shelf.htm?SourceCode=18",
    "image_url": "https://partselectcom-gtcdcddbene3cpes.z01.azurefd.net/9492364-1-N-Frigidaire-240360906-Wire-Shelf.jpg",
    "name": "Uni Refrigerator Wire Shelf",
    "partselect_number": "PS9492364",
    "manufacturer_number": "240360906",
    "description": "★★★★★\n★★★★★\n3 Reviews\nSold individually.",
    "price": "$70.76",
    "stock_status": "In Stock",
    "rating": "5.00 out of 5",
    "reviews_count": 3
  },
  {
    "url": "https://www.partselect.com/PS899611-Frigidaire-241554901-Door-Light-Switch.htm?SourceCode=18",
    "image_url": "https://partselectcom-gtcdcddbene3cpes.z01.azurefd.net/899611-1-N-Frigidaire-241554901-Door-Light-Switch.jpg",
    "name": "Uni Refrigerator Door Light Switch",
    "partselect_number": "PS899611",
    "manufacturer_number": "241554901",
    "description": "★★★★★\n★★★★★\n2 Reviews\nThis is a light/lamp switch for your refrigerator. It activates the light when the door of the appliance is open. You might need to replace this part if the light in your appliance is currently not working properly. The tools you will need to make this repair include a nut driver set, a slot screwdriver, and work gloves. This model is white and measures 1.5 square inches.",
    "price": "$57.77",
    "stock_status": "In Stock",
    "rating": "5.00 out of 5",
    "reviews_count": 2
  },
  {
    "url": "https://www.partselect.com/PS17218525-Frigidaire-5303918899-Damper-With-Seals.htm?SourceCode=18",
    "image_url": "https://partselectcom-gtcdcddbene3cpes.z01.azurefd.net/17218525-1-N-Frigidaire-5303918899-Damper-With-Seals.jpg",
    "name": "Uni Refrigerator Damper With Seals",
    "partselect_number": "PS17218525",
    "manufacturer_number": "5303918899",
    "price": "$59.99",
    "stock_status": "In Stock"
  },
  {
    "url": "https://www.partselect.com/PS467298-Frigidaire-5303321319-White-Touch-up-Paint.htm?SourceCode=18",
    "image_url": "https://partselectcom-gtcdcddbene3cpes.z01.azurefd.net/467298-1-N-Frigidaire-5303321319-White-Touch-up-Paint.jpg",
    "name": "Uni Refrigerator White Touch Up Paint",
    "partselect_number": "PS467298",
    "manufacturer_number": "5303321319",
    "description": "★★★★★\n★★★★★\n1 Review\nThis is white touch up paint for refrigerators, microwaves, ranges, dryers, and freezers. It is used to cover, or touch up, nicks and scratches on the appliance from wear and tear. It is an 18ml bottle that contains paint and a small brush for easy application. It is a little over 2 inches tall. This is an OEM part that is sourced directly from the genuine manufacturer, and is meant to be an exact match to the color of the appliance. If the appliance is not white, please see other colors such as almond or black.",
    "price": "$22.95",
    "stock_status": "In Stock",
    "rating": "5.00 out of 5",
    "reviews_count": 1
  },
  {
    "url": "https://www.partselect.com/PS430429-Frigidaire-240396102-Tall-Bottle-Retainer.htm?SourceCode=18",
    "image_url": "https://partselectcom-gtcdcddbene3cpes.z01.azurefd.net/430429-1-N-Frigidaire-240396102-Tall-Bottle-Retainer.jpg",
    "name": "Uni Refrigerator Tall Bottle Retainer",
    "partselect_number": "PS430429",
    "manufacturer_number": "240396102",
    "description": "Manufacturer Part Number 240396102",
    "price": "$27.67",
    "stock_status": "In Stock"
  },
  {
    "url": "https://www.partselect.com/PS455153-Frigidaire-5303207345-Fresh-Food-Door-Gasket.htm?SourceCode=18",
    "image_url": "https://partselectcom-gtcdcddbene3cpes.z01.azurefd.net/455153-1-N-Frigidaire-5303207345-Fresh-Food-Door-Gasket.jpg",
    "name": "Uni Refrigerator Fresh Food Door Gasket",
    "partselect_number": "PS455153",
    "manufacturer_number": "5303207345",
    "description": "★★★★★\n★★★★★\n4 Reviews\nThis is a genuine OEM door gasket, which works with refrigerators.",
    "price": "$113.00",
    "stock_status": "In Stock",
    "rating": "5.00 out of 5",
    "reviews_count": 4
  },
  {
    "url": "https://www.partselect.com/PS430301-Frigidaire-240372401-Wire-Shelf-Frame.htm?SourceCode=18",
    "image_url": "https://partselectcom-gtcdcddbene3cpes.z01.azurefd.net/430301-1-N-Frigidaire-240372401-Wire-Shelf-Frame.jpg",
    "name": "Uni Refrigerator Wire Shelf Frame",
    "partselect_number": "PS430301",
    "manufacturer_number": "240372401",
    "description": "Frame only. Shelf sold separately.",
    "price": "$73.45",
    "stock_status": "In Stock"
  },
  {
    "url": "https://www.partselect.com/PS2368036-Frigidaire-240312414-DOOR-STOP.htm?SourceCode=18",
    "image_url": "https://partselectcom-gtcdcddbene3cpes.z01.azurefd.net/2368036-1-N-Frigidaire-240312414-DOOR-STOP.jpg",
    "name": "Uni Refrigerator Door Stop",
    "partselect_number": "PS2368036",
    "manufacturer_number": "240312414",
    "description": "Manufacturer Part Number 240312414",
    "price": "$27.67",
    "stock_status": "In Stock"
  },
  {
    "url": "https://www.partselect.com/PS3408507-Frigidaire-241895805-Dairy-Compartment-A.htm?SourceCode=18",
    "image_url": "https://partselectcom-gtcdcddbene3cpes.z01.azurefd.net/3408507-1-N-Frigidaire-241895805-Dairy-Compartment-A.jpg",
    "name": "Uni Refrigerator Dairy Compartment (a)",
    "partselect_number": "PS3408507",
    "manufacturer_number": "241895805",
    "description": "★★★★★\n★★★★★\n1 Review",
    "price": "$70.51",
    "stock_status": "In Stock",
    "rating": "4.00 out of 5",
    "reviews_count": 1
  },
  {
    "url": "https://www.partselect.com/PS16763382-Frigidaire-5304530262-SHELF.htm?SourceCode=18",
    "image_url": "https://partselectcom-gtcdcddbene3cpes.z01.azurefd.net/16763382-1-N-Frigidaire-5304530262-SHELF.jpg",
    "name": "Uni Refrigerator Shelf",
    "partselect_number": "PS16763382",
    "manufacturer_number": "5304530262",
    "description": "★★★★★\n★★★★★\n2 Reviews\nThis freezer shelf is for refrigerators. Follow the directions in the owner's manual to install the freezer shelf in your refrigerator. Wear work gloves to protect your hands.",
    "price": "$70.76",
    "stock_status": "In Stock",
    "rating": "5.00 out of 5",
    "reviews_count": 2
  },
  {
    "url": "https://www.partselect.com/PS461208-Frigidaire-5303288971-Upper-Crisper-Drawer.htm?SourceCode=18",
    "image_url": "https://partselectcom-gtcdcddbene3cpes.z01.azurefd.net/461208-1-N-Frigidaire-5303288971-Upper-Crisper-Drawer.jpg",
    "name": "Uni Refrigerator Upper Crisper Drawer",
    "partselect_number": "PS461208",
    "manufacturer_number": "5303288971",
    "description": "★★★★★\n★★★★★\n10 Reviews\nThe front for this part is sold separately or you can use your existing part.",
    "price": "$104.59",
    "stock_status": "On Order",
    "rating": "4.70 out of 5",
    "reviews_count": 10
  },
  {
    "url": "https://www.partselect.com/PS3408694-Frigidaire-242068703-SHELF.htm?SourceCode=18",
    "image_url": "https://partselectcom-gtcdcddbene3cpes.z01.azurefd.net/3408694-1-N-Frigidaire-242068703-SHELF.jpg",
    "name": "Uni Refrigerator Shelf",
    "partselect_number": "PS3408694",
    "manufacturer_number": "242068703",
    "description": "★★★★★\n★★★★★\n1 Review\nManufacturer Part Number 242068703",
    "price": "$124.85",
    "stock_status": "In Stock",
    "rating": "5.00 out of 5",
    "reviews_count": 1
  },
  {
    "url": "https://www.partselect.com/PS430269-Frigidaire-240368301-Kickplate-Grille-White.htm?SourceCode=18",
    "image_url": "https://partselectcom-gtcdcddbene3cpes.z01.azurefd.net/430269-1-N-Frigidaire-240368301-Kickplate-Grille-White.jpg",
    "name": "Uni Refrigerator Kickplate Grille (white)",
    "partselect_number": "PS430269",
    "manufacturer_number": "240368301",
    "description": "★★★★★\n★★★★★\n2 Reviews",
    "price": "$56.79",
    "stock_status": "Special Order",
    "rating": "4.50 out of 5",
    "reviews_count": 2
  },
  {
    "url": "https://www.partselect.com/PS2349843-Frigidaire-5304469403-Drive-Gear.htm?SourceCode=18",
    "image_url": "https://partselectcom-gtcdcddbene3cpes.z01.azurefd.net/2349843-1-N-Frigidaire-5304469403-Drive-Gear.jpg",
    "name": "Uni Refrigerator Drive Gear",
    "partselect_number": "PS2349843",
    "manufacturer_number": "5304469403",
    "description": "★★★★★\n★★★★★\n9 Reviews\nThe ejector drive gear is a part for your refrigerator. This icemaker drive gear is for the ejector blades. The part rotates the cube ejector arm, which cycles the icemaker and pushes the cubes out and into the ice bucket, ready for the ice to be used. The outside diameter of this piece is almost two inches by two inches. The reason for needing to replace your gear is if the current one is broken/missing a tooth, or if your icemaker is not dispensing ice and is noisy.",
    "price": "$29.35",
    "stock_status": "In Stock",
    "rating": "4.89 out of 5",
    "reviews_count": 9
  },
  {
    "url": "https://www.partselect.com/PS2358806-Frigidaire-241872201-Crisper-Cover-Beam.htm?SourceCode=18",
    "image_url": "https://partselectcom-gtcdcddbene3cpes.z01.azurefd.net/2358806-1-N-Frigidaire-241872201-Crisper-Cover-Beam.jpg",
    "name": "Uni Refrigerator Crisper Cover Beam",
    "partselect_number": "PS2358806",
    "manufacturer_number": "241872201",
    "description": "Manufacturer Part Number 241872201",
    "price": "$49.95",
    "stock_status": "In Stock"
  },
  {
    "url": "https://www.partselect.com/PS8747037-Frigidaire-5304492617-Humidity-Control-Damper.htm?SourceCode=18",
    "image_url": "https://partselectcom-gtcdcddbene3cpes.z01.azurefd.net/8747037-1-N-Frigidaire-5304492617-Humidity-Control-Damper.jpg",
    "name": "Uni Refrigerator Humidity Control Damper",
    "partselect_number": "PS8747037",
    "manufacturer_number": "5304492617",
    "description": "★★★★★\n★★★★★\n1 Review\nThis part is found on the side of some crisper pan covers. It will allow you to adjust the humidity within the crisper pan.",
    "price": "$11.95",
    "stock_status": "In Stock",
    "rating": "5.00 out of 5",
    "reviews_count": 1
  },
  {
    "url": "https://www.partselect.com/PS1526588-Frigidaire-241734201-FRONT-ICE-CONTAINER.htm?SourceCode=18",
    "image_url": "https://partselectcom-gtcdcddbene3cpes.z01.azurefd.net/1526588-1-N-Frigidaire-241734201-FRONT-ICE-CONTAINER.jpg",
    "name": "Uni Refrigerator Front-ice Container",
    "partselect_number": "PS1526588",
    "manufacturer_number": "241734201",
    "description": "★★★★★\n★★★★★\n1 Review\nManufacturer Part Number 241734201",
    "price": "$67.57",
    "stock_status": "In Stock",
    "rating": "5.00 out of 5",
    "reviews_count": 1
  },
  {
    "url": "https://www.partselect.com/PS899295-Frigidaire-240336802-Center-Hinge-Spacer.htm?SourceCode=18",
    "image_url": "https://partselectcom-gtcdcddbene3cpes.z01.azurefd.net/899295-1-N-Frigidaire-240336802-Center-Hinge-Spacer.jpg",
    "name": "Uni Refrigerator Center Hinge Spacer",
    "partselect_number": "PS899295",
    "manufacturer_number": "240336802",
    "description": "This is placed between the center hinge bracket and the refrigerator frame.",
    "price": "$26.68",
    "stock_status": "In Stock"
  },
  {
    "url": "https://www.partselect.com/PS2378792-Frigidaire-242075602-CAM.htm?SourceCode=18",
    "image_url": "https://partselectcom-gtcdcddbene3cpes.z01.azurefd.net/2378792-1-N-Frigidaire-242075602-CAM.jpg",
    "name": "Uni Refrigerator Cam",
    "partselect_number": "PS2378792",
    "manufacturer_number": "242075602",
    "description": "Manufacturer Part Number 242075602",
    "price": "$32.95",
    "stock_status": "Special Order"
  },
  {
    "url": "https://www.partselect.com/PS3506290-Frigidaire-242135301-Evaporator-Fan-Motor-Bracket.htm?SourceCode=18",
    "image_url": "https://partselectcom-gtcdcddbene3cpes.z01.azurefd.net/3506290-1-N-Frigidaire-242135301-Evaporator-Fan-Motor-Bracket.jpg",
    "name": "Uni Refrigerator Evaporator Fan Motor Bracket",
    "partselect_number": "PS3506290",
    "manufacturer_number": "242135301",
    "description": "Manufacturer Part Number 242135301",
    "price": "$12.95",
    "stock_status": "In Stock"
  },
  {
    "url": "https://www.partselect.com/PS1526411-Frigidaire-241685001-Auger-Nut.htm?SourceCode=18",
    "image_url": "https://partselectcom-gtcdcddbene3cpes.z01.azurefd.net/1526411-1-N-Frigidaire-241685001-Auger-Nut.jpg",
    "name": "Uni Refrigerator Auger Nut",
    "partselect_number": "PS1526411",
    "manufacturer_number": "241685001",
    "description": "★★★★★\n★★★★★\n1 Review",
    "price": "$28.66",
    "stock_status": "In Stock",
    "rating": "5.00 out of 5",
    "reviews_count": 1
  },
  {
    "url": "https://www.partselect.com/PS1526442-Frigidaire-241690402-Refrigerator-Spiral-Pin.htm?SourceCode=18",
    "image_url": "https://partselectcom-gtcdcddbene3cpes.z01.azurefd.net/1526442-1-N-Frigidaire-241690402-Refrigerator-Spiral-Pin.jpg",
    "name": "Uni Refrigerator Spiral Pin",
    "partselect_number": "PS1526442",
    "manufacturer_number": "241690402",
    "description": "Manufacturer Part Number 241690402",
    "price": "$27.95",
    "stock_status": "In Stock"
  },
  {
    "url": "https://www.partselect.com/PS2331661-Frigidaire-241760401-BEARING.htm?SourceCode=18",
    "image_url": "https://partselectcom-gtcdcddbene3cpes.z01.azurefd.net/2331661-1-N-Frigidaire-241760401-BEARING.jpg",
    "name": "Uni Refrigerator Bearing",
    "partselect_number": "PS2331661",
    "manufacturer_number": "241760401",
    "description": "Manufacturer Part Number 241760401",
    "price": "$27.95",
    "stock_status": "In Stock"
  },
  {
    "url": "https://www.partselect.com/PS460645-Frigidaire-5303285386-Crisper-Pan.htm?SourceCode=18",
    "image_url": "https://partselectcom-gtcdcddbene3cpes.z01.azurefd.net/460645-1-N-Frigidaire-5303285386-Crisper-Pan.jpg",
    "name": "Uni Refrigerator Crisper Pan",
    "partselect_number": "PS460645",
    "manufacturer_number": "5303285386",
    "description": "Manufacturer Part Number 5303285386",
    "price": "$110.53",
    "stock_status": "Special Order"
  },
  {
    "url": "https://www.partselect.com/PS2363761-Frigidaire-241930101-Door-Handle-Stainless-Steel.htm?SourceCode=18",
    "image_url": "https://partselectcom-gtcdcddbene3cpes.z01.azurefd.net/2363761-1-N-Frigidaire-241930101-Door-Handle-Stainless-Steel.jpg",
    "name": "Uni Refrigerator Door Handle (stainless Steel)",
    "partselect_number": "PS2363761",
    "manufacturer_number": "241930101",
    "description": "★★★★★\n★★★★★\n1 Review\nMounting screws are sold separately.",
    "price": "$102.67",
    "stock_status": "In Stock",
    "rating": "5.00 out of 5",
    "reviews_count": 1
  },
  {
    "url": "https://www.partselect.com/PS6448035-Frigidaire-241920605-Defrost-Pan.htm?SourceCode=18",
    "image_url": "https://partselectcom-gtcdcddbene3cpes.z01.azurefd.net/6448035-1-N-Frigidaire-241920605-Defrost-Pan.jpg",
    "name": "Uni Refrigerator Defrost Pan",
    "partselect_number": "PS6448035",
    "manufacturer_number": "241920605",
    "description": "NOTE: If this pan is different from original, it should be installed by a professional service technician.",
    "price": "$49.93",
    "stock_status": "In Stock"
  },
  {
    "url": "https://www.partselect.com/PS429687-Frigidaire-240313802-Center-Hinge-Bracket.htm?SourceCode=18",
    "image_url": "https://partselectcom-gtcdcddbene3cpes.z01.azurefd.net/429687-1-N-Frigidaire-240313802-Center-Hinge-Bracket.jpg",
    "name": "Uni Refrigerator Center Hinge Bracket",
    "partselect_number": "PS429687",
    "manufacturer_number": "240313802",
    "description": "Manufacturer Part Number 240313802",
    "price": "$57.37",
    "stock_status": "Special Order"
  },
  {
    "url": "https://www.partselect.com/PS430256-Frigidaire-240367001-Damper-Control-Knob.htm?SourceCode=18",
    "image_url": "https://partselectcom-gtcdcddbene3cpes.z01.azurefd.net/430256-1-N-Frigidaire-240367001-Damper-Control-Knob.jpg",
    "name": "Uni Refrigerator Damper Control Knob",
    "partselect_number": "PS430256",
    "manufacturer_number": "240367001",
    "description": "This white knob accepts a D-shaped shaft.",
    "price": "$51.36",
    "stock_status": "In Stock"
  },
  {
    "url": "https://www.partselect.com/PS427588-Frigidaire-218314101-Crisper-Pan-Cover.htm?SourceCode=18",
    "image_url": "https://partselectcom-gtcdcddbene3cpes.z01.azurefd.net/427588-1-N-Frigidaire-218314101-Crisper-Pan-Cover.jpg",
    "name": "Uni Refrigerator Crisper Pan Cover",
    "partselect_number": "PS427588",
    "manufacturer_number": "218314101",
    "description": "Manufacturer Part Number 218314101",
    "price": "$123.14",
    "stock_status": "Special Order"
  },
  {
    "url": "https://www.partselect.com/PS429759-Frigidaire-240324101-Pizza-Shelf.htm?SourceCode=18",
    "image_url": "https://partselectcom-gtcdcddbene3cpes.z01.azurefd.net/429759-1-N-Frigidaire-240324101-Pizza-Shelf.jpg",
    "name": "Uni Refrigerator Pizza Shelf",
    "partselect_number": "PS429759",
    "manufacturer_number": "240324101",
    "price": "$54.40",
    "stock_status": "In Stock"
  },
  {
    "url": "https://www.partselect.com/PS470790-Frigidaire-5304404821-Temperature-Control-Thermostat.htm?SourceCode=18",
    "image_url": "https://partselectcom-gtcdcddbene3cpes.z01.azurefd.net/470790-1-N-Frigidaire-5304404821-Temperature-Control-Thermostat.jpg",
    "name": "Uni Refrigerator Temperature Control Thermostat",
    "partselect_number": "PS470790",
    "manufacturer_number": "5304404821",
    "description": "★★★★★\n★★★★★\n3 Reviews\nThis part helps maintain a constant temperature within the appliance.",
    "price": "$98.83",
    "stock_status": "In Stock",
    "rating": "4.33 out of 5",
    "reviews_count": 3
  },
  {
    "url": "https://www.partselect.com/PS3408606-Frigidaire-242029401-Door-Handle-Stainless.htm?SourceCode=18",
    "image_url": "https://partselectcom-gtcdcddbene3cpes.z01.azurefd.net/3408606-1-N-Frigidaire-242029401-Door-Handle-Stainless.jpg",
    "name": "Uni Refrigerator Door Handle (stainless)",
    "partselect_number": "PS3408606",
    "manufacturer_number": "242029401",
    "description": "★★★★★\n★★★★★\n3 Reviews",
    "price": "$120.61",
    "stock_status": "Special Order",
    "rating": "2.33 out of 5",
    "reviews_count": 3
  },
  {
    "url": "https://www.partselect.com/PS473809-Frigidaire-5308010366-Water-Inlet-Tube-cut-to-fit.htm?SourceCode=18",
    "image_url": "https://partselectcom-gtcdcddbene3cpes.z01.azurefd.net/473809-1-N-Frigidaire-5308010366-Water-Inlet-Tube-cut-to-fit.jpg",
    "name": "Uni Refrigerator Water Inlet Tube - Cut-to-fit",
    "partselect_number": "PS473809",
    "manufacturer_number": "5308010366",
    "description": "1/4\"diameter - 93\" long - plastic - cut-to fit",
    "price": "$23.95",
    "stock_status": "In Stock"
  },
  {
    "url": "https://www.partselect.com/PS1525943-Frigidaire-240313806-Center-Hinge-Bracket.htm?SourceCode=18",
    "image_url": "https://partselectcom-gtcdcddbene3cpes.z01.azurefd.net/1525943-1-N-Frigidaire-240313806-Center-Hinge-Bracket.jpg",
    "name": "Uni Refrigerator Center Hinge Bracket",
    "partselect_number": "PS1525943",
    "manufacturer_number": "240313806",
    "description": "★★★★★\n★★★★★\n1 Review\nManufacturer Part Number 240313806",
    "price": "$49.95",
    "stock_status": "Special Order",
    "rating": "5.00 out of 5",
    "reviews_count": 1
  },
  {
    "url": "https://www.partselect.com/PS8689662-Frigidaire-5304491942-Compressor-Start-Relay-Kit.htm?SourceCode=18",
    "image_url": "https://partselectcom-gtcdcddbene3cpes.z01.azurefd.net/8689662-1-N-Frigidaire-5304491942-Compressor-Start-Relay-Kit.jpg",
    "name": "Uni Refrigerator Compressor Start Relay Kit",
    "partselect_number": "PS8689662",
    "manufacturer_number": "5304491942",
    "price": "$82.27",
    "stock_status": "Special Order"
  },
  {
    "url": "https://www.partselect.com/PS8691995-Frigidaire-241675803-Ice-Maker-Solenoid.htm?SourceCode=18",
    "image_url": "https://partselectcom-gtcdcddbene3cpes.z01.azurefd.net/8691995-1-N-Frigidaire-241675803-Ice-Maker-Solenoid.jpg",
    "name": "Uni Refrigerator Ice Maker Solenoid",
    "partselect_number": "PS8691995",
    "manufacturer_number": "241675803",
    "description": "★★★★★\n★★★★★\n2 Reviews\nFor ice makers that make crushed or cubed ice.",
    "price": "$65.29",
    "stock_status": "Special Order",
    "rating": "4.00 out of 5",
    "reviews_count": 2
  },
  {
    "url": "https://www.partselect.com/PS3408692-Frigidaire-242068701-Refrigerator-Shelf.htm?SourceCode=18",
    "image_url": "https://partselectcom-gtcdcddbene3cpes.z01.azurefd.net/3408692-1-N-Frigidaire-242068701-Refrigerator-Shelf.jpg",
    "name": "Uni Refrigerator Shelf",
    "partselect_number": "PS3408692",
    "manufacturer_number": "242068701",
    "price": "$118.53",
    "stock_status": "In Stock"
  },
  {
    "url": "https://www.partselect.com/PS469559-Frigidaire-5303918258-Water-Reservoir-Tank-Replacement-Kit.htm?SourceCode=18",
    "image_url": "https://partselectcom-gtcdcddbene3cpes.z01.azurefd.net/469559-1-N-Frigidaire-5303918258-Water-Reservoir-Tank-Replacement-Kit.jpg",
    "name": "Uni Refrigerator Water Reservoir Tank Replacement Kit",
    "partselect_number": "PS469559",
    "manufacturer_number": "5303918258",
    "description": "This water reservoir tank kit contains an approximately forty-two foot long water line tube, two connectors, and two screws. This is a replacement kit from the original tank which is no longer available.",
    "price": "$83.11",
    "stock_status": "In Stock"
  },
  {
    "url": "https://www.partselect.com/PS471728-Frigidaire-5304411659-Refrigerator-Lower-Storage-Drawer-Front.htm?SourceCode=18",
    "image_url": "https://partselectcom-gtcdcddbene3cpes.z01.azurefd.net/471728-1-N-Frigidaire-5304411659-Refrigerator-Lower-Storage-Drawer-Front.jpg",
    "name": "Uni Refrigerator Lower Storage Drawer Front",
    "partselect_number": "PS471728",
    "manufacturer_number": "5304411659",
    "description": "Front only. Drawer sold separately.",
    "price": "$125.08",
    "stock_status": "In Stock"
  },
  {
    "url": "https://www.partselect.com/PS1765250-Frigidaire-241657701-CAN-DISPENSER.htm?SourceCode=18",
    "image_url": "https://partselectcom-gtcdcddbene3cpes.z01.azurefd.net/1765250-1-N-Frigidaire-241657701-CAN-DISPENSER.jpg",
    "name": "Uni Refrigerator Can Dispenser",
    "partselect_number": "PS1765250",
    "manufacturer_number": "241657701",
    "description": "Manufacturer Part Number 241657701",
    "price": "$56.38",
    "stock_status": "Special Order"
  },
  {
    "url": "https://www.partselect.com/PS11757728-Frigidaire-241684802-Refrigerator-Spacer.htm?SourceCode=18",
    "image_url": "https://partselectcom-gtcdcddbene3cpes.z01.azurefd.net/11757728-1-N-Frigidaire-241684802-Refrigerator-Spacer.jpg",
    "name": "Uni Refrigerator Spacer",
    "partselect_number": "PS11757728",
    "manufacturer_number": "241684802",
    "description": "Manufacturer Part Number 241684802",
    "price": "$14.95",
    "stock_status": "Special Order"
  },
  {
    "name": "",
    "url": "https://www.partselect.com/Uni-Refrigerator-Trays-and-Shelves.htm",
    "description": "Uni Refrigerator Trays and Shelves"
  },
  {
    "name": "",
    "url": "https://www.partselect.com/Uni-Refrigerator-Drawers-and-Glides.htm",
    "description": "Uni Refrigerator Drawers and Glides"
  },
  {
    "name": "",
    "url": "https://www.partselect.com/Uni-Refrigerator-Seals-and-Gaskets.htm",
    "description": "Uni Refrigerator Seals and Gaskets"
  },
  {
    "name": "",
    "url": "https://www.partselect.com/Uni-Refrigerator-Hinges.htm",
    "description": "Uni Refrigerator Hinges"
  },
  {
    "name": "",
    "url": "https://www.partselect.com/Uni-Refrigerator-Ice-Makers.htm",
    "description": "Uni Refrigerator Ice Makers"
  },
  {
    "name": "",
    "url": "https://www.partselect.com/Uni-Refrigerator-Handles.htm",
    "description": "Uni Refrigerator Handles"
  },
  {
    "name": "",
    "url": "https://www.partselect.com/Uni-Refrigerator-Thermostats.htm",
    "description": "Uni Refrigerator Thermostats"
  },
  {
    "name": "",
    "url": "https://www.partselect.com/Uni-Refrigerator-Hardware.htm",
    "description": "Uni Refrigerator Hardware"
  },
  {
    "name": "",
    "url": "https://www.partselect.com/Uni-Refrigerator-Door-Shelves.htm",
    "description": "Uni Refrigerator Door Shelves"
  },
  {
    "name": "",
    "url": "https://www.partselect.com/Uni-Refrigerator-Switches.htm",
    "description": "Uni Refrigerator Switches"
  },
  {
    "name": "",
    "url": "https://www.partselect.com/Uni-Refrigerator-Grilles-and-Kickplates.htm",
    "description": "Uni Refrigerator Grilles and Kickplates"
  },
  {
    "name": "",
    "url": "https://www.partselect.com/Uni-Refrigerator-Compressors.htm",
    "description": "Uni Refrigerator Compressors"
  },
  {
    "name": "",
    "url": "https://www.partselect.com/Uni-Refrigerator-Hoses-and-Tubes.htm",
    "description": "Uni Refrigerator Hoses and Tubes"
  }
]