[
  {
    "url": "https://www.partselect.com/PS12585623-Frigidaire-5304517203-Lower-Spray-Arm.htm?SourceCode=18",
    "image_url": "https://partselectcom-gtcdcddbene3cpes.z01.azurefd.net/12585623-1-N-Frigidaire-5304517203-Lower-Spray-Arm.jpg",
    "name": "Uni Dishwasher Lower Spray Arm",
    "partselect_number": "PS12585623",
    "manufacturer_number": "5304517203",
    "description": "★★★★★\n★★★★★\n143 Reviews\nThe Lower Spray Arm is used in your dishwasher to spray water and clean your dishes. If broken there will be visible damage or your dishes may no longer be cleaned properly. If your spray arm is broken (due to general wear or high heat), it should be replaced. Your lower spray arm will be located at the bottom of your dishwasher tub. Check your user manual and model number to ensure this model is right for you. This version is plastic and metal and comes in gray/blue. We recommend you wear work gloves to keep your hands safe when installing and disconnect power to the appliance. You will also want to make sure that you turn off the water supply to your dishwasher. From here, you will want to open the dishwasher, pull out the lower rack and set it aside. Remove the lower wash arm. On each side of the bottom of the spray arm, there are small locking tabs that can be pushed aside using a flathead screwdriver. Once released, the spray arm can easily be pulled off the dishwasher. Put the new lower wash arm in place and push it down to lock it in. Ensure it is spinning freely and does not hit the heating element. Return the lower dish rack into place and then close the dishwasher door.",
    "price": "$\n39.86",
    "stock_status": "In Stock",
    "rating": "4.8/5",
    "reviews_count": 143,
    "reviews": [],
    "repair_stories": [],
    "symptoms_fixed": "Not cleaning dishes properly | Leaking | Noisy | Not draining",
    "works_with": "Dishwasher.",
    "also_replaces": [
      "154250801",
      "154250901",
      "154281101",
      "154414101",
      "154414102",
      "154568001",
      "154568002",
      "5304506526"
    ],
    "video_url": "https://www.youtube.com/watch?v=HiQvsf7qtW4"
  },
  {
    "url": "https://www.partselect.com/PS8260227-Frigidaire-154827601-Dishwasher-Tub-Gasket-Gray.htm?SourceCode=18",
    "image_url": "https://partselectcom-gtcdcddbene3cpes.z01.azurefd.net/8260227-1-N-Frigidaire-154827601-Dishwasher-Tub-Gasket-Gray.jpg",
    "name": "Uni Dishwasher Tub Gasket (gray)",
    "partselect_number": "PS8260227",
    "manufacturer_number": "154827601",
    "description": "★★★★★\n★★★★★\n50 Reviews\nThis grey OEM dishwasher tub gasket is a 73\" grey rubber part that creates a seal around the dishwasher to prevent any water leakage during a cycle. If it's damaged or broken, you'll start seeing water leaking out. If broken, it should be replaced. Refer to your model number and user manual to ensure this part is right for you. When making this repair, open the dishwasher door and take out the lower dish tray for better access. Pull out the old gasket, and clean the channel with a rag. Push the new gasket into place into the notch on the door, which you should see upon close inspection, using a flat-head screwdriver for assistance if necessary. We do not recommend cutting any additional length off on the tub gasket if any is present during your repair.",
    "price": "$\n15.99",
    "stock_status": "In Stock",
    "rating": "4.8/5",
    "reviews_count": 50,
    "reviews": [],
    "repair_stories": [],
    "symptoms_fixed": "Leaking | Door won’t close | Not cleaning dishes properly | Door latch failure",
    "works_with": "Dishwasher.",
    "also_replaces": [
      "AP5690109",
      "2705419",
      "154827601",
      "154211801",
      "154219501",
      "154561001",
      "154561002",
      "154782401",
      "154845301"
    ],
    "video_url": "https://www.youtube.com/watch?v=lFojJCHQjRU"
  },
  {
    "url": "https://www.partselect.com/PS9495545-Frigidaire-809006501-Dishwasher-Bottom-Door-Gasket.htm?SourceCode=18",
    "image_url": "https://partselectcom-gtcdcddbene3cpes.z01.azurefd.net/9495545-1-N-Frigidaire-809006501-Dishwasher-Bottom-Door-Gasket.jpg",
    "name": "Uni Dishwasher Bottom Door Gasket",
    "partselect_number": "PS9495545",
    "manufacturer_number": "809006501",
    "description": "★★★★★\n★★★★★\n206 Reviews\nThis dishwasher door gasket (Bottom Gasket, Gasket, Door Seal, Dishwasher Door Lower Seal) helps prevent water from leaking out of the bottom edge of your dishwasher door by creating a watertight seal. This part is attached to the bottom of your dishwasher inner door panel. It is frequently exposed to water and detergent during its lifetime. The water and chemicals can eventually wear down the gasket and compromise the integrity of the seal. If the gasket is malfunctioning, the integrity of the door seal will be effected. You will notice leaking through the bottom of your dishwasher door. If your dishwasher is leaking water from the bottom of the door, first inspect the seal for food particles near the bottom and sides, and remove the buildup, as it can stop the door from closing properly and keeping a tight seal; if not, you may need to replace the bottom door gasket. Check the door gasket for tears, cuts, or wear. This part is sold individually and measures 22.5 inches by 1.25 inches. It is constructed of plastic, and comes in yellow/grey. Includes one lower door gasket.",
    "price": "$\n36.81",
    "stock_status": "In Stock",
    "rating": "4.8/5",
    "reviews_count": 206,
    "reviews": [],
    "repair_stories": [],
    "symptoms_fixed": "Leaking | Not cleaning dishes properly | Door won’t close | Door latch failure",
    "works_with": "Dishwasher.",
    "also_replaces": [
      "AP5809675",
      "154297601",
      "154297602",
      "154297603",
      "154576501",
      "154588201",
      "154759101"
    ],
    "video_url": "https://www.youtube.com/watch?v=7NfdyJp1zKA"
  },
  {
    "url": "https://www.partselect.com/PS16745479-Frigidaire-5304532229-Wheel-Bushing-Assembly.htm?SourceCode=18",
    "image_url": "https://partselectcom-gtcdcddbene3cpes.z01.azurefd.net/16745479-1-N-Frigidaire-5304532229-Wheel-Bushing-Assembly.jpg",
    "name": "Uni Dishwasher Wheel & Bushing Assembly",
    "partselect_number": "PS16745479",
    "manufacturer_number": "5304532229",
    "description": "★★★★★\n★★★★★\n25 Reviews\nThe single rack roller kit comes with one axle/clip and one wheel/roller. The rack wheel is designed to allow the rack of your dishwasher to roll in and out. If the rack will not complete this task, or you notice that your dishwasher is not cleaning dishes properly, you may need to replace the rack wheel. The single rack roller kit is made of white plastic, and clips to the dishwasher rack with the included axle/clip. Many of our customers have described this repair as easy, and you will not require any tools to complete it. Lower rack roller and bracket assembly, grey. Wheel has been updated. If wheel pictured is not like old one, you may need to replace all wheels.",
    "price": "$10.62",
    "stock_status": "In Stock",
    "rating": "4.64 out of 5",
    "reviews_count": 25
  },
  {
    "url": "https://www.partselect.com/PS17219659-Frigidaire-5304535380-Upper-Rack-Assembly-Grey.htm?SourceCode=18",
    "image_url": "https://partselectcom-gtcdcddbene3cpes.z01.azurefd.net/17219659-1-N-Frigidaire-5304535380-Upper-Rack-Assembly-Grey.jpg",
    "name": "Uni Dishwasher Upper Rack Assembly (grey)",
    "partselect_number": "PS17219659",
    "manufacturer_number": "5304535380",
    "description": "★★★★★\n★★★★★\n13 Reviews\nReplace your damaged upper dishrack with this durable and genuine OEM replacement, compatible with select Frigidaire, Electrolux, White Westinghouse, and Tappan dishwashers. Its grey finish and sturdy construction ensure secure dish placement and optimal cleaning performance. Check your model number for compatibility before ordering.",
    "price": "$90.19",
    "stock_status": "In Stock",
    "rating": "4.54 out of 5",
    "reviews_count": 13
  },
  {
    "url": "https://www.partselect.com/PS12705424-Frigidaire-5304518927-Lower-Spray-Arm.htm?SourceCode=18",
    "image_url": "https://partselectcom-gtcdcddbene3cpes.z01.azurefd.net/12705424-1-N-Frigidaire-5304518927-Lower-Spray-Arm.jpg",
    "name": "Uni Dishwasher Lower Spray Arm",
    "partselect_number": "PS12705424",
    "manufacturer_number": "5304518927",
    "description": "★★★★★\n★★★★★\n84 Reviews\nThis lower spray arm assembly is a device in your dishwasher that distributes water and detergent during the washing cycle. Its rotating motion sprays water in multiple directions, ensuring thorough cleaning. Typically, it is attached to a support or hub at the bottom of the dishwasher. When this part is broken, there are noticeable signs to be aware of. You might hear knocking or banging sounds coming from the dishwasher. The spray arm may be wobbly or unable to rotate. If a broken arm assembly is not replaced, your dishes may still have dirt on them even after a wash cycle. Additionally, leftover food residue can result in an unpleasant smell within the dishwasher. To remove the existing arm assembly, simply grasp the center of it and lift it up so that it unsnaps from your dishwasher. Please note that this OEM-sourced part is sold individually.",
    "price": "$42.63",
    "stock_status": "In Stock",
    "rating": "4.70 out of 5",
    "reviews_count": 84
  },
  {
    "url": "https://www.partselect.com/PS12712289-Frigidaire-5304518968-Lower-Spray-Arm-Support.htm?SourceCode=18",
    "image_url": "https://partselectcom-gtcdcddbene3cpes.z01.azurefd.net/12712289-1-N-Frigidaire-5304518968-Lower-Spray-Arm-Support.jpg",
    "name": "Uni Dishwasher Lower Spray Arm Support",
    "partselect_number": "PS12712289",
    "manufacturer_number": "5304518968",
    "description": "★★★★★\n★★★★★\n20 Reviews\nThis lower spray arm is a genuine OEM part for various makes and models of dishwasher and is sold as an individual part. This part attaches to the lower spray assembly of your dishwasher and the lower spray arm itself clips into this part to facilitate its spinning movement during the washing cycle. To replace it, remove the spray arm by pulling it out, remove the surrounding circular clip and then twist to remove this bit. Made completely of plastic, this part measures approximately 3-inches deep, 2-inches wide, and 3.125-inches tall.",
    "price": "$18.38",
    "stock_status": "In Stock",
    "rating": "4.85 out of 5",
    "reviews_count": 20
  },
  {
    "url": "https://www.partselect.com/PS1990907-Frigidaire-154637401-Water-Inlet-Valve-120v-60hz.htm?SourceCode=18",
    "image_url": "https://partselectcom-gtcdcddbene3cpes.z01.azurefd.net/1990907-1-N-Frigidaire-154637401-Water-Inlet-Valve-120v-60hz.jpg",
    "name": "Uni Dishwasher Water Inlet Valve (120v 60hz)",
    "partselect_number": "PS1990907",
    "manufacturer_number": "154637401",
    "description": "★★★★★\n★★★★★\n50 Reviews\nThis water inlet valve is usually located behind the lower kickplate panel in either the right or left corner of the dishwasher. The attaching solenoids on the valve open and close according to the desired amount of water needed. The water inlet valve on your dishwasher supplies water to the dishwasher. If your dishwasher is leaking because it has overflowed, the water inlet valve may be the cause. If your dishwasher continues to fill above the heating element, try opening the door latch to see if it stops filling. If it continues to fill, you have a defective inlet valve that will need to be replaced.",
    "price": "$14.77",
    "stock_status": "In Stock",
    "rating": "4.48 out of 5",
    "reviews_count": 50
  },
  {
    "url": "https://www.partselect.com/PS9494138-Frigidaire-807117001-Dishwasher-Drain-Hose.htm?SourceCode=18",
    "image_url": "https://partselectcom-gtcdcddbene3cpes.z01.azurefd.net/9494138-1-N-Frigidaire-807117001-Dishwasher-Drain-Hose.jpg",
    "name": "Uni Dishwasher Drain Hose",
    "partselect_number": "PS9494138",
    "manufacturer_number": "807117001",
    "description": "★★★★★\n★★★★★\n25 Reviews\nIf your dishwasher is leaking or not draining properly, you may need to replace the drain hose. The drain hose connects to the pump located below the lower spray arm and aids in proper dishwasher drainage. This white and black plastic hose is 7.5 feet long. For this repair, you will need either a 1/4-inch or 5/16-inch nut driver, depending on your model. You will need to remove the lower access panel on your dishwasher to complete this repair; it is often easier to remove the dishwasher from the cabinet to do so. Be sure to disconnect the dishwasher from both the power and water supply before completing this repair.",
    "price": "$37.78",
    "stock_status": "In Stock",
    "rating": "4.92 out of 5",
    "reviews_count": 25
  },
  {
    "url": "https://www.partselect.com/PS11770489-Frigidaire-5304506525-Dishwasher-Filter.htm?SourceCode=18",
    "image_url": "https://partselectcom-gtcdcddbene3cpes.z01.azurefd.net/11770489-1-N-Frigidaire-5304506525-Dishwasher-Filter.jpg",
    "name": "Uni Dishwasher Filter",
    "partselect_number": "PS11770489",
    "manufacturer_number": "5304506525",
    "description": "★★★★★\n★★★★★\n3 Reviews\nThis filter is for dishwashers. The filter removes food particles and debris from the water to prevent the drain from clogging. Follow the instructions in the manual when installing this part.",
    "price": "$36.43",
    "stock_status": "In Stock",
    "rating": "5.00 out of 5",
    "reviews_count": 3
  },
  {
    "url": "https://www.partselect.com/PS1524979-Frigidaire-154574401-Detergent-And-Rinse-Dispenser-w-Cap.htm?SourceCode=18",
    "image_url": "https://partselectcom-gtcdcddbene3cpes.z01.azurefd.net/1524979-1-N-Frigidaire-154574401-Detergent-And-Rinse-Dispenser-w-Cap.jpg",
    "name": "Uni Dishwasher Detergent And Rinse Dispenser W/cap",
    "partselect_number": "PS1524979",
    "manufacturer_number": "154574401",
    "description": "★★★★★\n★★★★★\n11 Reviews\nThis detergent and rinse dispenser with cap may also be known as the dishwasher dispenser assembly and is a part for your dishwasher. The function of this part is to attach to the inside door panel of your dishwasher and hold the dishwasher detergent and rinse in a closed compartment. The manufacturer has redesigned this part and although it may appear different than the original, it will have the same functionality, which is to release the detergent and rinse aid into the dishwasher. To complete this installation, you will need a Phillips screwdriver, and a pair of needle-nose pliers.",
    "price": "$42.99",
    "stock_status": "In Stock",
    "rating": "4.91 out of 5",
    "reviews_count": 11
  },
  {
    "url": "https://www.partselect.com/PS1525080-Frigidaire-154597801-Upper-Dishrack-Slide.htm?SourceCode=18",
    "image_url": "https://partselectcom-gtcdcddbene3cpes.z01.azurefd.net/1525080-1-N-Frigidaire-154597801-Upper-Dishrack-Slide.jpg",
    "name": "Uni Dishwasher Upper Dishrack Slide",
    "partselect_number": "PS1525080",
    "manufacturer_number": "154597801",
    "description": "★★★★★\n★★★★★\n1 Review\nThis is an upper dishrack slide for your dishwasher. It is mounted to each side of the upper cabinet wall. The dishrack wheels roll inside this track, which guides the upper rack. The mounting screws are not included in this purchase and can be found in the related parts section below. You should purchase a new dishrack slide if your current one has been warped or damaged over time.",
    "price": "$14.65",
    "stock_status": "In Stock",
    "rating": "1.00 out of 5",
    "reviews_count": 1
  },
  {
    "url": "https://www.partselect.com/PS3633191-Frigidaire-154745503-Kickplate-Grille-Black.htm?SourceCode=18",
    "image_url": "https://partselectcom-gtcdcddbene3cpes.z01.azurefd.net/3633191-1-N-Frigidaire-154745503-Kickplate-Grille-Black.jpg",
    "name": "Uni Dishwasher Kickplate Grille (black)",
    "partselect_number": "PS3633191",
    "manufacturer_number": "154745503",
    "description": "★★★★★\n★★★★★\n3 Reviews\nThis kickplate grille is attached to the bottom of the dishwasher.",
    "price": "$23.47",
    "stock_status": "In Stock",
    "rating": "4.67 out of 5",
    "reviews_count": 3
  },
  {
    "url": "https://www.partselect.com/PS3501031-Frigidaire-154859101-Dishwasher-Circulation-Motor-Pump-Kit-w-Harness.htm?SourceCode=18",
    "image_url": "https://partselectcom-gtcdcddbene3cpes.z01.azurefd.net/3501031-1-N-Frigidaire-154859101-Dishwasher-Circulation-Motor-Pump-Kit-w-Harness.jpg",
    "name": "Uni Dishwasher Circulation Motor & Pump Kit W/harness",
    "partselect_number": "PS3501031",
    "manufacturer_number": "154859101",
    "description": "★★★★★\n★★★★★\n4 Reviews\nThis part has been redesigned by the manufacturer and may appear different, but will function the same. This kit helps propel the water through the spray arms.",
    "price": "$192.95",
    "stock_status": "In Stock",
    "rating": "4.75 out of 5",
    "reviews_count": 4
  },
  {
    "url": "https://www.partselect.com/PS11770486-Frigidaire-5304506520-FLOAT.htm?SourceCode=18",
    "image_url": "https://partselectcom-gtcdcddbene3cpes.z01.azurefd.net/11770486-1-N-Frigidaire-5304506520-FLOAT.jpg",
    "name": "Uni Dishwasher Float",
    "partselect_number": "PS11770486",
    "manufacturer_number": "5304506520",
    "description": "As water is filling your dishwasher, a float rises along with it. When the float reaches a predetermined level, it shuts off the flow of water, thereby preventing a leak.",
    "price": "$20.53",
    "stock_status": "In Stock"
  },
  {
    "url": "https://www.partselect.com/PS420713-Frigidaire-154313601-Spray-Arm.htm?SourceCode=18",
    "image_url": "https://partselectcom-gtcdcddbene3cpes.z01.azurefd.net/420713-1-N-Frigidaire-154313601-Spray-Arm.jpg",
    "name": "Uni Dishwasher Spray Arm",
    "partselect_number": "PS420713",
    "manufacturer_number": "154313601",
    "description": "★★★★★\n★★★★★\n1 Review\nDepending on your model number, this spray arm is either the upper arm or center arm.",
    "price": "$43.07",
    "stock_status": "In Stock",
    "rating": "5.00 out of 5",
    "reviews_count": 1
  },
  {
    "url": "https://www.partselect.com/PS452590-Frigidaire-5300809927-Upper-Dishrack-Track-End-Cap.htm?SourceCode=18",
    "image_url": "https://partselectcom-gtcdcddbene3cpes.z01.azurefd.net/452590-1-N-Frigidaire-5300809927-Upper-Dishrack-Track-End-Cap.jpg",
    "name": "Uni Dishwasher Upper Dishrack Track End Cap",
    "partselect_number": "PS452590",
    "manufacturer_number": "5300809927",
    "description": "★★★★★\n★★★★★\n1 Review\nSold individually.",
    "price": "$7.87",
    "stock_status": "On Order",
    "rating": "5.00 out of 5",
    "reviews_count": 1
  },
  {
    "url": "https://www.partselect.com/PS420466-Frigidaire-154246901-O-Ring-Rear.htm?SourceCode=18",
    "image_url": "https://partselectcom-gtcdcddbene3cpes.z01.azurefd.net/420466-1-N-Frigidaire-154246901-O-Ring-Rear.jpg",
    "name": "Uni Dishwasher O-ring - Rear",
    "partselect_number": "PS420466",
    "manufacturer_number": "154246901",
    "price": "$55.39",
    "stock_status": "In Stock"
  },
  {
    "url": "https://www.partselect.com/PS420465-Frigidaire-154246801-Sump-Gasket.htm?SourceCode=18",
    "image_url": "https://partselectcom-gtcdcddbene3cpes.z01.azurefd.net/420465-1-N-Frigidaire-154246801-Sump-Gasket.jpg",
    "name": "Uni Dishwasher Sump Gasket",
    "partselect_number": "PS420465",
    "manufacturer_number": "154246801",
    "price": "$48.95",
    "stock_status": "In Stock"
  },
  {
    "url": "https://www.partselect.com/PS420467-Frigidaire-154247001-O-Ring-Front.htm?SourceCode=18",
    "image_url": "https://partselectcom-gtcdcddbene3cpes.z01.azurefd.net/420467-1-N-Frigidaire-154247001-O-Ring-Front.jpg",
    "name": "Uni Dishwasher O-ring - Front",
    "partselect_number": "PS420467",
    "manufacturer_number": "154247001",
    "price": "$55.39",
    "stock_status": "In Stock"
  },
  {
    "name": "Dishwasher Parts",
    "url": "https://www.partselect.com/Dishwasher-Parts.htm",
    "description": "Dishwasher Parts"
  },
  {
    "name": "Uni Parts",
    "url": "https://www.partselect.com/Uni-Parts.htm",
    "description": "Uni Parts"
  }
]