[
  {
    "url": "https://www.partselect.com/PS3406971-Whirlpool-W10195416-Lower-Dishrack-Wheel.htm?SourceCode=18",
    "image_url": "https://partselectcom-gtcdcddbene3cpes.z01.azurefd.net/3406971-1-N-Whirlpool-W10195416-Lower-Dishrack-Wheel.jpg",
    "name": "Whirlpool Dishwasher Lower Dishrack Wheel",
    "partselect_number": "PS3406971",
    "manufacturer_number": "W10195416",
    "description": "★★★★★\n★★★★★\n394 Reviews\nThis OEM gray Dishwasher Lower Dishrack Wheel Assembly is a plastic kit that allows the rack to slide in and out of the dishwasher easily. If it breaks or becomes damaged. sliding will feel difficult. This can happen due to normal wear and tear, and the part should be replaced if this occurs. Check your model number and user manual to make sure this part is correct. It attaches directly to the dishrack. To repair, open the dishwasher door and pull out the lower dishrack. Next, push the tab from both sides and it should pop out. To install the new wheel assembly, place it on the rack and make sure the caps overlap the wire from the inside before you clip it in place by pushing the wheel. It measures roughly 3x6 inches.",
    "price": "$\n46.00",
    "stock_status": "In Stock",
    "rating": "4.8/5",
    "reviews_count": 394,
    "reviews": [],
    "repair_stories": [],
    "symptoms_fixed": "Not cleaning dishes properly | Door won’t close | Noisy | Door latch failure",
    "works_with": "Dishwasher.",
    "also_replaces": [
      "W10195416V",
      "W10195416VP"
    ],
    "video_url": "https://www.youtube.com/watch?v=fz1YHu782Wk"
  },
  {
    "url": "https://www.partselect.com/PS10065979-Whirlpool-W10712395-Upper-Rack-Adjuster-Kit.htm?SourceCode=18",
    "image_url": "https://partselectcom-gtcdcddbene3cpes.z01.azurefd.net/10065979-1-N-Whirlpool-W10712395-Upper-Rack-Adjuster-Kit.jpg",
    "name": "Whirlpool Dishwasher Upper Rack Adjuster Kit",
    "partselect_number": "PS10065979",
    "manufacturer_number": "W10712395",
    "description": "★★★★★\n★★★★★\n705 Reviews\nThis authentic Dishwasher Upper Rack Adjuster Kit with white wheels is a kit made up of primarily plastic and metal components, which will require a screwdriver to install. This kit comes with all the necessary parts for a dishwasher rack adjuster. It fits onto the dishwasher rack and connects it to the track allowing it to slide in and out. If broken then the rack will no longer slide properly, and the part must be replaced. In many cases, our customers have reported the top rack of their dishwasher hanging down or sagging due to the adjuster kit, particularly if the wheels, have broken or failed. If you are having problems in this area, this kit will help get your dishwasher back up and running. Check your model number and user manual to see if this part is right for you. The parts for this kit come as a package and are not generally sold individually.",
    "price": "$\n49.86",
    "stock_status": "In Stock",
    "rating": "4.8/5",
    "reviews_count": 705,
    "reviews": [],
    "repair_stories": [],
    "symptoms_fixed": "Door won’t close | Door latch failure | Not cleaning dishes properly | Noisy",
    "works_with": "Dishwasher.",
    "also_replaces": [
      "AP5957560",
      "W10250159",
      "W10350375",
      "W10712395VP"
    ],
    "video_url": "https://www.youtube.com/watch?v=pZO1rcMwKBc"
  },
  {
    "url": "https://www.partselect.com/PS11746591-Whirlpool-WP8565925-Dishwasher-Rack-Track-Stop.htm?SourceCode=18",
    "image_url": "https://partselectcom-gtcdcddbene3cpes.z01.azurefd.net/11746591-1-N-Whirlpool-WP8565925-Dishwasher-Rack-Track-Stop.jpg",
    "name": "Whirlpool Dishwasher Rack Track Stop",
    "partselect_number": "PS11746591",
    "manufacturer_number": "WP8565925",
    "description": "★★★★★\n★★★★★\n107 Reviews\nThe rack track stop on your dishwasher is designed to stop the dish rack at the appropriate place when opening and closing the rack. If your dishwasher is not cleaning your dishes properly, the rack stop may need to be replaced. The replacement part may differ slightly from the broken part, depending on the model. However, the different styles are interchangeable. This product is sold individually and comes in both a white and grey plastic version. Many of our customers found this repair to be very easy and takes less than 30 minutes to complete. Simply snap the old part out and snap the new part into place. You will not require any tools to complete the job. This is an authentic part approved by the manufacturer.",
    "price": "$\n9.65",
    "stock_status": "In Stock",
    "rating": "4.7/5",
    "reviews_count": 107,
    "reviews": [],
    "repair_stories": [],
    "symptoms_fixed": "Door latch failure | Not cleaning dishes properly | Door won’t close",
    "works_with": "Dishwasher.",
    "also_replaces": [
      "AP6013365",
      "8270105",
      "8270106",
      "8524581",
      "8524582",
      "8562015",
      "8565920",
      "8565925",
      "W10082860",
      "W10082861",
      "W10199682",
      "W10508950",
      "WP8565925VP",
      "WPW10082861VP",
      "WPW10508950",
      "WPW10508950VP"
    ],
    "video_url": "https://www.youtube.com/watch?v=siE-8HethWg"
  },
  {
    "url": "https://www.partselect.com/PS11756150-Whirlpool-WPW10546503-Dishwasher-Upper-Rack-Adjuster.htm?SourceCode=18",
    "image_url": "https://partselectcom-gtcdcddbene3cpes.z01.azurefd.net/11756150-1-N-Whirlpool-WPW10546503-Dishwasher-Upper-Rack-Adjuster.jpg",
    "name": "Whirlpool Dishwasher Upper Rack Adjuster",
    "partselect_number": "PS11756150",
    "manufacturer_number": "WPW10546503",
    "description": "★★★★★\n★★★★★\n155 Reviews\nThis OEM Dishwasher Upper Rack Adjuster is a grayish-black, plastic part which will require a screwdriver to install. It fits onto the dishwasher rack and connects it to the track allowing it to slide in and out. If broken then the rack will no longer slide properly, and the part must be replaced. The installation has been rated as \"easy\" by customers. Before beginning any repair, you should unplug the dishwasher and wear gloves to protect your hands. Check your model number and user manual to see if this part is right for you! Your dishwasher should have a left and right upper rack adjuster, and both are the same part. These parts are sold individually, so if you are looking to replace both, you will need to order two parts.",
    "price": "$43.81",
    "stock_status": "In Stock",
    "rating": "4.72 out of 5",
    "reviews_count": 155
  },
  {
    "url": "https://www.partselect.com/PS11750057-Whirlpool-WPW10195417-Dishwasher-Lower-Dishrack-Roller.htm?SourceCode=18",
    "image_url": "https://partselectcom-gtcdcddbene3cpes.z01.azurefd.net/11750057-1-N-Whirlpool-WPW10195417-Dishwasher-Lower-Dishrack-Roller.jpg",
    "name": "Whirlpool Dishwasher Lower Dishrack Roller",
    "partselect_number": "PS11750057",
    "manufacturer_number": "WPW10195417",
    "description": "★★★★★\n★★★★★\n143 Reviews\nThis gray plastic lower dishrack roller is a part for your dishwasher. It attaches to the bottom of the lower dishrack, allowing it to move in and out smoothly. If the lower dishrack stops moving in and out easily or preventing you from being able to shut the dishwasher door, inspect the dishrack roller for damage. The assembly includes 2 rollers and the bracket that attaches to the dishrack (parts are not sold separately). This assembly is sold individually, so you will need 4 assemblies to replace them all in your appliance. For this easy repair, start by removing the lower dishrack from the appliance and set it on the counter. Use a screwdriver to pry off the old roller assembly from the lower tabs. Align the new part on the dishrack by snapping it in place.",
    "price": "$42.36",
    "stock_status": "In Stock",
    "rating": "4.72 out of 5",
    "reviews_count": 143
  },
  {
    "url": "https://www.partselect.com/PS8260087-Whirlpool-W10518394-Dishwasher-Heating-Element.htm?SourceCode=18",
    "image_url": "https://partselectcom-gtcdcddbene3cpes.z01.azurefd.net/8260087-1-N-Whirlpool-W10518394-Dishwasher-Heating-Element.jpg",
    "name": "Whirlpool Dishwasher Heating Element",
    "partselect_number": "PS8260087",
    "manufacturer_number": "W10518394",
    "description": "★★★★★\n★★★★★\n113 Reviews\nThis manufacturer-certified heating element is used to create heat during the dry cycle and increase water temperature during portions of the wash cycle when certain options are selected. If your dishes are not drying or the water in the dishwasher is not getting hot you may need to replace the element. This kit includes the heater, two heater fasteners, and is a genuine OEM part. Please remember to disconnect the power before starting the repair. Use a multi-meter to test your heating element for continuity to determine whether this is the part that is causing your symptom. This part does not include any washers. To make your repair, disconnect the wires from the bottom of the element in the back, remove the plastic nuts holding it in place, remove the element, and repeat these steps in reverse order to install your new part. This is an easy repair that requires only a screwdriver, wrench set, and should take less than 30 minutes.",
    "price": "$66.09",
    "stock_status": "In Stock",
    "rating": "4.53 out of 5",
    "reviews_count": 113
  },
  {
    "url": "https://www.partselect.com/PS11756470-Whirlpool-WPW10571738-Dishrack-Adjuster-Wheel-Assembly.htm?SourceCode=18",
    "image_url": "https://partselectcom-gtcdcddbene3cpes.z01.azurefd.net/11756470-1-N-Whirlpool-WPW10571738-Dishrack-Adjuster-Wheel-Assembly.jpg",
    "name": "Whirlpool Dishwasher Dishrack Adjuster & Wheel Assembly",
    "partselect_number": "PS11756470",
    "manufacturer_number": "WPW10571738",
    "description": "★★★★★\n★★★★★\n16 Reviews\nThis dishrack adjuster and wheel assembly is for dishwashers and lets you adjust the dishrack height and attaches the track wheels to the dishrack.",
    "price": "$21.29",
    "stock_status": "In Stock",
    "rating": "4.81 out of 5",
    "reviews_count": 16
  },
  {
    "url": "https://www.partselect.com/PS12348515-Whirlpool-W11177741-Dishwasher-Door-Seal.htm?SourceCode=18",
    "image_url": "https://partselectcom-gtcdcddbene3cpes.z01.azurefd.net/12348515-1-N-Whirlpool-W11177741-Dishwasher-Door-Seal.jpg",
    "name": "Whirlpool Dishwasher Door Seal",
    "partselect_number": "PS12348515",
    "manufacturer_number": "W11177741",
    "description": "★★★★★\n★★★★★\n36 Reviews\nDoor seal seals the gap between the opening to the dishwasher tub and the outer edge of the door.",
    "price": "$67.47",
    "stock_status": "In Stock",
    "rating": "4.61 out of 5",
    "reviews_count": 36
  },
  {
    "url": "https://www.partselect.com/PS10064063-Whirlpool-W10712394-Dishwasher-Dish-Rack-Adjuster-Kit-Left-And-Right-Side.htm?SourceCode=18",
    "image_url": "https://partselectcom-gtcdcddbene3cpes.z01.azurefd.net/10064063-1-N-Whirlpool-W10712394-Dishwasher-Dish-Rack-Adjuster-Kit-Left-And-Right-Side.jpg",
    "name": "Whirlpool Dishwasher Dish Rack Adjuster Kit (left And Right Side)",
    "partselect_number": "PS10064063",
    "manufacturer_number": "W10712394",
    "description": "★★★★★\n★★★★★\n1081 Reviews\nThis rack adjuster kit (Dishrack Adjuster Kit, Adjuster Kit, Dishwasher Rack Adjuster) will adjust the height of the upper rack of your dishwasher. It connects to the dishrack. The kit is constructed of grey plastic and metal, and measures approximately 12 inches wide and 6.5 inches tall. The rack adjuster can break from material fatigue or prolonged high temperature exposure. High temperature exposure can compromise the integrity of the materials. If the rack adjuster breaks, your upper rack may fall down, may be unlevel, or the door may not close. This kit includes the parts to replace the left and right-side rack adjusters and has been upgraded to a more durable metal design (2 adjuster assemblies, 1 left hand and 1 right hand actuator cover, 2 gray adjuster covers, and 2 gray adjuster housings)",
    "price": "$46.03",
    "stock_status": "In Stock",
    "rating": "4.61 out of 5",
    "reviews_count": 1081
  },
  {
    "url": "https://www.partselect.com/PS11750071-Whirlpool-WPW10195622-Dishwasher-Rack-Stop-Clip.htm?SourceCode=18",
    "image_url": "https://partselectcom-gtcdcddbene3cpes.z01.azurefd.net/11750071-1-N-Whirlpool-WPW10195622-Dishwasher-Rack-Stop-Clip.jpg",
    "name": "Whirlpool Dishwasher Rack Stop Clip",
    "partselect_number": "PS11750071",
    "manufacturer_number": "WPW10195622",
    "description": "★★★★★\n★★★★★\n90 Reviews\nThis manufacturer-approved Rack Stop Clip is a gray plastic part which can be installed with a screwdriver. Measuring slightly over an inch in length, it prevents the rack from sliding too far and falling off. If broken or damaged, then the rack will slide too far and this is a sign the part should be replaced. It attaches to the end of the top dishwasher rack. This clip can be used for the left or right side, and is sold individually. It is a good idea to replace both sides at once. To make this repair, start by pulling out the rack, then, using your screwdriver, reach in behind the rack stops and press the clips in. You should be able to remove the stops from the track from here. Next, you should be able to slide the track back over the rollers and snap the new track stop into place.",
    "price": "$11.59",
    "stock_status": "In Stock",
    "rating": "4.61 out of 5",
    "reviews_count": 90
  },
  {
    "url": "https://www.partselect.com/PS12578165-Whirlpool-W11175771-Dishwasher-INLET-VALVE.htm?SourceCode=18",
    "image_url": "https://partselectcom-gtcdcddbene3cpes.z01.azurefd.net/12578165-1-N-Whirlpool-W11175771-Dishwasher-INLET-VALVE.jpg",
    "name": "Whirlpool Dishwasher Inlet Valve",
    "partselect_number": "PS12578165",
    "manufacturer_number": "W11175771",
    "description": "★★★★★\n★★★★★\n36 Reviews\nThis water inlet valve should be located behind the lower kick plate panel in either the right or left corner. The attaching solenoids on the valve open and close according to the desired amount of water needed.",
    "price": "$48.45",
    "stock_status": "In Stock",
    "rating": "4.58 out of 5",
    "reviews_count": 36
  },
  {
    "url": "https://www.partselect.com/PS10057160-Whirlpool-W10728159-Dishwasher-Lower-Dishrack.htm?SourceCode=18",
    "image_url": "https://partselectcom-gtcdcddbene3cpes.z01.azurefd.net/10057160-1-N-Whirlpool-W10728159-Dishwasher-Lower-Dishrack.jpg",
    "name": "Whirlpool Dishwasher Lower Dishrack",
    "partselect_number": "PS10057160",
    "manufacturer_number": "W10728159",
    "description": "★★★★★\n★★★★★\n32 Reviews\nThis genuine OEM Whirlpool lower dishrack is used to hold the dishes in place during the operation of the cycles. The lower rack is gray in color and includes the rack only. You can remove the rollers from the old rack and use them on the new dish rack.",
    "price": "$216.19",
    "stock_status": "In Stock",
    "rating": "4.06 out of 5",
    "reviews_count": 32
  },
  {
    "url": "https://www.partselect.com/PS11743423-Whirlpool-WP661566-Dishwasher-High-Limit-Thermostat.htm?SourceCode=18",
    "image_url": "https://partselectcom-gtcdcddbene3cpes.z01.azurefd.net/11743423-1-N-Whirlpool-WP661566-Dishwasher-High-Limit-Thermostat.jpg",
    "name": "Whirlpool Dishwasher High Limit Thermostat",
    "partselect_number": "PS11743423",
    "manufacturer_number": "WP661566",
    "description": "★★★★★\n★★★★★\n9 Reviews\nThis part acts as as safety mechanism that keeps the dryer from overheating. Once the dryer temperature reaches a certain point, this part will shut down power to the heating element.",
    "price": "$26.83",
    "stock_status": "In Stock",
    "rating": "4.89 out of 5",
    "reviews_count": 9
  },
  {
    "url": "https://www.partselect.com/PS11738151-Whirlpool-W10876537-Dishwasher-Drain-Pump.htm?SourceCode=18",
    "image_url": "https://partselectcom-gtcdcddbene3cpes.z01.azurefd.net/11738151-1-N-Whirlpool-W10876537-Dishwasher-Drain-Pump.jpg",
    "name": "Whirlpool Dishwasher Drain Pump",
    "partselect_number": "PS11738151",
    "manufacturer_number": "W10876537",
    "description": "★★★★★\n★★★★★\n16 Reviews\nThis drain pump is for dishwashers. Drain pump removes the water from the dishwasher tub during the drain phase of the dishwashing cycle. Unplug the dishwasher and shut off the water supply before installing this part. Wear work gloves to protect your hands.",
    "price": "$76.68",
    "stock_status": "In Stock",
    "rating": "4.63 out of 5",
    "reviews_count": 16
  },
  {
    "url": "https://www.partselect.com/PS11755651-Whirlpool-WPW10497235-Dishwasher-Seal.htm?SourceCode=18",
    "image_url": "https://partselectcom-gtcdcddbene3cpes.z01.azurefd.net/11755651-1-N-Whirlpool-WPW10497235-Dishwasher-Seal.jpg",
    "name": "Whirlpool Dishwasher Seal",
    "partselect_number": "PS11755651",
    "manufacturer_number": "WPW10497235",
    "description": "★★★★★\n★★★★★\n20 Reviews\nThis part is the replacement door seal for your dishwasher. It is approximately 22 inches long and 2 inches wide. This door seal is made of gray plastic and is found at the bottom the dishwasher. The door seal is designed to seal the gap between the dishwasher tub and outer edge of the door. This helps to prevent leaks when your dishwasher is running. A leaking dishwasher is a good indication that the door seal is damaged. This seal is sold individually and is an OEM part sourced directly from the manufacturer.",
    "price": "$9.75",
    "stock_status": "In Stock",
    "rating": "3.85 out of 5",
    "reviews_count": 20
  },
  {
    "url": "https://www.partselect.com/PS11745459-Whirlpool-WP8268743-Dishwasher-Upper-Dishrack-Wheel-Mount.htm?SourceCode=18",
    "image_url": "https://partselectcom-gtcdcddbene3cpes.z01.azurefd.net/11745459-1-N-Whirlpool-WP8268743-Dishwasher-Upper-Dishrack-Wheel-Mount.jpg",
    "name": "Whirlpool Dishwasher Upper Dishrack Wheel Mount",
    "partselect_number": "PS11745459",
    "manufacturer_number": "WP8268743",
    "description": "★★★★★\n★★★★★\n68 Reviews\nThis upper dish rack wheel mount can be used on either side of your dish rack. It is sold individually. The part includes the wheel and support, which attaches to the dish rack and allows it to slide in and out easily.",
    "price": "$25.87",
    "stock_status": "In Stock",
    "rating": "4.82 out of 5",
    "reviews_count": 68
  },
  {
    "url": "https://www.partselect.com/PS11745488-Whirlpool-WP8268961-Dishwasher-Friction-Sleeve.htm?SourceCode=18",
    "image_url": "https://partselectcom-gtcdcddbene3cpes.z01.azurefd.net/11745488-1-N-Whirlpool-WP8268961-Dishwasher-Friction-Sleeve.jpg",
    "name": "Whirlpool Dishwasher Friction Sleeve",
    "partselect_number": "PS11745488",
    "manufacturer_number": "WP8268961",
    "description": "★★★★★\n★★★★★\n37 Reviews\nThis part helps to keep your door quiet when it opens and closes.",
    "price": "$8.68",
    "stock_status": "In Stock",
    "rating": "4.86 out of 5",
    "reviews_count": 37
  },
  {
    "url": "https://www.partselect.com/PS11756967-Whirlpool-WPW10653840-Black-Door-Latch.htm?SourceCode=18",
    "image_url": "https://partselectcom-gtcdcddbene3cpes.z01.azurefd.net/11756967-1-N-Whirlpool-WPW10653840-Black-Door-Latch.jpg",
    "name": "Whirlpool Dishwasher Black Door Latch",
    "partselect_number": "PS11756967",
    "manufacturer_number": "WPW10653840",
    "description": "★★★★★\n★★★★★\n14 Reviews\nThis is a door latch for various dishwashers. Door latches are designed to communicate with the control board of the dishwasher when the door is closed and latched shut. If your dishwasher is not latching shut properly, or if your dishwasher will not start when the door is shut, then this latch is likely broken or bad. To replace this door latch, you will need a screwdriver or drill, and a set of pliers. This latch is sold individually, and does not come with any securing screws or other parts.",
    "price": "$25.87",
    "stock_status": "In Stock",
    "rating": "5.00 out of 5",
    "reviews_count": 14
  },
  {
    "url": "https://www.partselect.com/PS11753471-Whirlpool-WPW10350401-Dishwasher-Upper-Rack-Roller.htm?SourceCode=18",
    "image_url": "https://partselectcom-gtcdcddbene3cpes.z01.azurefd.net/11753471-1-N-Whirlpool-WPW10350401-Dishwasher-Upper-Rack-Roller.jpg",
    "name": "Whirlpool Dishwasher Upper Rack Roller",
    "partselect_number": "PS11753471",
    "manufacturer_number": "WPW10350401",
    "description": "★★★★★\n★★★★★\n33 Reviews\nThis assembly is the wheel and the mount for your upper dishrack. Sold individually. This is an authentic OEM part for use with Whirlpool, KitchenAid, Kenmore and Jenn-Air Dishwashers. The dishrack wheel lets you roll the rack easily on the support rails. This part is sold individually. The most common reason for replacing the dishrack wheel is if it breaks causing the rack to jam. The tool that you will need to replace the dishrack wheel is a flathead screwdriver.",
    "price": "$43.15",
    "stock_status": "In Stock",
    "rating": "4.64 out of 5",
    "reviews_count": 33
  },
  {
    "url": "https://www.partselect.com/PS11746245-Whirlpool-WP8539324-Dishwasher-Upper-Spray-Arm-Mount.htm?SourceCode=18",
    "image_url": "https://partselectcom-gtcdcddbene3cpes.z01.azurefd.net/11746245-1-N-Whirlpool-WP8539324-Dishwasher-Upper-Spray-Arm-Mount.jpg",
    "name": "Whirlpool Dishwasher Upper Spray Arm Mount",
    "partselect_number": "PS11746245",
    "manufacturer_number": "WP8539324",
    "description": "★★★★★\n★★★★★\n71 Reviews\nThis upper spray arm mount has been redesigned by the manufacturer, so it not longer requires a clip and screw to be installed. To replace this part, first remove the rack stops from the upper dish rack and pull out the dish rack to work on it. Remove the screw holding the spray arm in place, take off the spray arm and slide out the feeding tube. Flip the rack over to remove the mounting bracket from the mount. Snap the new mount into place and replace the other parts.",
    "price": "$8.68",
    "stock_status": "In Stock",
    "rating": "4.58 out of 5",
    "reviews_count": 71
  },
  {
    "url": "https://www.partselect.com/PS11752927-Whirlpool-WPW10327249-Water-Inlet-Valve.htm?SourceCode=18",
    "image_url": "https://partselectcom-gtcdcddbene3cpes.z01.azurefd.net/11752927-1-N-Whirlpool-WPW10327249-Water-Inlet-Valve.jpg",
    "name": "Whirlpool Dishwasher Water Inlet Valve",
    "partselect_number": "PS11752927",
    "manufacturer_number": "WPW10327249",
    "description": "★★★★★\n★★★★★\n28 Reviews\nThis water inlet valve should be located behind the lower kickplate panel in either the right or left corner. The attaching solenoids on the valve open and close according to the desired amount of water needed.",
    "price": "$49.87",
    "stock_status": "In Stock",
    "rating": "4.43 out of 5",
    "reviews_count": 28
  },
  {
    "url": "https://www.partselect.com/PS11750167-Whirlpool-WPW10199696-Dishwasher-Detergent-Dispenser-Assembly.htm?SourceCode=18",
    "image_url": "https://partselectcom-gtcdcddbene3cpes.z01.azurefd.net/11750167-1-N-Whirlpool-WPW10199696-Dishwasher-Detergent-Dispenser-Assembly.jpg",
    "name": "Whirlpool Dishwasher Detergent Dispenser Assembly",
    "partselect_number": "PS11750167",
    "manufacturer_number": "WPW10199696",
    "description": "★★★★★\n★★★★★\n30 Reviews\nThis part releases the detergent and rinse aid into the dishwasher. Light grey in color. The detergent dispenser attaches to the inner door panel and holds the dishwasher detergent and rinse agent in a covered compartment.",
    "price": "$115.73",
    "stock_status": "In Stock",
    "rating": "4.67 out of 5",
    "reviews_count": 30
  },
  {
    "url": "https://www.partselect.com/PS11745480-Whirlpool-WP8268873-Dishwasher-Lower-Spray-Arm-Nut.htm?SourceCode=18",
    "image_url": "https://partselectcom-gtcdcddbene3cpes.z01.azurefd.net/11745480-1-N-Whirlpool-WP8268873-Dishwasher-Lower-Spray-Arm-Nut.jpg",
    "name": "Whirlpool Dishwasher Lower Spray Arm Nut",
    "partselect_number": "PS11745480",
    "manufacturer_number": "WP8268873",
    "description": "★★★★★\n★★★★★\n24 Reviews\nThis spray arm nut is used in dishwashers and works as the retaining nut for the lower dishwasher spray arm. The nut makes sure the lower spray arm is secured to the pump housing. If your spray arm is coming off, or your nut is lost or damaged, replacing the part can be a solution to your problem. Remember to unplug dishwasher from power source and disconnect the water supply before you begin this installation. Refer to the manual provided by the manufacturer for further installation instructions.",
    "price": "$9.65",
    "stock_status": "In Stock",
    "rating": "4.79 out of 5",
    "reviews_count": 24
  },
  {
    "url": "https://www.partselect.com/PS11770115-Whirlpool-W10919676-Dishwasher-Clip.htm?SourceCode=18",
    "image_url": "https://partselectcom-gtcdcddbene3cpes.z01.azurefd.net/11770115-1-N-Whirlpool-W10919676-Dishwasher-Clip.jpg",
    "name": "Whirlpool Dishwasher Clip",
    "partselect_number": "PS11770115",
    "manufacturer_number": "W10919676",
    "description": "★★★★★\n★★★★★\n11 Reviews",
    "price": "$11.59",
    "stock_status": "In Stock",
    "rating": "4.45 out of 5",
    "reviews_count": 11
  },
  {
    "url": "https://www.partselect.com/PS11752696-Whirlpool-WPW10317197-Dishwasher-Upper-Spray-Arm.htm?SourceCode=18",
    "image_url": "https://partselectcom-gtcdcddbene3cpes.z01.azurefd.net/11752696-1-N-Whirlpool-WPW10317197-Dishwasher-Upper-Spray-Arm.jpg",
    "name": "Whirlpool Dishwasher Upper Spray Arm",
    "partselect_number": "PS11752696",
    "manufacturer_number": "WPW10317197",
    "description": "★★★★★\n★★★★★\n6 Reviews",
    "price": "$27.79",
    "stock_status": "In Stock",
    "rating": "4.67 out of 5",
    "reviews_count": 6
  },
  {
    "url": "https://www.partselect.com/PS11741334-Whirlpool-WP3376846-Dishwasher-Lower-Spray-Arm-Seal.htm?SourceCode=18",
    "image_url": "https://partselectcom-gtcdcddbene3cpes.z01.azurefd.net/11741334-1-N-Whirlpool-WP3376846-Dishwasher-Lower-Spray-Arm-Seal.jpg",
    "name": "Whirlpool Dishwasher Lower Spray Arm Seal",
    "partselect_number": "PS11741334",
    "manufacturer_number": "WP3376846",
    "description": "★★★★★\n★★★★★\n11 Reviews\nThis dishwasher lower spray arm seal, or under spray arm bearing ring, is designed with the split by the manufacturer. It is not damaged or defective, and is sourced directly from the original manufacturer. This part is approximately 2 inches in diameter, made of plastic, and is white in color. This part is mounted underneath the dishwasher spray arm and creates a seal between the lower spray arm and the sump housing. To access the seal, remove lower dish rack and unscrew the nut that secures lower spray arm to the remove cover. No tools are required to replace the lower seal on your dishwasher.",
    "price": "$11.59",
    "stock_status": "In Stock",
    "rating": "4.64 out of 5",
    "reviews_count": 11
  },
  {
    "url": "https://www.partselect.com/PS11755312-Whirlpool-WPW10473836-Dishwasher-Silverware-Basket.htm?SourceCode=18",
    "image_url": "https://partselectcom-gtcdcddbene3cpes.z01.azurefd.net/11755312-1-N-Whirlpool-WPW10473836-Dishwasher-Silverware-Basket.jpg",
    "name": "Whirlpool Dishwasher Silverware Basket",
    "partselect_number": "PS11755312",
    "manufacturer_number": "WPW10473836",
    "description": "★★★★★\n★★★★★\n12 Reviews\nThis is a basket for washing flatware or silverware in your dishwasher. It is 20 Inches and may not fit all models as some require a 19 inch basket (for example model KDTE334DSS0).",
    "price": "$69.30",
    "stock_status": "In Stock",
    "rating": "5.00 out of 5",
    "reviews_count": 12
  },
  {
    "url": "https://www.partselect.com/PS8770043-Whirlpool-W10619006-Dishwasher-Door-Latch-Black.htm?SourceCode=18",
    "image_url": "https://partselectcom-gtcdcddbene3cpes.z01.azurefd.net/8770043-1-N-Whirlpool-W10619006-Dishwasher-Door-Latch-Black.jpg",
    "name": "Whirlpool Dishwasher Door Latch (black)",
    "partselect_number": "PS8770043",
    "manufacturer_number": "W10619006",
    "description": "★★★★★\n★★★★★\n25 Reviews\nNOTE: This part has been redesigned, it may appear different but will still function the same as the original.",
    "price": "$32.59",
    "stock_status": "In Stock",
    "rating": "4.40 out of 5",
    "reviews_count": 25
  },
  {
    "url": "https://www.partselect.com/PS11748193-Whirlpool-WPW10082868-Dishwasher-Lower-Dishrack-Wheel.htm?SourceCode=18",
    "image_url": "https://partselectcom-gtcdcddbene3cpes.z01.azurefd.net/11748193-1-N-Whirlpool-WPW10082868-Dishwasher-Lower-Dishrack-Wheel.jpg",
    "name": "Whirlpool Dishwasher Lower Dishrack Wheel",
    "partselect_number": "PS11748193",
    "manufacturer_number": "WPW10082868",
    "description": "★★★★★\n★★★★★\n19 Reviews\nThis part attaches to the lower dishrack.",
    "price": "$46.03",
    "stock_status": "In Stock",
    "rating": "4.89 out of 5",
    "reviews_count": 19
  },
  {
    "url": "https://www.partselect.com/PS11756139-Whirlpool-WPW10545278-Dishwasher-Drain-Hose.htm?SourceCode=18",
    "image_url": "https://partselectcom-gtcdcddbene3cpes.z01.azurefd.net/11756139-1-N-Whirlpool-WPW10545278-Dishwasher-Drain-Hose.jpg",
    "name": "Whirlpool Dishwasher Drain Hose",
    "partselect_number": "PS11756139",
    "manufacturer_number": "WPW10545278",
    "description": "★★★★★\n★★★★★\n12 Reviews\nThis part is used to drain water from your dishwasher.",
    "price": "$47.48",
    "stock_status": "In Stock",
    "rating": "4.50 out of 5",
    "reviews_count": 12
  },
  {
    "url": "https://www.partselect.com/PS11756721-Whirlpool-WPW10609579-Rack-Adjuster.htm?SourceCode=18",
    "image_url": "https://partselectcom-gtcdcddbene3cpes.z01.azurefd.net/11756721-1-N-Whirlpool-WPW10609579-Rack-Adjuster.jpg",
    "name": "Whirlpool Dishwasher Rack Adjuster",
    "partselect_number": "PS11756721",
    "manufacturer_number": "WPW10609579",
    "description": "★★★★★\n★★★★★\n9 Reviews\nThis rack adjuster is a genuine OEM replacement part that is designed for use in dishwashers. It is designed to fit on the left side of the upper rack where it allows you to adjust the height of the rack in the dishwasher. Over time, it is common for the plastic parts of the adjuster to wear down or break due to exposure to heat, chemicals, and frequent use. Be sure to inspect the adjuster on the right side of the dishwasher as well, as they tend to wear down at the same time. It is advised to replace both to ensure longevity and optimal performance. Mounting hardware is sold separately.",
    "price": "$63.60",
    "stock_status": "In Stock",
    "rating": "4.78 out of 5",
    "reviews_count": 9
  },
  {
    "url": "https://www.partselect.com/PS16660512-Whirlpool-W11568642-MANIFOLD.htm?SourceCode=18",
    "image_url": "https://partselectcom-gtcdcddbene3cpes.z01.azurefd.net/16660512-1-N-Whirlpool-W11568642-MANIFOLD.jpg",
    "name": "Whirlpool Dishwasher Manifold",
    "partselect_number": "PS16660512",
    "manufacturer_number": "W11568642",
    "price": "$17.59",
    "stock_status": "In Stock"
  },
  {
    "url": "https://www.partselect.com/PS12348985-Whirlpool-W11196317-Door-Gasket.htm?SourceCode=18",
    "image_url": "https://partselectcom-gtcdcddbene3cpes.z01.azurefd.net/12348985-1-N-Whirlpool-W11196317-Door-Gasket.jpg",
    "name": "Whirlpool Dishwasher Door Gasket",
    "partselect_number": "PS12348985",
    "manufacturer_number": "W11196317",
    "description": "★★★★★\n★★★★★\n29 Reviews\nThis is a door seal, but you may also know it as a door gasket and it is a part for your dishwasher. It provides a leak proof seal between the tub and the door of your appliance. You will need to replace the door seal if you are experiencing leaking from the front of your dishwasher. Once you have removed your old seal, we recommend inspecting the groove to make sure there are no food particles or debris caught inside that will impede the installation process.",
    "price": "$72.15",
    "stock_status": "In Stock",
    "rating": "4.79 out of 5",
    "reviews_count": 29
  },
  {
    "url": "https://www.partselect.com/PS11756472-Whirlpool-WPW10571949-Dishwasher-Manifold.htm?SourceCode=18",
    "image_url": "https://partselectcom-gtcdcddbene3cpes.z01.azurefd.net/11756472-1-N-Whirlpool-WPW10571949-Dishwasher-Manifold.jpg",
    "name": "Whirlpool Dishwasher Manifold",
    "partselect_number": "PS11756472",
    "manufacturer_number": "WPW10571949",
    "description": "★★★★★\n★★★★★\n20 Reviews\nThis part is the replacement manifold for your dishwasher. It is made of gray plastic and is approximately 13 inches long and 3 inches wide. The manifold protrudes from the tub wall and connects to the middle spray arm. If the manifold is damaged, the spray arm will not be able to wash the dishes in the dishwasher evenly. If you notice that your dishwasher is not cleaning the way it should, it is an indication that you should check the manifold for damage. This part is an authentic OEM part sourced directly from the manufacturer and it is sold individually.",
    "price": "$37.39",
    "stock_status": "In Stock",
    "rating": "4.95 out of 5",
    "reviews_count": 20
  },
  {
    "url": "https://www.partselect.com/PS16660574-Whirlpool-W11573754-MANIFOLD.htm?SourceCode=18",
    "image_url": "https://partselectcom-gtcdcddbene3cpes.z01.azurefd.net/16660574-1-N-Whirlpool-W11573754-MANIFOLD.jpg",
    "name": "Whirlpool Dishwasher Manifold",
    "partselect_number": "PS16660574",
    "manufacturer_number": "W11573754",
    "description": "Manufacturer Part Number W11573754",
    "price": "$16.61",
    "stock_status": "In Stock"
  },
  {
    "url": "https://www.partselect.com/PS972316-Whirlpool-8193983-Dishwasher-Spinner-Kit.htm?SourceCode=18",
    "image_url": "https://partselectcom-gtcdcddbene3cpes.z01.azurefd.net/972316-1-N-Whirlpool-8193983-Dishwasher-Spinner-Kit.jpg",
    "name": "Whirlpool Dishwasher Spinner Kit",
    "partselect_number": "PS972316",
    "manufacturer_number": "8193983",
    "description": "★★★★★\n★★★★★\n33 Reviews\nThis is also called the 3rd-level spinner. This part works like a little spray arm at the top of your dishwasher.",
    "price": "$24.91",
    "stock_status": "In Stock",
    "rating": "4.88 out of 5",
    "reviews_count": 33
  },
  {
    "url": "https://www.partselect.com/PS11756720-Whirlpool-WPW10609578-Dishrack-Adjuster.htm?SourceCode=18",
    "image_url": "https://partselectcom-gtcdcddbene3cpes.z01.azurefd.net/11756720-1-N-Whirlpool-WPW10609578-Dishrack-Adjuster.jpg",
    "name": "Whirlpool Dishwasher Dishrack Adjuster",
    "partselect_number": "PS11756720",
    "manufacturer_number": "WPW10609578",
    "description": "★★★★★\n★★★★★\n5 Reviews\nThis dishrack adjuster is for dishwashers. Dishrack adjuster lets you change the height of the dishwasher's upper rack. Wear work gloves to protect your hands when installing this part.",
    "price": "$64.55",
    "stock_status": "In Stock",
    "rating": "5.00 out of 5",
    "reviews_count": 5
  },
  {
    "url": "https://www.partselect.com/PS11756593-Whirlpool-WPW10588165-Adjuster-Housing-Right-Hand.htm?SourceCode=18",
    "image_url": "https://partselectcom-gtcdcddbene3cpes.z01.azurefd.net/11756593-1-N-Whirlpool-WPW10588165-Adjuster-Housing-Right-Hand.jpg",
    "name": "Whirlpool Dishwasher Adjuster Housing - Right Hand",
    "partselect_number": "PS11756593",
    "manufacturer_number": "WPW10588165",
    "description": "★★★★★\n★★★★★\n6 Reviews\nThis is the right dishrack adjuster housing for various models of dishwashers. This housing is made of gray plastic and connects to the dishrack in your dishwasher to raise, lower, and adjust it. If this housing is damaged or broken, your dishrack will have difficulty adjusting and remaining supported. Replacing this adjuster housing is simple and only requires a flat tool, such as a flathead screwdriver. This OEM adjuster housing is sold individually, so if you require the left housing as well as the right, consider that before ordering.",
    "price": "$43.15",
    "stock_status": "In Stock",
    "rating": "4.00 out of 5",
    "reviews_count": 6
  },
  {
    "url": "https://www.partselect.com/PS11748156-Whirlpool-WPW10078214-Dishwasher-Upper-Rack-Wheel.htm?SourceCode=18",
    "image_url": "https://partselectcom-gtcdcddbene3cpes.z01.azurefd.net/11748156-1-N-Whirlpool-WPW10078214-Dishwasher-Upper-Rack-Wheel.jpg",
    "name": "Whirlpool Dishwasher Upper Rack Wheel",
    "partselect_number": "PS11748156",
    "manufacturer_number": "WPW10078214",
    "description": "★★★★★\n★★★★★\n13 Reviews\nSold individually.",
    "price": "$26.83",
    "stock_status": "In Stock",
    "rating": "4.85 out of 5",
    "reviews_count": 13
  },
  {
    "url": "https://www.partselect.com/PS11756471-Whirlpool-WPW10571946-Manifold.htm?SourceCode=18",
    "image_url": "https://partselectcom-gtcdcddbene3cpes.z01.azurefd.net/11756471-1-N-Whirlpool-WPW10571946-Manifold.jpg",
    "name": "Whirlpool Dishwasher Manifold",
    "partselect_number": "PS11756471",
    "manufacturer_number": "WPW10571946",
    "description": "★★★★★\n★★★★★\n10 Reviews",
    "price": "$39.31",
    "stock_status": "In Stock",
    "rating": "4.60 out of 5",
    "reviews_count": 10
  },
  {
    "url": "https://www.partselect.com/PS11753142-Whirlpool-WPW10337934-Spring.htm?SourceCode=18",
    "image_url": "https://partselectcom-gtcdcddbene3cpes.z01.azurefd.net/11753142-1-N-Whirlpool-WPW10337934-Spring.jpg",
    "name": "Whirlpool Dishwasher Spring",
    "partselect_number": "PS11753142",
    "manufacturer_number": "WPW10337934",
    "description": "★★★★★\n★★★★★\n9 Reviews\nThis door spring is a genuine OEM replacement part for your dishwasher. The spring ensures that your dishwasher door does not fall open too quickly. If this occurs, one or both springs should be replaced. This part consists of one spring. To replace the spring, you will need to pull the dishwasher about six inches to a foot out from the cabinet. Replacing the spring has been rated as an easy repair by our customers.",
    "price": "$23.47",
    "stock_status": "In Stock",
    "rating": "4.56 out of 5",
    "reviews_count": 9
  },
  {
    "url": "https://www.partselect.com/PS12349211-Whirlpool-W11205078-Accumulator.htm?SourceCode=18",
    "image_url": "https://partselectcom-gtcdcddbene3cpes.z01.azurefd.net/12349211-1-N-Whirlpool-W11205078-Accumulator.jpg",
    "name": "Whirlpool Dishwasher Accumulator",
    "partselect_number": "PS12349211",
    "manufacturer_number": "W11205078",
    "description": "★★★★★\n★★★★★\n1 Review\nThe accumulator assembly is an essential part of your dishwasher that helps remove food particles from the water during the cleaning process. Located above the sump, the accumulator ensures that the water circulating in your dishwasher is free of debris, allowing for more effective washing. This genuine OEM part is compatible with a variety of models, offering the same reliability and performance as the original part. Proper installation of this part is crucial for your dishwasher’s efficiency and cleanliness, so it’s advised to either seek professional help or follow manufacturer instructions carefully. Before beginning the installation, make sure to disconnect the power and water supply to the dishwasher.",
    "price": "$70.25",
    "stock_status": "In Stock",
    "rating": "5.00 out of 5",
    "reviews_count": 1
  },
  {
    "url": "https://www.partselect.com/PS16221119-Whirlpool-W11483553-GASKET.htm?SourceCode=18",
    "image_url": "https://partselectcom-gtcdcddbene3cpes.z01.azurefd.net/16221119-1-N-Whirlpool-W11483553-GASKET.jpg",
    "name": "Whirlpool Dishwasher Gasket",
    "partselect_number": "PS16221119",
    "manufacturer_number": "W11483553",
    "description": "★★★★★\n★★★★★\n1 Review",
    "price": "$21.51",
    "stock_status": "In Stock",
    "rating": "5.00 out of 5",
    "reviews_count": 1
  },
  {
    "url": "https://www.partselect.com/PS11756031-Whirlpool-WPW10531320-Dishwasher-Drain-Pump.htm?SourceCode=18",
    "image_url": "https://partselectcom-gtcdcddbene3cpes.z01.azurefd.net/11756031-1-N-Whirlpool-WPW10531320-Dishwasher-Drain-Pump.jpg",
    "name": "Whirlpool Dishwasher Drain Pump",
    "partselect_number": "PS11756031",
    "manufacturer_number": "WPW10531320",
    "description": "★★★★★\n★★★★★\n10 Reviews\nThis drain pump is an authentic OEM replacement part for models of dishwasher. It is responsible for removing wastewater from the dishwasher during the drainage cycle. It is located at the bottom of the dishwasher and can be accessed by removing the lower access panel or by tipping the dishwasher on to its rear side. When activated, the drain pump pushes the wastewater through the drain hose and into the household plumbing system or garbage disposal. If the drain pump malfunctions or becomes clogged, it can lead to drainage issues, resulting in water pooling at the bottom of the dishwasher, foul odors and potentially resulting in incomplete cleaning of dishes.",
    "price": "$53.71",
    "stock_status": "In Stock",
    "rating": "4.60 out of 5",
    "reviews_count": 10
  },
  {
    "url": "https://www.partselect.com/PS11755768-Whirlpool-WPW10505748-Dishwasher-Tub-Wheel.htm?SourceCode=18",
    "image_url": "https://partselectcom-gtcdcddbene3cpes.z01.azurefd.net/11755768-1-N-Whirlpool-WPW10505748-Dishwasher-Tub-Wheel.jpg",
    "name": "Whirlpool Dishwasher Tub Wheel",
    "partselect_number": "PS11755768",
    "manufacturer_number": "WPW10505748",
    "description": "★★★★★\n★★★★★\n8 Reviews\nThis is a tub wheel assembly for your dishwasher. This assembly, complete with two rollers on a supporting bracket, supports the rack along the upper rail or track to allow the rack to slide smoothly. You may need to replace this if the rollers are broken or jammed. The part is gray in color and is made of plastic. You will need to remove your upper rack to install this replacement tub wheel assembly.",
    "price": "$9.65",
    "stock_status": "In Stock",
    "rating": "4.38 out of 5",
    "reviews_count": 8
  },
  {
    "url": "https://www.partselect.com/PS16620155-Whirlpool-W11535094-Water-Inlet.htm?SourceCode=18",
    "image_url": "https://partselectcom-gtcdcddbene3cpes.z01.azurefd.net/16620155-1-N-Whirlpool-W11535094-Water-Inlet.jpg",
    "name": "Whirlpool Dishwasher Water Inlet",
    "partselect_number": "PS16620155",
    "manufacturer_number": "W11535094",
    "price": "$49.35",
    "stock_status": "In Stock"
  },
  {
    "url": "https://www.partselect.com/PS2367638-Whirlpool-W10282479-Affresh-Cleaner.htm?SourceCode=18",
    "image_url": "https://partselectcom-gtcdcddbene3cpes.z01.azurefd.net/2367638-1-N-Whirlpool-W10282479-Affresh-Cleaner.jpg",
    "name": "Whirlpool Dishwasher Affresh Cleaner",
    "partselect_number": "PS2367638",
    "manufacturer_number": "W10282479",
    "description": "There are 6 tablets in each package and it is suggested to use every month. These keep the dishwasher fresh by dissolving and removing odor.",
    "price": "$21.29",
    "stock_status": "In Stock"
  },
  {
    "url": "https://www.partselect.com/PS11769758-Whirlpool-W10910626-Control-Panel.htm?SourceCode=18",
    "image_url": "https://partselectcom-gtcdcddbene3cpes.z01.azurefd.net/11769758-1-N-Whirlpool-W10910626-Control-Panel.jpg",
    "name": "Whirlpool Dishwasher Control Panel",
    "partselect_number": "PS11769758",
    "manufacturer_number": "W10910626",
    "description": "★★★★★\n★★★★★\n2 Reviews\nThe stainless steel control panel assembly is an OEM replacement part for select Whirlpool, KitchenAid, Maytag, Jenn-Air, Amana, Inglis, and Magic Chef dishwashers. It houses the buttons, LED displays, and electronic components required to operate the dishwasher. Unplug the dishwasher and shut off the water supply before installation. Use gloves for safety. Check your model’s parts diagram for included components and verify compatibility before ordering. This part may not be in stock; contact customer service or check availability online.",
    "price": "$201.79",
    "stock_status": "In Stock",
    "rating": "5.00 out of 5",
    "reviews_count": 2
  },
  {
    "url": "https://www.partselect.com/PS11745495-Whirlpool-WP8269117-Dishwasher-Door-Handle.htm?SourceCode=18",
    "image_url": "https://partselectcom-gtcdcddbene3cpes.z01.azurefd.net/11745495-1-N-Whirlpool-WP8269117-Dishwasher-Door-Handle.jpg",
    "name": "Whirlpool Dishwasher Door Handle",
    "partselect_number": "PS11745495",
    "manufacturer_number": "WP8269117",
    "description": "★★★★★\n★★★★★\n28 Reviews\nNOTE: This part is no longer available in white or biscuit. HANDLE only.",
    "price": "$58.85",
    "stock_status": "In Stock",
    "rating": "4.71 out of 5",
    "reviews_count": 28
  },
  {
    "url": "https://www.partselect.com/PS8760080-Whirlpool-W10648041-Water-Inlet-Valve.htm?SourceCode=18",
    "image_url": "https://partselectcom-gtcdcddbene3cpes.z01.azurefd.net/8760080-1-N-Whirlpool-W10648041-Water-Inlet-Valve.jpg",
    "name": "Whirlpool Dishwasher Water Inlet Valve",
    "partselect_number": "PS8760080",
    "manufacturer_number": "W10648041",
    "description": "★★★★★\n★★★★★\n17 Reviews\nThis water inlet valve should be located behind the lower kickplate panel in either the right or left corner. The attaching solenoids on the valve open and close according to the desired amount of water needed.",
    "price": "$48.91",
    "stock_status": "In Stock",
    "rating": "4.65 out of 5",
    "reviews_count": 17
  },
  {
    "url": "https://www.partselect.com/PS10057153-Whirlpool-W10727422-Dishwasher-Upper-Dishrack.htm?SourceCode=18",
    "image_url": "https://partselectcom-gtcdcddbene3cpes.z01.azurefd.net/10057153-1-N-Whirlpool-W10727422-Dishwasher-Upper-Dishrack.jpg",
    "name": "Whirlpool Dishwasher Upper Dishrack",
    "partselect_number": "PS10057153",
    "manufacturer_number": "W10727422",
    "description": "★★★★★\n★★★★★\n6 Reviews\nRack only.",
    "price": "$176.39",
    "stock_status": "In Stock",
    "rating": "3.83 out of 5",
    "reviews_count": 6
  },
  {
    "url": "https://www.partselect.com/PS16555320-Whirlpool-W11545309-STRIKE.htm?SourceCode=18",
    "image_url": "https://partselectcom-gtcdcddbene3cpes.z01.azurefd.net/16555320-1-N-Whirlpool-W11545309-STRIKE.jpg",
    "name": "Whirlpool Dishwasher Strike",
    "partselect_number": "PS16555320",
    "manufacturer_number": "W11545309",
    "description": "★★★★★\n★★★★★\n1 Review",
    "price": "$20.53",
    "stock_status": "In Stock",
    "rating": "5.00 out of 5",
    "reviews_count": 1
  },
  {
    "url": "https://www.partselect.com/PS11748145-Whirlpool-WPW10078083-Dishwasher-Tub-Wheel.htm?SourceCode=18",
    "image_url": "https://partselectcom-gtcdcddbene3cpes.z01.azurefd.net/11748145-1-N-Whirlpool-WPW10078083-Dishwasher-Tub-Wheel.jpg",
    "name": "Whirlpool Dishwasher Tub Wheel",
    "partselect_number": "PS11748145",
    "manufacturer_number": "WPW10078083",
    "description": "★★★★★\n★★★★★\n7 Reviews\nWhen you order this part it is recommended that you order the gaskets as well - search by model#.",
    "price": "$42.63",
    "stock_status": "In Stock",
    "rating": "4.29 out of 5",
    "reviews_count": 7
  },
  {
    "url": "https://www.partselect.com/PS11745531-Whirlpool-WP8270182-Dishwasher-Door-Balance-Spring.htm?SourceCode=18",
    "image_url": "https://partselectcom-gtcdcddbene3cpes.z01.azurefd.net/11745531-1-N-Whirlpool-WP8270182-Dishwasher-Door-Balance-Spring.jpg",
    "name": "Whirlpool Dishwasher Door Balance Spring",
    "partselect_number": "PS11745531",
    "manufacturer_number": "WP8270182",
    "description": "★★★★★\n★★★★★\n1 Review\nThis dishwasher door spring is sold individually. It is recommended if you are replacing one side, to replace both.",
    "price": "$29.35",
    "stock_status": "In Stock",
    "rating": "2.00 out of 5",
    "reviews_count": 1
  },
  {
    "url": "https://www.partselect.com/PS12745375-Whirlpool-W11412299-LATCH-DOOR.htm?SourceCode=18",
    "image_url": "https://partselectcom-gtcdcddbene3cpes.z01.azurefd.net/12745375-1-N-Whirlpool-W11412299-LATCH-DOOR.jpg",
    "name": "Whirlpool Dishwasher Latch-door",
    "partselect_number": "PS12745375",
    "manufacturer_number": "W11412299",
    "price": "$21.29",
    "stock_status": "In Stock"
  },
  {
    "url": "https://www.partselect.com/PS11746141-Whirlpool-WP8531669-Dishwasher-Water-Inlet-Valve.htm?SourceCode=18",
    "image_url": "https://partselectcom-gtcdcddbene3cpes.z01.azurefd.net/11746141-1-N-Whirlpool-WP8531669-Dishwasher-Water-Inlet-Valve.jpg",
    "name": "Whirlpool Dishwasher Water Inlet Valve",
    "partselect_number": "PS11746141",
    "manufacturer_number": "WP8531669",
    "description": "★★★★★\n★★★★★\n29 Reviews\nThis water inlet valve should be located behind the lower kickplate panel in either the right or left corner. The attaching solenoid on the valve will open and close according to the desired amount of water needed.",
    "price": "$47.97",
    "stock_status": "In Stock",
    "rating": "4.93 out of 5",
    "reviews_count": 29
  },
  {
    "url": "https://www.partselect.com/PS11742305-Whirlpool-WP4162322-Dishwasher-Single-Roller-Wheel.htm?SourceCode=18",
    "image_url": "https://partselectcom-gtcdcddbene3cpes.z01.azurefd.net/11742305-1-N-Whirlpool-WP4162322-Dishwasher-Single-Roller-Wheel.jpg",
    "name": "Whirlpool Dishwasher Single Roller Wheel",
    "partselect_number": "PS11742305",
    "manufacturer_number": "WP4162322",
    "description": "★★★★★\n★★★★★\n8 Reviews\nSold Individually.",
    "price": "$7.71",
    "stock_status": "In Stock",
    "rating": "5.00 out of 5",
    "reviews_count": 8
  },
  {
    "url": "https://www.partselect.com/PS11753226-Whirlpool-WPW10340683-Spray-Arm-Manifold.htm?SourceCode=18",
    "image_url": "https://partselectcom-gtcdcddbene3cpes.z01.azurefd.net/11753226-1-N-Whirlpool-WPW10340683-Spray-Arm-Manifold.jpg",
    "name": "Whirlpool Dishwasher Spray Arm Manifold",
    "partselect_number": "PS11753226",
    "manufacturer_number": "WPW10340683",
    "description": "★★★★★\n★★★★★\n2 Reviews\nThe spray arm manifold holds the spray arm and connects the spray arm to the water feed tube.",
    "price": "$47.48",
    "stock_status": "In Stock",
    "rating": "4.50 out of 5",
    "reviews_count": 2
  },
  {
    "url": "https://www.partselect.com/PS11750038-Whirlpool-WPW10195175-Dispenser.htm?SourceCode=18",
    "image_url": "https://partselectcom-gtcdcddbene3cpes.z01.azurefd.net/11750038-1-N-Whirlpool-WPW10195175-Dispenser.jpg",
    "name": "Whirlpool Dishwasher Dispenser",
    "partselect_number": "PS11750038",
    "manufacturer_number": "WPW10195175",
    "description": "★★★★★\n★★★★★\n15 Reviews\nThis detergent dispenser assembly is for dishwashers. Detergent dispenser assembly holds the dishwasher detergent and rinses agent in covered compartments.",
    "price": "$75.95",
    "stock_status": "On Order",
    "rating": "4.67 out of 5",
    "reviews_count": 15
  },
  {
    "url": "https://www.partselect.com/PS11750168-Whirlpool-WPW10199701-Silverware-Basket.htm?SourceCode=18",
    "image_url": "https://partselectcom-gtcdcddbene3cpes.z01.azurefd.net/11750168-1-N-Whirlpool-WPW10199701-Silverware-Basket.jpg",
    "name": "Whirlpool Dishwasher Silverware Basket",
    "partselect_number": "PS11750168",
    "manufacturer_number": "WPW10199701",
    "description": "★★★★★\n★★★★★\n5 Reviews\nSilverware basket. This is only half of the basket. You will need to order (2) to make up a complete basket. diagram is incorrect and shows that if you order diagram #4 you get all pieces all you get is half the basket and one long lid",
    "price": "$56.95",
    "stock_status": "In Stock",
    "rating": "4.40 out of 5",
    "reviews_count": 5
  },
  {
    "url": "https://www.partselect.com/PS11723167-Whirlpool-W10822165-Hand-Track.htm?SourceCode=18",
    "image_url": "https://partselectcom-gtcdcddbene3cpes.z01.azurefd.net/11723167-1-N-Whirlpool-W10822165-Hand-Track.jpg",
    "name": "Whirlpool Dishwasher Hand Track",
    "partselect_number": "PS11723167",
    "manufacturer_number": "W10822165",
    "description": "★★★★★\n★★★★★\n5 Reviews\nThe left-hand lower dishrack track assembly is a vital component in the dishwasher, allowing the dishrack to slide in and out smoothly during loading and unloading. If you notice your dishrack isn’t sliding properly or if the track is damaged, replacing this part may restore your dishwasher's functionality. This is a genuine OEM part that ensures a perfect fit and long-lasting performance. It’s designed for use with specific dishwasher models, so it’s important to verify compatibility before ordering. Always disconnect the dishwasher from power and water sources before starting the installation.",
    "price": "$96.77",
    "stock_status": "In Stock",
    "rating": "5.00 out of 5",
    "reviews_count": 5
  },
  {
    "url": "https://www.partselect.com/PS11773089-Whirlpool-W11032770-Motor-Pump.htm?SourceCode=18",
    "image_url": "https://partselectcom-gtcdcddbene3cpes.z01.azurefd.net/11773089-1-N-Whirlpool-W11032770-Motor-Pump.jpg",
    "name": "Whirlpool Dishwasher Motor Pump",
    "partselect_number": "PS11773089",
    "manufacturer_number": "W11032770",
    "description": "★★★★★\n★★★★★\n24 Reviews\nThis OEM circulation pump and motor assembly fits select Whirlpool, KitchenAid, Maytag, Jenn-Air, Amana, Magic Chef, and Kenmore dishwashers. It powers water flow through the spray arms, ensuring effective cleaning.",
    "price": "$143.46",
    "stock_status": "In Stock",
    "rating": "4.67 out of 5",
    "reviews_count": 24
  },
  {
    "url": "https://www.partselect.com/PS12745376-Whirlpool-W11412300-DISPENSER.htm?SourceCode=18",
    "image_url": "https://partselectcom-gtcdcddbene3cpes.z01.azurefd.net/12745376-1-N-Whirlpool-W11412300-DISPENSER.jpg",
    "name": "Whirlpool Dishwasher Dispenser",
    "partselect_number": "PS12745376",
    "manufacturer_number": "W11412300",
    "price": "$90.20",
    "stock_status": "In Stock"
  },
  {
    "url": "https://www.partselect.com/PS382922-Whirlpool-676413-Dishwasher-Soap-Cup-Latch-Kit.htm?SourceCode=18",
    "image_url": "https://partselectcom-gtcdcddbene3cpes.z01.azurefd.net/382922-1-N-Whirlpool-676413-Dishwasher-Soap-Cup-Latch-Kit.jpg",
    "name": "Whirlpool Dishwasher Soap Cup Latch Kit",
    "partselect_number": "PS382922",
    "manufacturer_number": "676413",
    "description": "★★★★★\n★★★★★\n10 Reviews\nThis soap cup latch kit, used in a dishwasher, will keep the dispenser cover closed. If your dishwasher will not dispense detergent, there is a door latch failure, the dishes are not cleaning properly, or there is leaking, then this kit can be the solution to your symptoms. The tools required for this replacement are a #15 torx bits, a small blade screwdriver, and slip joint pliers. First locate the soap box and remove the latch on both sides. Next step is to remove the screws in the inner door panel and remove the plastic cover at the back. Remove the old latch assembly and add the new one. Make sure to unplug your dishwasher before beginning this installation project.",
    "price": "$9.75",
    "stock_status": "In Stock",
    "rating": "4.90 out of 5",
    "reviews_count": 10
  },
  {
    "url": "https://www.partselect.com/PS12578825-Whirlpool-W11241699-MANIFOLD.htm?SourceCode=18",
    "image_url": "https://partselectcom-gtcdcddbene3cpes.z01.azurefd.net/12578825-1-N-Whirlpool-W11241699-MANIFOLD.jpg",
    "name": "Whirlpool Dishwasher Manifold",
    "partselect_number": "PS12578825",
    "manufacturer_number": "W11241699",
    "description": "★★★★★\n★★★★★\n1 Review",
    "price": "$30.33",
    "stock_status": "In Stock",
    "rating": "5.00 out of 5",
    "reviews_count": 1
  },
  {
    "url": "https://www.partselect.com/PS12584175-Whirlpool-W11252794-SEAL.htm?SourceCode=18",
    "image_url": "https://partselectcom-gtcdcddbene3cpes.z01.azurefd.net/12584175-1-N-Whirlpool-W11252794-SEAL.jpg",
    "name": "Whirlpool Dishwasher Seal",
    "partselect_number": "PS12584175",
    "manufacturer_number": "W11252794",
    "price": "$46.99",
    "stock_status": "In Stock"
  },
  {
    "url": "https://www.partselect.com/PS3651318-Whirlpool-W10445975-Dishwasher-Hose.htm?SourceCode=18",
    "image_url": "https://partselectcom-gtcdcddbene3cpes.z01.azurefd.net/3651318-1-N-Whirlpool-W10445975-Dishwasher-Hose.jpg",
    "name": "Whirlpool Dishwasher Hose",
    "partselect_number": "PS3651318",
    "manufacturer_number": "W10445975",
    "description": "★★★★★\n★★★★★\n3 Reviews",
    "price": "$58.15",
    "stock_status": "In Stock",
    "rating": "5.00 out of 5",
    "reviews_count": 3
  },
  {
    "url": "https://www.partselect.com/PS16620367-Whirlpool-W11551383-WHEEL.htm?SourceCode=18",
    "image_url": "https://partselectcom-gtcdcddbene3cpes.z01.azurefd.net/16620367-1-N-Whirlpool-W11551383-WHEEL.jpg",
    "name": "Whirlpool Dishwasher Wheel",
    "partselect_number": "PS16620367",
    "manufacturer_number": "W11551383",
    "price": "$12.69",
    "stock_status": "In Stock"
  },
  {
    "url": "https://www.partselect.com/PS11753266-Whirlpool-WPW10343251-Shield.htm?SourceCode=18",
    "image_url": "https://partselectcom-gtcdcddbene3cpes.z01.azurefd.net/11753266-1-N-Whirlpool-WPW10343251-Shield.jpg",
    "name": "Whirlpool Dishwasher Shield",
    "partselect_number": "PS11753266",
    "manufacturer_number": "WPW10343251",
    "price": "$9.75",
    "stock_status": "On Order"
  },
  {
    "url": "https://www.partselect.com/PS12745418-Whirlpool-W11414079-User-Interface-Panel.htm?SourceCode=18",
    "image_url": "https://partselectcom-gtcdcddbene3cpes.z01.azurefd.net/12745418-1-N-Whirlpool-W11414079-User-Interface-Panel.jpg",
    "name": "Whirlpool Dishwasher User Interface Panel",
    "partselect_number": "PS12745418",
    "manufacturer_number": "W11414079",
    "price": "$66.19",
    "stock_status": "In Stock"
  },
  {
    "url": "https://www.partselect.com/PS774514-Whirlpool-8193762-Dishwasher-Fuse-Kit.htm?SourceCode=18",
    "image_url": "https://partselectcom-gtcdcddbene3cpes.z01.azurefd.net/774514-1-N-Whirlpool-8193762-Dishwasher-Fuse-Kit.jpg",
    "name": "Whirlpool Dishwasher Fuse Kit",
    "partselect_number": "PS774514",
    "manufacturer_number": "8193762",
    "description": "★★★★★\n★★★★★\n21 Reviews\nWhen replacing these fuses the wire harness must be replaced as well. It is located in the control panel. The harness is included with this part now.",
    "price": "$48.46",
    "stock_status": "In Stock",
    "rating": "4.52 out of 5",
    "reviews_count": 21
  },
  {
    "url": "https://www.partselect.com/PS11750066-Whirlpool-WPW10195536-Dishwasher-Water-Inlet.htm?SourceCode=18",
    "image_url": "https://partselectcom-gtcdcddbene3cpes.z01.azurefd.net/11750066-1-N-Whirlpool-WPW10195536-Dishwasher-Water-Inlet.jpg",
    "name": "Whirlpool Dishwasher Water Inlet",
    "partselect_number": "PS11750066",
    "manufacturer_number": "WPW10195536",
    "description": "★★★★★\n★★★★★\n5 Reviews\nThis is connected to the water valve, is located on the side of your tub and allows water to enter your dishwasher. ***Note: This part does not include the inlet gasket - must order separately.",
    "price": "$61.39",
    "stock_status": "In Stock",
    "rating": "4.40 out of 5",
    "reviews_count": 5
  },
  {
    "url": "https://www.partselect.com/PS11751130-Whirlpool-WPW10251047-Cover.htm?SourceCode=18",
    "image_url": "https://partselectcom-gtcdcddbene3cpes.z01.azurefd.net/11751130-1-N-Whirlpool-WPW10251047-Cover.jpg",
    "name": "Whirlpool Dishwasher Cover",
    "partselect_number": "PS11751130",
    "manufacturer_number": "WPW10251047",
    "description": "★★★★★\n★★★★★\n5 Reviews",
    "price": "$26.14",
    "stock_status": "In Stock",
    "rating": "4.80 out of 5",
    "reviews_count": 5
  },
  {
    "url": "https://www.partselect.com/PS11752830-Whirlpool-WPW10323189-Dishwasher-Dishrack-Rail-Stop.htm?SourceCode=18",
    "image_url": "https://partselectcom-gtcdcddbene3cpes.z01.azurefd.net/11752830-1-N-Whirlpool-WPW10323189-Dishwasher-Dishrack-Rail-Stop.jpg",
    "name": "Whirlpool Dishwasher Dishrack Rail Stop",
    "partselect_number": "PS11752830",
    "manufacturer_number": "WPW10323189",
    "description": "★★★★★\n★★★★★\n7 Reviews\nManufacturer Part Number WPW10323189",
    "price": "$24.45",
    "stock_status": "In Stock",
    "rating": "4.71 out of 5",
    "reviews_count": 7
  },
  {
    "url": "https://www.partselect.com/PS11703472-Whirlpool-W10803367-Control-Panel.htm?SourceCode=18",
    "image_url": "https://partselectcom-gtcdcddbene3cpes.z01.azurefd.net/11703472-1-N-Whirlpool-W10803367-Control-Panel.jpg",
    "name": "Whirlpool Dishwasher Control Panel",
    "partselect_number": "PS11703472",
    "manufacturer_number": "W10803367",
    "description": "★★★★★\n★★★★★\n1 Review\nThis user interface control panel is the electronic control panel used on some dishwashers. This part includes the touch buttons and some electronic components as well. Please use your model number to confirm compatibility with the model number of your appliance.",
    "price": "$241.71",
    "stock_status": "In Stock",
    "rating": "5.00 out of 5",
    "reviews_count": 1
  },
  {
    "url": "https://www.partselect.com/PS12745417-Whirlpool-W11414078-SEAL.htm?SourceCode=18",
    "image_url": "https://partselectcom-gtcdcddbene3cpes.z01.azurefd.net/assets/images/noimage_N.jpg",
    "name": "Whirlpool Dishwasher Seal",
    "partselect_number": "PS12745417",
    "manufacturer_number": "W11414078",
    "price": "$20.74",
    "stock_status": "In Stock"
  },
  {
    "url": "https://www.partselect.com/PS11748132-Whirlpool-WPW10077863-Water-Supply-Tube.htm?SourceCode=18",
    "image_url": "https://partselectcom-gtcdcddbene3cpes.z01.azurefd.net/11748132-1-N-Whirlpool-WPW10077863-Water-Supply-Tube.jpg",
    "name": "Whirlpool Dishwasher Water Supply Tube",
    "partselect_number": "PS11748132",
    "manufacturer_number": "WPW10077863",
    "description": "★★★★★\n★★★★★\n6 Reviews\nThis part includes the third level wash spinner.",
    "price": "$70.76",
    "stock_status": "In Stock",
    "rating": "5.00 out of 5",
    "reviews_count": 6
  },
  {
    "url": "https://www.partselect.com/PS16620357-Whirlpool-W11551233-Drain-Hose.htm?SourceCode=18",
    "image_url": "https://partselectcom-gtcdcddbene3cpes.z01.azurefd.net/16620357-1-N-Whirlpool-W11551233-Drain-Hose.jpg",
    "name": "Whirlpool Dishwasher Drain Hose",
    "partselect_number": "PS16620357",
    "manufacturer_number": "W11551233",
    "description": "★★★★★\n★★★★★\n1 Review",
    "price": "$36.58",
    "stock_status": "In Stock",
    "rating": "5.00 out of 5",
    "reviews_count": 1
  },
  {
    "url": "https://www.partselect.com/PS11746483-Whirlpool-WP8562045-Silverware-Basket.htm?SourceCode=18",
    "image_url": "https://partselectcom-gtcdcddbene3cpes.z01.azurefd.net/11746483-1-N-Whirlpool-WP8562045-Silverware-Basket.jpg",
    "name": "Whirlpool Dishwasher Silverware Basket",
    "partselect_number": "PS11746483",
    "manufacturer_number": "WP8562045",
    "description": "★★★★★\n★★★★★\n8 Reviews\nThis is a basket for washing flatware or silverware in your dishwasher.",
    "price": "$48.91",
    "stock_status": "In Stock",
    "rating": "5.00 out of 5",
    "reviews_count": 8
  },
  {
    "url": "https://www.partselect.com/PS11727929-Whirlpool-W10837306-Dishwasher-Dishrack-Adjuster-Left.htm?SourceCode=18",
    "image_url": "https://partselectcom-gtcdcddbene3cpes.z01.azurefd.net/11727929-1-N-Whirlpool-W10837306-Dishwasher-Dishrack-Adjuster-Left.jpg",
    "name": "Whirlpool Dishwasher Dishrack Adjuster (left)",
    "partselect_number": "PS11727929",
    "manufacturer_number": "W10837306",
    "description": "★★★★★\n★★★★★\n4 Reviews",
    "price": "$49.87",
    "stock_status": "In Stock",
    "rating": "5.00 out of 5",
    "reviews_count": 4
  },
  {
    "url": "https://www.partselect.com/PS382742-Whirlpool-675611-Dishwasher-Door-Spring-Assembly-w-Adjusting-Hook.htm?SourceCode=18",
    "image_url": "https://partselectcom-gtcdcddbene3cpes.z01.azurefd.net/382742-1-N-Whirlpool-675611-Dishwasher-Door-Spring-Assembly-w-Adjusting-Hook.jpg",
    "name": "Whirlpool Dishwasher Door Spring Assembly W/adjusting Hook",
    "partselect_number": "PS382742",
    "manufacturer_number": "675611",
    "description": "★★★★★\n★★★★★\n7 Reviews\nThis kit includes spring, retainer and protective tip. It is recommended to replace both springs at the same time.",
    "price": "$48.95",
    "stock_status": "In Stock",
    "rating": "4.86 out of 5",
    "reviews_count": 7
  },
  {
    "url": "https://www.partselect.com/PS17216477-Whirlpool-W11684258-Water-Inlet-Valve-5-10.htm?SourceCode=18",
    "image_url": "https://partselectcom-gtcdcddbene3cpes.z01.azurefd.net/17216477-1-N-Whirlpool-W11684258-Water-Inlet-Valve-5-10.jpg",
    "name": "Whirlpool Dishwasher Water Inlet Valve 5% /10%",
    "partselect_number": "PS17216477",
    "manufacturer_number": "W11684258",
    "description": "Manufacturer Part Number W11684258",
    "price": "$46.01",
    "stock_status": "In Stock"
  },
  {
    "url": "https://www.partselect.com/PS11738118-Whirlpool-W10873429-HOUSING.htm?SourceCode=18",
    "image_url": "https://partselectcom-gtcdcddbene3cpes.z01.azurefd.net/11738118-1-N-Whirlpool-W10873429-HOUSING.jpg",
    "name": "Whirlpool Dishwasher Housing",
    "partselect_number": "PS11738118",
    "manufacturer_number": "W10873429",
    "price": "$24.70",
    "stock_status": "In Stock"
  },
  {
    "url": "https://www.partselect.com/PS11748131-Whirlpool-WPW10077859-Dishwasher-Feed-Tube-w-3rd-Level-Spinner.htm?SourceCode=18",
    "image_url": "https://partselectcom-gtcdcddbene3cpes.z01.azurefd.net/11748131-1-N-Whirlpool-WPW10077859-Dishwasher-Feed-Tube-w-3rd-Level-Spinner.jpg",
    "name": "Whirlpool Dishwasher Feed Tube W/3rd Level Spinner",
    "partselect_number": "PS11748131",
    "manufacturer_number": "WPW10077859",
    "description": "★★★★★\n★★★★★\n11 Reviews\nAlso known as the water supply tube.",
    "price": "$70.51",
    "stock_status": "In Stock",
    "rating": "4.82 out of 5",
    "reviews_count": 11
  },
  {
    "url": "https://www.partselect.com/PS382828-Whirlpool-675813-Dishwasher-Thermal-Fuse-And-Harness.htm?SourceCode=18",
    "image_url": "https://partselectcom-gtcdcddbene3cpes.z01.azurefd.net/382828-1-N-Whirlpool-675813-Dishwasher-Thermal-Fuse-And-Harness.jpg",
    "name": "Whirlpool Dishwasher Thermal Fuse And Harness",
    "partselect_number": "PS382828",
    "manufacturer_number": "675813",
    "description": "★★★★★\n★★★★★\n10 Reviews\n*Please Note - When changing the fuse always use a new wiring harness.",
    "price": "$43.51",
    "stock_status": "In Stock",
    "rating": "4.50 out of 5",
    "reviews_count": 10
  },
  {
    "url": "https://www.partselect.com/PS11746142-Whirlpool-WP8531743-Dishwasher-Gasket.htm?SourceCode=18",
    "image_url": "https://partselectcom-gtcdcddbene3cpes.z01.azurefd.net/11746142-1-N-Whirlpool-WP8531743-Dishwasher-Gasket.jpg",
    "name": "Whirlpool Dishwasher Gasket",
    "partselect_number": "PS11746142",
    "manufacturer_number": "WP8531743",
    "description": "★★★★★\n★★★★★\n2 Reviews\nAlso known as a washer.",
    "price": "$36.21",
    "stock_status": "In Stock",
    "rating": "5.00 out of 5",
    "reviews_count": 2
  },
  {
    "url": "https://www.partselect.com/PS16555318-Whirlpool-W11545296-WHEEL.htm?SourceCode=18",
    "image_url": "https://partselectcom-gtcdcddbene3cpes.z01.azurefd.net/16555318-1-N-Whirlpool-W11545296-WHEEL.jpg",
    "name": "Whirlpool Dishwasher Wheel",
    "partselect_number": "PS16555318",
    "manufacturer_number": "W11545296",
    "description": "★★★★★\n★★★★★\n1 Review",
    "price": "$20.74",
    "stock_status": "In Stock",
    "rating": "5.00 out of 5",
    "reviews_count": 1
  },
  {
    "url": "https://www.partselect.com/PS11699799-Whirlpool-W10775980-Dishwasher-Control-Panel.htm?SourceCode=18",
    "image_url": "https://partselectcom-gtcdcddbene3cpes.z01.azurefd.net/11699799-1-N-Whirlpool-W10775980-Dishwasher-Control-Panel.jpg",
    "name": "Whirlpool Dishwasher Control Panel",
    "partselect_number": "PS11699799",
    "manufacturer_number": "W10775980",
    "description": "★★★★★\n★★★★★\n9 Reviews\nBlack in color.",
    "price": "$71.88",
    "stock_status": "In Stock",
    "rating": "5.00 out of 5",
    "reviews_count": 9
  },
  {
    "url": "https://www.partselect.com/PS9493732-Whirlpool-W10685193-Elbow-Hose-Fitting.htm?SourceCode=18",
    "image_url": "https://partselectcom-gtcdcddbene3cpes.z01.azurefd.net/9493732-1-N-Whirlpool-W10685193-Elbow-Hose-Fitting.jpg",
    "name": "Whirlpool Dishwasher Elbow Hose Fitting",
    "partselect_number": "PS9493732",
    "manufacturer_number": "W10685193",
    "description": "★★★★★\n★★★★★\n4 Reviews\nThis part has a swivel gooseneck fitting and that allows it to be installed closer to the wall. This part has a 3/4\" hose thread on one side and a 3/8\" copper tubing on the other side.",
    "price": "$17.95",
    "stock_status": "In Stock",
    "rating": "5.00 out of 5",
    "reviews_count": 4
  },
  {
    "url": "https://www.partselect.com/PS11747067-Whirlpool-WP9743002-Dishwasher-Upper-Wheel-Gasket.htm?SourceCode=18",
    "image_url": "https://partselectcom-gtcdcddbene3cpes.z01.azurefd.net/11747067-1-N-Whirlpool-WP9743002-Dishwasher-Upper-Wheel-Gasket.jpg",
    "name": "Whirlpool Dishwasher Upper Wheel Gasket",
    "partselect_number": "PS11747067",
    "manufacturer_number": "WP9743002",
    "description": "Sold individually.",
    "price": "$9.85",
    "stock_status": "In Stock"
  },
  {
    "url": "https://www.partselect.com/PS11745477-Whirlpool-WP8268866-Dishwasher-Silverware-Basket.htm?SourceCode=18",
    "image_url": "https://partselectcom-gtcdcddbene3cpes.z01.azurefd.net/11745477-1-N-Whirlpool-WP8268866-Dishwasher-Silverware-Basket.jpg",
    "name": "Whirlpool Dishwasher Silverware Basket",
    "partselect_number": "PS11745477",
    "manufacturer_number": "WP8268866",
    "description": "★★★★★\n★★★★★\n4 Reviews\nThis is a basket for washing flatware or silverware in your dishwasher.",
    "price": "$54.27",
    "stock_status": "In Stock",
    "rating": "5.00 out of 5",
    "reviews_count": 4
  },
  {
    "url": "https://www.partselect.com/PS11748185-Whirlpool-WPW10082841-Middle-Spray-Arm.htm?SourceCode=18",
    "image_url": "https://partselectcom-gtcdcddbene3cpes.z01.azurefd.net/11748185-1-N-Whirlpool-WPW10082841-Middle-Spray-Arm.jpg",
    "name": "Whirlpool Dishwasher Middle Spray Arm",
    "partselect_number": "PS11748185",
    "manufacturer_number": "WPW10082841",
    "description": "★★★★★\n★★★★★\n1 Review\nThe spray arm in your dishwasher spins and sprays the water that is used to clean your dishes. If the spray arm is damaged, your dishwasher will not clean properly, and you will need to replace it. Many of our customers have rated this repair as easy, and to complete the repair you will simply need to unscrew the old arm, and replace it with a new one. Make sure the jets are facing upward when you secure the new arm. This part is made of gray plastic and is approximately 18 inches wide.",
    "price": "$45.03",
    "stock_status": "In Stock",
    "rating": "4.00 out of 5",
    "reviews_count": 1
  },
  {
    "url": "https://www.partselect.com/PS11730934-Whirlpool-W10831329-SHIELD.htm?SourceCode=18",
    "image_url": "https://partselectcom-gtcdcddbene3cpes.z01.azurefd.net/11730934-1-N-Whirlpool-W10831329-SHIELD.jpg",
    "name": "Whirlpool Dishwasher Shield",
    "partselect_number": "PS11730934",
    "manufacturer_number": "W10831329",
    "description": "★★★★★\n★★★★★\n3 Reviews\nShield",
    "price": "$30.33",
    "stock_status": "In Stock",
    "rating": "3.33 out of 5",
    "reviews_count": 3
  },
  {
    "url": "https://www.partselect.com/PS11755941-Whirlpool-WPW10524922-Rinse-Aid-Cap.htm?SourceCode=18",
    "image_url": "https://partselectcom-gtcdcddbene3cpes.z01.azurefd.net/11755941-1-N-Whirlpool-WPW10524922-Rinse-Aid-Cap.jpg",
    "name": "Whirlpool Dishwasher Rinse Aid Cap",
    "partselect_number": "PS11755941",
    "manufacturer_number": "WPW10524922",
    "description": "★★★★★\n★★★★★\n9 Reviews\nThis is the replacement rinse aid cap for your dishwasher. It is made of gray plastic and is approximately 2 inches in diameter. This rinse aid cap screws into the rinse aid assembly and prevents leaks. Sometimes the cap can become loose and fall out, which can cause it to be melted by the heater. If your cap is damaged or missing, this is the part you will need to replace it. This rinse cap is an authentic OEM part sourced directly from the manufacturer and is sold individually.",
    "price": "$39.72",
    "stock_status": "In Stock",
    "rating": "4.89 out of 5",
    "reviews_count": 9
  },
  {
    "url": "https://www.partselect.com/PS11769831-Whirlpool-W10913628-Left-Side-Track.htm?SourceCode=18",
    "image_url": "https://partselectcom-gtcdcddbene3cpes.z01.azurefd.net/11769831-1-N-Whirlpool-W10913628-Left-Side-Track.jpg",
    "name": "Whirlpool Dishwasher Left Side Track",
    "partselect_number": "PS11769831",
    "manufacturer_number": "W10913628",
    "description": "Manufacturer Part Number W10913628",
    "price": "$67.85",
    "stock_status": "In Stock"
  },
  {
    "url": "https://www.partselect.com/PS11753469-Whirlpool-WPW10350382-Dishwasher-Upper-Dishrack.htm?SourceCode=18",
    "image_url": "https://partselectcom-gtcdcddbene3cpes.z01.azurefd.net/11753469-1-N-Whirlpool-WPW10350382-Dishwasher-Upper-Dishrack.jpg",
    "name": "Whirlpool Dishwasher Upper Dishrack",
    "partselect_number": "PS11753469",
    "manufacturer_number": "WPW10350382",
    "description": "★★★★★\n★★★★★\n4 Reviews\nWheels NOT included.",
    "price": "$177.64",
    "stock_status": "In Stock",
    "rating": "4.75 out of 5",
    "reviews_count": 4
  },
  {
    "url": "https://www.partselect.com/PS12070543-Whirlpool-W11084121-SENSOR.htm?SourceCode=18",
    "image_url": "https://partselectcom-gtcdcddbene3cpes.z01.azurefd.net/12070543-1-N-Whirlpool-W11084121-SENSOR.jpg",
    "name": "Whirlpool Dishwasher Sensor",
    "partselect_number": "PS12070543",
    "manufacturer_number": "W11084121",
    "price": "$48.46",
    "stock_status": "In Stock"
  },
  {
    "url": "https://www.partselect.com/PS12745436-Whirlpool-W11416362-Pump-And-Motor.htm?SourceCode=18",
    "image_url": "https://partselectcom-gtcdcddbene3cpes.z01.azurefd.net/12745436-1-N-Whirlpool-W11416362-Pump-And-Motor.jpg",
    "name": "Whirlpool Dishwasher Pump And Motor",
    "partselect_number": "PS12745436",
    "manufacturer_number": "W11416362",
    "description": "The pump and motor assembly circulates water through the spray arms during the washing cycle. This part includes multiple components, so be sure to refer to your parts diagram for a complete list. Before replacing, unplug the dishwasher and turn off the water supply. Wearing work gloves is recommended for safety.",
    "price": "$226.26",
    "stock_status": "In Stock"
  },
  {
    "url": "https://www.partselect.com/PS886319-Whirlpool-8193882-Door-Latch-Bracket-Kit-NO-Handle.htm?SourceCode=18",
    "image_url": "https://partselectcom-gtcdcddbene3cpes.z01.azurefd.net/886319-1-N-Whirlpool-8193882-Door-Latch-Bracket-Kit-NO-Handle.jpg",
    "name": "Whirlpool Dishwasher Door Latch Bracket Kit - No Handle",
    "partselect_number": "PS886319",
    "manufacturer_number": "8193882",
    "description": "★★★★★\n★★★★★\n9 Reviews\nHandle is not included with this part.",
    "price": "$48.45",
    "stock_status": "In Stock",
    "rating": "4.33 out of 5",
    "reviews_count": 9
  },
  {
    "url": "https://www.partselect.com/PS11746567-Whirlpool-WP8564929-Dishwasher-Rinse-Aid-Cap.htm?SourceCode=18",
    "image_url": "https://partselectcom-gtcdcddbene3cpes.z01.azurefd.net/11746567-1-N-Whirlpool-WP8564929-Dishwasher-Rinse-Aid-Cap.jpg",
    "name": "Whirlpool Dishwasher Rinse Aid Cap",
    "partselect_number": "PS11746567",
    "manufacturer_number": "WP8564929",
    "description": "★★★★★\n★★★★★\n21 Reviews\nThis rinse aid cap or fill cap is for your dishwasher and it screws into the jet dry dispenser. Sometimes the cap can become loose and fall out, which can cause it to melt from the heater. If your cap is damaged or missing, this is the part you will need to replace it. It is made of white plastic and is a little more than an inch in diameter. This rinse aid cap is sold individually.",
    "price": "$26.14",
    "stock_status": "In Stock",
    "rating": "4.90 out of 5",
    "reviews_count": 21
  },
  {
    "url": "https://www.partselect.com/PS11757358-Whirlpool-WPW10740408-Rack-Adjuster.htm?SourceCode=18",
    "image_url": "https://partselectcom-gtcdcddbene3cpes.z01.azurefd.net/11757358-1-N-Whirlpool-WPW10740408-Rack-Adjuster.jpg",
    "name": "Whirlpool Dishwasher Rack Adjuster",
    "partselect_number": "PS11757358",
    "manufacturer_number": "WPW10740408",
    "description": "Manufacturer Part Number WPW10740408",
    "price": "$64.94",
    "stock_status": "In Stock"
  },
  {
    "url": "https://www.partselect.com/PS11751201-Whirlpool-WPW10253040-Dishwasher-Upper-Dishrack-w-Middle-Arm-And-Tube.htm?SourceCode=18",
    "image_url": "https://partselectcom-gtcdcddbene3cpes.z01.azurefd.net/11751201-1-N-Whirlpool-WPW10253040-Dishwasher-Upper-Dishrack-w-Middle-Arm-And-Tube.jpg",
    "name": "Whirlpool Dishwasher Upper Dishrack W/middle Arm And Tube",
    "partselect_number": "PS11751201",
    "manufacturer_number": "WPW10253040",
    "description": "★★★★★\n★★★★★\n11 Reviews\nThis rack provides easy loading with flexibility for small and large items.",
    "price": "$223.13",
    "stock_status": "In Stock",
    "rating": "4.73 out of 5",
    "reviews_count": 11
  },
  {
    "url": "https://www.partselect.com/PS16660558-Whirlpool-W11573369-COVER.htm?SourceCode=18",
    "image_url": "https://partselectcom-gtcdcddbene3cpes.z01.azurefd.net/16660558-1-N-Whirlpool-W11573369-COVER.jpg",
    "name": "Whirlpool Dishwasher Cover",
    "partselect_number": "PS16660558",
    "manufacturer_number": "W11573369",
    "description": "★★★★★\n★★★★★\n1 Review",
    "price": "$23.47",
    "stock_status": "In Stock",
    "rating": "5.00 out of 5",
    "reviews_count": 1
  },
  {
    "url": "https://www.partselect.com/PS886294-Whirlpool-8193830-Dishwasher-Door-Latch.htm?SourceCode=18",
    "image_url": "https://partselectcom-gtcdcddbene3cpes.z01.azurefd.net/886294-1-N-Whirlpool-8193830-Dishwasher-Door-Latch.jpg",
    "name": "Whirlpool Dishwasher Door Latch",
    "partselect_number": "PS886294",
    "manufacturer_number": "8193830",
    "description": "★★★★★\n★★★★★\n1 Review\nAs per the factory, this is an updated latch and you will need to order the strike as well - as per your model number.",
    "price": "$75.95",
    "stock_status": "In Stock",
    "rating": "5.00 out of 5",
    "reviews_count": 1
  },
  {
    "url": "https://www.partselect.com/PS970496-Whirlpool-3385556-Drain-Hose.htm?SourceCode=18",
    "image_url": "https://partselectcom-gtcdcddbene3cpes.z01.azurefd.net/970496-1-N-Whirlpool-3385556-Drain-Hose.jpg",
    "name": "Whirlpool Dishwasher Drain Hose",
    "partselect_number": "PS970496",
    "manufacturer_number": "3385556",
    "description": "★★★★★\n★★★★★\n2 Reviews\nThis is a flexible drain hose that is 12 feet long.",
    "price": "$25.69",
    "stock_status": "In Stock",
    "rating": "4.50 out of 5",
    "reviews_count": 2
  },
  {
    "url": "https://www.partselect.com/PS16221219-Whirlpool-W11498446-DISHRACK.htm?SourceCode=18",
    "image_url": "https://partselectcom-gtcdcddbene3cpes.z01.azurefd.net/16221219-1-N-Whirlpool-W11498446-DISHRACK.jpg",
    "name": "Whirlpool Dishwasher Dishrack",
    "partselect_number": "PS16221219",
    "manufacturer_number": "W11498446",
    "description": "★★★★★\n★★★★★\n4 Reviews\nManufacturer Part Number W11498446",
    "price": "$169.05",
    "stock_status": "On Order",
    "rating": "1.50 out of 5",
    "reviews_count": 4
  },
  {
    "url": "https://www.partselect.com/PS9494957-Whirlpool-W10685075-IMPELLER.htm?SourceCode=18",
    "image_url": "https://partselectcom-gtcdcddbene3cpes.z01.azurefd.net/9494957-1-N-Whirlpool-W10685075-IMPELLER.jpg",
    "name": "Whirlpool Dishwasher Impeller",
    "partselect_number": "PS9494957",
    "manufacturer_number": "W10685075",
    "description": "★★★★★\n★★★★★\n2 Reviews",
    "price": "$44.50",
    "stock_status": "In Stock",
    "rating": "4.50 out of 5",
    "reviews_count": 2
  },
  {
    "url": "https://www.partselect.com/PS11745432-Whirlpool-WP8268321-Dishwasher-Upper-Wash-Arm-Mount.htm?SourceCode=18",
    "image_url": "https://partselectcom-gtcdcddbene3cpes.z01.azurefd.net/11745432-1-N-Whirlpool-WP8268321-Dishwasher-Upper-Wash-Arm-Mount.jpg",
    "name": "Whirlpool Dishwasher Upper Wash Arm Mount",
    "partselect_number": "PS11745432",
    "manufacturer_number": "WP8268321",
    "description": "★★★★★\n★★★★★\n4 Reviews\nLight gray in color.",
    "price": "$50.39",
    "stock_status": "In Stock",
    "rating": "5.00 out of 5",
    "reviews_count": 4
  },
  {
    "url": "https://www.partselect.com/PS11745455-Whirlpool-WP8268703-Dishwasher-Axle-Adjuster.htm?SourceCode=18",
    "image_url": "https://partselectcom-gtcdcddbene3cpes.z01.azurefd.net/11745455-1-N-Whirlpool-WP8268703-Dishwasher-Axle-Adjuster.jpg",
    "name": "Whirlpool Dishwasher Axle Adjuster",
    "partselect_number": "PS11745455",
    "manufacturer_number": "WP8268703",
    "description": "★★★★★\n★★★★★\n1 Review\nThis part is a replacement axle adjuster for your dishwasher. It is made of white plastic and is approximately ¾ of an inch long and ½ an inch wide. The axle adjuster attaches to the dishrack roller bracket and allows the roller to turn. If the axle is damaged or missing, the rollers will not turn, and it will be difficult to roll your dishrack in and out effectively. This part is sold individually and is an OEM part sourced directly from the manufacturer.",
    "price": "$10.84",
    "stock_status": "In Stock",
    "rating": "4.00 out of 5",
    "reviews_count": 1
  },
  {
    "url": "https://www.partselect.com/PS11752787-Whirlpool-WPW10321839-Handle.htm?SourceCode=18",
    "image_url": "https://partselectcom-gtcdcddbene3cpes.z01.azurefd.net/11752787-1-N-Whirlpool-WPW10321839-Handle.jpg",
    "name": "Whirlpool Dishwasher Handle",
    "partselect_number": "PS11752787",
    "manufacturer_number": "WPW10321839",
    "description": "★★★★★\n★★★★★\n1 Review",
    "price": "$59.12",
    "stock_status": "On Order",
    "rating": "5.00 out of 5",
    "reviews_count": 1
  },
  {
    "url": "https://www.partselect.com/PS12704672-Whirlpool-W11305293-CNTRL-ELEC.htm?SourceCode=18",
    "image_url": "https://partselectcom-gtcdcddbene3cpes.z01.azurefd.net/12704672-1-N-Whirlpool-W11305293-CNTRL-ELEC.jpg",
    "name": "Whirlpool Dishwasher Cntrl-elec",
    "partselect_number": "PS12704672",
    "manufacturer_number": "W11305293",
    "description": "Manufacturer Part Number W11305293",
    "price": "$143.43",
    "stock_status": "In Stock"
  },
  {
    "url": "https://www.partselect.com/PS10057173-Whirlpool-W10728566-Positioner-Clip.htm?SourceCode=18",
    "image_url": "https://partselectcom-gtcdcddbene3cpes.z01.azurefd.net/10057173-1-N-Whirlpool-W10728566-Positioner-Clip.jpg",
    "name": "Whirlpool Dishwasher Positioner Clip",
    "partselect_number": "PS10057173",
    "manufacturer_number": "W10728566",
    "description": "This clip is made for a dishwasher to properly position your roller assembly onto the upper dishwasher rack. The part is made of plastic and is grey in color. It measures a little under 2 inches by 1 inch.",
    "price": "$9.95",
    "stock_status": "In Stock"
  },
  {
    "url": "https://www.partselect.com/PS16730927-Whirlpool-W11596052-CLIP.htm?SourceCode=18",
    "image_url": "https://partselectcom-gtcdcddbene3cpes.z01.azurefd.net/16730927-1-N-Whirlpool-W11596052-CLIP.jpg",
    "name": "Whirlpool Dishwasher Clip",
    "partselect_number": "PS16730927",
    "manufacturer_number": "W11596052",
    "price": "$22.95",
    "stock_status": "In Stock"
  },
  {
    "url": "https://www.partselect.com/PS11755103-Whirlpool-WPW10462232-Dispenser-Mounting-Bracket.htm?SourceCode=18",
    "image_url": "https://partselectcom-gtcdcddbene3cpes.z01.azurefd.net/11755103-1-N-Whirlpool-WPW10462232-Dispenser-Mounting-Bracket.jpg",
    "name": "Whirlpool Dishwasher Dispenser Mounting Bracket",
    "partselect_number": "PS11755103",
    "manufacturer_number": "WPW10462232",
    "price": "$25.69",
    "stock_status": "In Stock"
  },
  {
    "url": "https://www.partselect.com/PS12745137-Whirlpool-W11381654-Drain-Hose.htm?SourceCode=18",
    "image_url": "https://partselectcom-gtcdcddbene3cpes.z01.azurefd.net/12745137-1-N-Whirlpool-W11381654-Drain-Hose.jpg",
    "name": "Whirlpool Dishwasher Drain Hose",
    "partselect_number": "PS12745137",
    "manufacturer_number": "W11381654",
    "description": "★★★★★\n★★★★★\n1 Review",
    "price": "$25.69",
    "stock_status": "In Stock",
    "rating": "1.00 out of 5",
    "reviews_count": 1
  },
  {
    "url": "https://www.partselect.com/PS12348996-Whirlpool-W11197023-Rack-Support-Right-Side.htm?SourceCode=18",
    "image_url": "https://partselectcom-gtcdcddbene3cpes.z01.azurefd.net/12348996-1-N-Whirlpool-W11197023-Rack-Support-Right-Side.jpg",
    "name": "Whirlpool Dishwasher Rack Support - Right Side",
    "partselect_number": "PS12348996",
    "manufacturer_number": "W11197023",
    "description": "Manufacturer Part Number W11197023",
    "price": "$25.69",
    "stock_status": "In Stock"
  },
  {
    "url": "https://www.partselect.com/PS11728085-Whirlpool-W10843168-MANIFOLD.htm?SourceCode=18",
    "image_url": "https://partselectcom-gtcdcddbene3cpes.z01.azurefd.net/11728085-1-N-Whirlpool-W10843168-MANIFOLD.jpg",
    "name": "Whirlpool Dishwasher Manifold",
    "partselect_number": "PS11728085",
    "manufacturer_number": "W10843168",
    "price": "$56.38",
    "stock_status": "In Stock"
  },
  {
    "url": "https://www.partselect.com/PS11751424-Whirlpool-WPW10267076-Dishwasher-Clip.htm?SourceCode=18",
    "image_url": "https://partselectcom-gtcdcddbene3cpes.z01.azurefd.net/11751424-1-N-Whirlpool-WPW10267076-Dishwasher-Clip.jpg",
    "name": "Whirlpool Dishwasher Clip",
    "partselect_number": "PS11751424",
    "manufacturer_number": "WPW10267076",
    "description": "★★★★★\n★★★★★\n1 Review\nThis OEM dishrack guard clip fits on the front of the upper dishrack and acts as a bumper between the rack and inner door panel. This guard clip is approximately 3 inches long and made of plastic. To replace this part, open the dishwasher door and then slide the upper dishrack out, then simply unclip the faulty guard clip before fastening the new one.",
    "price": "$23.71",
    "stock_status": "In Stock",
    "rating": "5.00 out of 5",
    "reviews_count": 1
  },
  {
    "url": "https://www.partselect.com/PS12349649-Whirlpool-W11229687-LATCH.htm?SourceCode=18",
    "image_url": "https://partselectcom-gtcdcddbene3cpes.z01.azurefd.net/12349649-1-N-Whirlpool-W11229687-LATCH.jpg",
    "name": "Whirlpool Dishwasher Latch",
    "partselect_number": "PS12349649",
    "manufacturer_number": "W11229687",
    "description": "Manufacturer Part Number W11229687",
    "price": "$45.49",
    "stock_status": "In Stock"
  },
  {
    "url": "https://www.partselect.com/PS11769720-Whirlpool-W10909064-Black-Access-Panel.htm?SourceCode=18",
    "image_url": "https://partselectcom-gtcdcddbene3cpes.z01.azurefd.net/11769720-1-N-Whirlpool-W10909064-Black-Access-Panel.jpg",
    "name": "Whirlpool Dishwasher Black Access Panel",
    "partselect_number": "PS11769720",
    "manufacturer_number": "W10909064",
    "description": "This part conceals and protects components located beneath the dishwasher tub.",
    "price": "$70.76",
    "stock_status": "In Stock"
  }
]